GDP per capita growth (annual %)_x,Merchandise exports (% of GDP),Final consumption expenditure (% of GDP),"Inflation, GDP deflator (annual %)","Agriculture, forestry, and fishing, value added per worker (constant 2015 US$)_x","Industry (including construction), value added per worker (constant 2015 US$)_x","Services, value added per worker (constant 2015 US$)_x","Current account balance, percent of GDP (Percent of GDP)(IMF)","Employment to population ratio, 15+, total (%) (modeled ILO estimate)",gini,Proportion of seats held by women in national parliaments (%)_x,Prevalence of undernourishment (percent) (3-year average),"Life expectancy at birth, total (years)_pct_change",Labor force(% of total population),Population growth (annual %),Mean years schooling,Scientific and technical journal articles,"Prevalence of HIV, total (% of population ages 15-49)_x",Domestic general government health expenditure (% of GDP),"Mortality caused by road traffic injury (per 100,000 population)_x",People using at least basic drinking water services (% of population)_x,Individuals using the Internet (% of population)_x,Mobile cellular subscriptions (per 100 people),Access to electricity (% of population)_x,Agricultural land (% of land area),Arable land (% of land area),Adjusted savings: mineral depletion (% of GNI),Adjusted savings: net forest depletion (% of GNI),Renewable internal freshwater resources per capita (cubic meters)_x,Energy intensity level of primary energy (MJ/$2017 PPP GDP)_x,"Water productivity, total (constant 2015 US$ GDP per cubic meter of total freshwater withdrawal)_x",Adjusted savings: energy depletion (% of GNI),Energy consumption per capita (million Btu per person),"Solar, tide, wave, fuel cell electricity installed capacity (million kilowatts)_per_capita",Biomass and waste electricity net generation (million metric tons of oil equivalent)_per_capita,Forest area (% of land area)_x,Wetland area（% of land area),"Terrestrial barren land|1000 HA|ECCCT|Terrestrial Barren Land|Environment, Climate Change, Climate Indicators, Land Cover Accounts, Terrestrial Barren Land|Climate neutral(% of land area)",CO2 emissions (metric tons per capita)_x,PM2.5 exposure/Ambient particulate matter pollution,Lead exposure,Terrestrial biome protection (global weights),Species Protection Index,Alpha-3 code,CountryName_CN
0.769184668,0.7311931680236048,,106.3521255,,,,-16.01295133,64.451,51.94,15.45454545,67.8,0.011419109266467276,0.4213186460692433,3.353709414,4.374,9.58,1.4,1.80684185,25.2,38.33881575,0.136014,0.447836,20.0,35.62605278,2.406352771,0.0,1.717288645,8837.293954,3.74,56.10526171,34.14105595,6.764591993720694,0.0,0.0,61.88621882,0.5879762573193229,2.235140771637122,0.4382660530041784,22.41252535312,814.64034780762,5.11785627705784,25.23,AGO,安哥拉
9.857802363,0.4810671530123417,61.8015771,236.3457434,3053.93928,27677.81788,5152.613348,-0.86701486,64.617,,15.45454545,63.6,0.017902704541588932,0.4219356534298062,3.407476157,4.73,16.13,1.5,1.15548134,25.4,38.8353925,0.270377,0.807955,26.3,35.64450148,2.48656453,0.0,1.109429847,8541.237934,3.41,62.5228553,22.32032811,6.9540478242544115,0.0,0.0,61.44099463,0.5882489773000722,2.235509745728724,0.45108650259910443,20.0786038655139,796.84131096272,5.11785627705784,25.23,AGO,安哥拉
-0.065437987,0.46740439090987473,65.74483898,94.60726114,3178.260988,27382.48421,5259.551686,-3.537284185,64.59,,15.45454545,57.5,0.04896185821113752,0.4225524796653,3.493342778,5.086,5.89,1.5,1.28335834,25.3,40.39651572,0.370682,1.95054,27.4,35.69343066,2.646988048,0.0,1.279314055,8248.014681,3.56,63.45977209,18.76581558,7.465650719445751,0.0,0.0,60.99577043,0.5882730408277853,2.2645143177989895,0.4611723559762885,19.1936778240444,789.39646594828,5.11785627705784,25.23,AGO,安哥拉
7.486046944,0.49911145388030465,55.59435037,33.38232372,3321.176585,30707.63223,5500.659776,2.523291428,64.677,,15.0,50.6,0.018021426580110633,0.4231137646708357,3.594457524,5.441,9.73,1.6,1.4713583,25.9,41.97723679,0.464815,3.9784,28.4,35.54183043,2.646988048,0.0,0.764881538,7956.808294,3.23,69.37358697,23.98809454,7.841121969892632,0.0,0.0,60.55054624,0.5903104195074999,2.302791369214727,0.4608131722595771,19.8050041407778,790.29502078003,5.11785627705784,25.23,AGO,安哥拉
10.06735933,0.5823903125110096,49.88093202,40.13645109,3115.204003,35748.22753,5956.361472,12.41135295,64.679,,15.0,42.9,0.019697592081841853,0.42354609968783113,3.646268934,5.797,10.04,1.6,1.14204562,26.1,43.574344,1.14337,8.35159,29.4,35.4399615,2.646988048,0.0,0.564201747,7671.907357,2.64,77.72767789,33.56291691,6.193058349705884,0.0,0.0,60.10532205,0.5908077324135718,2.305654929012593,0.4393278319537119,22.179113927684,766.6945347564,5.11785627705784,25.23,AGO,安哥拉
7.795575329,0.5432227078559881,46.78940542,16.81441774,3212.792538,40145.95832,6506.729922,18.22532292,64.804,,15.0,36.0,0.016017648187224287,0.4238435547163744,3.684892016,6.153,12.57,1.6,1.28968012,24.6,45.0139996,1.5,15.2614,30.5,35.40306409,2.646988048,0.0,0.447410049,7394.351085,2.65,86.93204795,33.35753273,7.55870370581503,0.0,0.0,59.66009786,0.5913130664955483,2.3095291569744125,0.4713397567428363,16.9094675827522,758.50093402717,5.11785627705784,25.23,AGO,安哥拉
8.851635443,0.6078494515399571,47.9322929,5.174514124,3082.132314,47034.74351,6905.310413,14.48735795,64.842,,15.0,29.8,0.02331728499952801,0.42402979686610637,3.74258021,6.509,10.16,1.7,1.53876388,25.5,46.46865468,1.7,23.8782,37.5,35.48969279,2.727199807,0.0,0.461630203,7122.72616,2.55,98.23555174,39.40983355,8.569048965722477,0.0,0.0,59.21487367,0.5928451110932863,2.3136921472687897,0.5018759826534668,20.2365312998466,738.9742000563,5.11785627705784,25.23,AGO,安哥拉
6.678885924,0.6469654810311097,47.57168009,19.4273825,2968.891952,51983.44948,7686.60799,7.282331634,64.775,,37.27272727,24.4,0.019944649446494322,0.4240516844075778,3.778289766,6.865,11.85,1.7,1.91652381,25.0,47.93901798,1.9,31.3891,38.5,35.44958691,2.727199807,0.0,0.476623309,6858.629511,2.51,108.8318632,48.68183528,9.617631932886514,0.0,0.0,58.76964947,0.5934787839897329,2.319724071548889,0.5020700657663788,21.2474510491282,731.86155031072,5.11785627705784,25.23,AGO,安哥拉
-1.809060093,0.49969906797363545,58.35174747,-14.27127858,2862.389326,52264.79557,8459.474929,-9.267040561,64.6,55.0,38.63636364,19.7,0.017076391526926082,0.4239516947149097,3.801561875,7.221,13.78,1.7,2.23769045,27.3,49.42317637,2.3,36.1789,33.8,35.79850806,3.208470362,0.0,0.521896052,6602.788259,2.77,111.0037,25.70459231,10.706505843907175,0.0,0.0,58.32442528,0.5946338333199648,2.3433704981150236,0.5511371600328051,19.3223854108792,724.48964157325,5.11785627705784,25.23,AGO,安哥拉
1.315790766,0.5295304142690832,53.44519808,28.67079991,2885.043596,52725.65481,9128.369662,7.855778349,64.438,,38.63636364,16.2,0.018088039128501432,0.4238470132314795,3.851098249,7.576,14.68,1.7,1.46826649,25.8,50.92228147,2.8,40.3668,35.0,35.97497393,3.36889388,0.0,0.432163347,6353.342427,2.65,116.8798648,32.68797702,11.18806127800962,3.004959255972088e-06,0.0,57.87920109,0.5975856260527793,2.3730247854335444,0.7055088316396453,23.4368134074259,713.25481800705,5.11785627705784,25.23,AGO,安哥拉
-0.356512142,0.5342063492063492,53.42963393,29.64487914,2835.131289,52385.37038,9955.132861,10.42171712,64.35,,38.18181818,14.8,0.014866706264631047,0.4240761716569319,3.887945997,8.394,17.78,1.8,1.52542961,25.4,52.43574143,4.7,49.8515,34.6,36.34876073,3.769952675,0.0,0.36546349,6111.068168,2.65,121.0803747,32.41146905,11.255748229665029,3.3032800910648256e-06,0.0,57.4339761,0.5970883131467073,2.390166038341221,0.7143250064248798,20.0795137803725,703.57702995548,10.2342223605419,37.13,AGO,安哥拉
4.370087786,0.49370138888888887,53.91679572,7.112269638,2779.177389,56830.89828,10682.01347,9.640527171,64.296,,34.09090909,14.0,0.014166939218150043,0.42244709678849207,3.883583555,8.743,21.3,1.8,1.39434171,23.2,53.96293481,7.7,50.7801,37.3,36.3383332,3.769952675,0.0,0.363022331,5878.289072,2.78,131.3759877,29.06237356,11.66851645436006,3.971816940228207e-06,0.0,56.9887511,0.5972407154888906,2.4325419106441,0.7300104024665938,19.4301143088767,693.85715042962,10.2342223605419,37.13,AGO,安哥拉
0.921826358,0.45803355704697984,59.89139648,3.233508038,2692.226411,59391.57252,11465.64189,5.472175168,64.119,,34.09090909,13.5,0.013391947857967379,0.42074581072414874,3.84998069,9.092,23.85,1.8,1.5071826,22.4,55.50322796,13.0,50.7735,38.4,36.48672495,3.886259726,0.0,0.355291018,5656.277207,2.65,137.7911577,24.36883471,12.18191130807631,4.203989815643581e-06,0.0,56.54352611,0.5977059436913451,2.445921232052619,0.7687151705558669,20.1140361567382,681.37871960821,10.2342223605419,37.13,AGO,安哥拉
0.821220989,0.3867320261437909,66.67801076,4.081731881,2690.265943,56967.99057,13038.85892,-2.442177258,63.952,,36.81818182,13.2,0.011573570052759496,0.4188740753253341,3.732728067,9.441,34.57,1.8,1.16797769,23.2,57.05691157,21.3623,51.7384,32.0,36.63591883,4.018609128,0.0,0.358516879,5449.035703,2.29,144.2063331,18.22661011,12.96817672934786,4.418137056428704e-06,1.1396742186964588e-06,56.09830111,0.5983636801155049,2.4456003850164434,0.8005503282326063,17.1576150332537,655.96905115756,10.2342223605419,37.13,AGO,安哥拉
-2.804708184,0.3221456310679612,73.57290786,-2.957345826,2711.177974,55045.35966,12458.99447,-10.01807545,63.638,,36.81818182,14.2,0.010696072587588645,0.41693867538931845,3.605071622,9.791,32.12,1.8,1.08924341,23.6,58.6196312,22.0,49.3097,42.0,36.72816235,4.110852651,0.0,0.554706546,5256.092824,2.72,145.3068837,10.39627584,13.146811726865211,4.581324150418296e-06,1.2825399043685874e-06,55.65307612,0.5983636801155049,2.4454399614983555,0.8136617574286171,18.8815873297655,647.60467466571,10.2342223605419,37.13,AGO,安哥拉
-5.154029047,0.46075161063443243,67.56294215,20.87270318,2682.608279,53894.3858,11655.72793,-5.152447638,63.321,,36.81818182,15.2,0.009452508109170754,0.4152995897964128,3.57644144,10.14,37.81,1.8,1.05520773,24.7,60.19206202,23.2,44.5502,41.8,36.75623646,4.288922756,0.0,1.031762632,5071.43354,2.59,142.835896,16.05341206,11.365808994697382,4.591703340327114e-06,1.3258726801734703e-06,55.20784471,0.5994224753348842,2.438990936071228,0.7464249204418864,18.5355335798775,641.64861512943,10.2342223605419,37.13,AGO,安哥拉
-3.622865017,0.4102187371152945,65.56692878,23.71280615,2592.708488,50785.44385,11474.74063,-0.750047561,63.045,,30.45454545,15.4,0.008163066586604817,0.41395302286875085,3.540612215,10.14,55.13,1.8,1.12824702,25.5,61.77351221,26.0,44.0682,42.9,36.70891153,4.287318521,0.0,0.813139211,4895.015317,2.65,142.6225046,20.8526427,9.465602735968616,4.431973327193838e-06,1.3650666675959476e-06,54.76262934,0.5997673858987728,2.4366487527071468,0.6333974239121962,16.0367944536136,639.8352933628,10.2342223605419,37.13,AGO,安哥拉
-3.968524543,0.45533155737089087,62.2244408,25.19415615,2479.8339,47872.02217,11348.49572,8.269886538,62.812,,30.45454545,15.9,0.008048678407005516,0.41275243708253995,3.453233009,10.14,29.7,1.7,0.97981894,26.0,63.36279074,29.0,42.4589,45.3,36.71933906,4.285714286,0.0,0.61713402,4728.864333,2.47,141.7747404,25.99553718,10.25066256648837,4.281539328414995e-06,1.428626717954076e-06,54.31740595,0.6061682842704741,2.435654126895003,0.5824907995630912,17.5227633670448,637.75449959832,10.2342223605419,37.13,AGO,安哥拉
-3.529000125,0.4388710072950476,61.71838848,19.86588752,2380.431048,45803.04653,11285.47921,6.363325993,62.644,51.26,30.0,18.2,0.006850627574973789,0.41176950615203434,3.387884222,10.14,36.39,1.7,1.00303984,26.1,64.15991104,32.1294,45.8065,45.6,36.78190423,4.284912168,0.0,0.636491008,4571.339333,2.66,141.4845555,23.43624911,10.300142335789957,4.13891534225494e-06,1.4607124120817162e-06,53.87217454,0.6149675142375872,2.436945536215609,0.6170276207426622,19.4264229269162,637.10105737931,10.2342223605419,37.13,AGO,安哥拉
-7.127614827,0.37611004423071215,71.54861644,16.06358065,2365.272311,43968.76124,10939.62227,1.481531756,61.078,,30.0,20.8,0.001030911484353858,0.4031111712452661,3.267958649,10.14,48.51,1.7,1.46055436,,64.94403054,36.6347,43.7804,47.0,36.78832117,4.283307933,0.0,0.872368701,4424.364473,2.8,135.765117,15.59116712,7.93802293039719,4.107484314731113e-07,1.4137484947113299e-06,53.42695115,0.6180717093125853,2.441902622924521,0.4448866598595228,17.0475655612855,636.59992137231,10.2342223605419,37.13,AGO,安哥拉
-1.094340856,0.4332855412606523,66.64207946,35.65369228,2319.419946,41540.6373,10936.39353,10.55744069,64.306,,29.54545455,22.6,-0.002503327207047379,0.42073906819586887,3.1813226,10.14,42.35,1.7,1.51676536,,65.71625772,39.3876,44.3869,48.2,36.8308334,4.289724874,0.0,0.739017315,4285.82652,3.1,138.6199214,22.53066561,8.63258460841613,4.172889199308858e-07,1.369480481995344e-06,52.98172239,0.6262372663832517,2.44433303922355,0.4994703342183082,16.0922276348724,630.84279073444,10.2342223605419,37.13,AGO,安哥拉
0.991406796,0.39141221374045804,70.68568127,18.12177162,2502.902551,34053.08431,10341.85109,8.964775151,64.619,,33.63636364,23.1,0.020458083166555507,0.41568039694874387,3.14302612,10.14,44.99,1.6,1.30711842,,66.47632732,42.0719,66.6008,48.5,36.94714045,4.319403225,,,4153.216769,,144.4641409,,9.34693247660247,7.997748507514894e-05,1.3271067496925568e-06,52.53649723,0.6389508301917061,2.457471725354937,0.551568001249557,19.642846985693,,10.2342223605419,37.13,AGO,安哥拉
-1.808703342,0.36921495327102805,76.0732469,17.92923346,2496.855791,32920.83774,10158.0137,3.905087032,64.369,,33.63636364,22.5,0.005774678579211212,0.41510941551796077,3.080655307,10.14,,1.6,1.1340301,,67.22442526,44.7581,70.052,51.1,36.94794257,4.319403225,,,,,,,9.179246521344716,8.435395725910157e-05,1.2868080007059066e-06,52.09126967,0.0,,0.5554250696858926,,,10.2342223605419,37.13,AGO,安哥拉
-1.791143,0.4572275220437859,57.94130213,8.312825,4813.121528,38581.8107,10917.60779,10.84251001,47.914,,17.0212766,28.1,-0.001014101754587271,0.3663679570904784,2.057638658,9.772,102.48,25.7,3.50531387,31.1,75.75494898,3.43089,19.4051,24.8,45.52608826,0.352901735,0.42909242,0.317212922,1401.661202,3.79,43.81710296,0.172821623,29.939780395059813,0.0,0.0,30.88313659,1.3486669136978808,1.6229950770208037,2.050706608949373,14.8672278391476,912.35951943906,26.220772520495,93.72,BWA,博茨瓦纳
4.093208374,0.44586516735474685,59.75447466,1.187370696,2844.642965,45631.90941,11923.35852,4.842075346,46.451,,17.0212766,28.5,0.0031220072782991437,0.3713363935388359,1.880809861,9.614,121.09,25.3,3.76324773,30.2,75.91390625,3.38592,19.0435,27.0,45.60549115,0.432304625,0.301084555,0.428169112,1375.544988,3.59,46.40711085,0.130862878,30.503990885516867,0.0,0.0,30.67439521,1.3503784871102642,1.6292767278951177,2.0002141058699663,14.4045091933768,908.30958732003,26.220772520495,93.72,BWA,博茨瓦纳
2.800973794,0.3740889649187893,60.58537732,3.259084372,2588.252441,48810.8867,12936.13264,9.542448888,45.107,62.6,17.0212766,29.0,0.009126840165734285,0.37610207823685504,1.759625506,9.659,122.34,24.9,3.60058308,31.7,76.05198485,3.34519,25.0588,33.1,45.51726572,0.344079191,1.15358518,0.437885054,1351.552258,3.39,48.48137301,0.089989805,30.574898851428703,0.0,0.0,30.46565384,1.3541192454960918,1.637587563742876,1.853242776516329,15.3951124850007,873.22083026088,26.220772520495,93.72,BWA,博茨瓦纳
0.920692082,0.3921867334508717,60.31861996,10.07878865,2165.896604,51702.40546,12071.91396,3.536783233,46.497,,11.11111111,28.1,0.013661047094662315,0.38072906118266037,1.753382038,9.669,133.42,24.5,3.4343946,29.8,76.18888381,3.30489,28.9318,35.3,45.57196549,0.39877896,2.200557872,0.307268143,1328.060931,3.44,49.71897128,0.259496818,30.09723469274371,0.0,0.0,30.25691246,1.3623595009969476,1.6414341926490568,2.074987372907336,13.322167793966,819.80618478843,26.220772520495,93.72,BWA,博茨瓦纳
2.696606331,0.4461176974256628,57.50748541,15.47170657,1788.831476,58834.40255,11870.50291,16.10571085,47.82,,11.11111111,26.9,0.015175554850391126,0.384981713451497,1.794991631,9.724,123.61,24.2,2.86616707,24.8,76.32340897,3.26255,30.6424,37.5,45.55079138,0.376722602,1.515681262,0.295399433,1304.435025,3.39,51.90711612,0.195819254,31.26795628283708,0.0,0.0,30.04817109,1.362730047818185,1.6405166481393254,2.20726033370709,16.4438745058821,768.44755796336,26.220772520495,93.72,BWA,博茨瓦纳
6.361425592,0.45659115218479884,61.03849359,5.15439836,1730.302803,68608.39769,12356.24792,19.66477602,49.243,,11.11111111,26.6,0.013349023645791158,0.3887382129573714,1.865177121,9.863,185.14,23.9,2.79110265,24.7,77.37937464,4.28993,43.9084,39.7,45.52961728,0.354666243,4.741351257,0.301608643,1280.330496,3.26,56.16496606,0.202371734,32.648832854892774,0.0,0.0,29.83942971,1.3630123692057947,1.6397931995835762,2.2609666367211596,12.3888752948584,727.20105910593,26.220772520495,93.72,BWA,博茨瓦纳
3.761895523,0.48962500994163993,62.54490943,6.029197651,1963.566243,63773.93864,12624.33993,15.6550615,50.523,,11.11111111,26.3,0.029449121788358124,0.39694098108990106,1.938134749,9.833,152.42,23.6,3.12948751,26.1,78.81763791,5.28,60.2637,41.9,45.49609161,0.321140578,4.899064774,0.375146397,1255.754889,3.18,59.33017893,0.227065176,32.945350465103225,0.0,0.0,29.63068833,1.366223774989854,1.6373581776154433,2.133601525951483,13.9634328957976,724.83403636764,26.220772520495,93.72,BWA,博茨瓦纳
1.199231316,0.4613809377150462,69.02405824,9.372730256,2017.227412,56639.51131,13046.98868,1.393458723,51.717,,11.11111111,26.0,0.016321494668194214,0.40476981697154313,2.008214758,9.775,165.71,23.4,3.66806316,23.9,80.20835657,6.25,76.1956,44.5,45.66724895,0.49229792,2.00713703,0.475055258,1230.788166,3.24,61.16886783,0.537952565,33.56689891194383,0.0,0.0,29.42194696,1.3663825807703844,1.639828489757027,2.0206215054590584,14.3982127408744,733.7151882678,26.220772520495,93.72,BWA,博茨瓦纳
-15.89971491,0.3415539774726505,80.11869739,15.10893375,2148.365682,35491.03912,12904.24831,-6.405939615,52.547,,7.936507937,24.8,0.01102998560552182,0.4121771883177197,2.065878468,9.755,167.66,23.2,3.41018438,24.0,81.54820489,6.15,94.1441,43.4,45.73253578,0.557584741,0.940099755,0.464291691,1205.62242,3.44,52.43929744,0.148944343,30.90149043597786,0.0,0.0,29.21320558,1.3641592998429588,1.620313023838512,2.1001362534178143,13.8630939095201,739.79375794504,26.220772520495,93.72,BWA,博茨瓦纳
7.821146994,0.37136175191323384,73.54932591,7.685492244,2465.158127,42580.83762,14136.3883,-5.888402257,49.171,49.5,7.936507937,23.3,0.014408974732833757,0.39463905315548437,2.109435975,9.736,163.97,23.0,3.60705996,24.2,82.83969384,6.0,116.246,52.0,45.63195878,0.457007746,0.8950785,0.351848658,1180.456945,3.4,57.66069662,0.299472888,31.247128964230455,0.0,0.0,29.00446421,1.3594833518606746,1.6152135937748133,2.0751766263622597,16.7567122321382,746.976295094,26.220772520495,93.72,BWA,博茨瓦纳
4.755573289,0.38926204277155046,68.8525647,12.6534473,2467.453935,44527.98052,14550.29202,-0.872984775,49.638,,7.936507937,22.0,0.009773914807988282,0.39961370316874323,1.968774796,9.716,167.78,22.8,3.60456705,23.8,84.08224116,9.0,139.87,53.2,45.74665184,0.57170081,0.715410973,0.322823363,1157.443689,3.04,61.51289402,0.247783119,32.136567686336576,4.822682038161883e-07,0.0,28.79572283,1.3398443703350802,1.6168722319270201,2.115102694191321,13.1373136702484,742.23028569567,26.220772520495,93.72,BWA,博茨瓦纳
-1.831759004,0.42933778475580503,77.8317412,3.011796554,2213.694329,41737.08144,14631.62387,-5.901992671,50.21,,7.936507937,21.3,0.011203215272544531,0.4027051854367104,1.677740212,9.697,159.99,22.7,4.09601831,21.2,85.11981766,16.0,146.149,56.0,45.67783601,0.502884972,0.821469996,0.389372464,1138.186783,3.47,62.29226928,0.333840683,31.22951731713719,4.742444929543867e-06,0.0,28.58698146,1.3341979425828878,1.6162017186314472,1.9852924148861553,14.4400173639268,710.16743405744,26.220772520495,93.72,BWA,博茨瓦纳
9.43871074,0.5543122696637686,77.63177337,1.53204506,2315.063762,46782.2299,15483.00431,4.530731484,50.399,,7.936507937,20.8,0.013795045045045029,0.40429265065992986,1.50921875,9.677,167.45,22.4,4.15482092,20.9,86.10353287,30.0,151.671,58.0,45.66901346,0.494062428,0.33794118,0.402103615,1121.13803,3.29,70.38522973,0.27211869,30.533949698630643,9.342816915356881e-06,0.0,28.37824008,1.3338979761085528,1.6152488839482646,2.02132111215024,14.1519058966031,692.02046062713,26.220772520495,93.72,BWA,博茨瓦纳
4.170990129,0.5500938148770065,71.56378578,9.601547879,2298.418535,48508.99483,15988.77521,11.07503064,50.472,,9.523809524,20.1,0.015518565104464477,0.406101349696415,1.454418984,9.658,204.79,22.1,3.99039125,24.2,87.06200779,36.7447,157.018,60.0,45.88428352,0.709332486,0.140391746,0.401436462,1104.949992,3.39,75.68194908,0.21280841,30.221929235322353,9.207916598374619e-06,0.0,28.1694987,1.331357083620066,1.5985742769925715,2.1501786694928833,10.5478878104889,667.95333674411,26.220772520495,93.72,BWA,博茨瓦纳
-6.199954122,0.4667886509721111,77.63715617,3.730305856,2185.366427,42896.09751,15693.08293,2.226182876,50.428,,9.523809524,20.3,0.016857818456737617,0.4082821329903285,1.427532237,9.638,163.66,21.8,4.13518047,24.8,87.99527136,37.3121,157.735,62.1,45.63301749,0.458066451,0.036364954,0.465455656,1089.288527,3.55,72.01037171,0.211765557,36.30532988752694,9.077404388834247e-06,0.0,27.96075733,1.331357083620066,1.598556631905846,2.7251923710770294,13.9639581775112,641.65319496738,26.220772520495,93.72,BWA,博茨瓦纳
5.693194554,0.4883761314509387,69.17428265,11.90491113,2568.72591,43323.7258,16921.41729,7.97299722,50.389,53.33,9.523809524,20.9,0.01748002847425445,0.4110846008727497,1.419701726,9.619,236.02,21.4,3.83726597,24.8,88.90366848,42.2576,147.173,64.2,45.63301749,0.458066451,0.049979744,0.463315684,1073.933137,3.17,72.05942108,0.204050341,39.40346318931849,1.342416421153619e-05,0.0,27.75201595,1.3302277980696275,1.595327581035061,3.0373091039101907,12.5190029177375,593.40919412027,26.220772520495,93.72,BWA,博茨瓦纳
2.64591261,0.3644795525184963,70.92010071,-2.649933209,2357.234684,44474.19292,17159.91519,5.585809138,50.419,,9.523809524,22.1,0.017101990049751326,0.41464353983924984,1.420476473,9.599,240.19,20.9,5.01613283,25.0,89.78707886,47.8587,142.962,67.4,45.63301749,0.458066451,0.048434147,0.441370492,1058.786005,3.18,78.25064858,0.301815015,35.60369798280792,1.3234825059876555e-05,0.0,27.54327458,1.3301748628094507,1.5923279162917086,2.763667334290064,12.1347854202342,554.5547324629,26.220772520495,93.72,BWA,博茨瓦纳
2.720714331,0.38603933375051125,72.56570147,0.056621886,2538.234674,45670.64078,17209.85756,0.392946349,50.697,,9.523809524,22.1,0.014536838887190262,0.4188420805857492,1.418981085,9.58,285.21,20.3,4.14253378,25.7,90.64382017,54.2022,147.065,68.3,45.63301749,0.458066451,0.053047701,0.325854622,1043.868123,3.25,77.13219222,0.381733367,34.796698208422534,1.739780204867818e-05,0.0,27.3345332,1.330245443156353,1.5863462318917296,2.691840720947519,13.5691662721176,531.02894200232,26.220772520495,93.72,BWA,博茨瓦纳
1.576390941,0.31310706440254527,75.89487591,0.508004101,2614.34869,43862.92853,17942.55204,-6.905054782,50.724,,10.76923077,22.8,0.011993189796748682,0.4236032765557658,1.422628471,9.56,308.55,19.7,4.37294102,26.4,91.474948,61.3865,160.662,70.1,45.63372329,0.458772255,0.045415606,0.290824015,1029.122891,2.92,80.25750377,0.230326031,33.38138275820866,2.529927108083203e-05,0.0,27.12579182,1.3308630211917492,1.5853757521218215,2.5492595340731867,12.6754457818158,515.78268119741,26.220772520495,93.72,BWA,博茨瓦纳
-10.03323832,0.284888256673497,84.68672506,4.378866817,2000.68219,39279.31924,19044.73982,-9.806311123,48.415,,10.76923077,22.8,0.007086813464945552,0.4114672931247131,1.439410358,9.541,324.27,19.0,4.48994827,,91.54613652,69.523,161.859,71.8,45.63372329,0.458772255,0.051964154,0.33519198,1014.415692,2.89,67.12810903,0.187699537,31.707448402971032,2.4937719103222713e-05,0.0,26.91705045,1.3306689252377677,1.5863638769784552,2.301503873799925,11.0116396500017,508.59156144763,26.220772520495,93.72,BWA,博茨瓦纳
10.25964721,0.3957294871381964,74.83555081,8.381543871,2111.646374,42651.63397,19621.57374,-1.764905311,49.208,,10.76923077,22.9,-0.06416037136141217,0.4314126393278036,1.491301064,9.521,386.48,18.2,4.82830048,,91.61103103,78.738,173.252,73.7,45.63372329,0.458772255,0.189620022,0.312892463,999.3999436,2.68,70.8844206,0.353486763,32.961502438353634,2.6105159360566845e-05,0.0,26.70830907,1.3306512801510415,1.5868932295802232,2.4613225613288026,11.5301932668461,493.78123481548,26.220772520495,93.72,BWA,博茨瓦纳
3.823630843,0.4097701042779423,68.46846305,14.61767672,2086.684723,45662.88972,20071.53036,-0.595044524,49.361,,11.11111111,22.5,0.08603067785097074,0.436688181280155,1.588480219,9.521,392.69,17.4,4.30745316,,91.67030146,80.3696,178.205,75.9,45.63372329,0.458772255,,,983.650096,,81.91389665,,40.95279672466407,2.569376021561569e-05,0.0,26.4995677,1.3317099853545782,1.5893282515483564,3.1764530425936885,11.0794221529011,,26.220772520495,93.72,BWA,博茨瓦纳
1.52893818,0.2968894307516017,72.18424435,1.739003859,1927.77263,43004.89885,19327.41904,1.488076729,52.313,,11.11111111,24.0,0.0060219057731749626,0.4623565262127436,1.64031664,9.521,,16.6,4.72067308,,91.72365508,81.36,179.027,76.0,45.63372329,0.458772255,,,,,,,32.08361573643345,4.031861381380219e-05,0.0,26.29082632,0.0,,2.3894579134149705,,,26.220772520495,93.72,BWA,博茨瓦纳
-0.469619803,0.0444801947052229,106.1373827,13.71640679,442.8146084,5233.396393,4353.962723,-4.187202012,79.277,,14.40677966,,0.01873280551063705,0.42781667876277535,2.5056866,3.847,3.58,3.1,1.69244206,30.2,50.60763707,0.106001,0.50368,2.8,72.07943925,37.96728972,0.067180458,18.98310094,1516.347081,10.95,6.089891355,0.0,0.604715394190188,0.0,0.0,7.552180685,0.9384735202492211,0.0,0.060292130445038825,36.0472258712051,936.18052750871,5.96651187175547,28.56,BDI,布隆迪
1.542047071,0.03634625539046195,108.3535608,1.027858574,450.8750251,4656.95502,3764.362465,-0.397990063,78.474,,18.43575419,,0.029169844771073317,0.42766992197689024,2.820219489,4.215,0.93,2.8,1.5355022,29.3,51.31358647,0.118228,0.762002,3.1,71.41744548,38.39563863,0.150244565,24.55668103,1474.180159,10.7,6.395962078,0.0,0.5407184420295671,0.0,0.0,7.552180685,0.9380841121495328,0.0,0.05861551329898074,30.9142170817354,895.59193011123,6.10141983908415,29.46,BDI,布隆迪
-4.295388278,0.04842896293843057,106.744694,11.94574864,422.4570389,4130.065487,3379.639218,-3.04630146,77.678,,18.43575419,,0.021492668856662123,0.4272641205914282,3.159092771,4.603,4.42,2.6,1.35508084,29.8,52.02244474,0.201273,0.908684,3.4,71.37850467,38.55140187,0.060176306,41.35144304,1428.337361,10.32,6.352932452,0.0,0.427290554693649,0.0,0.0,7.552180685,0.9369158878504672,0.0,0.05679273802617407,27.9135538795659,861.03027600584,6.10141983908415,29.46,BDI,布隆迪
0.997721141,0.05135167870102836,107.3235245,13.14615933,407.3480692,3641.338579,2964.952845,-3.536558154,76.826,,18.43575419,,0.02392297586132508,0.42721008894413853,3.727692861,4.992,5.02,2.4,2.3681941,29.7,52.73414593,0.34906,1.37553,3.7,71.96261682,38.35669782,0.073506872,31.28433889,1376.073501,10.01,6.697368814,0.0,0.499145689207577,0.0,0.0,7.552180685,0.9373052959501558,0.0,0.054714652146127515,33.7540680319717,840.18387585074,6.10141983908415,29.46,BDI,布隆迪
-2.778948028,0.051919542469236864,104.4963931,18.84158948,369.2474835,3482.749265,2738.090569,-0.51007909,75.95,,30.50847458,,0.016010111649462866,0.42535387098887234,3.714265528,5.308,4.3,2.2,2.06248069,29.9,53.44863648,0.542143,2.01653,3.2,70.83333333,37.22741433,0.095282238,26.97935322,1325.900034,9.49,6.795763945,0.0,0.402626648878231,1.3179920812399775e-07,0.0,7.552180685,0.935747663551402,0.0,0.0527196832495991,33.1528609861247,812.24521708186,6.10141983908415,29.46,BDI,布隆迪
1.684736425,0.04554824497672476,109.2870295,2.845666334,372.920077,3469.373488,2670.27107,-10.48704481,74.981,33.36,30.50847458,,0.017133809586639792,0.4216060243489741,3.601641763,6.546,5.63,2.0,2.36401343,33.1,54.16619325,0.657593,2.54273,2.7,70.95015576,36.56542056,0.230570855,23.79282767,1278.995599,9.06,7.163673499,0.0,0.466111193315324,0.0,0.0,7.552180685,0.9365264797507789,0.0,0.05085469580183044,27.7163827533441,785.76085698386,6.10141983908415,29.46,BDI,布隆迪
-0.31118752,0.043503927641872615,110.0135493,8.281178548,324.0087156,3394.138212,2864.634622,-8.207276151,75.809,,30.50847458,,0.016122456543493424,0.4237966672849887,3.698171675,7.192,4.48,1.9,2.46383238,33.4,54.88641295,0.7,3.30806,4.7,71.06697819,36.68224299,0.24430084,32.15078385,1232.560071,8.8,7.410425778,0.0,0.7257279379028441,0.0,0.0,7.552180685,0.9415887850467288,0.0,0.02565535513045166,35.9482377734719,750.62712705684,6.10141983908415,29.46,BDI,布隆迪
0.668760371,0.035363402391413605,112.7910162,24.16011378,308.8857889,3186.848666,2850.249712,-16.09073437,76.607,,30.50847458,,0.0136599066238694,0.42642990760127664,4.125532069,7.784,2.54,1.8,1.5591383,33.0,55.60989972,0.81,5.65018,4.8,71.18380062,36.79906542,0.263349389,32.74537226,1182.745043,8.43,7.774184454,0.0,0.432084661216696,0.0,0.0,7.552180685,0.9411993769470406,0.0,0.04702763590781031,34.1974409103233,725.14207169762,6.10141983908415,29.46,BDI,布隆迪
-1.339951055,0.03773595464501418,103.9729976,10.11646941,290.4877486,3253.56363,2706.987117,-9.078064646,76.891,,31.3559322,,0.015131069969953614,0.4295714202372333,5.066136077,8.375,3.33,1.7,2.08079624,33.0,56.33558253,0.9,10.2904,5.4,71.30062305,36.91588785,0.191561005,30.35488789,1124.318061,8.13,8.068598714,0.0,0.410387070428954,0.0,0.0,7.552180685,0.9411993769470406,0.0,0.02235224773085569,30.8295288755536,718.1250320543,6.10141983908415,29.46,BDI,布隆迪
0.287652254,0.0497014176997728,102.9396209,8.957514676,280.9274985,3019.265817,2692.95823,-14.8111211,77.156,,32.0754717,,0.011803906277693121,0.4305601355908487,4.681010573,8.764,12.37,1.6,1.9852922,33.2,57.06471606,1.0,17.8962,5.3,71.37850467,36.99376947,0.136723436,23.79115659,1072.901411,7.98,8.47959191,0.0,0.568766245157872,1.0665023968574867e-06,4.5851349801587893e-07,7.552180685,0.9384735202492211,0.0,0.021330047937149734,33.7019677415559,713.66795849585,6.10141983908415,29.46,BDI,布隆迪
0.368535841,0.05501354836098806,109.0546241,8.372378816,269.3237009,2876.786907,2667.998454,-12.68367639,77.307,,30.47619048,,0.0125420403587444,0.42904408715475584,3.577698548,8.916,10.02,1.6,3.47107577,33.0,57.79689017,1.11,19.7015,6.2,71.69003115,38.94080997,0.287567571,24.79855282,1035.19477,7.89,8.820846976,0.0,0.6705079689476231,1.0290206460644386e-06,5.308790948971071e-07,8.219626168,0.9232866043613708,0.0,0.027266012950430633,34.0848621873021,710.79713268421,6.10789679757998,29.48,BDI,布隆迪
0.762376964,0.05757491791289378,108.2505806,14.02941461,271.0116922,2892.735427,2556.212942,-11.22097548,77.448,,30.47619048,,0.012057989066500463,0.42720355856423,3.568521478,9.067,10.65,1.5,2.66949105,33.8,58.53169294,1.22,22.3128,6.5,72.42990654,39.99221184,0.31770173,17.16398102,998.9049777,7.48,9.210995788,0.0,0.599966852898151,9.929472939604576e-07,5.122685951096551e-07,8.887071651,0.919392523364486,0.0,0.02321610534694174,33.7403912698429,704.07479674401,6.10789679757998,29.48,BDI,布隆迪
1.222077624,0.0383419217375315,113.7800639,8.229642646,285.8609784,2778.166775,2452.853439,-10.54114375,77.59,,30.47619048,,0.011589545477855179,0.4252536630425235,3.591867093,9.164,14.28,1.4,1.54086971,33.8,59.27001889,1.26422,24.3007,6.9,73.48130841,41.04361371,0.162386389,17.50302288,963.6623614,7.55,9.664538299,0.0,0.636707268440259,2.8737446166381578e-06,5.765609718419966e-07,9.554517134,0.9182242990654204,0.0,0.0271726675084184,34.459258957234,694.38503217582,7.93080606174601,34.6,BDI,布隆迪
0.765722878,0.04878361298480345,111.3981715,5.302267341,271.3345403,2772.452116,2526.068839,-15.84751927,77.697,38.62,30.47619048,,0.009885263353554441,0.42305990350733835,3.394476867,9.274,12.91,1.4,2.78679872,33.6,60.01080021,1.04239,29.5678,7.0,74.53271028,42.09501558,0.195973678,17.24082365,931.5000252,7.07,10.07478906,0.0,0.5690176926354931,2.777833077232556e-06,4.777013028379731e-07,10.22196262,0.9182242990654204,0.0,0.022153999639807645,30.7065457242297,687.24961107438,7.93080606174601,34.6,BDI,布隆迪
-2.638432078,0.043052333414553515,108.0565938,5.991542574,250.1416436,2715.895027,2635.780994,-12.77169027,78.337,,36.36363636,,0.0057392410146575035,0.42094286712565104,2.268517293,9.295,12.5,1.3,2.4195447,34.4,60.75459869,2.0,45.2379,7.9,75.58411215,43.14641745,0.108489962,15.38979519,910.6066668,7.34,10.03403396,0.0,0.566553311338564,2.8060444006741747e-06,4.6698655858296564e-07,10.8894081,0.9182242990654204,0.0,0.03531886621323403,33.046374203858,680.94280248941,7.93080606174601,34.6,BDI,布隆迪
1.438423112,0.04774467294779669,102.0558667,6.338131817,254.3610224,2676.222394,2578.655145,-12.51842933,78.843,,36.36363636,,0.011346432195917355,0.4178709440523385,1.72186004,9.264,11.72,1.2,2.23587942,34.8,61.50131525,2.2,47.6697,8.5,76.63551402,44.19781931,0.118466516,18.94671647,895.0615115,7.52,10.35514058,0.0,0.621459672045789,3.647865006929609e-06,5.049159875655849e-07,10.8894081,0.913551401869159,0.0,0.03836826193734907,32.5611129548061,672.93182769748,7.93080606174601,34.6,BDI,布隆迪
1.419763039,0.0607481443080701,97.52207864,13.27210965,242.8260036,2730.927876,2749.147879,-13.19127103,79.093,,36.36363636,,0.009146391616904337,0.4168887824394039,2.350486271,8.735,13.19,1.2,2.01362443,34.9,62.25085471,2.66075,51.4533,9.3,77.68691589,45.24922118,0.207223632,18.22757413,874.2685388,7.58,10.75193482,0.0,0.7174396448086701,4.432176488920167e-06,4.931863978206902e-07,10.8894081,0.912772585669782,0.0,0.04526889232609487,27.2165588402841,665.97528970465,7.93080606174601,34.6,BDI,布隆迪
2.209507819,0.061783241290857195,95.32475306,-1.538257229,269.8165495,2999.359753,2494.697499,-13.36696815,79.126,,36.36363636,,0.007514874887929013,0.4181440684497404,3.018981828,8.538,20.41,1.1,2.0575192,35.2,63.00311053,4.0,53.2737,9.5,78.73831776,46.30062305,0.0,13.40334337,848.2689664,7.69,11.32632949,0.0,0.8998712226060691,4.300369511358288e-06,4.1326701067065014e-07,10.8894081,0.9123831775700936,0.0,0.05732418023573783,26.8826581073733,659.74539202156,7.93080606174601,34.6,BDI,布隆迪
1.084941769,0.06268380008917857,93.81113368,0.293494889,269.2452797,3011.360696,2392.195121,-13.68918136,78.909,,36.36363636,,0.006051192440863495,0.41985686887736084,3.283675314,8.421,29.9,1.1,2.27763605,35.5,63.75799088,6.1,53.2996,9.8,79.78971963,47.35202492,0.0,13.08976571,820.8669269,7.6,11.83140926,0.0,0.887956663148532,4.1614526113359934e-06,3.7886878241363597e-07,10.8894081,0.9116043613707164,0.0,0.055322840597760846,33.314630881201,655.83839155271,7.93080606174601,34.6,BDI,布隆迪
-2.569100076,0.05018824804803397,87.20119574,15.84943514,228.8201207,3101.717856,2483.448174,-10.728641,77.737,,38.21138211,,0.006256030878095897,0.41663358969570985,2.908653025,8.305,35.24,1.0,2.1569612,,64.40287162,9.17302,52.5571,9.1,80.8411215,48.40342679,0.0,13.77195402,797.3346513,7.74,11.86766588,0.0,0.9746894809541652,4.042153799038063e-06,3.748224821685537e-07,10.8894081,0.913551401869159,0.0,0.0587301169624942,31.6615774002495,650.33616450833,7.93080606174601,34.6,BDI,布隆迪
0.462596742,0.04744443224630951,85.404949,10.10689269,226.017293,3077.269324,2554.347544,-11.33170447,78.21,37.46,38.21138211,,-0.00747974236442972,0.42300158397517224,2.724255395,8.191,26.93,0.9,2.22447824,,65.04930339,10.9847,59.7008,10.2,81.89252336,49.45482866,0.0,13.91634193,775.9064241,7.48,12.2518311,0.0,0.9300966916405692,6.941508764696041e-06,3.846446051156914e-07,10.8894081,0.9116043613707164,0.0,0.05823154574828346,30.8138237190718,648.69867778069,7.93080606174601,34.6,BDI,布隆迪
-0.413741364,0.05128595756566225,86.84421305,15.04938613,221.7896782,3039.187319,2540.995117,-15.24216194,78.385,,38.21138211,,0.012576287016312193,0.4272494975451346,2.705850089,8.191,27.99,0.9,1.58512878,,65.69755974,11.0009,56.26,10.3,82.8079634,50.37026869,,,755.1930596,7.4,12.53579194,,1.047862589714826,6.7562003339514755e-06,3.8118834697397674e-07,10.8894081,0.9116043613707164,0.0,0.06514663026626111,30.3467486489017,,7.93080606174601,34.6,BDI,布隆迪
0.476410171,0.06120755065088765,81.6911321,18.99136927,215.4737266,2996.597818,2568.406331,-18.29977606,78.082,,38.21138211,,0.012229254794694944,0.4305313215651469,2.72764441,8.191,,0.8,1.34036565,,65.80698817,11.0784,63.1631,11.6,83.88655763,51.44886293,,,,,,,0.965481369467146,7.304895375635983e-06,3.768647655581488e-07,10.8894081,0.0,,0.06014671319885021,,,7.93080606174601,34.6,BDI,布隆迪
1.61992408,0.15967520330500787,82.27577274,2.469358915,860.6938858,6965.834085,4973.772655,-3.173944692,75.796,42.14,5.555555556,24.2,0.004874573474821009,0.4528321322264817,2.626432559,7.226,152.21,5.6,0.7802825,27.5,56.66763818,0.277051,2.72573,46.2,19.37763111,12.60815299,0.013643519,2.209240574,17832.07671,5.7,18.07729227,2.998368413,3.727939144673597,0.0,0.0,45.54121766,0.8679317128895093,0.004336696917771996,0.2090206793302716,19.3588655470245,914.64600317891,4.32901609756036,11.0,CMR,喀麦隆
1.712959815,0.14512068325008176,83.06801183,2.77449285,854.7068356,7896.910723,4701.285041,-3.537905656,76.367,,8.888888889,22.0,0.006045001679167106,0.4542890388163755,2.681248158,7.003,191.66,5.7,0.89175522,27.7,57.49555661,0.360872,4.46094,44.0,19.37763111,12.60815299,0.021504919,2.333097061,17360.30739,5.71,18.43268383,2.458453141,3.712966560322167,0.0,0.0,45.39376785,0.8718876266632819,0.004336696917771996,0.20349078263063727,19.9378350056685,913.12367885647,4.32901609756036,11.01,CMR,喀麦隆
2.61581879,0.14295272165869333,83.27463376,1.952914449,857.7412666,7976.270536,4692.041127,-3.74372948,76.985,,8.888888889,19.6,0.006138496346574707,0.4555730881899762,2.727471335,7.13,212.67,5.6,0.8576715,27.4,58.30477687,0.587623,6.66446,45.1,19.37763111,12.60815299,0.005975397,2.851734888,16893.20893,5.67,18.98162915,1.803247261,3.83112325443214,6.187988619051332e-08,0.0,45.24631804,0.8721626367117258,0.004315542298660912,0.21039161304774529,18.7846426967031,903.29847623665,4.32901609756036,11.01,CMR,喀麦隆
4.147820576,0.13157185943526548,81.87478069,0.139487835,907.9266889,8488.710349,4704.637368,-2.210650602,77.627,,8.888888889,16.8,0.0059904521408955524,0.4565453138128942,2.747415041,7.174,212.83,5.6,0.70553547,27.8,59.09587222,0.976075,9.21627,47.1,19.4834042,12.60815299,0.007085879,2.005313773,16435.40012,5.49,19.85364195,2.114789865,3.814013679657104,6.020293083520068e-08,0.0,45.09886823,0.8725857290939477,0.0033212752004400164,0.2046899648396823,20.324639912421,888.35278447645,4.70246311294601,12.19,CMR,喀麦隆
-0.550411135,0.14664385817200054,81.83584306,1.357141959,844.1683149,8298.346229,4618.949618,-2.540058217,78.167,,8.888888889,13.8,0.005973102715379763,0.4572611214064592,2.755738484,7.14,283.86,5.5,0.65208685,28.3,59.86764538,1.40265,13.1922,47.2,19.48975059,12.61449938,0.011013795,2.143875988,15988.66714,5.47,19.84103359,4.305707547,3.589075726611164,5.856654629679628e-08,0.0,44.95141842,0.8744261809566118,0.0029193374373294406,0.19912625740910736,19.4771245526248,879.29576812992,5.89174262981964,16.9,CMR,喀麦隆
0.995178502,0.17101445594736778,80.97038621,2.299674978,821.3958097,8356.028873,4535.517015,0.925460105,78.698,,8.888888889,11.2,0.007230802855893836,0.4578339408311158,2.74855128,6.935,316.33,5.4,0.64810383,28.1,60.62115124,2.02874,17.8682,49.0,19.48975059,12.61449938,0.028222894,2.343786468,15555.19482,4.88,20.59689429,5.028517863,4.479559116083937,5.697873559285548e-08,3.150243075670781e-05,44.80396861,0.8865054684690401,0.003025110532884855,0.21875476722562615,18.3763089161792,872.04505595038,5.89262861322851,16.9,CMR,喀麦隆
1.440565001,0.17677849084053007,80.8799576,0.490708035,841.8308284,7904.84563,4630.695317,1.19555212,79.223,42.82,13.88888889,9.1,0.007395887958626446,0.4584430846582163,2.806278246,7.577,301.64,5.2,0.56892991,28.1,61.35652724,2.93,25.1303,48.2,19.48975059,12.61449938,0.02810776,2.960373421,15124.74088,4.41,21.48824322,4.90756493,4.3598839060643,1.1080396252698631e-07,3.6204218178575657e-06,44.6565188,0.8949884707325844,0.0030039559137737724,0.2391050075302373,19.5690236828594,860.13945408457,7.118116678131,23.83,CMR,喀麦隆
-0.054684354,0.1891024045180653,83.15363189,4.940536812,890.9801422,7623.788377,4706.48121,-1.629291654,77.304,,13.88888889,7.3,0.007287740082570382,0.4494989139690329,2.862584533,7.941,318.54,5.1,0.55071974,28.4,62.07391399,3.4,33.1693,50.6,19.59552368,12.61449938,0.030413594,2.950510818,14697.92058,4.33,22.10015917,6.480466858,4.194657442748047,1.0767707387121046e-07,3.5645462959700342e-06,44.50906899,0.9024983605170188,0.0030039559137737724,0.22285036709268025,20.5361323448981,848.41077911317,7.36226751343638,24.96,CMR,喀麦隆
-0.318334275,0.12716155710222674,84.45159141,3.603515184,936.4169853,7347.102519,4721.178447,-4.020971113,75.254,,13.88888889,5.9,0.006593484924085846,0.4397212217616284,2.865392227,8.337,344.09,5.0,0.44800821,28.5,62.77305843,3.84,41.8758,51.7,19.70129678,12.61449938,0.043661994,2.581544455,14282.74413,4.56,22.67017792,2.846448453,4.564100720061342,5.231774407561714e-07,3.1939465414706536e-06,44.36161917,0.9044234308561272,0.0030039559137737724,0.2531778686106824,19.0720710211696,839.62391612618,7.4881671959059,26.49,CMR,喀麦隆
0.000136421,0.14097972346726978,84.27236076,0.688187083,1011.167992,7030.256864,4752.343214,-3.116023035,73.097,,13.88888889,4.9,0.008479977339517886,0.42916166744610273,2.857661467,8.644,355.08,4.8,0.4063552,28.9,63.45451149,4.3,43.9121,52.8,20.51998054,13.11586385,0.053399164,2.679133646,13880.36831,4.47,23.32739198,3.633473094,5.173160452857902,5.084383995864159e-07,2.57935215497599e-06,44.21416936,0.9064965835290136,0.0027924097226629434,0.29550285117001335,18.8097774341423,828.00743889787,7.87000223946105,27.08,CMR,喀麦隆
0.496174365,0.14746541735144722,84.33021354,2.589044247,1057.765039,6584.435447,4762.20218,-2.445885113,72.237,,13.88888889,4.3,0.009075748266479389,0.4239145971709401,2.828422971,8.95,402.04,4.7,0.5729565,29.0,64.11805101,5.0,51.831,53.7,20.62575363,13.11586385,0.082783165,2.776191407,13493.27294,4.53,24.11567385,4.573927153,5.332166393289008,9.885181638235567e-07,2.592416507594488e-06,44.0957035,0.91091789892323,0.002877028199107275,0.3131714750331944,18.7364465101751,818.62699342169,7.87000223946105,27.08,CMR,喀麦隆
1.723811615,0.14173407945138655,84.28182687,1.942285364,1115.033462,6631.645584,4641.299825,-3.170060372,71.371,,13.88888889,4.1,0.011968964197488052,0.4185317216934607,2.813047184,9.441,408.48,4.5,0.64008772,28.6,64.76383682,7.5,62.9907,55.2,20.62575363,13.11586385,0.074593087,2.997427732,13118.98986,4.53,25.23125979,4.621399586,5.2528324386661,1.4416472376669362e-06,2.6444661269704854e-06,43.97723763,0.912271794546339,0.002877028199107275,0.2833905575661996,19.3891283392565,811.7242342237,9.09647597169719,28.08,CMR,喀麦隆
2.087147191,0.1338625725583248,83.74477304,3.053459169,1187.689499,6448.998465,4627.347968,-3.344599905,70.475,,31.11111111,4.2,0.009626955475330767,0.413165014949742,2.80909371,9.693,468.51,4.3,0.4803811,28.7,65.39168973,10.0,73.1912,56.3,20.62575363,13.11586385,0.048114768,3.133043251,12755.59312,4.51,26.49169473,3.690895463,4.305987143435447,1.8689513725018194e-06,2.7319151606639374e-06,43.85877176,0.912948742357894,0.002877028199107275,0.23476766920644696,18.7631857086556,799.09230503089,9.09647597169719,28.08,CMR,喀麦隆
2.568734064,0.14139842190488644,83.8846039,2.01421263,1272.873874,6208.020559,4645.096171,-3.853003199,69.551,46.64,31.11111111,4.5,0.006810829218457437,0.4083642654114415,3.02592195,9.946,565.1,4.1,0.58977377,28.9,66.0018144,16.2149,77.24,56.8,20.62575363,13.11586385,0.033794186,3.217178235,12375.40001,4.63,28.00697149,3.298728879,5.526295476451298,2.7198681335399042e-06,2.8063987607981597e-06,43.7403059,0.910769816589452,0.002877028199107275,0.3164806261752947,18.3210277650405,786.79915145652,9.45320627395033,29.42,CMR,喀麦隆
2.401233687,0.1259848072964981,85.31199208,0.309791678,1337.627423,6380.487432,4598.072354,-3.6438459,68.65,,31.11111111,4.8,0.009419922205310183,0.4044369618722394,3.13934346,10.17,596.57,3.9,0.36383638,29.0,66.59440636,18.3,79.7801,58.6,20.62575363,13.11586385,0.034748495,3.634058973,11992.92865,4.61,29.5941134,1.771693092,5.405945387792826,3.250830477361612e-06,1.3220592904820868e-06,43.62184003,0.910769816589452,0.002877028199107275,0.3198216108972055,21.9292572051058,778.33510631222,9.66630625071895,29.98,CMR,喀麦隆
1.457117227,0.09773960659644036,82.92061917,0.661808977,1374.063899,6522.402271,4613.75416,-3.068060297,67.747,,31.11111111,5.4,0.01015296463216453,0.3999693700405655,2.989332251,10.11,673.48,3.7,0.36593068,29.5,67.16966871,20.6,79.8046,59.8,20.62575363,13.11586385,0.042678414,3.74377652,11639.72568,4.52,30.93644149,1.446899276,5.1029171663854545,3.83727220086875e-06,1.3564447441436938e-06,43.50337416,0.9113833005436736,0.002877028199107275,0.29505926321559744,20.6139563598385,756.7375547385,9.66630625071895,29.98,CMR,喀麦隆
0.647004976,0.08956039136546153,83.05168704,1.025141161,1414.178777,6483.009522,4660.132657,-2.631028453,66.832,,31.11111111,6.0,0.008690892806793471,0.3951806820461742,2.834997982,9.868,795.89,3.5,0.14120807,29.7,67.72716535,23.203,83.4503,60.9,20.67014808,13.11586385,0.032459807,3.81933537,11314.37334,4.41,32.0319555,1.999318672,4.88830791184282,4.80757255673464e-06,1.3648562638368466e-06,43.38490829,0.9113198366863404,0.002877028199107275,0.2688546642219331,20.7327607418078,739.05074041489,9.66630625071895,29.98,CMR,喀麦隆
1.115149469,0.09518076441330743,83.5770663,1.896991623,1476.336254,6524.331597,4727.852122,-3.527255178,65.919,,31.11111111,6.2,0.006116710788101942,0.3905087654254149,2.770309875,9.626,873.26,3.4,0.35133773,29.9,68.26777053,29.7,74.3995,62.2,20.71454253,13.11586385,0.0,3.019416634,11005.232,4.35,33.29898406,2.59332457,5.160875315981184,5.724333128292022e-06,1.3830240618489198e-06,43.26644243,0.908612045440122,0.002877028199107275,0.2678243244087621,19.2688655866813,726.40947774422,9.91943969765546,30.95,CMR,喀麦隆
0.636415291,0.1029551518539271,84.74368626,1.169771819,1537.952895,6641.730828,4705.226379,-4.273169973,65.003,,31.11111111,6.1,0.008269460197094292,0.3862107468822648,2.781644412,9.385,933.48,3.2,0.40687224,30.2,68.79108169,36.5392,83.9044,63.2,20.75893698,13.11586385,0.0,2.69981933,10703.32405,4.27,34.45614373,2.373888292,4.86648994537894,5.5672967578925746e-06,1.3889081559591932e-06,43.14797656,0.9097543948721204,0.0028558735799961922,0.26860506282910024,18.7780724719573,712.04891259038,9.91943969765546,30.95,CMR,喀麦隆
-2.434760311,0.07681508532529288,85.6067495,0.705572038,1516.206592,6815.870963,4762.993963,-3.709312677,63.358,,33.88888889,5.9,-0.00034038414782400217,0.3787284879627515,2.724486348,9.144,1108.11,3.1,0.60675448,,69.29764588,41.2264,85.2722,64.3,20.80333164,13.11586385,0.0,2.75999948,10415.65006,4.36,34.54570659,1.29270656,4.928103788634871,5.45581669798865e-06,1.3581394344088362e-06,43.02951069,0.910410188064564,0.002877028199107275,0.26739606783648023,18.9028817296868,695.76394298764,9.91943969765546,30.95,CMR,喀麦隆
0.631351992,0.09590789142711102,85.58623425,2.921039334,1535.777427,6942.791911,4785.423416,-3.986708976,62.718,,33.88888889,5.5,-0.008561144080163396,0.3767642731815318,2.654960766,8.903,1338.46,2.9,0.48882192,,69.7871228,42.0405,80.8081,65.4,20.84772609,13.11586385,0.0,2.639678479,10142.75727,4.23,35.69913849,2.327953178,4.54873759852739,9.659768823898625e-06,1.3736690893724784e-06,42.91104483,0.910431342683675,0.0028558735799961922,0.24681366725767115,18.7633680570991,680.20734727444,9.91943969765546,30.95,CMR,喀麦隆
1.045029975,0.1259154858776936,83.53625913,6.831054732,1546.420332,6876.252992,4737.573037,-3.393974884,63.185,42.18,33.88888889,5.1,0.021211526510319434,0.37995914343878145,2.62905091,8.969,1506.03,2.8,0.66833162,,70.26005975,41.775,89.8274,71.0,20.89212054,13.11586385,,,9879.573786,,37.03313819,,4.467734126379759,9.409117891216918e-06,1.389155810782422e-06,42.79257896,0.9062638827187915,0.0028558735799961922,0.24499578905785455,20.0181336793259,,9.91943969765546,30.95,CMR,喀麦隆
0.65241756,0.10093312118031449,84.89939006,3.572817429,1547.806756,6811.949629,4753.947856,-4.135801014,63.188,,33.88888889,4.8,0.02013035888730541,0.38177120834554723,2.642453361,8.993,,2.7,0.66923392,,70.71671015,41.9088,96.4817,72.0,20.93651499,13.11586385,,,,,,,4.058611478699101,2.1852001539367775e-05,1.3516770320484628e-06,42.67411309,0.0,,0.22013897192747375,,,9.91943969765546,30.95,CMR,喀麦隆
0.682276166,0.017759134935659004,,5.155334996,2316.59244,5509.724532,8990.826134,-9.899470757,50.309,,11.11111111,16.2,0.008661567596928599,0.342742557457967,1.527158323,9.017,0.67,0.7,2.69890738,23.4,79.6627778,2.68533,6.84499,60.3,18.36228288,11.41439206,0.0,0.317090644,651.758771,3.17,43.8125746,0.721176818,11.184355852899698,0.0,0.0,9.930521092,0.7022332506203475,34.64516129032258,0.21725292368122043,0.508894849594665,390.45954740437,2.48928349679738,0.0,CPV,佛得角
3.729072616,0.01772742794299125,,-0.363208871,2247.591559,5641.093854,9273.35401,-11.51469285,49.999,52.5,11.11111111,16.1,0.010770372742224366,0.3467452884726558,1.456451065,9.316,0.17,0.7,2.71163344,23.5,79.95277321,3.51876,9.19588,58.6,18.61042184,11.66253102,0.0,0.350782585,642.3350163,3.23,38.81390324,0.573658219,11.988713462482869,0.0,0.0,10.00496278,0.7022332506203475,34.58560794044665,0.21411167208369197,0.514284077258703,388.49777731033,2.48928349679738,0.0,CPV,佛得角
2.781690963,0.015985038615713786,,4.921099737,2295.33174,5544.67207,9484.868353,-11.12552196,49.638,,11.11111111,14.8,0.008049303785620632,0.35085755086262077,1.347703211,9.328,1.39,0.7,2.66076279,24.0,80.23720001,4.32489,11.2683,63.7,18.61042184,11.66253102,0.0,0.464612235,633.7363192,3.16,34.90912563,0.416888185,11.77086730230203,0.0,0.0,10.07940447,0.7022332506203475,34.55583126550869,0.21124543973906965,0.522565576571998,386.42142707164,2.48928349679738,0.0,CPV,佛得角
8.820787356,0.016217267940229894,,-6.332546995,2463.721114,5656.394827,10263.2259,-14.06358964,49.491,,11.11111111,13.0,0.007042253521126751,0.35496797880551556,1.256795582,9.26,0.75,0.7,2.5304296,23.9,80.66026175,5.31883,13.7222,65.4,18.85856079,11.91066998,0.0,0.374721666,625.8213906,3.11,33.84380892,0.767651552,12.70474110352916,0.0,0.0,10.15384615,0.7022332506203475,34.55086848635236,0.6258213905751299,0.421254456554871,384.82617106096,2.48928349679738,0.0,CPV,佛得角
5.646341529,0.01851391524110871,,-1.79488317,2392.545255,6050.519133,10710.42291,-4.182059525,49.268,,11.11111111,12.7,0.0061986694846736246,0.35896230790637274,1.191323441,9.378,0.37,0.7,2.30860901,23.8,81.08172101,6.07409,16.8457,67.0,18.85856079,11.91066998,0.0,0.359954367,618.4100677,3.04,29.88477483,0.982453936,19.62652375786933,0.0,0.0,10.22828784,0.7022332506203475,34.51116625310174,0.6184100677159025,0.441943871151532,383.04765729107,2.82682509204632,0.26,CPV,佛得角
6.748620618,0.01896040192108309,,4.639770919,2423.582021,6270.35824,11359.97757,-7.469489395,49.07,,15.27777778,13.1,0.005709371828126475,0.3627590029507181,1.150402658,9.969,4.14,0.7,2.53359437,23.2,81.50212262,6.80891,22.183,68.8,18.85856079,11.91066998,0.0,0.299896716,611.3366264,3.02,27.48614543,0.950796236,20.608702222884936,0.0,0.0,10.30272953,0.7022332506203475,34.416873449131515,0.6113366263999609,0.377442939527081,357.87761432333,2.82682509204632,0.26,CPV,佛得角
13.90290286,0.011517791958487279,79.4429271,18.56841679,3278.656017,6782.54271,10313.03115,-12.01262655,48.885,,18.05555556,14.1,0.00204650902005854,0.3663898909691852,1.106891508,9.876,3.67,0.7,2.73044729,23.2,81.92092917,8.28322,30.6762,70.5,18.85856079,11.91066998,0.0,0.32902301,604.6071061,2.69,27.56857887,0.66019134,22.726430837848184,0.0,0.0,10.37717122,0.7022332506203475,34.245657568238215,0.7270308873616962,0.527473241043482,346.47488392068,2.82682509204632,0.26,CPV,佛得角
5.936286693,0.016329691173982773,76.34967622,3.712743704,3265.126367,7778.663306,10640.6067,-10.4743154,48.644,47.19,18.05555556,15.0,0.005609411501392048,0.36993348026847245,1.03555151,10.01,2.47,0.7,2.23800421,22.7,82.33869027,14.0,55.3839,72.3,19.35483871,12.40694789,0.0,0.315980137,598.3783946,2.35,26.13464326,1.501378701,22.80929708629367,0.0,0.0,10.4516129,0.7022332506203475,34.03225806451613,0.5983783945507675,0.555896656186579,340.02679012353,2.82682509204632,0.26,CPV,佛得角
-2.434955323,0.018895074611453497,81.02500357,1.954558245,3726.999756,7279.581438,10369.82924,-13.22259257,48.293,,18.05555556,15.2,0.0035332739817492964,0.37340187813277326,0.95008536,10.06,5.04,0.7,2.54577112,23.0,82.75431408,21.0,57.419,74.1,19.35483871,12.40694789,0.0,0.352136184,592.7202104,2.6,23.10009492,0.65290578,21.38522654839638,0.0,0.0,10.52605459,0.7022332506203475,34.01488833746898,0.79029361383488,0.368848874783606,334.40243782182,2.82682509204632,0.26,CPV,佛得角
1.108679411,0.02411287277835471,80.02399855,0.654415406,3294.958912,6323.932322,9549.955942,-12.20819614,52.812,,18.05555556,14.7,0.005059466053062067,0.40090312759914004,0.717182,10.26,3.05,0.7,2.58053112,23.5,83.16633184,30.0,72.9468,81.1,19.35483871,12.40694789,0.0,0.311595318,588.4845346,2.69,21.33493542,1.029927376,22.77576886727028,0.00015692920923371468,0.0,10.60049628,0.7022332506203475,33.89330024813896,0.7846460461685734,0.37068242416922,328.41091115142,2.82682509204632,0.26,CPV,佛得角
3.58680088,0.03371086263568193,79.89615367,2.747040898,3280.342313,6256.229914,9737.174446,-14.87859452,52.651,,20.83333333,14.1,0.005599459362544135,0.40640379159521905,0.325685662,10.4,2.7,0.7,2.61180115,23.5,83.52224425,32.0,77.5113,82.3,19.60297767,12.40694789,0.0,0.313672281,586.5710426,2.85,20.28442856,1.238427105,26.76642929380402,0.00015641894468048498,0.0,10.67493797,0.7022332506203475,33.78908188585608,1.961895568846821,0.468703026616602,333.61070324382,2.82682509204632,0.26,CPV,佛得角
0.983345736,0.02927214992613931,80.51913866,0.677607457,3641.657592,5933.764754,9915.746072,-12.73124502,52.546,,20.83333333,14.6,0.0055134201034108266,0.4113193542401188,0.099276734,10.34,3.88,0.7,2.79963088,23.6,83.87749348,34.74,83.0757,83.2,19.60297767,12.40694789,0.0,0.389735156,585.9890029,2.42,18.89540415,0.766882324,23.42095013872076,0.0001562637341172564,0.0,10.74937965,0.7022332506203475,33.72952853598015,1.6504948755261695,0.573153798619925,334.83487444485,2.82682509204632,0.26,CPV,佛得角
0.57909231,0.034008393118630346,81.14889635,1.424760197,3685.498205,6128.868144,9815.45062,-5.291457109,52.404,,20.83333333,15.3,0.0022642024142398576,0.41546195519547074,0.052725108,10.62,7.6,0.7,2.78713155,24.0,84.23189609,37.5,97.5075,84.3,19.60297767,12.40694789,0.0,0.374660907,585.680121,2.4,17.63142429,0.496935442,22.877272394650053,0.00011127922299770608,0.0,10.82382134,0.7022332506203475,33.732009925558316,1.639957996973986,0.407473702936189,329.47159088764,2.86928668071027,0.37,CPV,佛得角
0.676815489,0.039178617828560615,81.81101515,-0.100319979,3746.51821,6407.429577,9742.573099,-8.274552865,52.24,,20.83333333,16.3,0.004177950762782157,0.41886025694577284,0.019715954,10.52,8.77,0.8,2.77216268,24.5,84.5854646,40.26,119.724,85.3,19.60297767,12.40694789,0.0,0.425381535,585.56466,2.35,16.55015079,0.358920309,24.66853782431794,0.00011320916760031697,0.0,10.89826303,0.7022332506203475,33.70967741935484,1.7756820813310275,0.379888062390097,326.926336319,2.86928668071027,0.37,CPV,佛得角
0.92263125,0.03828882946487955,82.63090931,1.620407559,4138.291983,6179.3215,9655.676273,-2.891278519,52.109,46.0,20.83333333,16.6,0.004174120453190211,0.4214139900154959,0.013271918,10.29,11.85,0.8,2.89664817,25.0,84.9382016,42.683,119.336,86.4,19.60297767,12.40694789,0.0,0.522042382,585.4869495,2.36,15.64407289,0.270968952,24.448139663649215,0.00011904901306416548,0.0,10.97270471,0.7022332506203475,33.697270471464016,1.7672201469962567,0.60743714126484,331.23391643604,2.86928668071027,0.37,CPV,佛得角
4.248162326,0.02973310506396049,83.87686418,1.679924793,4513.145537,5357.949497,10218.23222,-3.467160003,52.02,,23.61111111,16.5,0.0034279853163461382,0.4229544594325671,0.031221096,10.22,8.78,0.8,2.76934814,25.4,85.58132243,50.3228,117.442,87.5,19.60297767,12.40694789,0.0,0.523275147,585.3041826,2.4,15.33949124,0.292078411,25.607325970628693,0.000120962864400629,0.0,11.0471464,0.7022332506203475,33.635235732009924,1.8558668940248246,0.492980334109781,336.60200917122,2.86928668071027,0.37,CPV,佛得角
4.482210931,0.02604242910677363,86.63104049,1.296913676,4061.587134,5586.826658,10633.29473,-6.993116488,51.936,,23.61111111,15.5,0.0048419636852723436,0.4236731637982971,0.06611751,10.1,14.24,0.8,2.55316591,25.9,86.33306874,57.1621,119.374,88.6,19.60297767,12.40694789,0.0,0.461009361,584.9173219,2.41,15.13384433,0.360736181,27.300374224393597,0.00012088291320021914,0.0,11.12158809,0.7022332506203475,33.635235732009924,1.94457122440743,0.578368829970901,339.4559387311,2.86928668071027,0.37,CPV,佛得角
3.601523496,0.03446556482314791,86.64937794,1.704171191,4274.266248,6150.037675,11405.09785,-4.401704361,48.798,,23.61111111,14.8,0.0017400615714096013,0.39795097533184653,0.101723858,9.887,8.94,0.8,3.10238695,26.3,87.07554527,59.5,118.876,90.2,19.60297767,12.40694789,0.0,0.25804265,584.322624,2.34,14.85755809,0.428436433,22.519931449896063,0.00014608065599953254,0.0,11.19602978,0.7022332506203475,33.59057071960298,1.9507214125025563,0.402092330946991,400.18026720312,2.86928668071027,0.37,CPV,佛得角
6.804495317,0.027528918280585467,86.76061632,0.694871191,4586.095717,6195.111304,11674.0531,-0.968698567,50.468,,23.61111111,13.4,0.008137359700694846,0.41134089600547746,0.134109462,9.747,13.9,0.9,3.24034405,26.8,87.80856886,61.9434,115.868,91.4,19.60297767,12.40694789,0.0,0.253021901,583.5395173,2.38,14.40706517,0.391273029,23.94396416979759,0.0001478300110483482,0.0,11.27047146,0.7171215880893301,33.41935483870968,1.6572522291209562,0.438584035433303,391.81845303832,2.86928668071027,0.37,CPV,佛得角
-20.89375234,0.029095850071311238,98.84478939,0.366160426,5482.318246,5709.514987,9979.639281,-15.6834305,45.581,,25.0,12.6,-0.02161725138835502,0.3824034009547699,0.111782574,9.609,20.9,0.9,4.64176846,,88.53256581,69.3734,105.839,93.7,19.60297767,12.40694789,0.0,0.326141634,582.8875862,2.49,8.10207528,0.340334287,17.826987965738528,0.0002891122427765656,0.0,11.34491315,0.7220843672456576,33.4044665012407,1.2318357655937002,0.488523415220995,384.08075591562,2.86928668071027,0.37,CPV,佛得角
6.62540766,0.027292541582595913,102.0056977,1.349901126,4964.247292,5512.267644,10795.92084,-12.21497768,46.636,,38.88888889,12.1,0.008209379826058738,0.39017398659438035,0.382032175,9.473,23.6,0.9,4.58503008,,89.24751251,70.2825,114.231,95.5,19.60297767,12.40694789,0.0,0.302055747,580.6650163,2.45,10.45648522,0.525710297,19.728941226150862,0.0003290435092296704,0.0,11.41935484,0.7220843672456576,33.349875930521094,1.3645627882759863,0.457030815923545,374.06361663289,2.86928668071027,0.37,CPV,佛得角
15.15450811,0.021806821129501622,97.74619711,6.343190404,4573.914681,5200.331083,11220.1144,-3.483366782,50.197,,38.88888889,12.8,0.019926367838331682,0.4165478574905578,0.596688346,9.473,22.01,0.9,4.16780281,,90.00892613,72.7601,113.247,97.1,19.60297767,12.40694789,,,577.2105722,2.17,11.60452742,,20.08520143386163,0.00044252810534477747,0.0,11.49379653,0.7295285359801489,33.126550868486355,1.3699130913281807,0.431007226919964,,2.86928668071027,0.37,CPV,佛得角
4.275132206,0.021960247130224025,94.74637749,3.259003932,4533.761413,5172.051463,11451.17583,-2.769506973,50.335,,41.66666667,13.5,0.00200245036689628,0.4205838826338088,0.497087597,9.473,,0.9,3.42531776,,91.14605423,73.539,113.023,98.6,19.60297767,12.40694789,,,,,,,19.640061077590204,0.0004977686562735124,0.0,11.56823821,0.0,,1.3458898801717687,,,2.86928668071027,0.37,CPV,佛得角
2.170718265,0.15225455682791797,95.17522198,0.425938675,,,,,68.426,,7.339449541,35.9,0.002681885472762824,0.39637840360230814,2.220446621,4.176,6.87,7.3,1.51679921,31.9,57.82857602,0.0785434,0.280649,5.7,7.978747311,3.001701499,0.003026369,0.0,35974.09559,6.99,25.95127053,0.0,1.14834630499259,0.0,0.0,36.71546438,0.0372243089665799,0.00030498571382708915,0.07654062891393695,17.4612247776496,1238.52257806418,17.7533227499709,55.11,CAF,中非
1.376905662,0.14758026421451118,94.55826617,-2.371881706,,,,,68.379,,7.339449541,36.9,0.0022681559464201584,0.39691323956079727,2.185168034,4.261,3.72,7.0,1.434237,31.6,56.65333365,0.128537,0.314522,6.1,7.98019198,3.001701499,0.00511668,0.0,35196.52768,6.94,26.39677717,0.0,1.112340155697579,0.0,0.0,36.66730874,0.0373045683649555,0.00030498571382708915,0.07488622909644523,17.7668807099258,1237.36007445984,17.7533227499709,55.11,CAF,中非
-7.634166428,0.11205310391286699,93.35443634,1.336418631,,,,,68.347,43.61,,37.1,0.009948761742100576,0.39781886121811727,2.392691529,4.346,10.41,6.7,1.54274023,33.5,55.48437675,0.151563,0.974876,6.6,7.957398311,3.001701499,0.001619651,0.0,34364.37842,7.21,24.52239029,0.0,1.012243622373408,0.0,0.0,36.6191531,0.0375132428007319,0.00030498571382708915,0.07311569876917033,18.652414214533,1230.54076014497,17.7533227499709,55.11,CAF,中非
3.726251828,0.10531606271149327,98.43597362,-4.439785938,,,,,68.393,,,36.7,0.008244197353401317,0.39818609214882755,2.163559608,4.431,10.4,6.4,1.4743973,33.6,54.32170328,0.223401,1.43102,7.0,7.952101191,3.001701499,0.000484056,0.0,33628.86988,7.39,25.5327582,0.0,1.008075482385356,0.0,0.0,36.57099746,0.0378503322739092,0.0005136601496035186,0.07155078698710607,20.4134262212751,1221.57088552618,17.7533227499709,55.11,CAF,中非
-1.350125405,0.0956727242517251,98.25765789,4.188437082,,,,,68.406,,10.47619048,34.8,0.010713686682321422,0.3985550770493447,2.263433559,4.516,8.36,6.0,1.03554976,33.4,53.17255389,0.268196,2.33165,7.4,7.948730296,3.001701499,0.001577898,0.0,32876.25239,7.33,25.31687756,0.0,0.974783102353803,0.0,0.0,36.52284182,0.0376898134771581,0.0005297120292786286,0.06994947316388463,17.7179546746655,1213.46307286103,17.8559768071433,56.83,CAF,中非
2.646526517,0.10808150282749215,97.52970684,3.334045939,,,,,68.479,,10.47619048,33.0,0.009957060177982369,0.3981746531587437,2.048652666,4.601,13.25,5.7,1.22708309,33.0,52.03638699,0.311159,2.5128,7.8,7.940543838,3.001701499,0.002679922,0.0,32209.58434,7.19,26.52476742,0.0,0.99186564925608,0.0,0.0,36.47468619,0.0373687758836559,0.0005297120292786286,0.06853103050795885,17.1187092304968,1209.77663118505,17.8559768071433,56.86,CAF,中非
2.610653881,0.1047175063041336,98.66299486,1.83823165,,,,,68.544,,10.47619048,31.2,0.01314519276192816,0.39731243151674855,1.927381763,4.685,8.41,5.5,1.27105796,32.7,50.91298615,0.375816,7.61859,8.4,7.946643552,3.001701499,0.002598962,0.0,31594.72704,7.11,27.74690532,0.0,0.9713575340215612,0.0,0.0,36.42653055,0.0374811390413817,0.0005939195479790684,0.07936765977184575,19.1792099919311,1194.80603312869,17.8559768071433,56.86,CAF,中非
-0.099646317,0.07524802169339063,99.70180865,7.077070724,,,,,68.602,56.18,10.47619048,29.4,0.011068988586372619,0.39675199562007674,2.133014221,4.77,10.14,5.2,0.84676838,32.3,49.80146284,1.0,12.5028,7.5,7.947927702,3.001701499,0.012079805,0.0,30927.94359,6.94,28.31686309,0.0,0.732634565531574,0.0,0.0,36.37837491,0.037529294680407,0.0005939195479790684,0.0658041353073404,19.4857487646465,1176.38313222518,17.8559768071433,56.86,CAF,中非
9.305022202,0.058044434673846255,94.03154043,0.711628391,820.0736591,2319.809381,1965.57965,,68.611,,9.615384615,27.6,-0.705953120927155,0.3951758504603728,-0.65882496,,11.05,5.1,0.73201287,32.0,48.70127781,1.8,19.0689,9.4,7.938136056,2.995280747,0.019966872,0.0,31132.3773,6.89,30.74850587,0.0,0.706940736201737,0.0,0.0,36.33021927,0.0376256059584577,0.0007544383447301678,0.06623910063198726,20.5746058758399,1172.35577763718,17.8559768071434,59.36,CAF,中非
5.470380966,0.06534143227318073,89.92638533,4.211309311,866.6666438,2325.798028,2084.331829,,68.621,,9.615384615,26.7,2.1961131946812142,0.3931626899206431,-0.799202484,5.015,14.24,4.9,0.57671779,30.5,47.61218251,2.0,21.7946,9.8,7.896882725,2.943914732,0.025347491,0.0,31382.18493,6.76,32.17241335,0.0,0.7308682055071181,2.2256868747906464e-07,0.0,36.28206363,0.0374811390413817,0.0007544383447301678,0.06677060624371939,19.3657367198767,1180.35239515847,17.8559768071434,59.36,CAF,中非
2.550653269,0.07793328460055667,90.6098324,4.009115057,893.9977716,2604.696981,2135.240482,,68.714,,12.5,26.3,0.06904055812762677,0.3909320460957354,1.590359701,5.175,15.27,4.6,0.41518956,30.3,46.53331967,2.2,21.7402,10.4,7.848085011,2.889338342,0.033975992,0.0,30887.04302,6.68,33.52192234,0.0,0.786493232107063,4.381140853459382e-07,0.0,36.23390799,0.0375774503194324,0.0007544383447301678,0.08553223084844516,21.1323998392229,1180.91465199979,17.8559768071434,59.36,CAF,中非
4.009636894,0.08087241779628676,99.12520746,6.181036177,920.0203281,2804.375206,2193.91416,,68.884,,12.5,28.7,0.024527511126190005,0.38724937365100737,0.998867378,5.159,10.58,4.4,0.62262207,29.6,45.46442598,2.4,24.7918,11.0,7.852258499,2.889338342,0.032228132,0.0,30580.05816,6.25,35.21604026,0.0,0.800164325637552,6.506395352872182e-07,0.0,36.18575235,0.0376095540787826,0.0007544383447301678,0.08697625144008217,19.6442752223949,1168.25879597625,17.8559768071321,59.36,CAF,中非
-36.8245466,0.06857639674557467,100.938054,2.487486778,489.2845547,1560.515345,2051.70967,,69.036,,,30.1,-0.03601760947483246,0.3831489574723867,0.682377857,5.265,12.59,4.2,0.98418158,33.3,44.40493376,2.5,29.3015,11.5,7.861408071,2.889338342,0.035002337,0.0,30372.09696,9.3,22.40022695,0.0,0.5485363687318571,6.462148289501658e-07,0.0,36.13759671,0.0376416578381328,0.0007544383447301678,0.08721603780270587,20.6103813765029,1166.84105583799,17.8559768071321,59.36,CAF,中非
0.497506544,0.05224788919833836,97.75272612,11.8938033,491.7879119,1370.033674,2153.276862,,69.169,,,30.9,-0.1863519712247661,0.37782159560233625,-0.415235399,5.373,17.22,4.0,0.71106249,33.7,43.35400069,2.7,24.9962,12.0,7.877780988,2.889338342,0.025486486,0.0,30498.47486,9.55,22.41838693,0.0,0.6216561993490081,6.489037204245907e-07,0.0,36.08944107,0.0374971909210568,0.000738386465055058,0.08844694476661313,18.1501011862272,1152.58304808987,17.8559768071321,59.36,CAF,中非
4.198780788,0.05071275856358432,97.20434633,2.708263108,504.2815469,1560.170984,2205.504079,,69.181,,,28.6,0.2898050415994038,0.37439861577942335,0.132677645,5.484,12.65,3.8,0.45585203,34.0,42.31134686,2.9,26.8397,12.7,7.89351183,2.889338342,0.021435693,0.0,30458.03703,9.4,23.39069951,0.0,0.8401455831566501,6.480433411386552e-07,0.0,36.04128543,0.0374971909210568,0.000738386465055058,0.0896920066014015,20.1312524647531,1147.20577121645,17.8559768071321,59.36,CAF,中非
2.875987689,0.06301307212482536,98.42350922,2.980114084,523.3697151,1585.482114,2200.256943,,69.166,,7.194244604,26.7,-0.0180036199792043,0.37444191491839784,1.805532372,5.597,27.42,3.6,0.59953427,34.1,41.27664359,3.1,26.4836,13.4,7.892709236,2.889338342,0.025603749,0.0,29913.04215,9.12,24.50183184,0.0,0.8817962575287781,6.364477053196208e-07,0.0,35.9931298,0.0375774503194324,0.000722334585379948,0.05428856496529345,19.6141845131613,1135.57991672927,17.8559768071321,59.36,CAF,中非
2.786113103,0.06755615693488852,97.02274699,6.443706288,534.7883463,1597.09291,2242.502282,,69.14,,8.571428571,25.3,-0.11310025686778169,0.37428306725487853,1.679781553,5.712,18.45,3.4,0.72881997,35.3,40.24881451,4.0,24.5204,14.1,7.893993387,2.889338342,0.034623439,0.0,29414.76509,8.8,25.61109794,0.0,0.890964222596431,6.258460656500006e-07,0.0,35.94497416,0.0376416578381328,0.000722334585379948,0.05607351271333267,18.9387391915242,1125.7360681529,17.8559768071321,59.36,CAF,中非
1.978031976,0.07384130566708166,101.40014,-1.224117158,179.5127257,1573.36269,2266.580833,,69.153,,8.571428571,24.4,0.15622029139307103,0.3741441548360543,1.760684876,5.829,21.89,3.3,0.68853283,36.0,39.2275483,5.1,26.2216,14.6,8.302032168,2.889338342,0.041360382,0.0,28901.39643,8.56,26.58161605,0.0,0.92825366591035,6.149233282848128e-07,0.0,35.89681852,0.0442550322642781,0.0008186458634306076,0.05704069788058476,18.9105958894565,1117.53014918785,17.8559768071321,59.36,CAF,中非
1.722901598,0.06662760995187456,104.13346,2.327837051,183.6881703,1747.902164,2470.301142,,69.08,,8.571428571,25.2,-0.3970973478402202,0.3743144937117558,1.344692553,5.949,16.74,3.1,0.81889474,37.7,38.2122664,7.50916,32.2627,14.3,8.818902694,2.889338342,0.051784219,0.0,28515.3628,8.39,27.40564615,0.0,1.081030356114248,6.067098468805912e-07,0.0,35.84866288,0.0487174548139587,0.0012038909756332467,0.06959305745966947,18.3495797785828,1107.54291941168,17.8559768071321,59.36,CAF,中非
-0.744488615,0.05759178077611286,100.8773,1.982160556,186.2676052,1782.442506,2610.036884,,67.986,,8.571428571,26.6,0.6046939422771962,0.3715468898832378,1.643247897,6.072,19.56,3.0,1.22141719,,37.2024025,,36.426,15.4,8.968666731,2.889338342,0.13136348,0.0,28050.61365,8.4,27.65229696,0.0,1.096681760609536,6.74408370780571e-07,0.0,35.80050724,0.048765610452984,0.0012038909756332467,0.07104504252154722,19.0941345700168,1091.93139996912,17.8559768071321,59.36,CAF,中非
-0.705468756,0.05960663407722429,101.98114,3.185766469,631.0924419,2348.652052,2178.985245,,67.76,43.03,12.85714286,29.2,-0.2039093999525653,0.3703685373916786,1.686089712,6.196,15.27,2.8,1.26395118,,36.19738179,,35.817,15.7,9.005265017,2.889338342,0.557240198,0.0,27581.62008,8.41,27.92409692,0.0,1.172021526372565,6.592202812934019e-07,0.0,35.7523516,0.0490063886481106,0.0012038909756332467,0.0765080886524129,17.963876422934,1076.02199980525,17.8559768071321,59.36,CAF,中非
0.730965727,0.06883183022558564,105.70028,6.018778773,637.9065779,2312.766937,2131.934657,,68.81,,12.85714286,29.6,-0.5328086595992949,0.3728922042377471,-0.275432272,,19.82,2.7,1.49499202,,36.29504401,,38.8218,15.7,9.04218434,2.889338342,,,27657.69348,8.31,28.05084492,,1.197819783307079,6.551538738718947e-07,0.0,35.70419596,0.0493113743619377,0.0012038909756332467,0.07887679949094152,17.6191745716526,,17.8559768071321,59.36,CAF,中非
-0.362884515,0.06691470536606467,105.70028,3.574801698,566.4514617,2058.986976,1868.079934,,68.886,,12.85714286,29.8,2.05069614199171,0.373245315163493,1.061074532,6.196,,2.5,1.53037214,,36.39725974,,,17.6,9.09948955,2.889338342,,,,,,,1.191294727327413,4.8520879796119146e-05,0.0,35.65604032,0.0,,0.07840974175052853,,,17.8559768071321,59.36,CAF,中非
7.954457069,0.11047183075952603,94.73995604,13.79765275,,,,,68.063,,2.4,34.4,0.00769760310407408,0.3498552496534579,3.373238978,4.321,4.51,2.4,1.42270386,26.6,39.21389209,0.0459341,0.249883,3.4,38.69917408,2.938373571,0.0,7.311176004,1703.747017,6.9,6.147575714,0.0,0.383930124110019,0.0,0.0,4.979907878,0.5379129606099111,50.915756035578156,0.022716626889852983,6.71150317530718,1108.59725793164,12.3006183140994,51.73,TCD,乍得
4.777308788,0.092638693603254,140.8147536,1.90781944,,,,,67.603,,,33.4,0.0011178735560799513,0.3465122279127074,3.483192496,4.57,4.42,2.3,1.61589229,26.4,39.79751156,0.16607,0.375157,3.8,38.69917408,2.938373571,0.0,6.969107487,1645.423879,6.48,6.351906507,0.0,0.366020584033333,0.0,0.0,4.91454892,0.5396283354510801,50.91710609911054,0.021938985049898028,7.3691599461324,1123.85064399014,12.3006183140994,51.73,TCD,乍得
10.2279881,0.21911794423740136,81.47817164,0.079004691,,,,,67.152,39.81,5.806451613,33.9,0.005148883374689772,0.34501998506929876,3.995806789,4.695,4.54,2.2,1.33923662,26.4,40.38434098,0.320309,0.685088,4.1,38.77858958,3.017789072,0.0,8.098430065,1580.972178,6.03,7.235937408,1.391723663,0.347633150794285,0.0,0.0,4.849189962,0.5423284625158832,50.92956639135959,0.02107962903647229,7.19230958053843,1136.49661318589,12.3006183140994,51.73,TCD,乍得
27.80731481,0.4953813029260418,75.46700289,9.734256481,,,,,66.703,,6.451612903,32.4,0.0016046411158425755,0.3446706241791864,4.45463094,4.755,11.52,2.2,1.47851741,25.1,40.97391322,0.36092,1.23991,3.5,38.77858958,3.017789072,0.0,3.771791232,1512.091287,4.59,9.602035786,27.48099588,0.35029766726653,0.0,0.0,4.783831004,0.5424714104193138,50.92851810673443,0.02016121715687322,8.11875889902835,1128.8965365224,12.9192709614575,55.59,TCD,乍得
12.69680388,0.35594250253059956,69.28295177,66.77272155,1135.101876,22277.43477,5250.115401,,66.221,,6.451612903,30.9,0.0035533099184588135,0.34294427276596684,4.031101101,4.621,9.04,2.1,1.10235167,24.8,41.56621537,0.399258,2.03329,4.8,38.85800508,3.097204574,0.003724712,2.392498585,1452.349572,4.33,11.18843651,25.64463369,0.362125355220568,0.0,0.0,4.718472046,0.543710292249047,50.9183211562897,0.019364660965452283,7.67083910305241,1115.37319412729,15.2146290263192,62.99,TCD,乍得
-4.057339196,0.3452243983698506,69.82600293,11.7520695,1142.382043,20434.20917,4915.243714,,65.694,,6.451612903,28.6,-0.002312730249693029,0.33996869542995867,3.597637382,4.842,9.91,2.0,0.76379508,24.5,42.1612381,0.581046,4.35335,5.1,38.85800508,3.097204574,0.009378445,2.596000276,1401.028018,4.38,11.12770237,23.25084888,0.354605377894758,0.0,0.0,4.653113088,0.5450762388818298,50.925865628970776,0.018680373577582954,7.6650250060316,1106.18846232122,17.2650181522579,66.58,TCD,乍得
0.671852923,0.3374017538690961,69.79917957,-1.609544712,1194.744576,19098.28273,4932.636282,,65.118,,5.161290323,26.6,0.009498020390998452,0.3368562110730703,3.444755444,5.063,4.32,1.9,0.81764281,24.6,42.75939122,0.847225,8.28717,5.5,38.85879924,3.097204574,0.008838193,3.429617454,1353.58782,4.38,11.59508525,20.59989177,0.378082561637877,0.0,0.0,4.58775413,0.545465374841169,50.90871188055909,0.026839588834163833,7.7750698839134,1105.24850975529,17.2650181522579,66.58,TCD,乍得
-0.463468028,0.3114542397681076,70.37811611,11.36397059,1187.997878,18572.27926,4872.959905,,64.566,,5.161290323,24.7,0.005954074375126961,0.33429932445102495,3.499220115,5.284,6.21,1.8,0.61977834,25.0,43.35981045,1.19,13.9418,5.9,38.85879924,3.097204574,0.006344358,4.057218061,1307.041924,4.21,11.95235189,20.44516155,0.382839321035525,0.0,0.0,4.522395172,0.5456321473951715,50.90212039390089,0.026140838472622177,7.23756469810295,1108.12667971117,18.3891780269479,68.54,TCD,乍得
-4.868746089,0.22731675044573532,79.38726647,-1.580190684,1157.468271,16464.22167,4556.00172,,64.051,,5.161290323,24.1,0.0065652586711917316,0.3317717013484557,3.572969763,5.641,9.3,1.8,0.70113808,24.9,43.96291376,1.5,19.1808,6.3,38.94139136,3.176620076,0.007578749,4.322745833,1261.166155,4.38,11.784029,8.508030021,0.402739573305308,0.0,0.0,4.457036213,0.5454891994917408,50.88958068614995,0.025223323098829856,7.52715981071586,1098.54520970166,18.3891780269479,68.54,TCD,乍得
9.807131151,0.25607271711287927,73.00001408,5.635007068,1396.574031,16371.07671,4714.132051,,63.568,,5.161290323,24.1,0.005599261459420246,0.32872222098139503,3.460770948,5.643,3.84,1.7,0.64793539,24.7,44.57603106,1.7,23.3526,6.4,39.10022236,3.33545108,0.008816854,3.692010612,1218.266691,3.92,13.39535677,11.72291739,0.431522670309553,0.0,0.0,4.391677255,0.5457830368487929,50.85285101651843,0.02436533381522549,7.22745771260562,1093.93948426547,18.4481581657421,68.81,TCD,乍得
0.870883385,0.28767751912802975,67.24879856,8.174343403,1265.343983,17021.87235,5018.946417,,63.055,43.32,12.76595745,24.0,0.006366375955455306,0.32617883014790205,3.530201854,6.159,7.06,1.7,0.60246891,24.8,45.19885462,1.9,28.739,9.0,39.17963787,3.414866582,0.013234684,3.681956749,1176.009685,3.95,13.99753561,13.6528603,0.59620841630733,0.0,0.0,4.290025413,0.5462515883100382,50.787094980940275,0.025703082721226827,7.49169302187605,1087.48498032871,18.4481581657421,68.81,TCD,乍得
5.297342551,0.2682728974325863,62.66231929,6.524627223,1377.232884,17809.12056,4893.710374,,62.565,,14.89361702,23.5,0.006722722405108517,0.3238426801669336,3.512654812,6.32,4.56,1.6,0.65627456,23.7,45.83145731,2.1,33.3229,7.8,39.45759212,3.692820839,0.0,4.176411908,1135.417627,3.91,15.26596484,10.72532815,0.996773720926692,0.0,5.857700566838326e-07,4.188373571,0.5462198221092758,50.72721569250318,0.023930142673551234,7.34138348337076,1079.19552640315,18.4481581657421,68.84,TCD,乍得
-0.767831669,0.2127026363007217,67.32518581,-6.073794195,1464.872209,16812.08036,4485.937603,,62.009,,14.89361702,23.8,0.005633802816901401,0.321708610402438,3.569478834,6.481,5.01,1.5,0.83544219,24.0,46.47309585,2.5,33.3154,8.1,39.73634053,3.970775095,0.001127543,4.274014241,1095.603933,3.89,15.69924579,7.879343568,0.997559391122604,7.304026220285487e-08,5.65229887820383e-07,4.086721728,0.545703621346887,50.71784466327828,0.024463442289683668,7.1921984253129,1059.28250727306,18.4481581657421,68.84,TCD,乍得
-1.516527567,0.23114650164346398,65.0539579,-0.519575848,1418.294526,15396.69525,4642.176545,,61.474,,14.89361702,25.2,0.001762942939413481,0.31968919162165776,3.569986978,6.642,8.66,1.5,0.94091558,24.6,47.12341507,2.9,37.0123,8.4,39.89517154,4.129606099,0.000853691,4.322955342,1057.180944,3.71,16.02309465,5.589117872,1.00045131168153,7.04787295898885e-08,5.45407193489767e-07,3.985069886,0.5457830368487929,50.649944409148674,0.023521552536466046,7.12596905048985,1043.51990767456,18.4481581657421,68.84,TCD,乍得
0.067407494,0.16662546246550258,69.80229928,-6.99206966,1472.225175,13554.90781,4910.998426,,60.926,,14.89361702,25.9,0.003500127099587358,0.31687493825789187,3.183361057,6.184,9.36,1.4,0.72352397,25.7,47.78243366,3.5,37.3153,7.7,39.89596569,4.129606099,0.000808709,5.60569575,1024.057081,3.7,16.55252331,3.486084793,0.982617577627688,1.3654094408914594e-07,5.283183560873128e-07,3.883418043,0.5457830368487929,50.649944409148674,0.0653980602037696,8.88218711959341,1042.81918975265,18.4481581657421,68.84,TCD,乍得
-7.085061902,0.1604447641126477,80.38345321,-6.464307574,1597.391103,9856.896165,4685.199548,,60.369,,14.89361702,26.1,0.005514419329696096,0.3142528890007744,3.138686976,6.307,10.64,1.4,0.64428413,27.4,48.44975369,5.8,36.9556,9.2,39.97617535,4.209021601,0.001113738,6.213326621,992.4143158,3.94,15.87014498,3.717483454,0.94053004927709,1.323219087699984e-07,5.119936278605102e-07,3.787325286,0.5446632782719187,50.59625952986022,0.10106185023740205,8.30544231455309,1029.16719507498,18.4481581657421,68.84,TCD,乍得
-4.81719582,0.19634368638881491,78.38217796,2.062233947,1588.610027,10296.69278,3894.56231,,59.82,,12.76595745,26.7,0.0052710113753076104,0.3122130348423092,3.306395837,6.432,15.12,1.3,0.52580875,28.9,49.12496726,6.4,40.7649,10.9,39.97617535,4.209021601,0.0,6.131754889,960.1377068,4.07,15.61345027,5.222078591,1.401243619891571,1.280183609053945e-07,4.953418949437804e-07,3.693614994,0.5456162642947903,50.5732290343075,0.1046834877245434,8.01978703085171,1022.08685242176,18.4481581657421,68.84,TCD,乍得
2.247689721,0.17420238511278177,73.12261433,3.868992244,1623.905358,10195.73159,3966.454279,,59.293,,15.25423729,28.1,0.011026506024096383,0.3103766520176887,3.359560287,6.559,16.89,1.2,0.46814004,30.6,49.80800535,7.0,43.2279,10.1,39.97617535,4.209021601,0.0,3.931084577,928.4171212,4.06,16.50983653,9.267674117,1.450506959813064,1.2378894949664628e-07,5.321966871966513e-07,3.601493011,0.5405813214739517,50.25966486658196,0.10622886187635205,7.35083208351408,1014.99804424235,18.4481581657421,68.84,TCD,乍得
2.043636515,0.17362697791664358,72.44981769,-2.655921859,1649.107343,10600.99113,3972.458826,,59.299,37.5,14.88095238,29.8,0.010410509657368339,0.3109769045340299,3.21991132,6.689,14.33,1.2,0.51349735,32.4,50.49806312,7.6,45.9379,8.4,39.97617535,4.209021601,0.0,3.625498334,898.9990724,3.95,17.39853165,9.130431673,1.437517462330319,1.1986654298836762e-07,5.153333746147714e-07,3.511753494,0.5415104828462516,50.05285101651843,0.10201267312999053,6.97925156716785,1007.07267946134,18.4481581657421,68.84,TCD,乍得
-3.513196445,0.12107495957398341,75.28167865,-1.192809365,1625.744609,10312.33724,3982.778751,,58.368,,15.43209877,30.1,0.0016794670994282335,0.30894723785563727,3.181970361,6.821,13.56,1.1,0.55167967,,51.19537861,8.34311,50.4343,10.9,39.97617535,4.209021601,0.0,4.332973563,870.8435147,4.13,17.33004292,5.732616748,1.466139121287746,4.063936401949784e-07,4.99193759999243e-07,3.425190597,0.5412960609911055,50.03640406607369,0.10398853296482333,6.95274698398974,1002.50705168156,18.4481581657421,68.84,TCD,乍得
-3.102092086,0.16068101059437662,71.43125267,8.533467853,1550.722246,9775.509381,4015.592518,,58.432,,32.25806452,30.1,0.0010172939979653517,0.3104539626468587,3.444238694,6.956,24.68,1.1,0.73647583,,51.89910248,13.1283,58.0323,11.3,39.97617535,4.209021601,0.0,3.964810887,841.3602372,4.34,17.38089666,9.575112513,1.578408860831463,1.1218136495890545e-06,4.822930563599739e-07,3.336509927,0.5393900889453621,49.8945123888183,0.11204006131160321,6.7579945612836,994.48295700803,18.4481581657421,68.84,TCD,乍得
0.591759077,0.24802972453283134,66.54616771,14.1477011,1530.740182,9409.556903,3997.120393,,59.14,37.36,25.88832487,30.5,0.02619692863595291,0.31445221528582873,3.456689111,6.956,28.87,1.0,0.92589098,,51.99515284,12.4865,65.4378,11.7,39.97617535,4.209021601,,,812.7739455,4.2,18.09867537,,1.528875060163655,1.0836985939444224e-06,4.7254001603602995e-07,3.249241105,0.5372617534942821,49.79144695044473,0.1084669858809245,7.11329196380902,,18.4481581657421,68.84,TCD,乍得
-0.668864502,0.2510327874229538,69.35141489,-3.793747364,1479.959489,9427.133071,3893.754383,,59.07,,25.88832487,32.0,0.009921508215962493,0.3179897328359179,4.573992134,6.956,,1.0,1.26169586,,52.09835696,13.1832,70.1874,12.0,39.97561944,4.209021601,,,,,,,1.337486625758993,1.0352468421865572e-06,4.5774979070104016e-07,3.161031051,0.0,,0.09456989810686481,,,18.4481581657421,68.84,TCD,乍得
3.273526218,0.04560740511146903,100.0423248,7.40100114,2968.730247,4421.583025,10295.22842,,39.822,,,24.7,0.010960112655027832,0.22180293117941596,2.056751168,7.054,0.2,0.1,0.5343321,26.8,87.52881116,0.443068,0.0,42.0,69.85491671,34.92745836,0.0,1.271034264,2192.902306,2.72,65.03715558,0.0,2.8277482973324353,0.0,0.0,22.16120365,0.429876410531972,0.0,0.18190124629947735,3.90161775335061,701.91697050328,0.697417008043913,0.0,COM,科摩罗
2.407565783,0.04445899680487768,100.0424144,3.822463218,3043.517537,4516.032614,10450.11074,,39.776,,,20.7,0.0022823770285465006,0.2223204269640004,2.116080234,7.289,0.2,0.1,0.95670593,26.7,87.42647578,0.55487,0.0,44.8,70.39226222,34.92745836,0.0,1.377594494,2146.986257,2.64,68.02735759,0.0,2.77464438732953,0.0,0.0,21.92584632,0.4352498656636218,0.0,0.17891552145823306,4.08083504750983,677.2296256943,0.697417008043913,0.0,COM,科摩罗
-0.011062921,0.04937548781210384,100.0424632,4.932190362,3051.412006,4505.356055,10363.71601,-3.372170764,39.63,,,18.0,0.008656631448520802,0.22302816085700547,1.927019436,7.524,0.33,0.1,0.85293937,26.7,87.32268893,0.848189,0.351002,46.5,70.92960774,34.92745836,0.0,1.659471993,2106.009498,2.87,69.34329792,0.0,3.476798683976626,0.0,0.0,21.69048898,0.4352498656636218,0.0,0.1755007915085697,3.96522674702387,649.6144940692,0.697417008043913,0.0,COM,科摩罗
1.164119097,0.030513281882042987,100.0422929,0.436096743,3081.180943,4519.207294,10340.60172,-3.33005782,39.485,55.92,3.03030303,16.6,0.005262284196547062,0.22448786300765966,1.895924854,7.731,1.17,0.1,0.79133189,27.0,87.21749987,1.32733,1.44273,48.7,71.46695325,34.92745836,0.0,1.236819475,2066.457266,2.92,71.49322593,0.0,3.73915011462921,0.0,0.0,21.45513165,0.4352498656636218,0.0,0.17220477213864552,3.79584538821779,613.08301296541,0.697417008043913,0.0,COM,科摩罗
3.530600471,0.018310125110141524,100.0425435,-0.407267602,3209.391576,4456.294532,10120.17056,-4.097019648,39.796,,3.03030303,16.3,0.0053833578281619054,0.22913323783443595,2.040840198,7.938,2.4,0.1,0.69428998,26.8,87.11131747,2.0,2.61913,51.0,71.46695325,34.92745836,0.0,1.300635147,2024.711605,2.75,75.54346188,0.0,3.516975398346217,0.0,0.0,21.21977431,0.429876410531972,0.0,0.1687259670950619,4.34493983451379,604.66185594457,0.697417008043913,0.0,COM,科摩罗
-3.716261454,0.014524356908262686,100.0427539,5.950069403,3117.786265,4082.120249,9208.080061,-3.273573123,40.108,,3.03030303,16.1,0.005683031388072246,0.23379793072543667,2.017054763,8.146,1.17,0.1,0.6453765,26.5,87.00425228,2.2,6.09786,53.2,71.46695325,34.92745836,0.0,1.267922292,1984.281186,3.02,74.21809203,0.0,4.020966953724315,0.0,0.0,20.98441698,0.3976356797420742,0.0,0.1653567654893816,4.99747678820781,578.86985711064,10.1981864146327,1.11,COM,科摩罗
-1.185586977,0.017595164483021734,98.31808618,5.035085833,3134.985238,3851.694711,8623.611533,-3.973857969,40.405,,3.03030303,15.8,0.004017704029136482,0.23848526649020063,1.993059228,8.353,3.59,0.1,0.56597984,26.5,86.89642087,2.5,10.0667,55.5,71.46695325,34.92745836,0.0,1.580302687,1945.124788,2.57,74.81450846,0.0,2.5870351567780943,0.0,0.0,20.74905965,0.3868887694787748,0.0,0.19616434359332627,5.1833787234307,580.2076042484,10.1981864146327,1.11,COM,科摩罗
1.919374307,0.0076447664189018254,100.526955,3.144289799,3197.58305,3802.465376,8374.976134,-7.534696266,40.724,,3.03030303,15.4,0.007808052053680292,0.2431849637776157,1.986851146,8.561,0.74,0.1,0.43337327,26.8,86.78790336,3.0,14.5781,57.8,71.46695325,34.92745836,0.0,1.72004982,1906.85945,2.51,77.78061284,0.0,2.586628749029709,0.0,0.0,20.51370231,0.3815153143471251,0.0,0.15890495417975647,4.86710726582885,572.97250525698,10.1981864146327,1.11,COM,科摩罗
1.207784308,0.016568339596514187,101.2823644,0.986176825,3419.723535,3346.613378,7870.126588,-4.35030281,41.068,,0.0,15.3,0.005600839318860462,0.24784600597868672,1.988653182,8.768,0.76,0.1,0.37907231,27.0,86.67883406,3.5,19.0975,60.1,71.46695325,34.92745836,0.0,1.751529261,1869.313199,2.65,80.30117292,0.0,3.104308265582112,0.0,0.0,20.27834498,0.3761418592154755,0.0,0.3115521997921947,4.932386149424,549.38910505224,10.1981864146327,1.11,COM,科摩罗
1.735242391,0.02312829506389928,102.0973608,1.675040821,3562.985573,3727.020971,7290.853716,-4.332222707,41.413,,3.03030303,15.6,0.007142627845013072,0.2523776945678002,1.987907684,8.975,2.15,0.1,0.37668347,27.1,86.56936404,5.1,25.2396,69.7,71.46695325,34.92745836,0.0,1.594937888,1832.519898,2.78,83.33485544,0.0,3.623566083974674,0.0,0.0,20.04298764,0.3653949489521763,0.0,0.15270999150932446,5.0578116311042,535.69255941967,30.0,43.32,COM,科摩罗
2.08269276,0.025413301557010236,104.0666884,3.045631317,3741.980007,3192.587285,7357.325986,-5.424730257,41.741,,3.03030303,15.9,0.005705452053484494,0.2567344653741602,1.998717975,9.183,3.95,0.1,0.9567222,27.0,86.4595303,5.5,32.3982,69.3,71.46695325,34.92745836,0.0,1.634796304,1796.256601,2.58,86.78788917,0.0,3.186300791498975,0.0,0.0,19.80763031,0.3600214938205266,0.0,0.22651143017950592,4.66247114917448,532.17766397807,30.0,43.32,COM,科摩罗
1.113858574,0.019688072205209413,106.7671203,4.270536735,3802.953818,3048.848285,7141.999142,-4.049704285,42.051,,3.03030303,15.6,0.0056730845416370634,0.2608834705045259,2.011498627,9.39,1.2,0.1,0.79534382,26.7,86.34947546,5.9753,41.5931,69.3,71.46695325,34.92745836,0.0,1.91973566,1760.485894,2.65,89.5376387,0.0,3.267620574047322,0.0,0.0,19.57227297,0.3600214938205266,0.0,0.22691525607734403,4.76262495827465,521.85356945203,30.0,43.32,COM,科摩罗
2.281082175,0.018813426325686763,104.7903554,1.75223848,4192.077908,2944.13241,6818.700936,,42.398,,3.03030303,15.0,0.005924712036934787,0.2642676158301158,2.113849573,9.598,8.93,0.1,0.65978307,26.6,86.23935918,6.5,49.9144,69.4,71.46695325,34.92745836,0.0,1.840704926,1723.662438,2.84,93.53653622,0.0,3.831292097677446,0.0,0.0,19.33691564,0.3439011284255776,0.0,0.275728120978121,4.96366508149643,513.22699208939,30.0,43.32,COM,科摩罗
-0.090588167,0.02261680503545349,104.6799081,0.83503339,4257.137489,2772.423383,6630.687237,-3.780329376,42.696,45.33,3.03030303,14.5,0.004761979354313217,0.2669489798356437,2.17541496,9.665,1.51,0.1,0.55491424,26.3,86.1291912,6.98,53.8297,71.8,71.46695325,34.92745836,0.0,1.96923497,1686.570542,2.78,95.50704162,0.0,3.346845360267286,0.0,0.0,19.1015583,0.3439011284255776,0.0,0.23995667200278845,3.85535826930998,518.05039076616,30.0,43.32,COM,科摩罗
-0.965303683,0.01759780444011444,103.8945152,-0.522981121,4040.899603,2842.113849,6240.904742,-0.256465658,44.226,,3.03030303,14.0,0.005144754688742426,0.2774735028526921,2.110933384,9.855,1.74,0.1,0.46612623,26.6,86.01917925,7.45916,58.4556,74.1,71.46695325,34.92745836,0.0,2.453038244,1651.341302,2.93,96.60296009,0.0,3.5372340078139493,0.0,0.0,18.86620097,0.3439011284255776,0.0,0.25554093812699363,3.95868501323287,509.14461483056,30.0,43.32,COM,科摩罗
1.222764854,0.030607142240028116,103.2264156,1.715032766,4103.786051,2656.246919,5932.721831,-4.348589187,45.726,,3.03030303,13.5,0.004947807609386956,0.2880951706862638,2.051115782,10.05,4.84,0.1,0.57399994,26.5,85.90942984,7.93832,61.2598,76.4,71.46695325,34.92745836,0.0,2.493170533,1617.815383,3.06,99.81056466,0.0,4.066132360576341,1.3481794858313077e-05,0.0,18.62976894,0.3439011284255776,0.0,0.29401367862906325,4.04093290384484,500.17355463583,30.0,43.32,COM,科摩罗
1.767566401,0.036196919360568944,102.9282826,0.402552901,4286.086779,2375.663941,5533.955859,-2.132042165,47.259,,6.060606061,13.1,0.005170391406346342,0.2990766107769712,1.992577987,10.25,3.89,0.1,0.67584765,26.6,85.80000232,8.47817,61.9708,78.7,71.46695325,34.92745836,0.0,2.352860904,1585.898193,3.28,103.6190385,0.0,5.123170972582796,1.3215818277212361e-05,0.0,18.39333692,0.3439011284255776,0.0,0.3667393245923911,4.57757721563304,489.99564844729,30.0,43.32,COM,科摩罗
1.638356352,0.034789082991956474,102.3100144,0.956043171,4461.723642,2375.196251,5117.145497,-2.856923384,48.769,,6.060606061,13.2,0.004207164463279511,0.31030728754908693,1.952741536,10.45,3.07,0.1,0.76553828,26.6,85.69100368,,64.6591,81.0,71.46695325,34.92745836,0.0,1.543787483,1555.230109,3.32,107.3934613,0.0,3.6451027834125,1.2960250910457626e-05,0.0,18.16227834,0.3439011284255776,0.0,0.39130432483572875,4.48542011120899,477.59442454587,30.0,43.32,COM,科摩罗
-0.178316984,0.03283062051769378,103.986351,4.492111858,4509.69336,2399.130798,4735.102591,-3.351585829,50.274,,6.060606061,13.5,0.003990764667207047,0.3214862353129632,1.923857027,10.66,3.79,0.1,0.83244753,26.6,85.58265461,16.3838,73.1292,83.3,71.46695325,34.92745836,0.0,1.479535168,1525.595682,3.37,109.2843397,0.0,3.938522125781869,1.2713297346226312e-05,0.0,17.92584632,0.3439011284255776,0.0,0.27960024307824527,4.43535620411419,473.72947216813,30.0,43.32,COM,科摩罗
-2.134649597,0.017230575951422498,110.5846679,0.752940815,4665.865524,2097.922132,4451.509119,-1.809056693,51.082,,16.66666667,14.3,0.001431573817428644,0.3300887724814034,1.961993798,10.87,3.51,0.1,1.29287672,,85.47501155,22.4204,97.4339,85.6,71.46695325,34.92745836,0.0,1.593038062,1495.955311,3.68,109.0706042,0.0,4.553750297632775,1.2466294256902899e-05,0.0,17.68941429,0.338527673293928,0.0,0.32504341386974955,4.28567424856292,471.26758596888,30.0,43.32,COM,科摩罗
0.004131285,0.02672455118515599,108.7314909,-1.167613064,4376.477816,2074.154285,4259.640218,-0.320369119,52.77,,16.66666667,15.6,-0.008440294421801942,0.3421863808920841,1.976319881,11.08,4.82,0.1,0.94517165,,85.36818287,30.6812,104.311,87.9,71.46695325,34.92745836,0.0,1.620546415,1466.680682,4.27,111.2522258,0.0,6.7101863417806,0.0,0.0,17.45298227,0.322407307898979,0.0,0.48100489626900883,4.16822914749575,465.07854875295,30.0,43.32,COM,科摩罗
0.633328896,0.04417230190990923,111.1599212,5.185553441,4262.752412,2409.78524,4205.283764,-0.429292177,53.317,,16.66666667,16.2,0.019631600742319844,0.34546289325667595,1.93837687,11.08,3.74,0.1,0.8734315,,85.2623418,32.7685,100.549,89.9,71.46695325,34.92745836,,,1438.524649,4.3,114.1481328,,7.056946395776491,4.795082163732876e-05,0.0,17.21655024,0.3009134873723805,0.0,0.5044336528456413,5.08311421137739,,30.0,43.32,COM,科摩罗
1.033262438,0.02336384248952661,113.2388534,2.629325292,4285.141813,2440.267085,4207.217318,-1.855648391,53.298,,16.66666667,15.4,0.004452399933815743,0.3469338077839854,1.923274337,11.08,,0.1,0.84639359,,85.15752566,35.6678,109.856,89.8,71.46695325,34.92745836,,,,,,,6.006700478723217,3.527805575579119e-05,0.0,16.98011822,0.0,,0.4339200857962316,,,30.0,43.32,COM,科摩罗
,,,,,,,,,,,,,,,,,,,,,,,,,,,,,,,,,,,,,,,,,,,MYT,马约特
,,,,,,,,,,,,,,,,,,,,,,,,,,,,,,,,,,,,,,,,,,,MYT,马约特
,,,,,,,,,,,,,,,,,,,,,,,,,,,,,,,,,,,,,,,,,,,MYT,马约特
,,,,,,,,,,,,,,,,,,,,,,,,,,,,,,,,,,,,,,,,,,,MYT,马约特
,,,,,,,,,,,,,,,,,,,,,,,,,,,,,,,,,,,,,,,,,,,MYT,马约特
,,,,,,,,,,,,,,,,,,,,,,,,,,,,,,,,,,,,,,,,,,,MYT,马约特
,,,,,,,,,,,,,,,,,,,,,,,,,,,,,,,,,,,,,,,,,,,MYT,马约特
,,,,,,,,,,,,,,,,,,,,,,,,,,,,,,,,,,,,,,,,,,,MYT,马约特
,,,,,,,,,,,,,,,,,,,,,,,,,,,,,,,,,,,,,,,,,,,MYT,马约特
,,,,,,,,,,,,,,,,,,,,,,,,,,,,,,,,,,,,,,,,,,,MYT,马约特
,,,,,,,,,,,,,,,,,,,,,,,,,,,,,,,,,,,,,,,,,,,MYT,马约特
,,,,,,,,,,,,,,,,,,,,,,,,,,,,,,,,,,,,,,,,,,,MYT,马约特
,,,,,,,,,,,,,,,,,,,,,,,,,,,,,,,,,,,,,,,,,,,MYT,马约特
,,,,,,,,,,,,,,,,,,,,,,,,,,,,,,,,,,,,,,,,,,,MYT,马约特
,,,,,,,,,,,,,,,,,,,,,,,,,,,,,,,,,,,,,,,,,,,MYT,马约特
,,,,,,,,,,,,,,,,,,,,,,,,,,,,,,,,,,,,,,,,,,,MYT,马约特
,,,,,,,,,,,,,,,,,,,,,,,,,,,,,,,,,,,,,,,,,,,MYT,马约特
,,,,,,,,,,,,,,,,,,,,,,,,,,,,,,,,,,,,,,,,,,,MYT,马约特
,,,,,,,,,,,,,,,,,,,,,,,,,,,,,,,,,,,,,,,,,,,MYT,马约特
,,,,,,,,,,,,,,,,,,,,,,,,,,,,,,,,,,,,,,,,,,,MYT,马约特
,,,,,,,,,,,,,,,,,,,,,,,,,,,,,,,,,,,,,,,,,,,MYT,马约特
,,,,,,,,,,,,,,,,,,,,,,,,,,,,,,,,,,,,,,,,,,,MYT,马约特
,,,,,,,,,,,,,,,,,,,,,,,,,,,,,,,,,,,,,,,,,,,MYT,马约特
-0.041524211,0.7347933696897507,47.84964795,-13.92520817,941.3910665,15660.23662,6065.89601,-1.017233803,54.57,,12.0,26.3,0.0092828375864622,0.39566428125946324,3.773617925,7.491,15.8,4.3,0.96511757,26.1,58.69239183,0.0322236,4.5836,30.3,30.86498975,1.434846266,0.000710572,6.823792521,67837.27732,2.16,147.5630753,45.34462043,4.272792037599377,0.0,0.0,64.95754026,0.474172767203514,0.0001171303074670571,0.24445865699914165,23.6499202747232,753.14706355144,9.23410292546437,12.03,COG,刚果（布）
2.140086357,0.7514210449656272,48.09092139,-1.73892756,1007.31429,15464.57286,6244.497583,-1.140766783,54.725,,,25.9,0.009465867406280859,0.395818753355571,2.362494353,7.334,23.93,4.2,0.43198308,25.9,59.18422259,0.15725,6.61937,31.2,30.86333529,1.434846266,0.001156367,8.351942287,66253.40854,2.16,152.9822739,41.10202199,3.622681246337682,0.0,0.0,64.92240117,0.4713323572474377,0.00014641288433382137,0.2089071440572931,23.5744420446316,727.49639545364,9.23410292546437,12.17,COG,刚果（布）
-1.965648239,0.7640443987050611,42.50637298,-4.25153692,1048.187973,14655.01889,6262.484293,14.8882764,54.538,,8.527131783,26.0,0.012709611089445794,0.39657079308934795,2.795198962,7.158,34.59,4.0,0.50115985,26.0,59.67369445,0.460014,9.57701,32.1,30.86431332,1.434846266,0.000357127,8.808947908,64427.13683,2.53,154.2264238,29.65517273,4.287986472710712,0.0,0.0,64.88726208,0.4714202049780381,0.00014641288433382137,0.2611910952410112,19.8161023274467,721.03900769867,9.23410292546437,12.17,COG,刚果（布）
-0.000136349,0.7371738186763788,50.50396159,16.80723831,1067.200154,14428.23484,6234.603317,14.50851046,54.465,,8.527131783,27.2,0.01445800003500719,0.39814401913419345,3.417698328,7.333,41.04,3.9,0.43517572,25.8,60.61815529,1.0775,10.76,33.0,30.87344363,1.434846266,0.004396236,4.881840438,62262.4142,2.71,159.5883084,36.66269704,4.467120596890364,0.0,0.0,64.85212299,0.4722108345534406,0.0002342606149341142,0.2804613252246355,23.0681211218051,707.41787391912,9.23410292546437,12.17,COG,刚果（布）
3.941593182,0.7135336543253324,43.60472628,32.49873951,1086.810433,15593.22115,6050.874607,10.46411443,54.473,47.33,8.527131783,28.4,0.01333747433442034,0.3997123682465582,3.603803778,7.508,45.62,3.7,0.43213499,25.5,61.56095644,1.46342,15.101,33.8,30.88039239,1.434846266,0.003322778,4.10356938,60058.54897,2.67,171.965593,40.57155931,5.989096041977658,0.0,0.0,64.81698389,0.4725915080527085,0.0002342606149341142,0.36127413616463394,22.791807768261,691.6666176771,9.23410292546437,12.22,COG,刚果（布）
4.017991197,0.7529447881571126,42.38904728,11.38030176,1086.094025,15962.8584,6237.531609,1.53894345,54.573,,8.527131783,30.5,0.012668142346330624,0.40119361788123187,3.743991998,7.684,46.19,3.6,0.55492193,25.5,62.5017878,2.00799,23.9093,34.9,30.88951977,1.434846266,0.005684106,3.601253008,57851.53472,3.23,185.6991751,42.06295885,6.9739982945125485,0.0,0.0,64.7818448,0.4728550512445095,0.0002342606149341142,0.4047305833180669,18.9791031177674,677.40319786825,9.23410292546437,12.22,COG,刚果（布）
-9.969451338,0.7165219735746384,50.5621479,6.740117132,1022.658005,13570.83861,6637.042776,-24.00022549,54.299,,7.299270073,32.6,0.009684904327941668,0.4022299098338622,3.659245438,7.859,46.38,3.5,0.58651859,26.0,63.44091035,2.7597,32.349,35.8,30.89142313,1.434846266,0.00595658,3.970148295,55772.86876,3.07,173.4170413,34.60761717,8.47369846982725,0.0,0.0,64.74670571,0.4745827232796485,0.00035139092240117127,0.49133798433837556,20.8261226672648,669.08023523103,22.3853724408977,63.62,COG,刚果（布）
2.866984152,0.7871340798654236,44.23123743,16.26920343,1078.971087,14280.99921,6311.450302,7.46170443,54.262,,7.299270073,34.9,0.012323064113239024,0.40225432397629574,3.288852669,8.035,48.67,3.5,1.09928632,25.9,64.3791201,4.28751,43.9283,36.8,30.89304832,1.434846266,0.005419051,4.042895971,53968.41681,3.09,184.3533719,37.7043227,9.346610327755656,0.0,0.0,64.71156662,0.4747584187408492,0.0004099560761346999,0.5167964940949558,25.4828737820104,655.64284029765,22.3853724408977,63.74,COG,刚果（布）
7.264282805,0.843540780568425,52.29743064,-21.16523311,1071.635555,15613.39178,5777.281247,-14.10305361,54.314,,7.299270073,37.7,0.006991281460766663,0.4029903632586887,3.995940177,8.21,40.4,3.4,0.61770952,26.2,65.31598344,4.5,68.866,37.1,30.93181552,1.464128843,0.007529985,3.48031608,51854.39007,3.16,205.8071063,24.42597937,11.091806450079488,0.0,0.0,64.67642753,0.4719180087847731,0.0004978038067349927,0.6399422101508939,23.6730720776041,639.72426786881,22.9111100840805,72.23,COG,刚果（布）
5.470469704,0.5261478197383668,39.81840067,29.4176838,1087.555196,16359.12747,5709.865158,6.854135669,54.662,,7.299270073,40.4,0.008429306542514059,0.40350784014485835,4.142430505,8.385,41.36,3.4,0.8283878,27.0,66.25159758,5.0,83.3372,40.0,30.96750805,1.49341142,0.011159349,2.683315829,49750.24035,3.13,226.2463564,32.37472248,14.596803928886963,0.0,5.944724594990465e-06,64.64128843,0.4685505124450951,0.0004978038067349927,0.9691070528809199,26.2312924589483,626.842942371,22.9111100840805,72.23,COG,刚果（布）
-1.062959103,0.8830189264930841,40.526376,10.95332551,1120.26644,15699.92312,6078.956615,13.24234729,54.614,,7.299270073,40.5,0.008990620595810794,0.40239220395841485,3.250589819,8.561,46.01,3.4,0.65133953,27.0,67.18444313,5.6,84.2731,40.8,31.02961933,1.551976574,0.016705026,2.67642312,48159.06549,4.08,231.2371685,39.13439825,16.59485987573443,2.1693272742576346e-07,5.81540123815005e-06,64.60614934,0.4661493411420205,0.0004978038067349927,0.9623206170260953,24.4421464114084,613.52084245235,22.9111100840805,72.34,COG,刚果（布）
6.915172731,0.4203943531713505,37.46355124,11.36409024,1308.725514,16094.71154,6922.870869,13.68490864,54.641,48.94,7.352941176,37.4,0.00603666955656168,0.4007303104135683,2.796408254,8.736,54.44,3.3,0.81893653,26.8,68.1146295,6.1067,90.3529,41.6,31.04541142,1.551976574,0.01324136,2.702485209,46830.99706,4.25,254.2386838,28.35016221,16.359428332784812,2.109504371947811e-07,5.663556705129261e-06,64.57101025,0.4680527086383602,0.0004978038067349927,0.9223045065341898,24.6460561937193,606.4754341768,23.0863146603076,78.94,COG,刚果（布）
-3.096943237,0.5820570504547162,40.06969532,-1.104562189,1334.737471,15592.34939,7106.333714,10.78558048,54.477,,7.352941176,32.7,0.0048993010117774904,0.39872174728165927,2.43092782,8.923,51.36,3.3,0.93664998,27.0,69.04172299,6.6,95.9371,42.5,31.12973353,1.610541728,0.00851108,2.606180655,45706.29505,4.51,252.4273998,18.08881868,20.508182234599825,4.1176842390900414e-07,5.570203547971742e-06,64.53587116,0.4678477306002927,0.0004978038067349927,1.1787910705546665,27.7149339863735,603.04623414862,23.0863146603076,79.0,COG,刚果（布）
4.100279278,0.4840027120585534,45.08572464,-6.464563313,1338.278454,16126.05285,7322.809434,3.79355486,54.644,,7.352941176,29.6,0.006034715494926068,0.3970103780637797,2.416089328,9.114,70.56,3.3,0.94694966,27.3,69.96480507,7.11,99.08,43.4,31.13152562,1.610541728,0.006711449,2.301263951,44615.22384,4.18,269.2038899,14.35770697,19.01824447771488,1.0048473837793516e-06,5.347205061040459e-06,64.50073206,0.4688140556368961,0.0004685212298682284,1.099922625947571,25.3554231407006,596.31464882145,23.0863146603076,79.0,COG,刚果（布）
-1.982145875,0.6934574141099431,58.82430478,-17.25398754,1308.596526,15967.88874,7140.515055,-37.23882746,54.475,,7.352941176,29.4,0.004940883044720623,0.3956729672368129,2.416387409,9.308,78.11,3.2,1.11883152,27.6,70.88348048,7.61597,102.323,44.3,31.10814348,1.610541728,0.007781041,3.088097771,43550.06816,4.58,270.3216058,6.901572741,18.596856706592114,9.808573909860383e-07,5.2446773593259235e-06,64.46559297,0.4688140556368961,0.0004685212298682284,1.053994797924741,26.3162845396892,587.3929566294,24.3747186993683,80.64,COG,刚果（布）
-10.87005086,0.7227849983880701,66.85591905,-3.502487289,1264.285649,13575.15718,6798.002939,-32.89638838,54.314,,7.352941176,29.6,0.003911281455185156,0.39489071975760437,2.421699419,9.507,76.62,3.2,1.11958003,28.2,71.79734776,8.12195,103.858,45.3,31.11407613,1.610541728,0.012033874,3.946387379,42508.0842,5.02,246.8435163,7.345437525,17.280030980849762,9.573892836736789e-07,5.201183980600613e-06,64.43045388,0.4725329428989751,0.0004685212298682284,0.9882487228426955,25.4859525631606,573.44946498857,24.3747186993683,80.64,COG,刚果（布）
-7.86139426,0.697284954962159,52.79715076,12.36567685,1331.877076,14709.12991,5788.633958,,54.022,,11.25827815,30.2,0.004568853561984554,0.394705037982542,2.430240734,9.711,66.74,3.2,0.90735477,28.6,72.70602736,8.65,94.4868,46.2,31.11747584,1.610541728,0.010051853,5.045872001,41487.48713,5.32,233.0331801,17.29211712,12.262263696776674,1.1212834359712583e-06,5.099445374728252e-06,64.39531479,0.472913616398243,0.0004685212298682284,0.6964614212155423,23.2992665832396,562.89826731967,24.5167406588454,80.92,COG,刚果（布）
-4.658139749,0.7550477383623284,46.63501619,22.23444129,1284.465563,14117.19459,5517.436646,,53.945,,11.25827815,29.7,0.004189835365948413,0.39490286366260946,2.438840224,9.918,62.22,3.2,0.62025368,29.2,72.9020532,,91.189,47.0,31.13176281,1.610541728,0.0,4.10468022,40487.91217,5.62,227.6633551,26.38575694,11.496715172456694,1.2766458792241932e-06,5.000575332113955e-06,64.35139092,0.4730893118594436,0.0012591508052708638,0.6215371232207659,25.0037215390796,554.7097972242,25.4896405734596,81.42,COG,刚果（布）
-1.279884403,0.39895145654980263,53.27802951,-1.317366502,1262.746958,13979.06342,5399.356757,11.67930506,54.159,,11.25827815,29.0,-0.020474004218885566,0.3954844346133762,2.406344197,10.13,76.77,3.2,1.02925241,29.7,73.09808128,,91.0654,47.7,31.20878477,1.610541728,0.0,3.391345439,39525.26243,6.01,230.2233701,26.65720705,11.776887829487666,1.2462920585735902e-06,4.881680524046226e-06,64.30746706,0.4730600292825768,0.0012591508052708638,0.6466386472318696,25.4376235991883,546.37078428934,25.4896405734596,81.42,COG,刚果（布）
-8.48578579,0.42663992853227867,64.13697113,-13.9995679,1325.831868,14393.90814,5095.789085,12.56142809,50.469,,11.25827815,27.7,0.01961933113757297,0.3781762626175712,2.394776912,10.35,75.72,3.2,1.73444974,,73.29368,24.8206,97.6561,48.7,31.16456808,1.610541728,0.0,4.201208344,38589.96442,6.61,215.7934935,16.79362678,12.703463759928391,1.2168006798786884e-06,4.7661638696538776e-06,64.26354319,0.473147877013177,0.0012591508052708638,0.704695187431631,26.966639258503,538.67196237477,25.4896405734596,81.42,COG,刚果（布）
-1.374653895,0.506688045756307,57.89615997,23.29071801,1294.361295,13438.74296,5284.748653,11.57387518,51.124,,11.25827815,27.2,-0.003090494013138656,0.38312879963164753,2.394142883,10.57,88.68,3.2,1.72020531,,73.48842117,33.3461,95.8615,49.7,31.25212299,1.610541728,0.0,3.108459923,37677.03753,6.72,217.9839493,21.87485212,12.631745545784788,1.2219579738103857e-06,4.653410223998474e-06,64.21961933,0.4731185944363103,0.0012591508052708638,0.7018966338961298,26.4111186123068,527.71687306663,25.4896405734596,81.42,COG,刚果（布）
-0.927744025,0.5607879553290261,49.55782602,18.26089878,1226.752363,12256.91229,5018.130748,,54.267,,14.56953642,26.8,0.01258723828514463,0.3991391034852092,2.396653003,10.57,90.39,3.2,0.80518568,,,37.4939,93.6259,50.6,31.1897511,1.610541728,,,36784.78449,,221.1999889,,13.297370262745902,1.1930200374343176e-06,4.543209961894608e-06,64.17569546,0.4730893118594436,0.0012591508052708638,0.7352572868669703,26.9087422707469,,25.4896405734596,81.42,COG,刚果（布）
-0.528875413,0.49937811652081465,57.20758281,-7.567702287,1227.612895,12119.60871,4966.61533,,54.373,,14.56953642,26.4,0.011876923076923118,0.40138187917129303,2.419190381,10.57,,3.2,1.12095106,,,38.3791,94.8715,51.3,31.19004392,1.610541728,,,,,,,12.948594284089308,1.1645049196289435e-06,4.434619860125168e-06,64.1317716,0.0,,0.7263383161744071,,,25.4896405734596,81.42,COG,刚果（布）
-5.152141467,0.11830836621241587,94.3624271,73.05971136,264.2750803,3250.324348,1421.894466,,70.177,,,26.8,0.006128702757916216,0.3938585047073958,3.167066345,5.845,9.05,2.0,0.10641284,38.0,37.52163144,0.0114758,0.287728,7.1,11.27015284,2.955382546,0.009223694,17.4709463,17263.65472,17.63,27.79549727,1.26488412,0.587804166549307,0.0,0.0,63.17725679,2.269588231402042,0.012152356586753711,0.02686211440332417,30.8153186356126,685.97065895531,8.37282124385861,38.25,COD,刚果（金）
-0.150938086,0.12969695272970855,90.53836895,31.71946123,248.5145921,3319.990094,1421.52155,,70.242,,,27.2,0.003179772052485541,0.3935846281238114,3.056206058,5.909,11.52,1.9,0.10429236,38.5,37.48461184,0.0927907,1.04185,7.7,11.27015284,2.955382546,0.006635754,17.89896719,16744.02281,17.72,27.7021403,1.027968174,0.607787373172139,0.0,0.0,62.88039523,2.2692574049976844,0.012333208354469466,0.022409961324284022,30.5751517800625,680.73997240226,8.37282124385861,38.26,COD,刚果（金）
2.538250029,0.15418066133089245,96.50591526,13.41545352,244.6623783,3331.066284,1499.095494,,70.348,,,27.2,0.011093926027763379,0.3931654432459517,2.921243324,5.973,15.24,1.8,0.22955258,38.0,37.43844059,0.134915,2.25179,8.3,11.27015284,2.955382546,0.109219314,28.46517525,16261.96449,17.24,28.34327546,1.158109368,0.643641220940383,0.0,0.0,62.58353367,2.2720010586444936,0.01248759400983657,0.021723839842994704,28.387278748595,691.88545406743,8.37282124385861,38.26,COD,刚果（金）
3.641201688,0.1861619883670683,91.62046705,6.365458263,243.6078775,3395.955703,1557.304597,,70.419,,12.0,27.3,0.01099108626680767,0.3928808161011153,2.944578643,6.037,13.8,1.8,0.2026829,36.5,37.3830762,0.196208,3.49263,9.0,11.27015284,2.955382546,0.113473323,22.20790443,15790.09947,16.65,29.34605821,1.604056741,0.7105350075412681,0.0,0.0,62.28667211,2.2774089676010676,0.013030149312983833,0.029939773244697543,31.1408286760687,687.41921316735,8.37282124385861,38.26,COD,刚果（金）
2.924531505,0.19056714711094677,87.57132224,36.87340541,239.5151507,3756.103067,1530.93903,-3.081747539,70.442,41.64,12.0,27.3,0.008723428101767183,0.392828236365068,3.071727704,6.101,22.85,1.7,0.20690806,36.8,37.32047346,0.238038,4.67216,6.0,11.27015284,2.955382546,0.321173011,20.42402927,15312.4443,15.75,30.2397907,1.961729257,0.78161224378448,0.0,0.0,61.98981055,2.28029377384707,0.013149246818552743,0.029315665852112687,30.7199152670696,683.55793073508,8.37282124385861,38.26,COD,刚果（金）
1.918036136,0.1746959584032222,86.83806253,15.43818017,259.369093,3819.255858,1566.027436,0.308704873,69.418,,8.4,27.4,0.009203533267902353,0.3878503313024693,3.082845436,6.165,24.58,1.6,0.21125633,36.6,37.2515489,0.296054,7.28434,10.2,11.28603251,2.955382546,1.398441906,16.92950549,14847.58753,15.55,31.78472478,1.871432947,0.839614245603374,0.0,0.0,61.69294899,2.2809686597119603,0.01328157738029598,0.02836937199719915,25.9073343100888,685.79090947589,8.93481344574789,39.53,COD,刚果（金）
5.295725693,0.16870924791687616,85.96020095,20.66037426,263.0741566,4003.695094,1619.441467,2.868057215,68.38,,8.4,27.6,0.008367279533193939,0.38250121419221356,3.025315849,6.229,31.47,1.5,0.21943448,36.0,37.17622821,0.37,10.551,15.2,11.31426303,2.955382546,0.722497721,21.60808017,14405.12776,14.85,34.49593947,1.868918544,0.836260075614027,0.0,0.0,61.39608743,2.2865221322864513,0.013638869897002717,0.028472221519749943,28.3755597817063,685.50781908488,10.1333099700296,43.37,COD,刚果（金）
4.211042729,0.19363223902967233,85.7834357,24.62341249,268.0746046,4006.089615,1684.55329,-0.664510638,67.334,,8.4,27.7,0.007897514284674445,0.3770123414164513,3.015812829,6.831,39.97,1.4,0.25156215,35.8,37.09343092,0.44,15.4333,11.6,11.33631812,2.977437639,1.695991602,22.80093898,13977.18154,14.34,37.04923349,2.104607544,0.763178126451243,0.0,0.0,61.09922587,2.2911537019474646,0.014207891312498623,0.026177726059790286,30.300079423914,692.9151348007,12.4485670184172,50.47,COD,刚果（金）
-2.495424881,0.18809862911697844,90.98689888,17.89344,265.6672098,4098.382843,1641.558353,-6.035816296,66.255,,8.4,28.4,0.007402325413446986,0.3716177294588313,3.090977192,6.96,44.55,1.4,0.30943882,36.3,37.00407056,0.56,14.2422,12.3,11.85990605,3.498820052,1.701694625,24.07982511,13551.75877,14.69,37.25874007,0.984676211,0.688933127975905,0.0,0.0,60.80236431,2.2960984539379368,0.014878366158664343,0.025963722122451162,29.402699785167,695.70349761498,12.4485670184172,50.47,COD,刚果（金）
4.459702917,0.21935595333858357,83.58053816,34.70030362,265.4500431,4442.73536,1692.727198,-8.995663483,65.191,,8.4,28.7,0.010986056847915648,0.366655048161664,3.187515928,7.242,52.94,1.3,0.38362399,36.0,36.90708131,0.72,17.2401,13.0,12.54008513,4.020202466,3.097508129,18.51745043,13126.6062,14.13,40.18094597,1.288163864,0.812581411422851,0.0,5.267196525648999e-09,60.50550275,2.300209523389427,0.01531946803114179,0.03553733879178457,32.157040126978,701.55053032214,12.4485670184172,50.47,COD,刚果（金）
4.121332904,0.2500721833167695,80.75003118,3.045189267,273.8369371,4785.03396,1814.907386,-4.852166794,64.116,,,29.6,0.008863519526333574,0.36194515709545855,3.280165646,7.524,45.72,1.2,0.34667644,35.6,36.80335816,1.2,22.0819,13.7,13.07249509,4.541584879,5.532128413,17.93893231,12703.01697,13.93,43.23201265,1.810102328,0.9129968662279552,0.0,5.097226641223657e-09,60.01968373,2.303103151672879,0.015482675723958448,0.03964487071723252,30.1381638755243,710.08967012198,12.4485670273537,51.01,COD,刚果（金）
5.100472769,0.20979461157178514,80.47087145,4.734114429,287.8251717,5506.546547,1932.6768,-4.197429121,63.064,,8.943089431,30.5,0.0077137987383810724,0.35684289555642756,3.338604896,7.411,70.06,1.2,0.51978379,34.0,36.69185059,1.67996,27.4285,15.4,13.62387243,5.062085089,4.936276494,18.44604097,12285.91486,15.84,46.97962014,1.523515279,0.8980093288617531,1.3651016513388958e-08,4.929859787700215e-09,59.53386471,2.3040471096799804,0.015826735184490858,0.03696897836529569,32.4276720388759,717.34215531924,12.4931337011595,51.14,COD,刚果（金）
5.958096775,0.17769529068123055,76.18213403,5.967494525,288.9584959,5956.577087,1948.072776,-8.909995075,62.839,42.08,8.943089431,30.8,0.007759372275501386,0.35549047462379135,3.401708493,7.621,67.57,1.1,0.46684277,34.0,36.57248026,2.2,37.2505,15.2,13.86383185,5.198385567,6.03646929,17.91549181,11875.01233,15.19,51.50116841,1.172167022,1.120809661581405,5.277783257143034e-08,4.764980582593915e-09,59.0480457,2.3030766855605305,0.01585761231556428,0.05273750692956449,33.2549425024402,719.76403555654,12.4931337011595,51.14,COD,刚果（金）
3.724979823,0.2063724875062124,76.22559324,3.071716552,308.9695735,6323.697155,1972.243141,-4.491475402,62.626,,10.64257028,31.1,0.007630417856215876,0.35408187584896045,3.390690333,7.791,86.12,1.1,0.51571059,33.6,36.44565562,3.0,47.3232,13.5,14.22509429,5.431728458,5.516760723,18.06156105,11479.11715,14.85,55.26192665,0.773841572,1.38191542366711,7.652744767875797e-08,4.6061232460456205e-09,58.56222668,2.298537747292737,0.01613550649522507,0.06912124158080096,29.2284408897156,720.94791953047,12.4931337011595,51.14,COD,刚果（金）
2.904838658,0.21615460368206602,77.49070376,-1.420882061,304.5296205,7023.298589,1989.71582,-3.692820124,62.391,,8.943089431,31.7,0.007246376811594235,0.35263366139971364,3.302243427,7.965,98.77,1.0,0.62508768,33.5,36.3108123,3.8,46.5879,16.6,14.31375576,5.496129331,2.598112295,17.78258016,11106.23931,14.11,58.77644016,0.248645653,0.955973148651544,8.63818613097013e-08,4.456501871278419e-09,58.07640767,2.29848481506804,0.01613550649522507,0.039138808913339505,32.4814978337436,720.71508395211,12.4931337011595,51.14,COD,刚果（金）
-3.098916862,0.18634606783944938,80.03343879,4.405905446,299.0586444,6641.062327,1946.834497,-3.896763718,62.081,,8.943089431,32.3,0.007211292577312678,0.3516828821240164,3.541008232,8.143,97.2,1.0,0.53029794,33.7,36.16787657,10.1,34.4099,17.3,14.41168038,5.585231909,1.75595799,18.19050145,10719.84791,14.39,59.00792105,0.204679217,0.789295795506584,3.811501479666563e-07,4.30145803083112e-09,57.59058689,2.2759136322533693,0.016408989656161093,0.028600610423872908,29.7078574239784,714.69589312992,12.8771504598525,51.94,COD,刚果（金）
0.498126251,0.3275655793731792,76.1892796,35.22276799,293.989221,6954.98699,1948.976413,-3.307155251,61.769,,8.943089431,32.7,0.007007328921311284,0.35083094713414836,3.656846206,8.324,123.04,0.9,0.39801776,33.2,36.016305,8.6199,40.6223,18.0,14.684149,5.840629893,1.096160049,17.60100425,10334.92056,13.91,61.51057118,0.475642168,0.8130429125346631,5.971287431847802e-07,5.604376520964421e-08,57.10477052,2.273553737235615,0.01639134558126199,0.030039553589766906,26.243509667613,706.49147594785,13.7077854827294,60.38,COD,刚果（金）
2.579952943,0.42871881015051727,74.95358068,29.83900759,295.0107512,7409.269368,1948.36711,-3.584061792,61.53,,8.943089431,32.5,0.007244306244222232,0.349257510835042,3.347265084,8.51,141.87,0.9,0.48873118,33.0,35.85648918,11.7,40.5014,18.7,14.82755122,5.952228667,6.354484094,9.89474799,9994.709023,13.48,65.24530159,0.560875804,0.953258246199328,2.209941217340456e-06,7.427996699791502e-08,56.61895415,2.284272512736816,0.016607485498775942,0.029337335422123866,26.8872480249959,701.048139341,13.7077854827294,60.38,COD,刚果（金）
-2.581768229,0.2856600022631436,81.68026951,1.396962732,298.7501258,7139.205389,1887.112555,-3.614472234,61.335,,10.0,34.1,0.005273170243299985,0.3473417267362775,3.169528558,8.7,138.67,0.9,0.55490303,34.9,35.68789403,16.4812,39.94,19.1,14.92551995,6.034273615,0.965558414,8.973117668,9682.891542,13.11,65.60766374,0.462229612,0.8655186336076981,2.140994907638233e-06,7.196256164381586e-08,56.13330099,2.287642531042545,0.016779515229042148,0.028661361309975587,29.9458116215783,694.28697832734,13.728360844816,60.4,COD,刚果（金）
-2.418809839,0.3047631954966058,79.48862137,11.11104466,297.7532886,7877.308279,1938.714973,-2.25334502,60.043,44.67,12.8,35.2,0.003087546894193327,0.34224235529205865,3.220980492,8.894,175.79,0.9,0.63877279,,35.51044941,21.6422,42.5028,20.1,14.94342868,6.034273615,4.647060505,10.20129515,9375.97686,13.1,66.11640393,0.25158414,0.9730590518172932,2.073132661175803e-06,6.968159354019364e-08,55.64720672,2.2879071921660303,0.016783926247766923,0.03518523281977774,28.9570256398742,694.90718508678,13.728360844816,60.4,COD,刚果（金）
3.038710053,0.36250182045639434,67.16671849,27.79204851,292.6513508,8449.160607,2014.183641,-0.994470839,60.257,,12.8,36.6,-0.006354670020520259,0.3429641682877633,3.237908481,9.093,213.24,0.8,0.64831114,,35.32362078,28.4193,47.2883,20.8,14.9450534,6.045029135,22.66036198,9.970621426,9077.253601,12.51,70.36743089,0.463048824,1.057980809905745,2.009804805562606e-06,6.746150351432933e-08,55.16155356,2.2901920998654637,0.01683244745373944,0.03746448384335597,29.492994610234,692.66683701443,13.728360844816,60.4,COD,刚果（金）
5.843814689,0.22254299747978992,67.49567948,9.989076825,284.2042535,9022.102996,1975.72282,-4.470284719,61.441,,12.8,37.3,0.015571913929784964,0.3468385899863754,3.223401944,9.093,237.5,0.8,0.72449565,,35.12734661,29.4996,48.6774,21.5,15.30362586,6.396808628,,,8789.322746,,76.91946161,,1.070274475572034,2.148501115775225e-06,6.532162187224137e-08,54.6754593,2.29300632981187,0.01683244745373944,0.037173732644115005,29.4800954914614,,13.728360844816,60.4,COD,刚果（金）
5.052732247,0.3969866673111633,68.55396382,11.28602749,286.5387515,10176.83738,1949.026314,-5.559152928,61.519,,12.8,38.5,0.015021564800997034,0.3471698590480394,3.259635143,9.093,,0.8,0.68990564,,35.40344619,30.548,53.1889,22.1,15.48076302,6.571475618,,,,,,,1.096519383471288,2.3631783315528046e-06,6.322670415486736e-08,54.18985726,0.0,,0.04108235188725454,,,13.728360844816,60.4,COD,刚果（金）
2.164524391,0.10201235364965772,90.76728372,1.970285582,1342.436646,2256.263422,2727.625482,-2.045495325,71.242,,6.024096386,14.3,0.0010601830582748217,0.3929645121760568,3.054355066,5.932,42.87,1.4,1.20063126,28.5,61.41104512,0.363418,1.67884,21.9,28.90678432,21.72756297,0.00061317,1.714057261,1383.368101,4.93,50.39262212,0.0,3.595215667525641,0.0,0.0,36.22871586,0.0768889677190493,0.004345512593118127,0.22832289047109192,11.0550766052211,590.44341955674,24.9287087139378,71.33,BEN,贝宁
1.509640257,0.10681053827464969,89.48149413,3.554213255,1341.739194,2229.503734,2686.672083,-3.7415292,71.255,,6.024096386,12.8,0.0034772478554028208,0.3940163060656177,3.040108016,6.317,44.73,1.4,0.93714452,28.7,61.78268647,0.702946,2.85027,23.4,29.86288578,22.61440227,0.001212147,0.472277563,1341.945059,5.05,52.73236713,0.0,4.020530294118691,0.0,0.0,35.7852962,0.0794608017027314,0.0030152536360411497,0.2214860777760088,11.3676127448175,581.47317886555,24.9406539824224,71.69,BEN,贝宁
0.336976511,0.10113552019612086,89.16384396,3.061704124,1325.532753,2189.897997,2729.654971,-6.205550509,71.228,38.58,6.024096386,11.2,0.004239151466113089,0.39532128491217694,3.049202597,6.655,46.42,1.4,1.05233788,28.2,62.17776824,0.951327,2.98462,24.3,30.78216566,23.50124158,0.000347505,0.0,1301.643989,5.15,54.54824667,0.0,4.47703039064058,0.0,0.0,35.34187655,0.0826534231997162,0.00239446612273856,0.26538372591168785,10.0433548030817,567.54768997391,24.9406539824224,71.69,BEN,贝宁
1.280779944,0.09191844056414221,87.65727832,0.769711004,1376.891843,2152.678023,2707.899369,-4.668788567,71.212,,7.228915663,10.4,0.0044489595740209165,0.39650615619822493,3.061731061,6.981,60.84,1.3,1.15381396,28.0,62.5694756,1.18254,5.62957,25.2,30.67794431,23.50124158,0.00028287,0.0,1262.395065,5.15,56.96456193,0.0,4.582197828782601,0.0,0.0,34.8984569,0.0853139411138701,0.00239446612273856,0.2941503063943129,12.5793711644188,555.63287595304,24.9406539824224,72.05,BEN,贝宁
-1.510433395,0.08800705945247196,90.04260559,4.293664135,1345.128835,2228.526741,2740.621618,-3.443766425,71.176,,7.228915663,9.2,0.006835699089736025,0.3979394370663497,3.220611997,7.302,60.94,1.3,1.04785359,28.9,62.95729867,1.27103,7.07639,26.1,30.80482441,23.53671515,0.000426455,0.0,1222.385945,5.08,57.94045862,0.0,4.165221153547,0.0,0.0,34.45503725,0.0847818375310393,0.00239446612273856,0.2966956178294603,11.6143616350745,547.38488639148,24.9406539824224,72.05,BEN,贝宁
0.750089698,0.10463297594260491,90.78537927,2.094317073,1396.797876,2236.33156,2774.704443,-3.087787091,71.17,,7.228915663,8.9,0.003948872492985478,0.3989766993717649,3.120668883,7.623,77.59,1.2,1.06306994,28.1,63.34142029,1.53785,12.1442,27.9,29.61445548,22.17098262,0.001331914,0.0,1184.828399,5.77,60.22547898,0.0,5.517870888512668,0.0,3.9563846375264833e-07,34.01161759,0.0838949982263214,0.00239446612273856,0.34509565016135524,10.2586049467493,543.57400014383,24.9406539824224,72.05,BEN,贝宁
2.900175704,0.12816670325748517,88.65121586,0.390153238,1450.337327,2145.493008,2867.547559,-6.546219388,71.174,,10.84337349,8.5,0.004882172307904664,0.3995351111892391,2.955095547,7.945,93.97,1.2,0.95481884,27.6,63.72200338,1.79,22.9147,28.0,29.96722242,22.17098262,0.00102713,0.0,1150.32786,5.91,63.83078654,0.0,6.32452745672461,0.0,2.8808852056892314e-07,33.56819794,0.0833628946434906,0.00239446612273856,0.36891190744573715,12.6422801944957,540.61053152807,25.8419697962605,73.82,BEN,贝宁
1.776470696,0.130980258669104,89.75349626,6.434152206,1443.153977,1917.36764,3087.156115,-5.498622092,71.194,,10.84337349,8.2,-0.002575151504746964,0.40041606048069095,3.019593985,8.266,92.83,1.1,0.74250972,27.6,64.09877364,1.85,39.2846,29.0,31.78336289,22.17098262,0.001132413,0.0,1116.111822,5.76,66.9563102,0.0,6.275472809111382,0.0,2.795194436897747e-07,33.12477829,0.0877084072366087,0.00239446612273856,0.36881727418186294,13.3001084923618,537.33809883941,25.8419697962605,75.48,BEN,贝宁
-0.703743156,0.12578775845460427,89.98098066,2.539692061,1500.83378,1920.100854,2958.670497,-6.690331811,71.169,,10.84337349,8.7,0.0027367080328406512,0.40174856034903483,2.999036422,8.587,117.63,1.1,0.86784607,27.9,64.47128003,2.24,52.9301,30.0,33.17067222,22.17098262,0.001390535,0.0,1083.136169,5.91,68.50922264,0.0,6.761300625761948,0.0,9.042033648938091e-08,32.68135864,0.0870876197233061,0.00239446612273856,0.47323929822030203,10.555242401441,541.1411347737,25.8419697962605,75.48,BEN,贝宁
-0.888244805,0.1344471540200009,89.67866885,0.88088567,1437.196515,1952.412586,2918.546133,-5.567234146,71.118,,10.84337349,9.1,0.002214288166431988,0.4031701404156414,2.984241628,8.908,105.59,1.1,0.7522946,28.2,64.83989437,3.13,72.2115,34.2,30.9253636,22.17098262,0.001917839,0.0,1051.290311,6.0,69.95755195,0.0,7.501542295676317,0.0,8.776184043575453e-08,32.23793899,0.0863781482795317,0.002128414331323164,0.520553512003694,10.0192677681185,546.18265177539,25.8419697962605,75.48,BEN,贝宁
-0.057123017,0.13185800295377711,89.05515899,3.73308304,1431.588939,1955.292783,3088.675299,-4.833286272,69.977,,8.43373494,9.6,0.0012845325157997411,0.40423374243321747,2.977822028,9.23,128.9,1.1,0.65150005,28.1,65.2045677,4.14832,76.9318,36.9,32.0979514,22.17098262,0.002939034,0.0,1020.446276,5.82,72.03092094,0.0,6.8070705983978215,9.90724539642505e-07,0.0,31.79451933,0.0866442000709471,0.002128414331323164,0.4679182421415977,10.9025257923959,550.09729936715,25.8419697962605,75.48,BEN,贝宁
1.74647753,0.129517423726621,87.66695722,7.698908077,1448.396621,2127.798335,3019.692589,-5.178326843,70.518,43.44,8.43373494,9.4,0.0016591974273887367,0.407347828457892,2.9676654,9.659,143.3,1.1,0.74686456,27.4,65.56524727,4.5,80.8629,38.4,33.39123803,23.05782192,0.002668126,0.0,990.6077879,5.61,75.4964894,0.0,6.265560693218259,9.617551338729486e-07,0.0,31.35109968,0.0862894643490599,0.0019510464703795674,0.4204836554042897,10.8862888221296,553.06507784502,25.8419697962605,75.48,BEN,贝宁
4.076668027,0.15833396086679366,85.19719143,1.397298395,1491.026951,2340.403737,3033.244325,-5.37925542,71.109,,8.43373494,9.2,0.005191345480626497,0.4103085359246394,2.948851601,10.09,178.78,1.1,0.76463026,27.0,65.92151514,4.9,89.9019,34.7,35.30102873,23.94466123,0.001599583,0.0,961.8227344,5.71,80.9257694,0.0,6.208535098615507,9.338084799895115e-07,0.0,30.90768003,0.0849592053919829,0.0019510464703795674,0.4238192905969035,9.12872513455719,547.22507808154,25.8419697962605,75.48,BEN,贝宁
3.260772171,0.19270538098786222,83.14900387,-0.247782654,1566.92645,2289.052726,3057.064311,-6.667906632,71.687,,8.43373494,9.2,0.00246334709410001,0.41322641406113725,2.955018759,10.11,179.52,1.0,0.57532531,27.0,66.27459903,6.0,78.517,34.1,35.4549663,23.94466123,0.001230009,0.0,933.8165245,5.54,86.07077013,0.0,6.4119288325288775,9.06617984907349e-07,0.0,30.46426038,0.0844271018091521,0.0019510464703795674,0.43887267846865696,9.1163283883954,540.97663701188,25.8419697962605,75.48,BEN,贝宁
-1.184320438,0.14769724457206845,86.58354441,0.851504261,1500.244473,2465.337271,2985.803289,-5.964093171,72.132,47.63,7.228915663,9.1,0.001948888286333883,0.41613306455836585,2.953916277,10.29,180.0,1.0,0.59082586,27.3,66.62402615,11.255,82.0193,29.6,36.12294253,23.94466123,0.0,0.0,906.6357906,5.79,87.60123844,0.03646713,6.8383142613841255,1.0562747074757225e-06,0.0,30.02084072,0.0839836821567931,0.0019510464703795674,0.4731269292747503,13.1548592280145,539.13379506113,25.8419697962605,75.48,BEN,贝宁
0.36116614,0.15007106990693117,83.50131259,0.683591111,1570.946323,2352.600136,2964.120584,-2.996694549,72.563,,7.228915663,9.7,0.0027062226206384654,0.41903250189222935,2.924602167,10.14,173.32,1.0,0.71389222,27.5,66.96970536,14.5,76.0182,37.0,34.3804984,24.83150053,0.0,0.0,880.5042845,6.22,90.52683372,0.03636442,8.097803440553335,2.4790897329610022e-06,0.0,29.57742107,0.0842497339482085,0.0019510464703795674,0.5556751429024259,11.8227255719305,526.35768435312,25.8419697962605,75.48,BEN,贝宁
2.6704172,0.17446544202093547,83.10498517,-0.367897725,1642.119042,2228.33338,3009.674517,-4.18078964,73.058,,7.228915663,10.5,0.004132719329318579,0.42204965539237427,2.881178694,9.749,207.64,0.9,0.70637327,27.0,67.31152992,18.7,72.8671,34.5,36.30170184,26.54821657,0.0,0.0,855.4973596,6.11,95.66111917,0.061896464,8.345793127471433,2.4086818862138674e-06,0.0,29.13400142,0.0839836821567931,0.0019510464703795674,0.5797544792346705,11.695836628718,515.92471535009,25.8419697962605,75.48,BEN,贝宁
3.737015543,0.23446251004026628,80.86022023,0.670447614,1720.899632,2197.065707,3042.810182,-4.549195345,73.642,,7.228915663,11.4,0.003057384760112969,0.42534130716033397,2.813641884,9.361,233.16,0.9,0.66673458,26.9,67.6494114,19.0,76.408,39.0,39.56020397,30.29195282,0.0,0.0,831.7622045,6.05,102.0677869,0.081396089,8.928006443413935,2.341854750577529e-06,0.0,28.69058177,0.0841610500177368,0.0019510464703795674,0.6247441980750439,10.0451901149745,501.22078516217,25.8419697962605,75.48,BEN,贝宁
3.982113266,0.2120668790038267,78.79047735,-0.397553793,1755.940071,2349.971369,3086.447582,-3.999481404,74.183,37.95,7.228915663,11.8,0.0029810751967844773,0.4289652782661409,2.735388428,8.973,276.96,0.9,0.45625761,26.8,67.9832517,20.5,81.3235,40.0,41.07138524,31.37621852,0.0,0.0,809.3186362,5.69,109.0754413,0.067996543,8.092502483078858,2.2786641213726514e-06,0.0,28.24716211,0.0868215679318907,0.0019510464703795674,0.5619953043018429,9.51953494661433,494.53767969243,25.8419697962605,75.48,BEN,贝宁
1.120202648,0.19098930945347095,79.45444901,2.878032289,1692.366449,2393.520386,3282.634385,-1.746485758,73.645,,7.228915663,11.7,0.004441624365482344,0.4288395964887677,2.662598752,8.585,317.18,0.8,0.51122105,,68.31295056,22.1206,85.2391,41.0,39.31401738,29.54291061,0.0,0.0,788.0540795,5.79,113.2735286,0.030002195,8.284041592570127,3.7084447798647434e-06,0.0,27.80374246,0.0848705214615111,0.0019510464703795674,0.5778946645601905,11.8846926483838,490.1784510488,25.8419697962605,75.48,BEN,贝宁
4.413354351,0.20590668915034285,77.36663016,1.618725067,1698.136395,2482.672368,3370.154714,-4.153520711,74.681,,8.43373494,12.5,-0.00904345513182836,0.43820638693332203,2.592301675,8.643,381.61,0.8,0.33374113,,68.63812455,28.2047,94.9183,42.0,41.00234569,30.92332831,0.0,0.0,767.8878544,4.79,121.3787612,0.0,6.270831914225081,4.485061487315275e-06,0.0,27.36032281,0.0889499822632139,0.0019510464703795674,0.41535272466367074,11.6615864686645,480.85339685583,25.8419697962605,75.48,BEN,贝宁
3.58043408,0.21342401973316627,71.60256115,4.138994479,1750.545056,2549.208433,3407.854455,-5.687125305,74.995,34.4,7.407407407,13.3,0.01451098808924689,0.4415038016276898,2.547409263,8.705,413.69,0.7,0.50720674,,68.95898158,30.0134,105.745,56.5,43.0623652,31.44689872,,,748.5736583,,128.9685109,,6.284886042867087,2.3983427887392138e-05,0.0,26.91690316,0.0942710180915218,0.0018623625399077687,0.4026360595489618,11.8557392939498,,25.8419697962605,75.48,BEN,贝宁
3.703325128,0.20586286245532323,70.12459258,3.385617395,1818.85265,2654.341669,3451.631324,-8.176280066,75.023,,26.60550459,14.3,0.004944191814799437,0.44363807783327575,2.522747723,8.705,,0.7,0.4894892,,69.27529138,32.2083,116.036,57.0,41.8300133,31.44689872,,,,,,,7.421377419898607,2.4803285145510956e-05,0.0,26.4734835,0.0,,0.5074844433795568,,,25.8419697962605,75.48,BEN,贝宁
53.23568808,1.1874297885940657,,-11.97152744,,,,,56.6,,5.0,,0.00809064519149727,0.3539333934353645,6.410083232,5.334,1.67,,0.39180481,20.4,51.79044388,0.16526,2.00044,64.9,3.666666667,1.069518717,0.11907606,8.907378515,34674.24877,0.9,246.7099044,,8.29731105583593,0.0,0.0,92.94912656,1.464884135472371,0.0,0.3452125491440795,15.9935969446882,642.73864558237,17.6620154023443,60.73,GNQ,赤道几内亚
12.25859742,1.17172187870895,,-1.582890271,,,,,56.012,,5.0,,0.009233284411169107,0.35470958961447796,6.220019533,5.588,0.46,,0.36000615,20.3,52.54199672,0.321198,4.01024,64.9,3.666666667,1.319073084,0.153701355,6.868063648,32583.20937,1.09,287.0213719,,120.71564674896491,0.0,0.0,92.6511943,1.4705882352941175,0.0,3.3729074097977714,15.5743592874475,606.68284668009,17.6620154023443,60.8,GNQ,赤道几内亚
7.247865427,1.1272782301583684,,0.635621902,,,,,55.409,,5.0,,0.008596568735733667,0.3555212994567512,6.066317541,5.841,0.82,,0.39797717,20.8,53.35041744,0.520524,4.89466,64.9,3.666666667,1.319073084,0.04992469,5.646875421,30665.36771,1.09,318.7427782,,123.10609955731452,0.0,0.0,92.35326203,1.4677361853832445,0.0,3.2437918847642657,14.868574831883,594.32827176994,17.7475680107288,70.11,GNQ,赤道几内亚
30.01629767,1.0426764266990234,,16.92276351,,,,,54.874,,18.0,,0.009417605081126545,0.35622396287657637,5.958465015,6.095,4.1,,0.35340402,19.8,54.21502975,0.84393,6.87841,64.9,3.666666667,1.319073084,0.008811695,2.631614281,28891.55333,2.89,428.9327529,,23.470919076830185,0.0,0.0,92.05532977,1.4666666666666666,0.0,0.44023614399994665,16.505742171942,579.15303857863,17.7475680107288,70.11,GNQ,赤道几内亚
10.90120344,0.8596425352266941,16.71295672,59.32905067,,,,,54.509,,18.0,,0.008299130309002312,0.35706225781560896,5.138402086,6.349,0.74,,0.40104085,20.1,55.13171866,1.14979,10.2283,65.0,3.671301248,1.319073084,0.006693565,1.475123791,27444.48561,2.67,488.6334539,86.2316523,81.36339801034212,0.0,0.0,91.7573975,1.4641711229946524,0.0,2.9030860004623342,14.0013324615826,556.97902806926,17.7475680107288,70.11,GNQ,赤道几内亚
3.031055582,0.813659510116068,27.38035693,12.9763712,947.2110549,248183.531,19184.08698,,54.406,50.2,18.0,,0.010544059104113712,0.35821932401198375,4.436479006,6.603,3.22,,0.45787242,19.5,56.10058013,1.27919,12.117,65.1,3.675935829,1.461675579,0.009791252,0.904329167,26253.53034,2.57,526.2822589,53.23834758,95.11084703265816,0.0,0.0,91.45946524,1.4623885918003563,0.0,2.777106391421962,12.2577125918352,542.62707635538,17.7475680107288,70.11,GNQ,赤道几内亚
10.19689757,0.7810755561865436,27.25529457,3.037653859,982.7918529,243735.8712,22910.99948,,54.38,,18.0,,0.008925719558505074,0.359586079355703,4.511354519,6.856,3.23,,0.48071325,19.0,57.11857058,1.55712,14.4781,65.1,3.68057041,1.461675579,0.00840115,0.691476921,25095.45927,1.9,606.7093133,49.62204081,100.57328265726532,0.0,0.0,91.16153298,1.46951871657754,0.0,3.0488626679947957,16.1536661598822,522.80536400906,17.7475680107288,70.11,GNQ,赤道几内亚
12.53267335,0.7705357992062444,22.69755443,19.84003893,754.3972254,248741.3598,26861.6494,,54.44,,6.0,,0.009268867509717449,0.36121730150387726,4.573709944,7.11,1.23,,0.48362917,19.2,58.18379581,1.82,16.5971,65.2,3.685204991,1.639928699,0.00756373,0.727038357,23973.51848,1.82,714.6981661,49.69935153,94.9550992765044,0.0,0.0,90.86360071,1.4713012477718364,0.0,2.989903327708777,17.8651890368323,510.73073081152,17.7475680107288,70.11,GNQ,赤道几内亚
-3.220460295,0.670557449312661,34.13483158,-20.83023096,653.2607764,234577.3761,26314.95146,,54.497,,10.0,,0.008660950787676036,0.36320402087572745,4.607871333,7.364,1.97,,0.76920271,19.4,59.29179444,2.13,17.6107,65.4,3.689839572,1.92513369,0.013578872,0.881031188,22893.91401,1.44,724.2991088,32.36316504,96.10040417877563,0.0,0.0,90.56566845,1.4713012477718364,0.0,3.117735343712495,15.407601410843,503.08817200936,17.7475680107288,70.11,GNQ,赤道几内亚
-13.01517184,0.817680361106497,35.09505911,24.90653418,719.0656648,193505.893,29640.32201,,54.631,,10.0,,0.007999170712323478,0.36557016529516395,4.595867705,7.618,2.86,,0.64514917,20.8,60.44136433,6.0,33.5796,66.1,3.694474153,1.92513369,0.018984881,0.628088811,21865.55208,2.36,659.6613824,47.75253203,88.27415631828471,0.0,0.0,90.26773619,1.4698752228163992,0.0,3.195381867570443,16.6730910770184,498.27075503576,17.7475680107288,70.11,GNQ,赤道几内亚
1.999057628,0.8590487789279952,32.13745006,17.04510657,768.467409,186973.2887,30957.9363,,54.945,,10.0,,0.00827848621966254,0.36800057978716977,4.340602064,7.872,1.71,,0.59239239,21.3,61.62961121,11.5,38.5607,66.1,3.699108734,1.92513369,0.022709256,0.518929556,20936.75891,2.28,702.6971872,43.98693678,90.88334598857946,0.0,0.0,89.96976827,1.4723707664884138,0.0,3.159847076302407,16.4657843770037,497.57778703624,17.7475680107288,70.11,GNQ,赤道几内亚
3.988003868,0.8099750425205006,31.71729593,4.854782044,800.7041377,183675.2896,32510.14095,,55.35,,10.0,,0.00805752460604836,0.3703581724692168,4.074845548,8.125,2.32,,0.70269078,22.2,62.85389081,13.9432,38.7386,65.7,3.703743316,1.92513369,0.019905703,0.595310257,20100.76669,2.71,761.1115038,45.7436935,84.60785266143806,0.0,0.0,89.67180036,1.4727272727272729,0.0,2.9573651683091313,17.0257171055929,483.81442646923,17.7475680107288,70.11,GNQ,赤道几内亚
-7.888560394,0.6398061882601619,41.27860644,-1.072673757,817.4744817,163506.5944,34169.40163,,55.754,,12.12121212,,0.008144887944554036,0.37262835588292537,3.996059955,8.379,2.14,,0.61788166,22.2,63.67151611,16.4,37.9421,65.9,3.708377897,1.92513369,0.013271873,0.643627446,19313.36529,3.48,729.6532545,37.17831426,83.10594030826739,0.0,0.0,89.37383244,1.473083778966132,0.0,2.683270593618567,17.9064455595399,466.0397257085,17.7475680107288,70.11,GNQ,赤道几内亚
-3.430585953,0.5808746527062073,43.7433213,-1.273842647,839.5797834,157005.7401,32755.64523,,56.077,,24.0,,0.007426736250501831,0.3746424560731747,3.905019246,8.633,2.36,,0.65114552,23.0,63.92647575,18.86,36.9002,66.0,3.713012478,1.92513369,0.010992393,0.758178247,18573.71048,3.24,732.6817993,33.08558575,74.61803202175945,0.0,0.0,89.07586453,1.4727272727272729,0.0,2.453775397405967,16.0581476815855,452.52868346532,17.7475680107288,70.11,GNQ,赤道几内亚
-12.49171427,0.4322173105370135,60.85965862,-20.19275037,890.7807945,138409.0457,30571.90388,,56.265,,24.0,,0.006757654247193878,0.37630397208105243,3.791604842,8.887,4.05,,0.7432819,23.8,64.17859947,21.32,36.6825,66.1,3.717647059,1.92513369,0.0,1.268703596,17882.65266,3.3,665.9341859,18.6194263,63.682167069831586,0.0,0.0,88.77789661,1.4727272727272729,0.0,2.111342406716174,19.3828632222337,464.22093162728,17.7475680107288,70.11,GNQ,赤道几内亚
-12.0971099,0.3680340139167181,73.07641823,-6.285422111,892.519121,123059.763,28262.81717,,56.43,,24.0,,0.007355487754597156,0.37757743408306405,3.66421838,9.14,4.85,,0.86530524,24.7,64.42551639,23.78,38.1684,66.2,3.72228164,1.92513369,0.0,1.835308438,17239.25298,4.08,607.2226496,16.07490346,60.6226560584724,0.0,0.0,88.4798574,1.4727272727272729,0.0,3.5402800801757874,19.1943444912232,472.9984678822,17.7475680107288,70.11,GNQ,赤道几内亚
-8.94053555,0.407346535619293,70.67033117,12.74238316,827.9182014,113009.4738,26566.50571,,56.497,,,,0.006548681259311406,0.37849431258144545,3.531293626,9.394,2.96,,0.78999829,25.4,64.66581289,26.24,36.2336,66.4,3.726916221,1.92513369,0.0,2.575793182,16641.10763,4.06,572.8082543,21.60582608,81.13990078387334,0.0,0.0,88.18181818,1.4723707664884138,0.0,3.795207865995561,17.3730338811765,468.03451761805,17.7475680107288,70.11,GNQ,赤道几内亚
-9.370419052,0.46209012697552104,71.91511555,9.513834297,795.7521771,95302.41173,26018.59114,,56.513,,20.0,,0.007059091426619535,0.3791212938205493,3.399452421,9.648,2.6,,0.81501949,26.3,,,36.576,66.5,3.731550802,1.92513369,0.0,2.671416284,16084.90852,4.46,537.0848151,24.50148201,56.81781386114282,0.0,0.0,87.88377897,1.4716577540106952,0.0,3.2965400087353425,16.5581122047123,467.33867400724,17.7475680107288,70.11,GNQ,赤道几内亚
-8.52391282,0.4635637179747857,81.72559024,-3.163689834,698.2192152,87107.98653,25292.33646,,56.353,,21.0,,0.006169748849228718,0.37951785948435407,3.271454421,9.902,4.07,,0.8050639,27.2,,49.1337,36.9422,66.6,3.736185383,1.889483066,0.0,2.659075986,15567.21234,3.7,507.6427634,22.59431904,54.54187044549879,0.0,0.0,87.58573975,1.4720142602495545,0.0,2.986669394920418,17.407283808127,469.58145584907,17.7475680107288,70.11,GNQ,赤道几内亚
-7.358746574,0.2889683816323502,89.24852036,-10.16854575,714.4484794,89805.41445,24915.6125,,52.085,,21.0,,-0.0025041334253655956,0.3540036866402403,2.733908232,10.16,1.7,,1.0338515,,,55.0013,43.3495,66.7,3.740463458,1.889483066,0.0,3.001764159,15147.38405,4.37,483.3211882,13.36404916,60.34910649467015,0.0,0.0,87.28770053,1.4645276292335114,0.0,3.2620656242936072,18.709739765696,464.76797790505,17.7475680107288,70.11,GNQ,赤道几内亚
-1.5665204,0.3147542886080811,78.46474683,17.93863072,743.4565108,82380.04081,25440.07835,,52.589,,23.0,,0.004924285093577563,0.35854674758611904,2.435510716,10.41,4.42,,1.14400554,,,58.7173,46.4348,66.8,3.740463458,1.889483066,0.0,2.588405236,14782.92413,5.18,487.4790552,18.75432709,67.92273754963415,0.0,0.0,86.98966132,1.4666666666666666,0.0,3.6635576175839466,18.9825413803618,456.56359772003,17.7475680107288,70.11,GNQ,赤道几内亚
0.661786259,0.4866433021246624,68.54068661,22.10040873,729.860454,75519.19126,24055.18847,,56.036,,31.0,,0.014540330200009555,0.3809741370467607,2.513037421,10.41,2.99,,0.86760986,,,59.3433,49.538,67.0,3.740463458,1.889483066,,,14416.05283,5.9,503.1929831,,69.85055462624369,0.0,0.0,86.6916221,1.465597147950089,0.0,3.773850539354438,19.8972839217918,,17.7475680107288,70.11,GNQ,赤道几内亚
-7.349844197,0.2558854756870596,78.87863933,-7.647520198,723.1698239,66031.08384,25034.85487,,56.117,,31.0,,0.005555994002051978,0.3822334346748043,2.410572328,10.41,,,1.12861156,,,60.3661,,66.9,3.733333333,1.889483066,,,,,,,66.57680825465816,0.0,0.0,86.39358289,0.0,,3.6170299407485267,,,17.7475680107288,70.11,GNQ,赤道几内亚
5.065304325,0.05527663454412738,,-5.755335342,433.3393477,950.4408085,1100.839331,-4.536205965,79.491,,7.678244973,46.1,0.010770440251572255,0.4283260122840048,3.033511323,3.942,171.82,2.6,2.01543713,24.5,20.28613136,0.0371624,0.0395753,10.2,30.559,9.862,0.08900567,18.13399739,1755.704839,20.2,,0.0,0.835876537326326,0.0,5.692064231982316e-07,18.4555,0.2526899999999999,7.3081499999999995,0.05180774518252581,11.9622912187115,1057.47644233246,10.4266671064824,34.92,ETH,埃塞俄比亚
-1.52885894,0.061140191991957055,,-3.621434213,408.4875879,979.3285469,1180.607414,-1.740465245,79.575,,7.678244973,43.2,0.012775141946021584,0.42847016794755594,3.044034773,4.186,201.74,2.4,2.08121943,24.7,21.81059473,0.0724023,0.0703129,11.9,30.498,9.853,0.171709578,23.1721892,1703.065813,20.48,3.300371689,0.0,0.8394477635955321,0.0,5.281345287018729e-07,18.3825,0.25311,7.30414,0.05444348887717248,12.1201730074838,1011.97147187452,10.4266671064824,34.92,ETH,埃塞俄比亚
-5.072886524,0.057515973467185684,,12.76797833,349.2759575,994.6528682,1339.423544,-1.581507198,79.599,,7.678244973,41.6,0.015205913410770933,0.4290868121606287,3.021022331,4.315,209.63,2.2,2.27634907,25.1,23.33037949,0.105812,0.0695139,13.5,31.607,10.928,0.057314997,36.33878455,1652.385205,21.62,2.837155977,0.0,0.8747760098150611,0.0,6.055849811207542e-07,18.3095,0.25319,7.28128,0.05688550789506265,12.4722228440829,979.30050281892,10.4363606750406,34.98,ETH,埃塞俄比亚
10.22181511,0.06692206772348988,,3.911362453,396.7609788,1044.524722,1338.832148,-6.591893723,79.768,,7.678244973,39.1,0.016226336592469304,0.4299909883651616,2.994747129,4.589,212.46,2.0,1.32566774,24.8,24.84607699,0.155335,0.204442,15.2,29.32932765,10.9551919,0.029891146,27.94319471,1603.634077,19.95,2.873498227,0.0,0.9037154731972952,0.0,5.764158400016688e-07,16.15855363,0.225394833037435,6.400591247205711,0.05652166914489473,11.8068823690803,948.86762572848,10.4363606750406,34.98,ETH,埃塞俄比亚
8.550898629,0.07281588948737582,,9.875511909,433.9590016,1078.857344,1485.354814,-12.64198426,79.971,30.0,21.42857143,36.4,0.011705592258304698,0.4311373456358869,2.966022472,5.262,223.2,1.8,1.72818744,24.5,26.35761247,0.21966,0.52398,14.0,29.76342899,11.36186627,0.049564918,23.49196145,1556.768389,18.13,2.899324051,0.0,1.014310145526453,0.0,7.022058330926085e-07,16.09383592,0.225606986639551,6.401826404718483,0.058698042287188806,12.1084346629624,913.18877016316,10.5139293158113,35.41,ETH,埃塞俄比亚
7.62653695,0.0682553125119595,,11.5523498,469.7517913,1134.231765,1551.954725,-11.68716056,80.008,,21.92816635,32.7,0.019093517769112056,0.43232892406511786,2.937290315,5.707,277.91,1.7,1.12012815,23.9,27.86551192,0.310593,1.07393,18.6,30.31951071,11.8694341,0.103119059,18.73170795,1511.706619,16.78,3.116613478,0.0,1.071109441321068,0.0,6.392624860311494e-07,16.02896369,0.2261890964947069,6.411541172830515,0.06443368766332162,12.1611889674367,880.32915002436,10.8615164007759,36.25,ETH,埃塞俄比亚
8.23770708,0.06479728191942145,,17.22057948,502.7398331,1183.812127,1657.048039,-4.201445981,79.914,,21.92816635,29.4,0.02101007183856174,0.4341062271993634,2.930159257,6.151,331.52,1.6,1.33306754,23.5,29.37846173,0.37,1.45421,20.3,31.07924006,12.43807543,0.097701373,21.75737252,1468.053878,15.52,3.371894951,0.0,1.169381206100558,0.0,4.552554206067618e-07,15.96402793,0.2264601581101072,6.4156829972448035,0.06740452915318548,13.1026396373333,840.2723512098,11.0264772593182,36.44,ETH,埃塞俄比亚
7.627867429,0.05918665425950602,,30.31167308,527.5139426,1242.765357,1788.360689,-6.671395577,79.828,,21.92816635,26.3,0.020630767598910804,0.43642106859387886,2.89435689,6.595,360.35,1.5,0.51424927,23.4,30.98697115,0.45,2.28483,22.0,30.58122402,12.05598279,0.071438577,18.65130829,1426.172186,14.41,3.629421485,0.007327812,1.2078951638343651,0.0,4.925252462462797e-07,15.90023395,0.2240626464521464,6.422783627716639,0.07518248797795297,12.673083275172,802.45633869526,11.0264772593182,36.44,ETH,埃塞俄比亚
5.756385598,0.0498807100107175,,24.14641529,546.5905892,1298.186456,1916.587116,-6.753483621,79.733,,21.92816635,23.9,0.017009336081617255,0.4392665540976467,2.839660104,6.617,408.2,1.4,0.90700704,23.5,32.58824467,0.54,4.60381,23.7,30.99889543,12.3587993,0.083533513,16.32843028,1386.243348,13.47,3.839993724,0.002975495,1.208539841726159,0.0,4.787359149893539e-07,15.83526539,0.2250067030625685,6.425999695548936,0.08014299927338123,12.337800774672,767.31244564751,11.0264772593182,36.44,ETH,埃塞俄比亚
9.404344867,0.07783845527084796,,1.444572327,563.640412,1359.511789,2026.156403,-2.122260872,79.663,,27.78793419,22.4,0.016929234437537355,0.4426497103762936,2.83517458,6.685,445.78,1.4,0.94396317,23.3,34.18368974,0.75,7.57026,25.5,31.61786011,12.9057011,0.207275089,15.58142383,1347.492847,12.52,4.205695267,0.005022054,1.231460956969334,0.0,5.698206362078131e-07,15.77082877,0.2244697054948249,6.419170792090173,0.07268031442398094,13.1628681538269,735.73211524347,11.3287924000543,37.54,ETH,埃塞俄比亚
8.061416764,0.08997656922476736,82.75155924,20.06187508,601.1716301,1475.584407,2095.529238,-3.303679641,79.587,30.0,27.78793419,21.2,0.014838634041769216,0.4464406054022347,2.843544575,6.832,492.24,1.3,0.3811754,26.0,35.77189662,1.1,15.1655,23.0,32.18678137,13.46228532,0.538373369,16.7469092,1309.715934,11.66,4.553357849,0.006849335,1.307514336123704,3.2206129534985356e-08,4.153843016437901e-07,15.70608815,0.2249119265523401,6.424401885173612,0.07650770829019053,13.7126986518094,708.95492466549,12.3129151114266,44.13,ETH,埃塞俄比亚
5.643743769,0.07780983299231452,80.76534215,33.54140502,612.8781645,1672.284824,2163.683959,-7.106748681,79.505,,27.78793419,19.8,0.013994554006106164,0.4505559032925758,2.803903934,6.89,650.03,1.3,1.06663179,26.2,37.35364561,2.9,21.424,29.0,32.33083353,13.59759294,0.422106231,14.40551574,1273.502821,11.04,4.820862428,0.004766627,1.395293292379533,1.1482402482278297e-07,3.4107034638796556e-07,15.6413078,0.2247599000551222,6.42148231838871,0.08024860447316613,13.3475366852832,680.76226597927,12.3473246608544,44.39,ETH,埃塞俄比亚
7.616614547,0.06239470158901878,82.42251806,4.901979297,642.1892832,1960.937058,2176.947386,-6.366263992,79.409,,27.78793419,17.7,0.011685627329394821,0.4547963738385913,2.718472318,6.94,771.42,1.2,1.09967208,25.8,38.91892873,4.6,26.0536,30.8,32.59140112,13.70847286,0.264483354,13.68930623,1239.349329,10.44,5.198346141,0.007061215,1.591653230345258,3.352338348949592e-07,2.445750898386551e-07,15.57676288,0.2243188538862514,6.424117697043902,0.09518333673290917,13.5654407861689,656.85405113915,12.4565218044762,44.79,ETH,埃塞俄比亚
7.338618594,0.058889925902982296,79.46411692,10.98178829,680.6013384,2332.24659,2229.282527,-10.37817212,77.728,,27.78793419,15.2,0.012322839079165426,0.4503833681070608,2.682997818,6.99,985.33,1.2,0.71479559,25.8,40.47706604,7.7,30.1536,27.2,32.74611415,13.81964617,0.17635782,13.18477325,1206.539722,9.83,5.592388465,0.006220974,1.779013176162377,8.999599567267607e-07,2.636111481883954e-07,15.51254397,0.2243078502519586,6.419853008090199,0.10659644789760948,11.8883844182548,635.27585736761,12.4565218044751,45.0,ETH,埃塞俄比亚
7.468076761,0.046921732898183556,80.25822397,10.83654279,729.6847209,2844.897468,2250.398518,-12.18383272,76.079,,38.75685558,13.6,0.010567800785036718,0.44566448280295784,2.684801861,7.041,1014.8,1.1,0.96540898,26.0,42.02727064,13.8552,40.7363,29.0,32.96711041,13.93039534,0.086425046,12.12748541,1174.577502,9.15,6.027218484,0.002709192,1.819508558080527,9.53140760068139e-07,2.3179291861116607e-07,15.44784347,0.2242721875727157,6.419837889576563,0.11067961861083392,13.5532102629512,616.94450766232,12.616981877406,45.25,ETH,埃塞俄比亚
6.509914563,0.04072967529608741,77.51946732,10.39795727,766.6587157,3583.198357,2297.884969,-11.54492094,74.416,33.0,38.75685558,13.0,0.008963391621587657,0.4406378082111272,2.707882508,7.091,1168.41,1.1,0.90002954,26.4,43.56974638,15.3669,47.9993,42.9,33.10824738,14.04092034,0.091588458,11.14860827,1143.1981,8.78,6.441889419,0.002616878,2.039328118878957,1.3118666717667046e-06,2.256004593616408e-07,15.38289774,0.2251633388964772,6.404125262447627,0.12366322930111934,12.8925065843916,604.60406612148,12.8209879709218,45.58,ETH,埃塞俄比亚
6.6186207,0.03957254228677599,82.02387297,6.67682222,827.6676295,4403.283688,2266.470899,-7.7634304,72.766,,38.75685558,14.1,0.009413671643651922,0.4353183813748888,2.725240971,7.22,1630.8,1.0,0.8612687,27.0,45.1032761,15.6,36.1095,44.3,33.26392881,14.15015762,0.086479754,9.82403543,1112.463889,8.16,7.059275279,3.92e-06,1.98282910060979,1.139819558904238e-06,1.803325870557477e-07,15.31829082,0.226032844896579,6.397414458588024,0.11948837435569762,13.702230538489,597.87576782789,16.949443820114,51.18,ETH,埃塞俄比亚
3.974075459,0.03244622152967198,75.91424347,12.3822761,864.4892017,5073.327394,2297.499095,-5.533249174,71.104,,38.75685558,16.1,0.007581138251551822,0.42952708684125185,2.696751795,7.348,2100.47,1.0,0.76642609,27.6,46.62896677,15.9,,44.8,33.58523515,14.34303885,0.028962011,6.361088431,1082.864406,7.84,7.540445914,4.48e-06,2.096264155544717,1.0917403434590268e-06,1.984302505953269e-07,15.25348997,0.2328982720833798,6.3369347914965015,0.12479943804130351,13.0118804949641,590.63278409468,16.949443820114,51.18,ETH,埃塞俄比亚
5.48664148,0.029847165163696242,77.88672949,12.86043264,910.1139718,5857.793358,2381.419748,-5.471944451,69.478,,38.75685558,18.5,0.007416828845947521,0.42327731740746205,2.691239783,7.477,2735.23,0.9,0.73088509,28.2,48.14647634,16.0,36.2199,48.0,33.83925636,14.34734849,0.022403582,5.509609915,1054.110581,7.41,8.171135275,3.15e-06,2.348346419688344,1.0627508313368377e-06,2.2287834885976296e-07,15.188678,0.2431925189635848,6.288306742624678,0.1423137837495427,12.4172744564505,584.29138582819,16.949443820114,51.18,ETH,埃塞俄比亚
3.223115995,0.03301687564655865,79.17274589,18.25457268,929.1593031,6732.338658,2659.54019,-2.7552611,66.617,,38.75685558,20.3,0.0034681553368520746,0.4132181583004598,2.710772848,7.579,4141.92,0.9,0.98278511,,49.65504516,16.0696,37.4208,51.1,34.0927477,14.35008897,0.062810773,5.443972288,1025.919857,7.03,8.666267742,2.51e-06,1.972246497058779,1.6986541890817892e-06,1.95225999186866e-07,15.12398772,0.2427582339938793,6.2808609185028095,0.11598418499972137,13.0149320834588,579.09194466427,16.949443820114,51.18,ETH,埃塞俄比亚
2.855657631,0.036229357798165135,81.05634367,21.76327257,966.3661574,7456.084598,2733.657936,-4.132418312,65.567,,42.58823529,20.6,-0.009686367839439658,0.4090757623626695,2.672495388,7.681,5716.0,0.8,0.97926205,,51.15477501,16.6981,52.8089,54.2,34.35547063,14.56011561,0.206095286,5.630512801,998.8653217,6.79,9.155177896,4.94e-06,2.171827348436432,1.7344231947400522e-06,1.126386334159193e-07,15.06018224,0.2445446438192242,6.251293746349153,0.13027248572744266,12.9786490176397,573.97236581293,16.949443820114,51.18,ETH,埃塞俄比亚
2.595399676,0.032276422764227646,84.76535211,34.666605,992.0301067,7485.491393,2778.897028,-4.190666326,66.153,,41.4893617,20.2,0.02398591764885971,0.4128464278781599,2.622695009,7.681,7155.92,0.8,0.72080112,,52.64493418,,56.9643,55.4,34.07795649,14.53255599,,,973.0086833,,9.642394481,,2.222390188959356,1.6895258972920505e-06,5.48614342707073e-08,14.99558529,0.247195654971011,6.229178090397614,0.13209388173176756,12.7817748094495,,16.949443820114,51.18,ETH,埃塞俄比亚
3.854750252,0.0255,85.23696097,32.91307227,1034.235435,7711.966511,2836.50664,-3.52359702,66.149,,41.31355932,19.7,0.006248411737447057,0.4150967802956542,2.603624198,7.681,,0.7,0.614245,,54.12560093,,,55.4,34.07795649,14.53255599,,,,,,,2.341514917409106,1.6318069701034006e-06,6.681435406716076e-08,14.93089758,0.0,,0.14260256243270159,,,16.949443820114,51.18,ETH,埃塞俄比亚
5.695711544,0.02525347549005933,115.1880073,15.07726958,,,,,75.992,,14.66666667,,0.036848183352580666,0.4436980743305051,2.85373305,6.215,6.68,2.2,1.79195142,31.9,47.12042335,0.157815,0.0,30.3,74.57425743,5.564356436,0.019964784,4.232916231,1211.031284,7.2,4.533657962,0.0,4.199185845999694,0.0,0.0,11.04257426,0.3071287128712871,49.61059405940594,0.346008938275898,9.56424926394449,1014.35455625828,0.0,0.0,ERI,厄立特里亚
-0.476857823,0.07129912823342942,123.4788687,16.14866736,,,,,75.775,,22.0,,0.009972754845011034,0.44696733526175336,3.439149563,6.518,11.83,2.0,2.11955547,32.8,47.44092446,0.22709,0.0,32.2,74.57425743,5.564356436,0.0,2.615629358,1170.090155,6.72,4.274420837,0.0,3.699172960066129,0.0,0.0,11.01128713,0.3076237623762376,49.57950495049504,0.29252253886161933,10.0738058995782,992.41378205468,0.0,0.0,ERI,厄立特里亚
-6.594920166,0.008043681625824818,134.579209,21.87284176,,,,,75.582,,22.0,,0.008720584991771307,0.4518519766005334,4.131033775,6.826,14.3,1.9,1.66898465,33.3,47.77522281,,0.0,32.4,74.92079208,5.910891089,0.0,3.812056399,1122.738134,7.94,3.8360403,0.0,4.254869708899319,0.0,0.0,10.98,0.3076237623762376,49.54227722772278,0.3207823239316044,10.8666222918009,972.59139724332,0.0,0.0,ERI,厄立特里亚
-2.623890351,0.00991836281227802,133.7571865,24.79928568,,,,,75.461,,22.0,,0.01022622151206809,0.45609717798362304,4.100227397,7.134,11.69,1.7,1.55933774,33.5,48.12341821,,0.769739,33.4,61.99237287,4.94285853,0.002625731,2.899416529,1077.634316,6.62,3.609879982,0.0,4.447810166876727,0.0,0.0,9.140320769,0.2570617061747502,40.80668608405546,0.3078955187346726,10.0743682836071,957.37172486135,0.0,0.0,ERI,厄立特里亚
0.148823405,0.010014341574985324,128.4351647,7.623689359,,,,,75.416,,22.0,,0.009406789537652172,0.4564061904055103,2.393155829,6.948,11.76,1.6,0.85298669,33.9,48.48440745,,1.51953,34.5,62.15228042,5.122894691,0.003847417,3.218361007,1052.150991,6.5,3.702814521,0.0,4.345394269772687,0.0,0.0,9.11098558,0.2569710078698734,40.786669725640735,0.26303774779564976,10.3856737944691,936.04541512563,0.0,0.0,ERI,厄立特里亚
-2.518213455,0.009907841551287926,117.7807107,11.39400395,,,,,75.471,,22.0,,0.013673550174836624,0.45516075075957035,1.57651842,6.761,20.62,1.4,0.81826532,33.7,48.85949405,,2.29317,35.6,62.57642772,5.537005623,0.00969737,2.32271377,1035.693704,6.2,3.666926209,0.0,2.938835500497592,0.0,0.0,9.086474152,0.2574294405117793,40.788558523310684,0.25892342598599893,9.36957617807612,914.96840580749,0.0,0.0,ERI,厄立特里亚
-0.041769605,0.009863620342254409,110.342279,7.288208261,,,,,75.464,,22.0,,0.00880290284263796,0.45383239125378844,1.458517234,6.574,17.15,1.3,1.21488249,33.8,49.24695321,0.41,3.07478,36.7,62.56165384,5.535698372,0.010047512,2.456008923,1020.697559,6.17,3.719246727,0.0,2.974312309855435,0.0,0.0,9.058220229,0.2584427538476697,40.80602874898025,0.24955354032593793,9.60912770809469,894.34090586923,0.0,0.01,ERI,厄立特里亚
-12.12484316,0.00796992411472981,108.9898963,16.0762201,,,,,75.428,,22.0,,0.006838930288073808,0.4556782646333327,2.630041175,6.388,9.5,1.2,1.64659166,33.9,49.64870346,0.47,3.85719,37.8,62.5487919,5.534560297,0.012135294,1.573893054,994.2027329,7.7,3.355391703,0.0,2.064243802844097,0.0,0.0,9.030254666,0.2588026479385075,40.78681820391887,0.24855068321256732,10.0694958618088,880.67961547527,0.0,0.01,ERI,厄立特里亚
1.302578156,0.005924503882219945,109.6510979,29.50450714,,,,,75.219,,22.0,,0.0125116144948898,0.45708225916198186,2.509084658,6.201,6.96,1.1,1.06634021,34.0,49.81032387,0.54,4.88697,38.9,62.70773589,5.699201497,0.010998852,0.0,969.567694,7.2,3.485463514,0.0,2.434351380519831,0.0,0.0,9.003251617,0.258776786825217,40.71872976989961,0.1731370882150778,9.58607915510874,867.02198825787,0.0,0.01,ERI,厄立特里亚
0.205918878,0.008178593057737047,145.5170389,-16.2281997,,,,,75.037,,22.0,,0.0073097795990695325,0.4577293250748849,1.964757271,5.965,10.47,1.0,1.00715244,34.0,49.97738167,0.61,6.29077,40.1,62.71006105,5.699412819,0.028958418,0.0,950.7039623,6.74,3.561941218,0.0,2.379637841729697,0.0,0.0,8.977483792,0.2587863820675062,40.614180950228075,0.23767599058259822,10.4435289218706,851.36589354899,0.0,0.01,ERI,厄立特里亚
6.747982979,0.20823228155656667,124.7886798,19.53822815,,,,,74.901,,22.0,,0.008890285085996874,0.4586646256359462,1.793518811,6.069,11.6,1.0,0.76524723,33.6,50.15052935,0.7,8.06871,41.2,62.69769087,5.698288554,18.99981863,0.0,933.8049048,5.67,3.871110595,0.0,2.381576915730992,0.0,0.0,8.949616385,0.258735333895636,40.589570039270875,0.17739103480591034,11.2482531619337,830.84825824528,0.0,0.01,ERI,厄立特里亚
,,,,,,,,74.842,,22.0,,0.007255063754262103,0.45937488063831666,1.275907368,6.173,4.25,0.9,0.79066068,33.7,50.32917456,0.8,10.0522,42.3,62.70124772,5.698611818,,,921.9661059,5.71,,,2.499642343006049,0.0,0.0,8.924026107,0.2587500119753436,40.58666960902237,0.18253347033310635,11.0818114643485,813.26084919858,0.0,0.01,ERI,厄立特里亚
,,,,,,,,74.856,,22.0,,0.0047606535078905665,0.4603400382518638,1.223051473,6.276,10.52,0.8,0.776559,34.5,50.7051288,0.9,11.542,43.5,62.71825925,5.700157914,,,910.758662,6.43,,,2.519143141921821,0.0,0.0,8.900342223,0.2588202136984245,40.58520696009439,0.18807009036027011,11.3616016129466,798.85808889204,0.0,0.01,ERI,厄立特里亚
,,,,,,,,74.646,,22.0,,0.007876317206368721,0.4588425267343699,0.674705167,6.38,7.65,0.8,0.51250237,35.0,51.08356444,0.99,13.4855,44.6,62.72504375,5.700774525,,,904.6344098,5.04,,,2.6134220154410652,2.5523613704306676e-05,0.0,8.875197116,0.2588482113840584,40.45410056505003,0.1950354419607563,9.4603335767934,775.8712998457,0.0,0.01,ERI,厄立特里亚
,,,,,,,,74.649,,22.0,,0.0059831799380314354,0.45855575798909437,0.334574416,6.025,10.34,0.7,0.73755044,36.9,51.46509197,1.08373,15.2952,45.8,62.69780167,5.698298624,,,901.6127921,6.5,,,2.58429048915453,2.543836091946473e-05,0.0,8.845245978,0.2587357911581812,40.43620063048784,0.19110973980098833,11.2156966133564,764.54998231564,0.0,0.01,ERI,厄立特里亚
,,,,,,,,74.516,,22.0,,0.005052420761959553,0.45804106508853015,0.614809318,6.04,8.86,0.7,0.7340641,37.2,51.84971776,1.17712,16.1936,46.9,62.70366146,5.698831192,,,896.0865978,6.22,,,2.614615873736244,2.8802783500997533e-05,0.0,8.819973667,0.2587599728203744,40.360443970004354,0.20187294900179154,10.6822562103833,748.68840211562,0.0,0.01,ERI,厄立特里亚
,,,,,,,,74.411,,22.0,,0.005585580145526903,0.45886595984505835,0.817496698,6.055,13.65,0.6,1.00827622,36.9,,2.5,22.0611,48.0,62.70688595,5.69912425,,,888.7909808,6.99,,,2.848755452332406,3.61864899326963e-05,0.0,8.79432689,0.2587732793635627,40.34154009152612,0.207857359840043,12.1482652091556,738.50727264102,0.0,0.01,ERI,厄立特里亚
,,,,,,,,74.158,,22.0,,0.0055095178045998505,0.4602757488818452,1.337314098,6.069,21.47,0.6,0.62541473,37.4,,5.3,,49.1,62.7035294,5.69881919,,,876.9841767,6.38,,,2.796684868798341,3.633220160613388e-05,0.0,8.767757211,0.2609894005762282,39.572930820282906,0.23254357045315027,11.226878950108,726.43039521291,0.0,0.01,ERI,厄立特里亚
,,,,,,,,73.832,,22.0,,0.004882127233909017,0.4625587233357015,1.474745807,6.084,26.56,0.6,0.74166143,37.9,,11.2,40.4605,50.3,62.70206281,5.698685898,,,864.1457888,6.28,,,2.723472490625414,3.5800325536063576e-05,0.0,8.741453809,0.263708754666501,39.00164110591308,0.1904206970323382,10.6855367761794,714.22097000889,0.0,0.01,ERI,厄立特里亚
,,,,,,,,72.568,,,,-0.004843550352123027,0.46193248747976084,1.564060781,6.099,37.68,0.5,0.84150839,,,14.3494,54.7205,51.4,62.72263717,5.700555802,,,850.7351719,6.41,,,2.618040028696976,7.871123344142732e-05,0.0,8.71821524,0.2641257521459969,38.99394971923069,0.18321189595144247,9.91922269546577,703.72660340122,0.0,0.01,ERI,厄立特里亚
,,,,,,,,72.892,,,,-0.0005971931919976914,0.469456743109257,1.774115885,6.114,32.82,0.5,0.88709611,,,18.3844,53.7583,52.5,62.65153303,5.694093492,,,835.7752397,6.37,,,2.710492214909833,7.462278926255671e-05,0.0,8.682254729,0.2634962394226025,38.62798754231371,0.1904373581980447,9.78803457919627,693.41606156063,0.0,0.01,ERI,厄立特里亚
,,,,,,,,73.623,,,,0.012682999701224995,0.4763596559794008,1.753513685,6.114,34.32,0.5,0.90046018,,,18.7092,59.1248,53.4,62.65153303,5.694093492,,,821.2475513,,,,2.884691505217749,7.332567422224191e-05,0.0,8.656177431,0.2647340858339206,38.487285666893875,0.20355207164094358,10.6251070304411,,0.0,0.01,ERI,厄立特里亚
,,,,,,,,73.718,,,,0.012317632654265331,0.48045032402698257,1.771687152,6.114,,0.4,0.84941107,,,20.0104,,54.4,62.65153303,5.694093492,,,,,,,2.971211534839064,7.203801301870972e-05,0.0,8.630100134,0.0,,0.21092730211878205,,,0.0,0.01,ERI,厄立特里亚
,0.055903258215328655,,,,,,12.0278461,24.882,,0.0,40.8,0.013607360665562007,0.20634165377738997,3.16034601,2.86,0.64,3.6,1.25085211,27.6,74.52757265,0.343526,0.388947,56.1,72.54529767,0.043140638,0.0,0.40714183,388.9471589,3.72,,0.0,15.5745376260999,0.0,0.0,0.241587575,4.0823986194995685,82.8783433994823,2.463332006591358,11.2993526001504,764.25809971998,0.0,0.0,DJI,吉布提
,0.060901129696264496,,,,,,11.82525691,24.809,40.0,0.0,39.4,0.005529857753973522,0.20705553474598215,3.096960925,2.982,1.28,3.6,1.28561246,27.4,74.745087,0.486972,1.88543,49.7,73.40811044,0.043140638,0.0,0.442820967,377.0862296,3.83,,0.0,15.143772094110656,0.0,0.0,0.241587575,4.0823986194995685,83.05047454702328,2.3882127872454353,11.4242753184359,754.00277089855,0.0763135855189775,0.45,DJI,吉布提
,0.05948125922799992,,,,,,12.70551712,24.814,,10.76923077,36.5,0.003752767017155545,0.20734610992490649,2.230541555,3.196,1.33,3.5,1.50298142,27.8,74.96217201,0.62594,2.82722,56.4,73.4124245,0.043140638,0.0,0.6027917,368.7682771,3.86,,0.0,15.362422192966614,0.0,0.0,0.241587575,4.0823986194995685,83.03364969801554,2.335532421492307,11.5771937214,738.00283876434,0.0763135855189775,0.45,DJI,吉布提
,0.057050880673891635,,,,,,0.473072862,24.824,,10.76923077,32.7,0.0010682104029910988,0.20738775292813186,1.537560106,3.41,1.88,3.4,1.43785477,27.6,75.17883225,0.781317,4.17395,56.6,73.4124245,0.043140638,0.0,0.554402213,363.1416107,3.69,,0.0,14.713961281841469,0.0,0.0,0.241587575,4.0823986194995685,82.86496980155306,2.2998968677825604,12.0589986768304,737.83226452007,0.0763135855189775,0.45,DJI,吉布提
,0.056446692448459186,,,,,,2.841057973,24.798,,10.76923077,28.9,0.007658812797962211,0.20759515090560043,1.566484982,3.514,3.71,3.3,1.39653015,28.1,75.39476218,0.953611,5.24961,56.8,73.4124245,0.043140638,0.0,0.524130213,357.4973754,3.65,,0.0,13.697818848929934,0.0,0.0,0.241587575,4.0823986194995685,82.83175150992236,2.26415004403176,11.9080634930365,726.54304244134,0.0763135855189775,0.45,DJI,吉布提
,0.0715332064870099,,,,,,-2.154487907,24.761,,10.76923077,24.6,0.007071121131379421,0.20814266550123633,1.958490405,3.618,2.71,3.2,1.72493029,27.9,75.61056904,1.27004,5.23707,55.5,73.4253667,0.05608283,0.0,0.598451207,350.5639405,3.5,,0.0,12.55225079578016,0.0,0.0,0.241587575,4.0823986194995685,82.70750647109578,1.9865289963120674,11.5627344901942,710.79875805056,0.0763135855189775,0.45,DJI,吉布提
,0.06840276588890695,,,,,,-20.2086361,24.71,,13.84615385,22.1,0.006784030392456231,0.20889096747045263,2.168967505,3.723,3.28,3.0,1.73417449,27.7,75.82595769,1.62,7.9516,57.2,73.43399482,0.064710958,0.0,0.508972437,343.0421896,3.55,,0.0,12.785178532877168,0.0,0.0,0.241587575,4.0823986194995685,82.67687661777394,1.1230845267389953,11.9700605041862,697.62036339349,0.0763135855189775,0.45,DJI,吉布提
,0.0690617868665813,,,,,,-22.5587851,24.66,,13.84615385,20.2,0.007631144503217557,0.2096615565218755,2.060435192,3.827,3.32,2.8,1.83015931,27.4,76.04091409,2.26,12.6407,57.4,73.42105263,0.051768766,0.0,0.765381341,336.0463475,3.56,,0.0,14.005493680088344,0.0,0.0,0.241587575,4.0823986194995685,82.64322691975842,1.9042626359027437,12.5660214865143,681.70469407658,0.0763135855189775,0.45,DJI,吉布提
,0.07339549687266791,,,,,,-6.7771884,24.527,,13.84615385,20.0,0.00896096296915494,0.21042931257110323,2.083255102,3.931,8.12,2.7,1.90362072,27.9,76.25516403,4.0,14.1275,57.6,73.4253667,0.05608283,0.0,0.728164434,329.1180623,3.37,,0.0,11.911043017924886,0.0,0.0,0.241587575,4.083692838654011,82.58628127696291,1.3164722493135146,12.0633935197276,667.05975011076,0.0763135855189775,0.45,DJI,吉布提
,0.07531376823401707,,,,,,4.473571379,24.431,,13.84615385,19.5,0.0064953356199566326,0.21114301408974567,2.033322702,4.035,6.87,2.5,1.85621846,28.2,76.47182132,6.5,17.803,57.9,73.43830889,0.069025022,0.0,0.825460149,322.4936066,3.55,,0.0,13.291485811893772,0.0,0.0,0.241587575,4.083692838654011,82.58067299396032,1.2899744262569994,12.3101115482206,658.58243390731,0.0763135855189775,0.45,DJI,吉布提
,0.07505177955427833,,,,,,-13.86782429,24.37,,13.84615385,18.8,0.009778904565135083,0.21184998703294897,1.948849448,4.139,4.24,2.4,2.14218068,25.2,76.69075344,7.0,20.3518,58.1,73.45987921,0.086281277,0.0,0.882237965,316.2695376,2.82,,0.0,9.846492925050436,0.0,0.0,0.241587575,4.083692838654011,82.57031924072476,0.6770322774147707,14.0483820114051,648.91725466485,0.0763135855189775,0.45,DJI,吉布提
,0.08717281940970967,,,,,,-10.93116736,24.333,45.1,13.84615385,17.4,0.006227888550141003,0.21254681938500972,1.899389061,4.243,7.42,2.2,1.88866687,23.6,76.91154446,9.4,21.9776,54.6,73.45987921,0.086281277,0.0,0.926983661,310.319039,2.67,,0.0,12.74503519052205,3.1031903900399997e-06,0.0,0.241587575,4.083692838654011,82.57031924072476,0.8803463501826229,15.0779340955189,636.74630561572,0.0763135855189775,0.45,DJI,吉布提
,0.058695767054927114,77.98425717,,10898.549,30628.60841,11743.03299,-30.75120969,24.258,44.12,12.72727273,15.7,0.00643237900808491,0.21326957913292122,1.85261177,4.347,6.45,2.0,1.8059175,23.8,77.13434178,12.7,24.7885,58.6,73.45987921,0.086281277,0.0,0.534002614,304.622958,2.71,110.9294192,0.0,12.914628823847252,3.0462295801077145e-06,0.0,0.241587575,4.083692838654011,82.58757549611737,0.928073577613868,14.0736031920907,625.58932600211,1.32720241912321,6.83,DJI,吉布提
5.28018026,0.05809141425802318,79.55069504,1.329738751,10860.3893,31245.11874,12345.57235,23.89321748,24.161,,12.72727273,14.1,0.00500676154291968,0.21406139518927075,1.800564961,4.451,7.51,1.9,1.76028001,23.8,77.3584794,17.0,28.6271,58.9,73.45987921,0.086281277,0.0,0.797515515,299.1871086,2.58,118.9085582,0.0,14.079262134596863,2.991871086258635e-06,0.0,0.241587575,4.083692838654011,82.5832614322692,0.9242979474767058,12.4414844133652,610.25227191239,1.32720241912321,6.83,DJI,吉布提
5.458368313,0.05527159464450998,81.46676567,1.739348802,11226.48296,32045.95519,12871.17738,29.45995118,24.089,,12.72727273,13.1,0.006503596200361894,0.21492522392638339,1.739612734,4.555,5.71,1.7,1.70769882,23.9,77.5846154,22.9,30.8092,59.1,73.45987921,0.086281277,0.0,0.670082084,294.027421,2.66,127.5995677,0.0,12.202441869128949,2.940274209972822e-06,0.0,0.241587575,4.083692838654011,82.58239861949957,0.8017020267310129,13.9226222188224,603.15840773699,1.32720241912321,6.83,DJI,吉布提
5.333315297,0.6648866670406794,83.60800827,0.302782334,10942.25983,32215.53973,13611.02606,-1.00034789,24.004,,12.72727273,12.7,0.007989432304680744,0.21584479589997813,1.685198916,4.659,4.19,1.6,1.32919765,23.8,77.81184316,30.8,33.2718,59.8,73.45987921,0.086281277,0.0,0.499769805,289.1139909,2.37,136.6890365,0.0,11.470329359445367,3.854853212008254e-06,0.0,0.241587575,4.083692838654011,82.55220017256255,0.7156139865639092,12.9440656538847,591.70303211772,1.32720241912321,6.83,DJI,吉布提
3.73971531,1.14458168564459,84.13843553,0.56223153,14819.51108,35106.03345,13863.32083,-4.79510874,23.861,41.59,10.76923077,12.6,0.005920896818504717,0.21679096660065356,1.642861254,4.763,5.24,1.5,1.1462568,23.7,78.04029865,55.6814,35.3657,60.2,73.45987921,0.086281277,0.0,0.598855899,284.4030522,2.23,144.1496492,0.0,10.213601968259235,3.792040696180752e-06,0.0,0.242018982,4.085418464193269,82.45599654874893,0.6070658611108214,14.0950621793055,584.53599364827,1.32720241912321,6.83,DJI,吉布提
3.108615401,1.2088699927521138,84.37202672,0.656019049,17141.10314,39908.25246,13946.438,14.71177991,23.704,,26.15384615,12.2,0.006199968607753847,0.21774598323322902,1.602593729,4.867,6.54,1.4,1.33991563,23.6,78.26985103,57.0617,36.8545,62.4,73.45987921,0.086281277,0.0,0.293270663,279.8815541,2.3,151.0318427,0.0,9.890336941597235,3.73175405501725e-06,0.0,0.243313201,4.085418464193269,81.86367558239863,0.6294519919170207,13.2679561188118,571.47403200773,1.32720241912321,6.83,DJI,吉布提
3.913784409,1.2936847448588051,85.2220417,0.449845162,19504.34432,43427.29864,14320.50549,18.25843919,23.565,,26.15384615,11.9,0.0043054363934169615,0.21865071382711082,1.557660865,4.971,4.88,1.3,1.28569102,23.5,78.50037919,58.4762,38.0144,64.7,73.45987921,0.086281277,0.0,0.369765614,275.555727,2.32,159.4066804,0.0,11.041040481554877,3.6740763601660315e-06,0.0,0.245901639,4.085849870578084,81.42450388265746,0.6278019195211944,13.3123495424123,563.26776083954,1.32720241912321,6.83,DJI,吉布提
-0.306867603,0.8857758778571131,91.72389104,0.580719548,41679.65174,46323.47514,14345.2246,11.65211719,22.821,,26.15384615,12.0,-0.0028113884531150157,0.21776476038465853,1.502286563,5.075,10.48,1.2,1.07290661,,78.731755,59.9257,39.2725,64.5,73.50301984,0.129421915,0.0,0.332449615,271.4470298,2.09,161.3229323,0.0,9.68273826863224,3.6192937310213283e-06,0.0,0.250215703,4.084987057808456,81.39128559102676,0.5388165633358306,12.8573956186616,553.44122333271,1.32720241912321,6.83,DJI,吉布提
2.911698993,1.128567389396615,93.69978456,3.353752725,37698.78174,43020.54428,14719.55783,-6.634815317,23.003,,26.15384615,12.2,-0.005763239875389514,0.22090563372242358,1.442689442,5.108,8.2,1.1,0.76665086,,78.96362924,61.4112,43.6424,65.4,73.50301984,0.129421915,0.0,0.281995991,267.5590057,2.08,168.4326866,0.0,10.909884648753517,3.2285453351970304e-06,0.0,0.253377912,4.085849870578084,80.94779982743744,0.6095828933474129,11.736266476453,544.53834387532,1.32720241912321,6.83,DJI,吉布提
3.700803899,1.2933593570521347,94.3796797,-0.147758592,37114.14742,42227.80877,14928.10886,18.41821715,23.437,,26.15384615,12.5,0.026789910700297792,0.2224482365605015,1.403529326,5.14,13.16,1.0,1.06819105,,79.19588621,63.2573,46.7771,65.0,73.50301984,0.129421915,,,263.8299669,2.03,177.1348238,,10.221013000636914,3.1835482668121247e-06,0.0,0.257308024,4.085849870578084,80.69930974978429,0.5626040624538298,12.7301980284685,,1.32720241912321,6.83,DJI,吉布提
5.339195775,1.2274118364077073,88.15465984,2.446539714,38901.42218,42288.65126,15652.20508,18.50348378,23.49,,26.15384615,12.9,0.006820262435153879,0.2237766968733954,1.384102724,5.173,,1.0,1.05232239,,79.42863449,65.0248,48.4505,65.2,73.50733391,0.129421915,,,,,,,10.235350143377788,3.139788229089184e-06,0.0,0.260724763,0.0,,0.581734963710293,,,1.32720241912321,6.83,DJI,吉布提
-0.517762469,0.5024620027976212,52.06516504,-0.168658932,3923.054963,202588.4711,18977.29442,10.2998523,39.512,,9.166666667,10.6,0.0027827212425173276,0.2861981888974327,2.631864207,9.623,28.73,4.8,1.26300132,23.5,80.56922373,1.34762,11.454,77.2,8.041522102,1.261303217,0.002229619,4.412182081,125230.1295,3.18,79.76997264,21.74499572,27.67675499068287,0.0,4.59603478064492e-06,91.9584779,0.8784491791826755,0.0,1.4943167604492706,16.1662920328186,619.81525682794,5.99119721647127,19.85,GAB,加蓬
-2.885012358,0.4515082145537797,53.77922677,0.855807814,3641.213229,191939.97,18495.08853,6.33560264,39.722,,9.243697479,12.0,0.00311380723435839,0.28790864857430665,2.678103224,9.661,29.88,4.8,1.19960451,23.5,81.06000233,1.93953,20.7629,77.8,8.061155742,1.261303217,0.003640922,4.888253676,121920.8481,3.83,77.23061985,19.65594399,26.830511683574205,7.43419805447037e-07,4.4745818020867795e-06,91.93884426,0.8778670392362323,0.0,1.3950706739472247,14.4180635200298,606.24485795335,14.7642153480749,77.01,GAB,加蓬
-0.505326252,0.470215822989259,53.51612028,-0.217120396,3576.322528,188292.2577,18021.11311,11.76147686,39.83,,9.243697479,13.1,0.004632086851628525,0.2896422758346294,2.729056967,9.698,26.9,4.7,1.4352864,23.1,81.53731546,2.65959,21.7022,78.5,8.080789382,1.261303217,0.001114284,5.304807216,118638.5503,4.43,76.70972533,15.52763898,25.4249976658986,7.234057944804138e-07,4.976136159315658e-06,91.91921062,0.8786044165017268,0.0,1.4298537931782833,14.3713475196388,606.17405207608,14.7642153480749,77.03,GAB,加蓬
-2.091088445,0.47978055652765456,50.15448324,7.765278535,3455.343339,181008.6559,17512.86979,11.89774047,39.868,,9.243697479,13.8,0.003698189328082302,0.29169483310811906,2.80043793,9.736,32.45,4.7,1.35957062,25.1,82.00137987,2.97907,34.4235,79.2,8.100423022,1.261303217,0.003969711,2.695797767,115362.241,5.08,75.0928362,19.55117194,25.37507717522191,7.034282984983917e-07,4.838715722698717e-06,91.89957698,0.8770132339814493,0.0,1.4041666801490424,16.031263012819,598.26796777514,14.7642153480749,77.03,GAB,加蓬
-0.262443846,0.5285520371488044,42.56772202,20.09447289,3790.450741,174020.13,16876.34354,20.69305688,40.001,42.18,9.243697479,14.3,0.004529939069129352,0.29380489854765474,2.903808194,9.774,48.89,4.6,1.05433261,22.4,82.45191823,4.89326,50.3377,81.6,8.120056662,1.261303217,0.004857905,3.212327258,112060.5127,5.98,75.01832294,26.42068958,27.0412563132176,6.832958090051555e-07,4.700229122634516e-06,91.87994334,0.8772848992897893,0.0,1.363978688003717,13.490120871942,579.54115880462,14.7642153480749,77.03,GAB,加蓬
-5.696083429,0.5277122365258655,43.46057995,9.868137278,3782.343984,143343.1073,18258.90461,,39.695,,12.5,14.5,0.004461875575597851,0.2965636989611738,3.018030874,9.812,42.17,4.6,1.2173816,24.0,82.8900758,5.4892,59.5349,80.5,8.139690302,1.261303217,0.01300404,4.191824684,108729.0175,6.86,72.91287492,25.32133942,26.474045883915007,1.3259636274917344e-06,4.560493987636715e-06,91.8603097,0.8783327511933869,0.0,1.5223229225299122,12.4856296093048,570.28439963841,14.7642153480749,77.03,GAB,加蓬
2.745244866,0.5065268994915149,43.19657594,4.231361642,3954.563296,139700.1616,18471.94964,22.06393639,39.55,,16.66666667,14.4,0.005690889833857682,0.2988882798699684,3.126300836,9.851,33.15,4.5,1.23346996,24.9,83.31557019,5.767,75.1171,81.3,8.159323941,1.261303217,0.012395546,3.699126032,105382.4064,7.11,77.29355921,27.29214735,26.089889692155214,1.2851512976493942e-06,4.420124839487816e-06,91.84067606,0.8822136841696745,0.0,1.523734957464705,15.666673593587,558.00405412693,16.2964491299315,81.19,GAB,加蓬
-6.372985013,0.6143334404105089,39.50955114,20.47895904,3574.856109,116438.5922,19054.63343,24.5939589,39.282,,16.66666667,14.3,0.006161681258743501,0.3020511145332649,3.220725161,9.889,41.52,4.4,1.06247222,24.2,83.72951603,7.5,80.8873,82.0,8.178957581,1.261303217,0.012386617,4.386412292,102042.4036,7.69,74.73635541,29.08131886,25.48877100577464,2.4888391121066467e-06,4.280032865014699e-06,91.82104242,0.8824853494780146,0.0,1.7153955182229688,18.397421780985,553.35954297665,16.2964491299315,81.21,GAB,加蓬
-3.146830491,0.4421440527731624,51.17999969,-18.0745351,3220.392194,106933.8556,18208.2678,6.637818683,39.212,,14.65517241,14.4,0.005467810220118441,0.3050303450500615,3.327653333,9.928,50.45,4.4,1.54066849,25.2,84.13072125,9.5,87.2676,82.7,8.198591221,1.261303217,0.018855498,3.397594949,98702.66184,8.61,74.83376014,19.1967256,24.20718093890094,8.425836986535513e-06,4.139951840220854e-06,91.80140878,0.8838048666899523,0.0,1.4185142071648502,16.1114361910177,542.00730836057,21.882160354933,87.02,GAB,加蓬
3.458350737,0.6043446709938218,44.12956417,16.56432021,3050.434446,113056.2855,18421.51723,17.06850596,39.071,,14.65517241,14.0,0.0055002252917140115,0.3075262852793714,3.449942679,9.966,42.93,4.3,1.57325745,24.3,84.52072962,13.0,93.6112,89.3,8.218224861,1.261303217,0.0,2.285417135,95355.54536,9.09,80.13938941,27.34379206,27.963520705784784,8.140107530820482e-06,3.99956149230847e-06,91.78177514,0.8843870066363955,0.0,1.7438417423551307,17.4973356308762,523.89366475841,21.882160354933,87.02,GAB,加蓬
3.359376003,0.5362896738094796,40.36724352,12.68122777,3069.253361,112736.7863,18448.63883,14.30205454,39.513,,14.16666667,13.5,0.005980066445182786,0.3100564819569188,3.547397199,10.01,57.18,4.2,1.58558345,24.3,84.89926782,18.0,133.01,88.7,8.264338107,1.261303217,0.0,1.751010829,92032.20005,6.83,85.82267723,30.21773118,27.949915789071586,7.85640732104928e-06,4.342689218657845e-06,91.73566189,0.8875305623471883,0.0,1.7892632053580697,17.5983931288628,514.12778735465,21.882160354933,87.02,GAB,加蓬
1.552307854,0.706387433018572,43.4759761,-2.941902704,3150.936499,104493.9019,19117.19033,11.51765233,39.86,,15.78947368,13.0,0.005161131762465132,0.31275458351855473,3.577469045,10.04,50.52,4.1,1.48285842,24.1,85.2673948,24.0,138.488,89.3,8.310451353,1.261303217,0.06365831,2.269104296,88797.97324,5.73,90.32929203,29.65849976,34.36964442646852,7.580314788815137e-06,4.190076960396645e-06,91.68954865,0.8901695967710637,0.0,2.0727767413201335,17.9323718983418,501.12095676679,21.882160354933,87.09,GAB,加蓬
1.984806095,0.7410314340022744,46.73962936,-6.157924934,3249.859742,99728.88019,19630.07232,8.312421476,40.052,,15.78947368,13.1,0.004783153519361871,0.3154042818334406,3.520092964,10.08,54.08,4.0,1.82302928,23.6,85.62392509,30.538,143.499,86.4,8.356564598,1.261303217,0.071175934,2.513544869,85726.57717,7.98,95.42268892,22.48928932,33.46363507349911,7.318122441597463e-06,4.494609039653246e-06,91.6434354,0.890751736717507,0.0,2.0794981487763837,19.5603263444648,490.01026890077,21.882160354933,87.09,GAB,加蓬
0.869784891,0.7643388981913253,49.33949562,-0.851390333,3508.206956,93934.36119,19864.6089,6.108920584,40.22,,15.0,13.3,0.004851637237456297,0.3179439536716304,3.358440017,10.12,60.1,4.0,1.51668847,22.8,85.96588631,38.0712,148.238,87.1,8.356564598,1.261303217,0.047692712,2.36883185,82895.3108,7.43,99.54014401,15.51918392,34.36166245743852,7.076428971102391e-06,4.3461669131403726e-06,91.59732216,0.8924593472270733,0.0,2.063835030244152,17.5749205889213,480.37025144031,21.882160354933,87.09,GAB,加蓬
0.693296575,0.7407300407918107,52.65480816,-8.927172453,3735.428956,90375.68837,20023.70082,0.980288665,40.41,,14.16666667,14.1,0.004026032995308126,0.32011539503642594,3.114656253,10.16,61.03,3.9,1.56549394,22.9,86.29303398,45.7845,138.244,87.3,8.356564598,1.261303217,0.060506351,2.437395391,80353.20132,7.22,103.4012061,7.345856963,31.64442272198625,6.85941962450557e-06,4.2128851624335065e-06,91.55120891,0.8924593472270733,0.0,1.978279767308888,19.0802063973254,477.58455000067,21.882160354933,87.1,GAB,加蓬
-0.79183198,0.677629375332252,55.08042544,-4.26975398,4101.102258,85320.10657,19926.5179,,40.551,,14.16666667,15.3,0.0037234684032803056,0.32194546889834147,2.86485541,10.2,59.25,3.8,2.01055074,23.1,86.60646504,48.0523,141.05,88.1,8.356564598,1.261303217,0.062178599,2.589618017,78083.86016,7.08,105.5637825,6.471545328,30.196826348359625,6.665695379625635e-06,4.503294997143274e-06,91.50510343,0.8930026778437535,0.0,1.9278509831424564,19.508604040814,469.14869482712,21.882160354933,87.1,GAB,加蓬
-2.163617741,0.38655044292700985,53.20144896,3.820302144,4524.053379,75414.24114,20418.5454,,40.678,38.02,17.09401709,16.4,0.003499391736629498,0.32345356762019567,2.658895725,10.24,61.38,3.7,1.75976336,23.9,86.90724624,51.6049,123.475,86.3,8.356564598,1.261303217,0.045692831,3.274479714,76035.0503,6.62,106.0627213,9.801758075,31.56955258061091,6.4907969771431224e-06,4.265540328262785e-06,91.45899794,0.8937400551092483,0.0,1.943297111131717,17.0740128544082,461.88841805585,21.9685372651069,87.1,GAB,加蓬
-1.688047436,0.5089129003267627,49.18021229,7.176657494,4885.469755,70857.08959,19991.3128,,40.789,,,17.5,0.003397389846743426,0.32456364772153007,2.536882898,10.28,61.46,3.6,1.61284041,23.8,87.19598286,55.4202,132.465,89.6,8.356564598,1.261303217,0.004412499,2.760557613,74130.39174,6.82,106.9514385,12.13091227,25.708648734082377,6.328204173179443e-06,4.1975558924078726e-06,91.41289246,0.8951760003104745,0.0,1.6287433515434941,17.4588037971893,455.7641331052,21.9685372651069,87.12,GAB,加蓬
1.382575991,0.45714203181854146,48.66714642,1.547485198,5209.121815,71686.19057,19871.64711,,40.945,,17.91044776,18.6,0.004385245290335904,0.32509990272107586,2.47279132,10.32,76.27,3.4,1.66963005,23.9,87.47284657,59.5176,131.975,90.3,8.356564598,1.261303217,0.004917152,2.44101764,72319.78043,6.35,111.1447999,11.5255687,24.77865902384819,6.1736397928126485e-06,4.246699769621812e-06,91.36678698,0.8952924282997633,0.0,1.4184874331152275,18.0352413994305,448.66889569528,21.9685372651069,87.12,GAB,加蓬
-4.155280833,0.4787437712134021,55.05161991,-9.009868562,5747.732124,72076.78182,20849.99036,,37.692,,14.78873239,19.7,-0.003920578582354617,0.30252193827530993,2.389223598,10.36,62.1,3.3,1.89678836,,87.73930041,63.9179,131.302,91.1,8.356564598,1.261303217,0.00618118,3.485340929,70612.37723,6.52,109.102224,6.621365954,23.404968474245628,6.027885861120094e-06,4.072395556014344e-06,91.32068149,0.8945550510342687,0.0,1.3046217854684032,19.2515816676686,439.63397256147,21.9685372651069,87.12,GAB,加蓬
-0.845244789,0.4130124353687885,46.0135206,20.33840918,6737.850258,69093.88768,20360.80831,,38.22,,16.1971831,21.3,-1.4909128859486032e-05,0.30651965185663277,2.306124358,10.4,92.54,3.2,1.65491903,,87.99547187,68.6436,132.309,91.8,8.356564598,1.261303217,0.020698802,3.136779046,69002.60106,6.47,110.7037981,11.2745159,22.399979181164884,5.890465944271144e-06,3.9795556662790185e-06,91.27457601,0.8956805215973921,0.0,1.2616757685585442,18.7277559333643,427.4082976267,21.9685372651069,87.12,GAB,加蓬
0.747533659,0.5122144884305777,40.87868198,14.75834268,6960.591123,64323.61739,18722.34933,,41.097,,15.38461538,23.5,0.009556894083969425,0.32610798244325717,2.247639013,10.4,95.12,3.0,1.88504732,,88.24194369,70.7069,123.233,93.5,8.356564598,1.261303217,,,67468.97147,,114.0665527,,23.354625985540007,5.759546345218157e-06,4.009278858737664e-06,91.22847052,0.8949043350021344,0.0,1.3541199470779972,19.7757668358581,,21.9685372651069,87.12,GAB,加蓬
0.210978858,0.6547739002279848,45.94603165,-9.958049184,6635.175892,63315.13446,19003.81241,,41.117,,24.48979592,25.3,0.009215364848699892,0.326189869642855,2.198912897,10.4,,2.9,2.05877304,,88.47926133,71.9256,122.607,94.1,8.356564598,1.261303217,,,,,,,22.80770715199204,5.634281220658978e-06,3.8064791426032554e-06,91.18236504,0.0,,1.380600540327569,,,21.9685372651069,87.12,GAB,加蓬
2.97441795,0.01309261074752594,92.57137424,1.805437652,3013.752516,,2615.040846,,43.756,,2.040816327,16.9,0.006748800506160002,0.2580221817765889,2.706993376,5.017,35.31,1.7,0.61059773,25.5,72.47098524,1.33679,3.68459,29.9,47.82608696,24.11067194,0.0,2.608029087,2006.674198,3.1,10.956853,0.0,3.14651943698073,0.0,0.0,34.74278656,13.90810276679842,0.1432806324110672,0.20066741983838246,3.04375924126254,823.61268562648,4.7775088064712,19.95,GMB,冈比亚
-5.812879006,0.029399795769268842,98.44081582,10.39134459,2381.00529,,2594.01657,,43.487,,5.660377358,18.9,0.007908105371576157,0.25833973110476,2.684687794,5.197,25.78,1.8,0.54214686,25.8,73.18740467,1.79678,6.51173,31.5,48.51778656,25.09881423,0.0,3.76193144,1953.517993,3.23,10.35287579,0.0,3.050213187418568,6.511726642924912e-07,0.0,34.17628458,13.93774703557312,0.1432806324110672,0.19535179928774735,3.05951907901531,823.28581822202,4.7775088064712,19.95,GMB,冈比亚
4.030268925,0.010266124958841822,96.08646308,12.89394118,2785.730127,,2571.822011,0.541196572,43.518,,13.20754717,19.9,0.008434945268116945,0.2593174109460444,2.693123485,5.377,31.85,1.9,0.5868997,25.5,73.89419562,2.43678,9.46368,27.8,46.54150198,26.08695652,0.0,6.422433213,1901.609459,3.05,10.81131529,0.0,2.969163462982958,1.267739639239331e-06,0.0,33.60978261,14.054347826086955,0.1432806324110672,0.19016094588589963,3.07113420780222,837.4873562882,5.28331819345083,19.96,GMB,冈比亚
4.164563977,0.01871295125312772,98.66732334,94.19011414,2915.207375,2392.812707,2670.171954,-3.152280704,43.543,46.16,13.20754717,19.1,0.0090342304587534,0.26042859116567324,2.732402056,5.557,36.92,1.9,0.78081375,25.9,74.57234104,3.308,10.7937,34.8,47.23320158,26.97628458,0.0,2.605675086,1850.353294,2.94,11.31497811,0.0,3.048852367712075,2.4671377254963884e-06,0.0,33.04328063,14.317193675889328,0.14031620553359683,0.1850353294122291,3.12036642133536,869.56515832385,5.28331819345083,19.96,GMB,冈比亚
-5.03011453,0.00681131918411123,101.2292606,4.113805283,2712.224106,2282.147527,2545.717055,-4.22219702,43.475,,13.20754717,17.6,0.006144785443156442,0.261154371498653,2.781210107,5.737,37.35,2.0,0.81679177,26.2,75.24828658,3.799,14.8454,30.5,47.92490119,27.96442688,0.0,2.690589172,1799.600129,3.05,10.80745806,0.0,2.992389785969438,3.5992002577027385e-06,0.0,32.47677866,14.359683794466404,0.14031620553359683,0.1799600128851369,2.93415913499738,877.95254259011,5.28331819345083,19.96,GMB,冈比亚
-3.352217018,0.010435318929643493,94.18467373,1.303203998,2204.193939,2305.538936,2677.964089,-6.223246232,43.253,,13.20754717,15.5,0.0094231094569448,0.26203086968561895,2.852561853,5.917,44.0,2.0,0.88458723,26.7,75.92200987,5.23769,23.5732,38.1,49.01185771,28.95256917,0.0,2.796143067,1748.990687,3.2,10.74741388,0.0,3.160498463297793,4.080978268790719e-06,0.0,31.91027668,14.42687747035573,0.14031620553359683,0.17489906866245938,2.85713807309518,867.21713629268,5.28331819345083,19.96,GMB,冈比亚
0.096337244,0.010158606741209079,95.20082054,4.414824902,2065.321759,2291.356676,2753.754155,-6.19477968,43.126,,9.433962264,13.7,0.005597734090870832,0.2631169107711406,2.901570356,6.097,36.46,2.0,0.70619458,26.5,76.59349285,6.20504,45.3269,39.8,49.01185771,29.94071146,0.0,3.103633011,1698.971669,3.22,11.0744845,0.0,3.181126153894128,6.795886676324376e-06,0.0,31.3437747,14.515810276679842,0.14130434782608695,0.25906879702612,3.45992974615314,866.51859826941,5.32321176161773,22.58,GMB,冈比亚
3.21187607,0.008964205540535205,102.8959665,2.475845868,2622.012844,2188.822926,2560.65441,-0.402650265,43.287,,9.433962264,12.0,0.00786653555774075,0.2644142647476252,2.906646313,6.277,43.22,2.0,0.7288478,26.6,77.26290062,6.88,64.1491,41.5,55.92885375,36.75889328,0.0,3.237946159,1650.299364,3.09,11.76729379,0.0,3.210259109798963,7.701397033421862e-06,0.0,30.77727273,14.567193675889326,0.14130434782608695,0.22003991524062466,3.45303965209397,841.40664689975,5.35996500927211,25.12,GMB,冈比亚
3.612386872,0.04551276829027843,99.99710001,4.513305353,2948.528597,2094.050239,2529.102314,1.931104127,43.415,,7.547169811,10.5,0.004332512030162272,0.26575459730621953,2.904298539,6.275,38.47,2.0,0.9055742,26.3,77.92950551,7.63,70.1538,43.2,61.46245059,42.29249012,0.0,3.362405917,1603.059064,3.09,12.55166915,0.0,3.347210970621645,8.549648342276622e-06,0.0,30.21077075,14.597826086956523,0.14130434782608695,0.21374120855691553,2.87930344188507,839.9442205736,5.35996500927211,25.12,GMB,冈比亚
2.873509505,0.044061571647996484,103.4473031,5.644330861,3229.058863,2080.38403,2486.153461,1.133911817,43.452,,7.547169811,9.7,0.0071128673746605475,0.26698847209895,2.9073793,6.232,45.39,2.0,0.91823167,26.5,78.59383697,9.2,76.7323,46.8,63.63636364,44.46640316,0.0,3.090206861,1557.123059,2.92,13.29326391,0.0,3.546604787836443,9.342738356612323e-06,0.0,29.64426877,14.575098814229248,0.14130434782608695,0.25952050990589787,3.10541400221688,818.68842076632,5.35996500927211,25.12,GMB,冈比亚
-10.77726091,0.07235614903626465,95.17063996,4.572123504,2218.055593,2126.194237,2531.906801,-7.671352279,43.029,45.78,7.547169811,9.5,0.006441381790834866,0.26727708258560406,2.923376927,6.336,33.81,2.0,1.04374862,26.8,79.25553925,10.8703,70.6308,48.3,63.63636364,44.46640316,0.0,4.570765179,1512.261416,3.24,12.2124625,0.0,3.620539489621486,9.577655631863146e-06,0.0,29.07786561,14.54644268774704,0.14130434782608695,0.2677486334197675,3.10200068163289,766.8171739473,5.35996500927211,25.12,GMB,冈比亚
2.186458971,0.08904563823446364,87.13948654,3.845160214,2301.271743,2171.176208,2554.045926,-6.557071527,42.988,,7.547169811,10.2,0.005506733158980426,0.2681168854688037,2.945919358,6.443,37.11,2.0,1.20622373,26.4,79.91493851,12.4492,74.7,49.9,63.63636364,44.46640316,0.0,5.903301104,1468.361221,3.13,12.85258718,0.0,3.4286759615870332,9.78907480517294e-06,0.0,28.51146245,14.543478260869566,0.14130434782608695,0.2501930865638096,3.56496591594957,765.56204729176,5.35996500927211,25.12,GMB,冈比亚
-0.096616308,0.09741136898104756,94.81814086,5.933131381,2160.106656,2138.002826,2580.219274,-7.059356592,43.392,,7.547169811,11.1,0.00568659127625204,0.2687492275955167,2.928941434,6.551,45.65,1.9,1.08376527,26.7,80.57119688,14.0,87.8808,51.5,63.63636364,44.46640316,0.0,6.036871056,1425.977508,3.01,13.2218123,0.0,3.3138564131259782,9.506516717209647e-06,0.0,27.94505929,14.547430830039524,0.14130434782608695,0.24529142892452777,2.70849499899733,774.1632364353,5.35996500927211,25.12,GMB,冈比亚
-4.172586098,0.10167050983769506,96.26061308,5.211723107,1788.299765,2218.504139,2529.177748,-6.877587197,43.934,,9.433962264,11.9,0.005204652059371595,0.26919633287257083,2.844758394,6.684,46.24,1.9,1.09228694,27.3,81.22417926,15.56,105.505,53.0,63.63636364,44.46640316,0.0,5.367388189,1385.983457,3.34,13.03573083,0.0,3.561912417424343,9.701884198310207e-06,0.0,27.37865613,14.553359683794469,0.13932806324110672,0.26516846351721945,2.95126837333973,811.92449611115,7.58832664517386,30.87,GMB,冈比亚
1.251372481,0.08344358716365356,89.98780794,9.720362427,1796.425808,2574.355292,2423.305722,-3.902280613,44.378,,9.433962264,12.6,0.006312324213755938,0.2700243512222138,2.734288399,6.817,41.96,1.9,0.99829203,27.8,81.87375115,17.6,122.079,54.7,63.63636364,44.46640316,0.0,5.695464463,1348.600086,3.48,13.5647304,0.0,3.547527426732893,9.8897339616611e-06,0.0,26.81225296,14.549407114624504,0.13932806324110672,0.2643184242596972,3.55639273005512,795.2760050549,7.58832664517386,30.87,GMB,冈比亚
-0.701007891,0.07072712739631405,87.42975706,7.820622749,1718.690415,2910.073096,2292.274238,-5.127966475,44.809,35.92,9.433962264,12.8,0.006590335233679134,0.27085532731200046,2.628194051,6.95,52.33,1.8,1.2897681,28.2,82.51964057,19.9,124.274,56.4,63.63636364,44.46640316,0.0,6.686377353,1313.617971,3.45,13.8283419,0.0,3.483529918771424,9.633198453959223e-06,0.0,26.24505929,14.576086956521738,0.13932806324110672,0.2595525204169073,3.1541714385058,815.48914558948,7.58832664517386,30.87,GMB,冈比亚
2.208075467,0.08239698337254724,93.89029183,3.92171862,1606.014351,2659.530425,2440.388195,-6.328755935,45.339,,10.34482759,14.2,0.005079986116808044,0.271981466909801,2.525881385,7.083,46.96,1.8,1.06097889,28.6,83.16205593,22.5,126.634,56.2,62.64822134,43.47826087,0.0,6.617679575,1280.853082,3.29,14.49522907,0.0,3.455140227713393,9.3929226035986e-06,0.0,25.67885375,14.568181818181818,0.13932806324110672,0.2519429900832085,3.44417988072555,841.19574158656,7.58832664517386,30.87,GMB,冈比亚
4.667874305,0.0837986488746397,95.32352341,6.951764038,1649.288575,2561.972207,2551.236825,-8.083325297,45.833,,10.34482759,15.0,0.005117096753940009,0.27341025623929005,2.422943009,7.216,35.71,1.7,1.04798186,29.1,83.80088814,28.3,132.578,60.3,62.64822134,43.47826087,0.0,2.770953945,1250.191696,3.24,15.543943,0.0,2.747287962582808,9.168072437773793e-06,0.0,25.11264822,14.552371541501977,0.1541501976284585,0.24762076018322807,3.22018611656921,827.86868816247,7.58832664517386,30.87,GMB,冈比亚
3.74848296,0.07333441180132379,94.64963268,6.252206399,1648.441831,2824.895075,2619.493291,-2.044452216,45.613,,10.34482759,16.8,0.006137364525095945,0.2749397194123843,2.35622072,7.349,51.16,1.6,1.28750503,29.6,84.4361947,31.1183,105.205,62.1,62.64822134,43.47826087,0.0,2.861239344,1221.07875,3.24,16.5110954,0.0,2.745236860038993,1.0989708748296596e-05,0.0,24.54545455,14.539525691699604,0.15513833992094864,0.2128747287170044,3.01518184280843,833.92868788943,7.58832664517386,30.87,GMB,冈比亚
-1.763187113,0.03366128454162439,96.7333499,2.188758959,1716.410208,2988.043415,2523.428297,-4.776218486,44.891,,8.620689655,18.0,-0.0001396929858599183,0.276304758891345,2.368661292,7.482,60.99,1.6,1.9513855,,85.06803269,34.2172,106.448,62.2,62.64822134,43.47826087,0.0,3.080133319,1192.495388,3.19,16.60875643,0.0,2.412789155668106,1.0732458492216781e-05,0.0,23.97924901,14.535573122529645,0.15513833992094864,0.17569432050221545,3.0579365899503,817.37411112579,7.58832664517386,30.87,GMB,冈比亚
2.793045884,0.01638401069065237,100.645132,7.382122856,1882.079955,2941.558011,2554.808272,-4.313331603,44.677,38.76,8.620689655,18.9,-0.008863982116799729,0.2780800540370573,2.367747784,7.482,80.5,1.5,1.28643787,,85.69631167,37.6247,108.847,63.7,62.64822134,43.47826087,0.0,2.930407385,1164.591752,3.11,17.48170748,0.0,2.702728136989235,1.0399804348585604e-05,0.0,23.41238142,14.522727272727272,0.15513833992094864,0.19720420339983152,3.14869888178045,807.57725373545,7.58832664517386,30.87,GMB,冈比亚
3.07381399,0.018142773876855617,99.91286464,8.817075804,2004.400805,2903.540894,2586.638909,-4.093504272,44.71,,8.620689655,18.3,0.015850392344197717,0.27994477464185064,2.319921098,7.482,78.46,1.4,1.54287362,,86.32124169,44.0389,106.782,65.4,62.64822134,43.47826087,,,1137.885127,3.16,18.44197736,,2.717236193912936,1.0616468232143736e-05,0.0,22.8459585,14.51778656126482,0.15513833992094864,0.19799201204641054,2.95175896456682,,7.58832664517386,30.87,GMB,冈比亚
3.507226841,0.1204737252713433,102.4297052,13.71918396,2115.605004,3040.483584,2626.082224,-5.039896725,44.469,,8.620689655,16.8,0.0154334787770396,0.2818190073929377,2.301240497,7.482,,1.4,1.29954684,,86.71557398,45.9137,,66.9,62.64822134,43.47826087,,,,,,,2.823016410566819,1.0378654073899723e-05,0.0,22.27923913,0.0,,0.2064610828272195,,,7.58832664517386,30.87,GMB,冈比亚
1.266924337,0.3228675543401814,92.98039962,34.81794407,,,,-8.042861874,65.459,,9.0,14.8,0.004540841775744209,0.42096776680835474,2.663105441,5.719,117.26,2.5,0.84126645,25.8,66.27248108,0.200008,1.20889,44.8,56.68467434,16.66971126,2.04512627,9.588187479,1502.449364,4.65,20.68870308,0.558497541,4.838371084130036,0.0,5.969054394919757e-07,38.49012042,0.1670475520787553,0.028698250856992177,0.25784609553326765,8.76269041726404,649.29991878811,14.5569662239042,78.41,GHA,加纳
1.665263905,0.3000228091286506,92.55673939,22.81858472,,,,-1.70668469,66.055,,9.0,13.4,0.005239456877215387,0.42357212861276944,2.7501377,5.995,148.88,2.4,0.65024012,25.9,67.28702366,0.830284,1.86583,46.8,57.35466072,16.88179045,2.292808775,10.06840281,1461.692936,4.43,21.053775,0.517287395,4.68207265682826,0.0,5.807133903186143e-07,38.0920893,0.1671354487123143,0.028478509273094848,0.2653238002009514,9.05382644206787,651.33875302884,14.5569662239042,78.41,GHA,加纳
2.397606595,0.3044784712755815,92.99213244,28.70440721,,,,1.332245334,66.707,,9.0,12.6,0.005195114888688179,0.42596542516788394,2.699996233,5.939,149.24,2.4,0.94345516,25.6,68.30364357,1.19306,3.73546,48.3,55.33589347,17.09386965,0.944846306,14.2031675,1422.755304,4.01,21.5835966,0.430091347,4.410299066428434,0.0,5.652439278616105e-07,37.69405819,0.1654654126746945,0.028302716005976974,0.2770381615371955,8.01951205278266,646.38215983986,14.7129457127801,79.15,GHA,加纳
2.839829959,0.27585685367524504,92.68617617,14.35015113,,,,-6.645203446,67.349,,10.86956522,12.0,0.0051174297624292375,0.42817479439872275,2.648564224,6.306,173.48,2.3,0.9509024,25.4,69.3225909,1.7168,7.75095,50.8,52.16477938,17.30594928,0.707191324,11.07777916,1385.567363,3.75,22.22534491,0.546173547,4.889527582859319,0.0,5.504695968890675e-07,37.29602707,0.162125340599455,0.02522633383141426,0.29723392282289185,9.76248690813227,638.57356689872,14.7129457127801,79.15,GHA,加纳
3.158610995,0.2607829277679386,96.27099921,14.9637184,,,,-10.28063187,67.969,,10.86956522,11.1,0.005428552161305555,0.43015722709851356,2.622757231,6.851,189.04,2.2,1.756845,25.5,70.34283807,1.8312,12.8046,41.3,53.26351235,17.51802848,1.250103253,9.479504945,1349.699712,3.5,22.96540175,0.614659667,4.840141101355672,0.0,5.362198013469201e-07,36.89799596,0.1621692889162345,0.025533972048870524,0.28953954214800387,8.95681300229278,631.76707943294,14.7129457127801,79.15,GHA,加纳
3.669508041,0.17845311423022572,90.61350272,84.68347182,1281.357981,5044.662523,4075.103821,-5.056607765,68.571,42.76,10.86956522,10.4,0.005650759582816356,0.43194217780343674,2.599672365,7.204,188.01,2.1,1.65231752,24.6,71.3651562,2.72318,22.6002,55.1,52.93043992,17.73010767,1.593944707,5.039195304,1315.064098,3.57,23.85617292,0.387616897,4.5666804716917,0.0,3.7318534282462396e-07,36.49996484,0.1623011338665729,0.026500835018018813,0.29078975111088196,7.784030427373,623.80214809606,14.7129457127801,79.15,GHA,加纳
1.691717775,0.16896695923322913,100.9195961,16.10424059,1280.727716,5156.946206,3882.868603,-9.581309614,68.361,,10.86956522,9.2,0.005118799499791438,0.43370780794863306,2.577428818,7.76,234.56,2.1,1.63629603,24.0,72.38928208,3.85,32.1629,56.9,54.81344818,17.94218687,1.436819302,6.285396405,1281.602336,3.37,24.31696398,0.361349784,4.6348598601294695,0.0,3.6368965423299506e-07,36.10193373,0.1605432011953942,0.026720576601916148,0.28237060187810153,10.1129120203778,608.16952661971,14.7129457127801,79.15,GHA,加纳
6.414669925,0.18375569501320435,102.9633686,19.41027109,1411.289854,5567.089957,3729.419547,-11.60216351,68.271,,7.894736842,8.1,0.0049102551342026235,0.43535639213382166,2.537779829,8.258,254.85,2.0,1.64284575,23.9,73.41521381,4.27,47.7132,60.5,52.75890261,18.15426606,1.403151116,6.602594533,1249.487318,3.32,25.94145899,0.431696994,4.873640423814266,0.0,5.673218257751996e-07,35.70390261,0.1588731651577744,0.026500835018018813,0.3051553186963798,10.766277632745,596.05432700417,14.7129457127801,79.16,GHA,加纳
2.260688935,0.22419527710593182,96.57916073,15.66656862,1556.932801,5600.42249,3521.390649,-7.283142833,68.053,,8.260869565,6.9,0.005777675063554311,0.43667528950236384,2.495284986,8.346,307.36,2.0,2.04712129,23.9,74.44220773,5.44,60.7695,61.1,54.10242331,18.3663457,2.042374142,7.636070773,1218.694827,3.22,26.59649656,0.228270195,5.556953047245076,0.0,5.533406894639287e-07,35.3058715,0.1592247516920102,0.025929506899885733,0.30165713537374755,8.39786736191715,583.11481004245,14.7129457127801,79.19,GHA,加纳
5.306175082,0.2472229688722541,100.6831939,16.59564473,1704.033284,5696.487851,3463.981975,-8.532733057,67.977,,8.260869565,6.9,0.006056328781512521,0.4374778876305962,2.43301424,8.625,355.3,1.9,2.26015067,23.7,75.47126794,7.8,68.4473,64.2,54.49783774,18.57842489,2.899057325,5.871840667,1189.401607,3.3,28.07642141,0.199727157,5.612126057697626,0.0,5.400402881205668e-07,34.90784038,0.1589610617913334,0.025885558583106264,0.3664538967721093,7.51635038693676,570.94604458597,14.7129457127801,79.19,GHA,加纳
11.33704178,0.32501481756598705,99.61224362,13.91482218,1717.990422,7301.041146,3573.356939,-9.002581734,68.756,,8.260869565,7.3,0.005220483873598969,0.43779143415803007,2.404971455,8.903,409.64,1.9,2.35423017,23.4,76.50164048,9.0,81.1104,64.1,54.09091017,18.79050409,4.038433316,5.678583555,1161.138066,3.04,31.26872887,3.150231039,7.19628629484386,0.0,5.272074054576861e-07,34.85291377,0.1578184055550672,0.02716005976971082,0.41981637364089364,8.64478467293269,559.12379997489,14.7129457127801,79.19,GHA,加纳
6.679747406,0.3283605873179301,95.48187666,15.20527874,1744.558246,7542.943218,3790.30179,-11.90092376,69.474,,,7.7,0.00613467062661277,0.43791417816264877,2.41990908,9.115,514.3,1.9,1.97869766,23.3,77.53309549,10.6,95.8262,56.5,54.27765843,19.00258328,3.392977753,6.555686067,1133.376833,3.12,33.33991281,2.303273024,7.195048851477584,0.0,5.146025931837745e-07,34.79798717,0.1491166388327327,0.02716005976971082,0.4156354965843838,8.27006944578329,544.18984706371,14.7129457127801,79.19,GHA,加纳
4.757963385,0.21882157720700326,85.1059489,54.01291176,1843.461087,7356.945601,4123.270347,-9.076249539,70.094,42.37,10.90909091,8.0,0.006484393902734142,0.43806965064476105,2.409279309,9.228,580.35,1.9,1.85814357,23.4,78.56515269,15.0,102.338,70.7,54.77312165,19.21466248,2.332857159,4.548138357,1106.396935,2.93,35.18611751,1.817182273,7.429845686824899,1.0954425100268592e-06,5.023525409197985e-07,34.74306056,0.1305704491517975,0.027907181154961765,0.4443722831428231,6.88120197606596,530.237868719,14.7129457127801,79.19,GHA,加纳
0.452244094,0.2417219168109747,80.20769178,23.93995876,1906.161522,7551.088869,4349.397784,-6.756902721,67.363,,10.90909091,8.7,0.006971489013894994,0.4315573095849908,2.364985531,8.935,623.17,1.8,1.40883136,24.0,79.59783537,19.0,108.27,78.3,54.38452492,19.42674211,2.863423385,5.978564403,1080.537795,2.89,35.57084653,1.813945993,7.365012777239768,1.7117430422637914e-06,5.826009922015127e-07,34.68813395,0.1306583457853564,0.029225630658345787,0.4378121277850416,6.71331001397225,518.39775322611,14.7129457127801,79.19,GHA,加纳
-0.20832582,0.2087715770307357,81.14822016,13.25296668,2000.69441,7797.974162,4491.174239,-5.711615603,64.54,,10.90909091,9.4,0.005459001782531114,0.425166193500796,2.307127331,9.313,786.31,1.8,1.5937829,24.4,80.63116087,23.0,121.997,74.0,54.56409642,19.63882131,2.112531464,7.041402387,1055.89379,2.95,34.36751159,0.735210009,8.581814967132448,1.0593785880351274e-05,5.693135143849674e-07,34.63320735,0.1303946558846796,0.029225630658345787,0.4966886695766124,9.66826874647357,514.20007723481,14.7129457127801,79.19,GHA,加纳
1.047044067,0.19838209622842515,80.03486574,15.74862031,2030.425121,7959.135064,4429.086019,-5.044240206,64.488,,10.90909091,9.5,0.005492679066086303,0.4192855937487886,2.276212039,9.249,1008.0,1.8,1.3003906,24.6,81.66514562,28.0,130.481,79.3,54.31107585,19.8509005,1.007866778,6.639782215,1032.130882,2.87,35.27857238,0.560456776,8.573111780104679,1.168385783408799e-05,5.565011036343884e-07,34.81691131,0.133163399841786,0.029225630658345787,0.5437621054134686,8.92687972476206,505.17686258389,14.7129457127801,79.19,GHA,加纳
5.780945858,0.22911163689123043,83.22909574,10.67730823,2139.040714,8839.078034,4385.808893,-3.316430275,64.603,43.51,12.72727273,8.8,0.004832971254053797,0.41359469433078533,2.195357928,9.155,1116.58,1.7,1.63058531,24.9,82.6995725,37.8842,122.472,79.0,53.10698734,20.0629797,1.412683297,6.214325369,1009.718827,2.63,38.14633045,1.599569389,8.386589011289338,1.3096353102206138e-05,5.444170420713512e-07,35.00061528,0.1357124022149951,0.02913773402478685,0.5122107321181295,8.34346916491746,494.8912794481,14.7129457127801,79.19,GHA,加纳
4.018953383,0.222169841351045,79.33939153,10.5684825,2354.804179,10159.11675,4198.234438,-3.03986603,63.191,,12.72727273,7.5,0.004841059706403028,0.4057544026397642,2.075171366,9.132,1363.5,1.7,1.37083328,25.3,83.73446779,43.0,133.61,80.4,53.69403885,20.27505933,1.562550289,3.988044289,988.9813443,2.8,40.51143257,2.55545415,8.199806736184431,2.1542167896066223e-05,5.613009168180195e-07,35.03234596,0.137294541619056,0.028830095807330577,0.5879246608373343,7.36121299563481,486.50520408734,14.7129457127801,79.19,GHA,加纳
4.390631335,0.22922307704669448,83.27832742,8.481070297,2606.042163,11250.93333,4223.981289,-2.726993758,61.758,,13.09090909,6.6,0.004942467803797923,0.39787324876127456,2.0078052,9.409,1656.45,1.7,1.9720608,25.7,84.76961503,22.0732,130.705,83.5,54.84907376,20.48776881,1.645064467,3.630996638,969.3225411,2.78,43.14782537,2.695343116,8.731749237618333,2.3161370289368372e-05,5.50143472519306e-07,35.06515538,0.1440230647862068,0.03507183573371775,0.5246927774433846,7.15927866060533,475.3829959611,14.7129457127801,79.19,GHA,加纳
-1.468308017,0.2067185120218212,85.30099076,9.365574966,2840.780677,11708.9861,4192.403387,-3.048163134,59.656,,13.09090909,5.7,-0.0022651462260492305,0.3867915164695072,1.991819851,9.525,2076.52,1.6,2.52818918,,85.80527952,62.5176,126.887,85.4,55.39375027,20.70012746,1.93832675,3.758551957,950.2063939,2.97,43.36958002,1.469436921,10.075622233128202,2.9917389432431684e-05,5.392940151388262e-07,35.09739375,0.1429701577813914,0.03423724344042544,0.6028144990143413,8.585267468293,465.90391145181,14.7129457127801,79.19,GHA,加纳
3.0380027,0.1852121900735509,85.56091408,12.10610163,3189.597454,12264.94657,4354.016458,-2.820557414,58.456,,14.54545455,5.6,-0.00035764822964123866,0.3811997509737869,1.959045844,9.655,2559.56,1.6,2.09936643,,86.84125275,68.6,124.403,86.3,55.39301991,20.69985453,4.359771419,3.853234098,931.7725682,2.88,45.57122219,2.608793505,10.81635099841897,5.0740090345037236e-05,5.288318124249565e-07,35.12867716,0.1460447495528121,0.034412590701129064,0.6521351240895036,8.32728169958945,456.96262438744,14.7129457127801,79.19,GHA,加纳
1.830512477,0.23371527279554613,84.37951668,28.18387281,3268.782703,9954.009916,4964.770544,-2.331264846,57.404,,14.54545455,5.9,0.014933266963257807,0.3751191885692883,1.920290343,9.515,3075.26,1.6,2.03708911,,87.87755208,69.3607,120.803,85.1,55.39301991,20.69985453,,,914.0505314,,47.30513876,,10.446430356725374,5.098169630402612e-05,5.348986023491642e-07,35.1604431,0.1507473641186113,0.034412590701129064,0.6196283010497523,8.56161578248837,,14.7129457127801,79.19,GHA,加纳
1.190223042,0.20736923215044534,90.72945509,40.1057982,3406.331954,9583.154801,5078.990851,-0.911884131,57.397,,14.54545455,6.3,0.0038623057352176193,0.3769719847161917,1.908602897,9.515,,1.5,1.86317766,,88.8910496,69.9445,98.8059,89.5,55.39301991,20.69985453,,,,,,,10.777314704868896,5.564119761876984e-05,5.089661513164145e-07,35.19219586,0.0,,0.6390244577395336,,,14.7129457127801,79.19,GHA,加纳
2.309470745,0.17718945801463834,58.27027654,1.752426319,441.8983309,11946.61857,3344.923721,-1.442602871,61.4,,8.771929825,18.0,0.0047500953834413995,0.35219193064136134,1.309811432,4.654,14.28,1.5,0.37107071,30.7,50.50363731,0.175542,0.651877,16.4,57.22975745,11.15090347,0.723255905,7.567519804,26463.82419,8.9,9.633451357,0.0,2.9634201157485363,0.0,0.0,28.0522546,1.0089125834282924,0.0067963535731727165,0.15222553735614686,5.52185920910184,898.37753323308,10.4086816941304,25.51,GIN,几内亚
3.538704716,0.1648220562842992,60.32224071,0.432772377,457.7145074,12122.95055,3344.550167,-4.640742534,61.486,,,17.8,0.010081831817577713,0.35116829869636684,1.558133038,4.942,10.4,1.6,0.64011806,30.2,51.2523027,0.402023,1.04648,17.7,57.37269657,11.15497314,1.248601897,8.359853426,26054.67839,8.55,10.05426582,0.0,3.034537585016341,0.0,0.0,27.90574638,1.0132671333224808,0.0067963535731727165,0.14987204386039948,5.64253104757008,908.7180166254,26.5795564533827,54.23,GIN,几内亚
-0.996648465,0.1211899787290195,53.22908492,15.91069656,477.2372235,11221.7784,3202.378149,-3.686670762,60.818,43.0,19.29824561,16.9,0.007312030075187881,0.34823100694290615,2.242518772,5.231,5.66,1.6,0.42212996,30.3,51.99962532,0.45096,1.25694,18.9,57.44190949,11.15904281,1.016285734,12.24593916,25476.89995,8.5,10.10329748,0.0,3.019384850862472,0.0,0.0,27.75923816,1.0168484453849909,0.006837050301155788,0.1465485395254375,5.38720689280816,909.94026343254,26.5795564533827,54.23,GIN,几内亚
0.172593566,0.14035702099656575,55.18444206,16.52158332,493.7519928,10639.01127,3137.363098,-3.062763758,60.145,,19.29824561,16.4,0.0072029707589245096,0.3451034490064027,2.140711575,5.519,10.91,1.7,0.24164158,30.6,52.74522812,0.508819,1.7092,20.2,57.4635398,11.16311249,0.233688275,10.36629456,24937.30915,8.43,10.26259821,0.0,3.113040452352553,0.0,0.0,27.61272994,1.0214064789190946,0.007366107764935699,0.15447890623637964,6.43017624810206,911.78779609868,26.5795564533827,54.23,GIN,几内亚
0.957366357,0.1991841791041236,55.40910461,27.39084537,505.1912455,10102.49506,3076.06532,-3.744102143,59.452,,19.29824561,16.4,0.00828161185734122,0.3415843918629819,2.000419546,5.921,6.9,1.7,0.26129073,30.7,53.48909999,0.542254,2.04416,20.2,57.50210402,11.15497314,1.216786719,14.04477028,24443.41479,8.25,10.4919326,0.0,3.13181640946998,0.0,0.0,27.46622172,1.0206332410874166,0.007406804492918769,0.15141938367119323,5.48894746041364,913.07004215686,28.0753951831465,56.75,GIN,几内亚
-0.903894697,0.2447855787275332,97.17426659,37.58406147,522.5611251,9405.688099,2856.009593,-5.245235997,58.792,,19.29824561,16.8,0.00832383962368155,0.33831364774560274,2.090586581,6.319,16.78,1.7,0.24835719,30.7,54.23157837,0.637492,,22.8,57.79302255,11.41979692,0.97443803,8.40648466,23937.70857,8.13,10.18541401,0.0,3.151295127977909,0.0,0.0,27.3197135,1.0229529545824516,0.007406804492918769,0.14828669028449967,4.94389069504454,924.15070647008,28.0753951831465,56.75,GIN,几内亚
4.373078215,0.19150201526357788,100.5994359,13.61887015,536.6659232,8768.191512,2888.217599,-7.236483883,58.205,39.36,19.29824561,17.2,0.006523917995444162,0.3356359642200429,2.314972964,6.545,14.11,1.7,0.24066733,31.1,54.97229521,0.780025,20.699,24.1,58.31887148,11.94058725,1.083622469,7.61877731,23389.92211,7.73,10.45504043,0.0,3.237853876373207,0.0,0.0,27.17320527,1.0245401269737917,0.007325411036952629,0.13850190457098072,6.41519863493232,930.09896583691,28.675321194848,58.45,GIN,几内亚
1.644173882,0.1927003614604887,94.68561088,16.70512702,563.5371864,8512.777353,2791.920967,-6.292341684,57.557,,,17.7,0.008509405608965848,0.3331787365628602,2.41908605,6.771,12.04,1.7,0.26959306,30.7,55.71123709,0.92,27.7809,25.4,58.92892683,12.46224117,1.85982948,7.424719052,22830.88878,7.47,10.47807177,0.0,3.202195628426177,0.0,0.0,27.02669705,1.0264528731889957,0.0072847143089695586,0.13132812129061197,6.53893327586216,931.62550331728,28.675321194848,58.45,GIN,几内亚
-3.507583027,0.15632198860197127,103.4771443,1.771030087,526.6836867,7468.728605,2833.633069,-6.005146412,56.849,,,18.4,0.006265371703498834,0.3307024948109801,2.441584894,6.917,11.83,1.7,0.26025116,30.6,56.44839907,0.94,34.3963,26.7,58.46258953,12.03872904,2.001512538,6.940723365,22280.20333,7.7,9.985251534,0.0,3.305495472167673,5.915098229078741e-07,0.0,26.88018883,1.0271447175647077,0.0072847143089695586,0.13801895867850397,5.73194182679072,932.7905758079,28.675321194848,58.45,GIN,几内亚
2.267130393,0.2146358870135598,92.53876898,16.10260337,635.7969152,6818.837408,2819.215928,-4.769702591,56.142,,,18.1,0.0067615785342181045,0.32817196779634183,2.4592931,7.063,11.55,1.7,0.36297843,31.0,57.18409746,1.0,38.476,28.1,61.28897729,14.826577,4.188228154,4.948325053,21738.9506,7.71,10.10011594,0.0,3.758539888096147,5.771402814482296e-07,0.0,26.73368061,1.023807585870096,0.007366107764935699,0.13466606567125358,5.94632547806904,933.74112322901,28.675321194848,58.45,GIN,几内亚
3.028260488,0.21119690834938595,96.69685922,8.999290643,688.9834284,6195.989508,2910.529918,-17.11652934,55.492,,,17.2,0.006149102443692378,0.3257309645194012,2.476973527,7.209,10.5,1.7,0.51036745,30.6,58.36031436,2.0,45.6102,29.5,61.49148502,14.92995564,3.169798584,6.340012732,21207.09668,7.39,10.30674539,0.0,3.782988932161843,5.630202659144716e-07,0.0,26.58717239,1.0246215204297575,0.006430083021325085,0.26617106122751555,6.07495323195524,930.34448943379,28.675321194848,58.45,GIN,几内亚
3.34759059,0.2524206275064284,94.37802239,11.51596111,732.2138871,5863.980704,2947.774975,-13.597983,54.928,33.730000000000004,,15.5,0.005970622424178451,0.3233506211234436,2.454161563,7.21,11.65,1.7,0.51431388,29.4,59.54589892,3.1,51.1345,26.2,63.33148462,16.92221797,2.673909801,7.063800197,20692.97476,6.93,10.55983543,0.0,3.540584213947982,5.493710113947787e-07,0.0,26.44066417,1.0225052905746377,0.006389386293342016,0.2363178469307695,5.87900911011388,925.43968141544,28.675321194848,58.46,GIN,几内亚
1.435321962,0.2251506520169666,103.9912473,4.329356461,794.3927725,5142.688764,3097.399178,-14.20347249,54.234,,,14.2,0.005987709438521005,0.320826103012427,2.444714985,7.403,10.51,1.7,0.48858824,29.5,60.74079328,4.5,66.4453,32.2,63.6899243,17.26916083,1.71490572,7.48849772,20193.22414,6.49,10.62928909,0.0,3.046149073118939,8.935054927803417e-08,0.0,26.29415595,1.021935536382875,0.006389386293342016,0.2085599340700167,4.99006825989194,915.21897329826,28.675321194848,58.46,GIN,几内亚
1.156309675,0.23534843841463457,100.5783695,2.615897706,837.1860164,4984.000012,3065.792847,-11.1827727,53.521,,21.92982456,13.6,0.0021232531022119527,0.31823099324984633,2.480193464,7.595,20.42,1.7,0.61152339,29.8,61.9449534,6.4,75.6869,33.5,65.2257594,18.69725134,2.041045018,8.324118371,19698.55287,6.35,10.68424627,0.0,3.110287152821219,8.716173836765588e-08,0.0,26.14764773,1.0217320527429594,0.006389386293342016,0.21212768506093127,5.19075710454246,915.03521392143,28.675321194848,58.46,GIN,几内亚
1.230534126,0.2025198024843629,105.2856276,2.972284899,891.7501952,4849.15918,3271.018977,-11.6007987,52.804,,21.92982456,13.6,0.005522655042461855,0.31566218268438956,2.531512776,7.739,27.61,1.7,0.42931107,29.9,63.16257054,9.2,91.4756,34.9,66.08869852,19.51017825,1.209542127,9.121038694,19206.14053,6.37,10.76300345,0.0,3.495712301624907,8.498292268168711e-08,0.0,26.00113951,1.0216099625590105,0.006389386293342016,0.2351549706086562,6.30318144192714,913.37079056349,28.675321194848,58.46,GIN,几内亚
8.012162454,0.28082975511805197,100.4266018,5.668951633,943.1296752,5566.981257,3306.529437,-31.93283907,52.228,,21.92982456,14.0,0.010207430180141364,0.3129877089678399,2.566908693,7.886,38.66,1.6,0.66374409,29.7,64.3935453,13.1,92.0233,33.5,66.50921048,19.84833632,2.253772821,10.14635692,18719.41012,5.91,11.58303748,0.0,3.802941173531396,2.484877449985629e-07,0.0,25.8383526,1.0204704541754843,0.006348689565358946,0.2554968388217374,6.0754790234631,898.6739332059,28.675321194848,58.46,GIN,几内亚
7.515899921,0.44495376310575124,89.66061972,10.35650721,1121.157706,6541.632789,3305.768482,5.030185826,51.64,,21.92982456,14.0,0.0038468114207557136,0.31015305685389855,2.556523182,8.035,36.5,1.6,0.60066199,29.8,65.63775939,18.7,94.4641,35.4,67.28474605,20.50183054,2.145879885,8.397780456,18246.90959,5.66,12.4173523,0.0,3.675595901068127,4.0369269007002374e-07,0.0,25.67556568,1.0185984046882632,0.006552173205274296,0.24172801124267992,6.12327778166734,879.41888401502,28.675321194848,58.46,GIN,几内亚
3.687008739,0.3354971588055814,89.02260566,7.05908442,1181.09245,7136.259662,3386.864602,-1.606388734,50.989,,21.92982456,13.4,0.0055863067359276375,0.3072970837576489,2.543855729,8.187,27.85,1.6,0.61740124,29.7,66.89509955,21.83,94.555,45.0,67.97852149,21.08453239,1.691997215,5.37195882,17788.58876,5.29,12.84620138,0.0,4.290595237800532,6.296845579464854e-07,0.0,25.51277877,1.0135113136903793,0.007081230669054208,0.23461516111974914,5.78077077435606,861.69263866578,28.675321194848,58.46,GIN,几内亚
2.946402444,0.29346430454363137,88.60265686,9.402907663,1360.692581,7099.357979,3438.218409,-2.340424322,50.225,29.59,22.80701754,12.5,0.005690767745541336,0.3045513752665458,2.561004517,8.342,34.43,1.5,0.92095226,29.7,68.16513014,22.6255,98.7621,42.2,67.91184926,20.0183119,0.0,4.762981952,17338.80626,5.37,13.56776152,0.0,4.8327471397523265,1.1508057251203858e-06,0.0,25.34999186,1.0061859026534268,0.007488197948884911,0.31042377576903357,5.32430658948364,843.96501833965,28.675321194848,58.46,GIN,几内亚
2.066949976,0.6339125658429042,90.30922225,4.249980167,1307.334996,7774.555794,3485.406373,19.05606048,49.23,,16.66666667,11.1,-0.0004883881506929644,0.30302285145600055,2.551399536,8.5,40.58,1.5,0.77726084,,69.44836643,23.4499,103.17,44.7,69.09706455,20.15843521,0.0,5.321807972,16902.01981,5.39,14.2060692,0.0,5.305338550211871,1.5705416641145362e-06,0.0,25.18720495,1.0024011069510013,0.007325411036952629,0.342375278238283,5.46607606673216,829.73290926723,28.675321194848,58.46,GIN,几内亚
2.969210094,0.5998553268465746,86.68199568,11.98629786,1368.868285,7917.045273,3529.051967,27.17615881,49.564,,,10.4,0.00038753159224924616,0.30590511091743977,2.506104194,8.661,48.47,1.5,0.68109477,,70.74435606,24.3044,100.616,46.8,70.55332126,21.3538259,0.0,5.115552302,16483.70123,5.13,14.99909926,0.0,5.21888346073088,1.0940509665830885e-05,0.0,25.02441804,1.018679798144229,0.007366107764935699,0.314849998683492,5.43919740994018,814.58020828273,28.6753211952455,59.04,GIN,几内亚
1.42306328,0.4396183352204592,89.31374826,2.805582924,1402.032372,8124.925457,3429.29707,16.82653869,50.087,,29.62962963,10.4,0.017836390278409553,0.30862872414548503,2.482504091,8.661,47.18,1.4,0.72876471,,72.05328137,24.6954,108.885,47.7,71.9489195,22.58623026,,,16079.53021,4.95,15.59492466,,5.228929400532168,1.1383738201911514e-05,0.0,24.86163112,1.0375223832003908,0.007244017580986489,0.3119016151888096,5.52808526826024,,28.6753211952455,59.04,GIN,几内亚
2.975025025,0.4096821447626946,84.13841461,6.092505369,1456.384605,8339.233265,3412.105794,8.484258377,50.096,,29.62962963,11.4,0.0050966375430234745,0.31030779423480026,2.4619905,8.661,,1.4,0.80672276,,73.37436766,26.5014,,51.1,73.22924874,24.41840713,,,,,,,5.0636426076465,1.1801074425350153e-05,0.0,24.69884421,0.0,,0.30143062634271933,,,28.6753211952455,59.04,GIN,几内亚
-4.737069576,0.23473372621420222,83.95413454,6.875968797,,,,,62.216,,8.520179372,18.9,0.0006810265989531938,0.3536957352730606,2.675392917,5.513,81.14,6.4,0.50978333,25.3,69.17998965,0.395748,4.00764,49.7,60.58416981,8.805031447,0.0,0.0,4226.875391,3.98,20.70536272,0.3278053,6.157114582444487,5.500878957944296e-08,0.0,15.66529245,0.0424842767295597,0.00028301886792452826,0.32171207761432163,5.65919835323697,825.1898199318,22.6708360456949,47.06,CIV,科特迪瓦
-5.211739304,0.292172815111573,81.15614987,4.582137352,,,,,62.154,58.79,8.520179372,18.9,0.0022555806175623694,0.3540865765653194,2.583963509,5.62,78.97,6.0,0.54329485,25.4,69.56308278,0.497929,5.5056,51.4,60.9599434,8.805031447,0.0,0.0,4119.053512,4.33,19.7539587,0.668094519,5.854182383461663,5.360558969070164e-08,0.0,15.31030189,0.0428616352201257,0.00028301886792452826,0.3116234253961091,6.05122798914843,824.04326092571,22.6708360456949,47.07,CIV,科特迪瓦
-7.071018377,0.27235398581216613,81.80959197,3.278120693,,,,,62.072,,8.520179372,18.3,-0.001959490920378726,0.35447591498321984,2.492278811,5.727,99.37,5.7,0.5154925,25.9,69.94350239,0.75867,6.69626,51.5,61.08490881,8.805031447,0.014145971,0.0,4017.663918,4.15,18.46645246,0.781835571,5.056849209962389,5.228609991810951e-08,0.0,14.95531132,0.0423899371069182,0.00028301886792452826,0.30395288347906685,5.46296625852487,817.79731905815,22.6708360456949,47.07,CIV,科特迪瓦
0.712925867,0.29429309149548255,83.11742594,-2.50335752,,,,,62.169,,8.520179372,17.9,0.009641739400890303,0.3549071701964787,2.424971247,5.834,107.13,5.3,0.5599317,26.5,70.32155517,0.849282,8.54469,52.4,63.40360692,8.805031447,0.0,0.0,3921.408523,5.78,18.70286625,1.249160349,5.416039376397452,5.103342689461597e-08,4.695250795628476e-06,14.60032075,0.0425157232704402,0.0,0.32346215070170964,6.6632030897023,813.36927310626,22.6708360456949,47.07,CIV,科特迪瓦
-1.386648404,0.32021575207305386,85.22083415,1.21513494,,,,0.165122857,62.239,,8.520179372,17.6,0.009491903964265802,0.355454066276542,2.387489711,5.941,102.07,4.9,0.52909023,26.3,70.69616203,1.03924,11.7071,58.9,64.16558805,8.805031447,0.0,0.0,3828.894078,5.88,18.54678391,2.743029875,6.035188332424273,9.965887762776792e-08,4.71301656673273e-06,14.24533019,0.0429874213836477,0.0,0.3158309842739288,6.13189376937892,804.32806407817,22.8685463370411,48.06,CIV,科特迪瓦
0.421959618,0.33530562203206843,83.82768948,1.35953826,,,,1.89621807,62.383,,8.520179372,17.5,0.008639761977418337,0.35611819299178527,2.355597963,6.048,100.1,4.6,0.5577988,25.8,71.06798913,1.5249,19.7861,60.2,65.03640252,8.805031447,0.009561662,0.0,3739.754732,5.69,19.61366658,4.946512182,4.9505376727728665,9.733874887196558e-08,4.226661062653935e-06,13.89033962,0.0432075471698113,0.0,0.30361127940980787,5.5441699790305,794.71213543318,22.8685463370411,48.06,CIV,科特迪瓦
-1.224158705,0.30142463784857143,86.72276339,3.088549446,,,,-0.48408868,62.347,,8.866995074,17.5,0.010721376571806829,0.3568972349663761,2.327121449,6.155,119.18,4.3,0.67966127,25.4,71.43700734,1.8,35.5088,55.3,66.06060063,9.119496855,0.0,0.0,3653.730919,6.02,20.42734595,3.779327876,5.128301076186732,1.9019942314416955e-07,4.701834404972993e-06,13.53534906,0.0443396226415094,0.0,0.28593415443375303,6.95487771843747,774.75855903386,22.8685463370411,48.06,CIV,科特迪瓦
2.426000244,0.3048866347167053,81.73326247,5.372933485,2016.782996,7846.384277,6835.820402,1.330442557,62.421,56.54,8.866995074,17.5,0.013600987802140363,0.36120862830771466,2.274776823,6.262,165.66,4.0,0.67955697,25.4,71.80317178,1.9,48.5676,60.3,65.79551258,9.119496855,0.108633486,0.0,3571.554899,5.9,22.06134645,4.133464605,5.536638462273766,5.112845377934326e-07,4.715983384117987e-06,13.18035849,0.0438679245283018,0.0,0.29751702133622915,7.27697102858127,754.9986404522,22.8685463370411,48.06,CIV,科特迪瓦
1.326185181,0.33425981712812725,81.10387155,1.207779297,1895.53572,7858.440011,6862.114549,4.792717567,62.433,,8.866995074,17.6,0.010428394765499505,0.3685240072479514,2.222452149,6.368,150.0,3.8,0.83744568,25.5,72.16580024,2.0,59.9343,57.3,65.69812579,9.119496855,0.243740195,0.0,3493.05435,5.24,23.56667897,2.028194728,5.194754026277336,6.364232287205074e-07,2.8143024473446153e-06,12.82536792,0.0439937106918238,0.0,0.29552366298844346,6.02396171068091,738.4572466591,22.8685463370411,48.09,CIV,科特迪瓦
4.519307455,0.32659432721201925,78.79273637,1.516217924,1763.611649,7247.708431,7008.705883,1.330952701,62.549,,8.866995074,16.9,0.009827561011252373,0.37503573562242903,2.203591142,6.475,155.06,3.6,0.83997321,25.8,72.52553084,2.7,69.3659,58.4,65.73580818,9.119496855,0.100027166,0.0,3416.923599,4.55,25.98827262,1.588017725,5.3518307348455885,7.114885162418377e-07,2.6382581469819655e-06,12.47037736,0.0439308176100629,0.0,0.3025635220727083,5.13325756564051,726.85821400462,22.8685463370411,48.09,CIV,科特迪瓦
-7.4042497,0.3443369374256818,77.55943144,5.7093205,1810.944996,6885.059325,6290.017921,7.266127618,62.326,,11.02362205,16.0,0.012481458702652048,0.3806974153685493,2.17265768,6.582,180.31,3.4,0.57983553,25.8,72.88231425,2.9,75.4688,55.8,66.20017925,9.119496855,0.749652716,0.0,3343.486207,5.45,25.40760582,2.334581416,4.802842688511223,7.397093377425811e-07,2.3944867530549994e-06,12.11538994,0.0449371069182389,0.0,0.2789813534940388,6.19510059217167,720.59366675213,22.8685463370411,48.09,CIV,科特迪瓦
5.395835952,0.33397330304577966,79.88529142,-0.404098361,1739.509757,6541.751844,7054.28375,-0.882958575,62.411,,10.44176707,15.1,0.010683913385264088,0.38558924975661646,2.088720192,6.689,185.59,3.2,0.74607307,24.0,73.23581341,4.4,77.1273,55.8,68.96385849,9.433962264,0.569695118,0.0,3274.374424,5.39,28.26919415,1.48250476,5.847867354183896,8.522577885495587e-07,2.418272313820664e-06,11.76040252,0.0454716981132075,0.0,0.3438880014802013,5.72848510649607,722.38743294368,22.8685463370411,48.1,CIV,科特迪瓦
8.573224303,0.28178048748648044,77.12207261,2.876730429,1744.36961,7803.704671,6844.167445,-1.480122778,64.302,,10.44176707,15.5,0.008608803252607489,0.3885035678071327,1.994279884,6.796,157.68,3.1,0.7278282,23.5,73.58600518,6.6,80.9987,61.5,70.8868805,11.00628931,0.405404479,0.0,3209.72106,5.07,32.4288992,1.122579646,6.439237542402949,1.2113731227632672e-06,2.4423569339573993e-06,11.40541509,0.045440251572327,0.0,0.3917108841248508,4.73746658734707,725.11152849404,22.8690073869822,48.1,CIV,科特迪瓦
6.751698251,0.26515567248973354,74.74604421,4.407332356,1852.774914,9133.17823,7304.46495,1.045624137,64.855,,9.448818898,14.6,0.012531328320801949,0.3887153120011318,2.424935455,6.903,181.43,2.9,0.77760309,23.0,73.93286647,10.0,90.122,61.9,72.59172013,11.00628931,0.274753883,0.0,3132.823522,4.7,36.78131806,0.479875466,6.587884822809819,1.5492880511770615e-06,2.4539567256771463e-06,11.05042767,0.0463207547169811,0.0,0.40114447616634374,4.51982930673582,718.61735166173,22.8690073869822,48.1,CIV,科特迪瓦
4.142329475,0.25602965571499964,74.61687276,4.775682373,1749.891453,11317.61211,6374.200519,-0.439534824,65.217,60.67,9.163346614,13.5,0.008810496434258797,0.38675575257595735,2.88906178,7.123,177.4,2.7,0.80445331,23.2,74.27899917,38.44,100.639,62.6,76.93681195,12.11870503,0.283646954,0.0,3043.609248,3.89,39.42771529,0.302124261,6.516257571777699,2.0200946339077557e-06,3.5761120912241464e-06,10.69544025,0.0463207547169811,0.0,0.4046109595203931,6.73401147193129,716.53752955724,22.8690073869822,48.1,CIV,科特迪瓦
4.108583592,0.2246747167605425,74.4874517,-1.179832436,1667.908015,13441.40698,6964.631935,-0.855798631,65.562,,9.163346614,11.5,0.00914534754036489,0.38528265652868926,2.900768103,7.561,174.13,2.6,0.85302079,23.4,74.62367816,41.2078,105.625,64.3,75.42663648,11.88865849,0.439437579,0.0,2956.589426,3.81,42.25577054,0.273745862,7.215326258848552,1.962338114320047e-06,5.723610230938723e-06,10.34044025,0.0463207547169811,0.0,0.4331284800864045,6.09409379754633,701.09724204713,22.8690073869822,48.1,CIV,科特迪瓦
4.421612285,0.22571835682439076,76.84727558,-1.041677248,1981.878579,12894.35069,6987.928719,-1.997800153,63.958,,10.58823529,10.6,0.008518379977556334,0.3808111075550065,2.822371762,7.895,205.54,2.5,0.93267012,23.6,74.96704851,43.8399,118.755,65.6,77.70448082,12.52644623,0.316954405,0.0,2874.310057,3.66,45.38724531,0.560121418,6.8520414525868345,3.1047336639762465e-06,3.4415201845969896e-06,9.985440252,0.0461320754716981,0.0,0.42011686688832217,5.48106253595972,683.69448145524,22.8690073869822,48.1,CIV,科特迪瓦
2.053348748,0.20354572209596522,78.39631838,1.681976472,2256.296142,12385.62399,6804.920837,-3.903630867,63.541,,10.58823529,9.8,0.008092388097445946,0.37685274557511705,2.69696827,8.082,248.35,2.3,0.89862597,23.9,75.30896836,37.5465,123.098,67.1,81.3420739,12.81937264,0.365459387,0.0,2797.826827,3.27,47.58541589,0.671897796,6.697837877237133,4.769850524900203e-06,1.909781112880042e-06,9.630440252,0.0470440251572327,0.0,0.39317345230093037,5.08618936507852,667.30040168369,22.8890486995184,48.14,CIV,科特迪瓦
3.962447375,0.21062256229713128,77.34965284,1.983352493,2179.082762,13159.16444,6853.410846,-2.23379059,63.131,37.17,10.98039216,9.4,0.008010703236056571,0.37324054342691837,2.619168412,8.268,241.19,2.2,0.96328849,24.1,75.64901848,36.289,132.574,68.6,81.5248,13.6467195,0.461255793,0.0,2725.498367,3.2,50.78380856,0.62282418,6.951352066058677,4.646541984929668e-06,1.991553769745897e-06,9.275471698,0.0475471698113207,0.0,0.4128728034669872,4.81555007081374,644.36644467723,22.8890486995184,48.14,CIV,科特迪瓦
-1.816210617,0.19759518126900277,78.21280144,1.828383094,2120.991256,11064.04011,7228.314433,-3.132435368,63.214,,11.37254902,9.2,-0.002223180807645053,0.3752073502299757,2.530198035,8.418,249.23,2.1,1.33183074,,75.98706809,36.0166,138.664,69.9,82.62582296,13.63251792,0.547495456,0.0,2657.402968,3.3,51.13915738,0.300225436,6.587985735225444,2.214041358998091e-06,2.141030435963142e-06,8.920471698,0.0470440251572327,0.0,0.38885927353229066,5.6587409997451,632.27874122066,22.8890486995184,48.14,CIV,科特迪瓦
4.447091986,0.21064738701676602,76.94618003,3.930131375,2147.119184,10182.89778,7589.996302,-3.948253115,64.496,,14.17322835,9.7,0.0024941802460924922,0.3842845968668547,2.473987374,8.499,334.45,2.0,1.59011114,,76.32298476,35.9507,150.344,71.1,84.3928673,13.80439874,1.887765175,0.0,2592.465736,3.3,54.75128437,0.531806702,7.639679295514852,2.6143957557516704e-06,2.2337608714173435e-06,8.565492767,0.0479874213836477,0.0,0.46156951900651205,5.44421210301514,619.32702230408,22.8890486995184,48.14,CIV,科特迪瓦
3.756020846,0.2316461596543311,76.84635885,3.000000629,2179.256126,9936.662412,7689.546051,-7.605206805,65.598,35.28,14.17322835,10.4,0.021098026206667786,0.3917293376062288,2.51622935,8.505,297.65,1.9,1.49067545,,76.65663485,38.4133,161.232,72.0,84.15681258,14.17909277,,,2528.04721,,58.25530285,,8.80253678363524,2.9606841282655617e-06,2.3479897741352345e-06,8.210499686,0.0480503144654088,0.0,0.538309267753955,5.60337123498191,,22.8890486995184,48.14,CIV,科特迪瓦
3.964037685,0.22715930919833974,79.40187793,3.902436718,2217.395096,10487.55415,7760.07426,-11.39885116,65.61,,13.7254902,11.1,0.006205126539098771,0.3942054930084252,2.503846812,9.509,,1.8,1.40123832,,76.98788545,40.6528,171.989,72.4,86.47581635,15.10380409,,,,,,,9.182182353088518,1.2834641621831521e-05,2.4169109237062696e-06,7.855516038,0.0,,0.5627045928508351,,,22.8890486995184,48.14,CIV,科特迪瓦
0.575576747,0.1496995909695701,95.54322054,1.573120297,1383.543935,5724.495553,,-2.466322584,70.544,,3.571428571,31.8,0.0074352756579416646,0.39456127406253866,3.136292065,7.058,404.9,8.3,1.05907285,26.5,46.23005052,0.619782,1.89758,17.0,47.15711424,9.010085392,0.016840785,3.153392748,654.6661408,5.57,20.96503528,0.0,4.301121788041516,3.162638361475017e-08,0.0,6.89936571,1.6820993077274484,3.8563622307340895,0.2548392101057681,14.3891096888231,437.03650007355,11.4550105785495,48.98,KEN,肯尼亚
-2.56736281,0.16094024517336822,95.69247025,0.933205556,1288.128335,5783.117126,,-0.894975876,70.632,,3.571428571,33.3,0.004566290862108691,0.3979741468291815,3.14626442,6.859,441.14,7.8,1.10948944,26.5,47.09798506,1.20777,3.63815,18.9,47.12021647,8.945075025,0.028629661,3.745014611,634.3892676,5.62,18.49542964,0.0,4.255292863157948,3.064682452314767e-08,1.2298257092559049e-05,6.838774291,1.6835049372737814,3.784798116456408,0.24777524608787158,12.6868421122795,445.18993117592,11.5088669981813,49.17,KEN,肯尼亚
-0.194798007,0.16176303431060715,95.25049877,6.197313239,1276.525776,5967.13866,,0.88845032,70.782,,7.142857143,34.5,0.010747194277559435,0.4010969201053969,3.085288988,7.337,424.62,7.4,1.12453854,26.2,47.96372109,2.9419,4.72713,16.0,47.21861054,9.041712057,0.009391902,5.129325406,615.1153818,5.48,16.95875256,0.0,3.793565243995518,2.971571892888027e-08,1.1924613944964052e-05,6.778182872,1.6850159890360896,3.675387426643708,0.2514477196053289,12.8709644221423,452.85499014184,11.5088669981813,49.17,KEN,肯尼亚
1.891135133,0.16675637076284275,93.38475386,7.126841555,1260.943457,5945.249558,,-0.818703018,70.917,,7.142857143,31.6,0.01007512768219776,0.40409187158120674,3.104824764,7.815,450.54,6.9,1.07972252,25.9,48.82714922,3.02353,7.33478,22.6,47.42594089,9.238500193,0.00309299,4.155792421,596.310566,5.57,16.89041317,0.0,4.055258598649982,0.0,1.1560064178712259e-05,6.717591454,1.6859823593491932,3.490933689426152,0.2713794827106665,11.9944507612644,459.60697751296,11.572685909635,49.41,KEN,肯尼亚
2.702441032,0.18251782851640241,92.77960056,4.899649721,1311.689635,5907.259746,,-1.346558497,71.11,,7.142857143,28.0,0.009715774759694096,0.40672385589601484,3.072231234,7.856,460.56,6.5,1.11996722,26.3,49.68723357,3.1019,12.8839,24.5,47.44351126,9.249042415,0.004592834,4.071868485,578.2690836,5.48,16.99743863,0.0,4.297828572443045,0.0,1.1210312377741903e-05,6.657000035,1.6863513371051062,3.474294549671434,0.28629663254078247,12.0625112126056,461.6378703506,11.5794904225166,49.53,KEN,肯尼亚
3.277154575,0.1356023439724616,90.57877888,23.53013325,1301.946397,5945.09885,5065.388821,-1.976469905,71.274,45.9,7.305936073,25.8,0.00938301145103404,0.4089521658460512,3.047048674,8.112,483.57,6.2,1.17933488,25.8,50.54482961,3.6,19.8903,26.4,47.53487718,9.329866114,0.006519554,2.949300773,560.9146844,5.4,17.23926573,0.0,4.607479036466942,0.0,1.087388035643283e-05,6.596408617,1.6858593667638893,3.457198580314159,0.31071333609617685,12.3464895235214,461.50173622904,11.6091783291991,49.61,KEN,肯尼亚
3.669786662,0.12769807483679696,89.48427243,8.129485596,1338.205186,5984.347308,5140.938343,-3.229369603,71.413,,7.246376812,26.8,0.0058924126720736325,0.41074701990982365,3.022209212,8.368,545.79,6.0,1.27245092,25.8,51.3998249,4.4,29.8383,28.3,47.55657202,9.312295744,0.041713417,3.591234801,544.2162706,5.16,17.58620436,0.0,4.466566362233973,0.0,1.0550165255472864e-05,6.535817198,1.68584179639456,3.421425308359982,0.2925667970130361,14.1247745820205,459.63964163894,11.6091783291991,49.61,KEN,肯尼亚
-2.758864564,0.13932243036552158,91.00153923,15.15117496,1232.427772,5937.504274,5062.657873,-5.523296303,71.448,,9.821428571,26.7,0.009224502163044823,0.4122974106924666,3.029649383,8.607,591.12,5.8,1.35639918,25.9,52.25211763,5.2,41.584,30.3,47.59583723,9.312295744,0.005268857,3.63415517,527.9756843,5.3,16.86347017,0.0,4.396693489240577,5.1012143415233924e-08,1.0235325589592359e-05,6.475225779,1.6851565519907228,3.4081596795164635,0.29142931291922575,13.1024579145408,460.54987856594,11.6170050443523,49.63,KEN,肯尼亚
0.232598395,0.10539063059984212,86.02893723,27.69681638,1169.172702,5995.523912,5168.17047,-3.987288881,71.515,,9.821428571,24.3,0.008806604953715214,0.4138363510149289,3.021108603,8.846,702.74,5.6,1.4598949,26.1,53.10072554,6.1,47.9215,23.0,47.98650965,9.663703131,0.019319317,3.689029919,512.2635016,5.44,16.69780507,0.0,4.77060239412844,4.949405812696023e-08,9.930729543278978e-06,6.414634361,1.6857363741785851,3.377727799838352,0.2813735635556046,12.1775334679244,459.21783614527,11.6764608145123,49.8,KEN,肯尼亚
4.968112999,0.11384054577201971,85.7786932,1.639199648,1264.471645,6132.762101,5293.591704,-5.216693897,71.646,,9.821428571,21.7,0.007142502852041099,0.415505851439546,2.901588455,8.884,750.61,5.5,1.56062746,25.7,53.94644213,7.2,60.0234,19.2,48.11958183,9.757510103,0.054007569,2.9506001,497.6132952,5.18,17.3240926,0.009513538,4.9375874539187965,4.807857924528987e-08,9.646720947498985e-06,6.354042942,1.6855606704852937,3.3483501423199913,0.3039471199332419,13.6503675479935,455.97141555325,11.7552219178682,50.17,KEN,肯尼亚
2.26952219,0.12280914661566215,88.69639838,10.06501297,1263.348451,6336.627204,5309.014901,-8.148809352,71.83,,9.821428571,19.9,0.006041204957728086,0.41761287900422794,2.750137437,8.923,830.81,5.3,1.60566163,25.7,54.79127921,8.8,65.673,36.2,49.0740895,10.67275257,0.061532173,3.172193954,484.1147112,5.1,18.20901437,0.019334558,4.999228914725967,3.2742057764894765e-07,9.385037680959565e-06,6.321035246,1.684647011280177,3.3168816108514605,0.3285755044364202,13.6643990742003,452.51256520495,11.7584152039835,50.17,KEN,肯尼亚
1.876707539,0.10864109943363323,87.47289546,9.522972212,1268.015981,6384.736072,5288.604289,-7.475871662,71.96,,9.821428571,19.1,0.0041447057095769235,0.42019462452216483,2.608074418,8.962,791.58,5.2,1.62624443,26.6,55.63461017,10.5,70.0227,38.1,49.67034438,11.22974224,0.107666137,3.095205953,471.6518659,4.9,19.03855968,0.011862672,4.621172903448377,7.746938859768627e-07,9.143433221030213e-06,6.28802755,1.6841901816776188,3.300997996977896,0.2893023640034567,13.1822351372192,444.96384538783,12.0243944388757,51.31,KEN,肯尼亚
1.263311291,0.09495481151823984,88.33958852,7.337562234,1292.645159,6473.088549,5214.123184,-7.851522286,72.011,,18.57142857,18.9,0.003120074101759851,0.42331701320949966,2.472107524,9.0,853.74,5.0,1.66091359,26.4,56.47706365,13.0,70.7541,40.1,49.79286977,11.31300242,0.038366654,2.942319265,460.135065,4.96,19.75915985,0.014330326,4.858366079108188,1.6449272854336289e-06,8.920168759421848e-06,6.255019855,1.6839441965070108,3.306567804055241,0.31773324858845786,13.3308020689485,437.5442145043,12.0243944388757,51.31,KEN,肯尼亚
2.592183533,0.08955010137058735,87.8105411,7.635031901,1287.48919,6517.907703,5276.791721,-9.340048506,72.121,,19.14285714,19.0,0.004228158564046014,0.4269145112508968,2.339011922,9.039,935.73,4.9,1.83768213,26.6,57.31760134,16.5,73.0327,36.0,49.74715799,11.22802562,0.00268485,2.950429869,449.4973447,5.13,20.74851351,0.012760592,5.015916116540233,3.6698092394070626e-06,8.7139461364257e-06,6.222012159,1.6823980040060444,3.2993463822609552,0.32655456552498685,11.8693404112481,427.24977422357,12.0243944388757,51.31,KEN,肯尼亚
2.655893528,0.08422650255888028,88.24343795,9.238654684,1317.907402,6436.274491,5382.983141,-6.304596563,72.237,,19.71428571,20.8,0.0046620422648815385,0.43088409690292706,2.227032943,9.114,1001.89,4.7,1.92388499,27.3,58.15642566,16.5879,80.0958,41.6,49.5619679,11.13563594,0.001300612,2.996414116,439.5975359,5.34,21.7765363,0.004396749,5.704530279948368,6.625817932801719e-06,8.527506705839337e-06,6.167806624,1.676600634866937,3.288010834604792,0.37101549509109705,11.8079580293654,419.56960903899,12.0243944388757,51.31,KEN,肯尼亚
1.937947956,0.07612095202966078,89.01709019,5.849628946,1310.216508,6280.988686,5453.129346,-5.397008638,72.354,40.77,19.71428571,22.2,0.00396602386037026,0.4350934811852848,2.207756846,9.188,1100.23,4.5,2.03529072,27.4,58.99333303,16.6,80.9772,53.1,49.66148697,11.3273219,0.001709379,2.685884356,429.9986412,5.27,18.12375593,0.003438507,5.948305638490724,7.561328763936501e-06,9.2165147932848e-06,6.19833694,1.6679809741557532,3.2677831561912085,0.3882400401149264,12.1346398320144,407.96300954616,12.0243944388757,51.31,KEN,肯尼亚
1.604751834,0.07005417391064649,90.248041,7.581934028,1316.115704,6388.436524,5707.92222,-6.996833221,69.745,,21.7765043,23.6,0.0031826760067812376,0.42650704912088894,2.17412855,9.263,1191.38,4.3,1.71156442,27.7,59.8281025,17.8271,87.0265,55.8,48.92889014,10.68626506,0.003994307,2.354043715,420.7508121,5.24,18.8193381,0.0,5.894448930758066,9.4313225523289e-06,1.2199171173360596e-05,6.228659542,1.662098180695352,3.2358497875204035,0.37558027130744104,11.3363389737624,400.42132237003,12.0243944388757,51.39,KEN,肯尼亚
3.524047815,0.06563779176100996,89.45159725,4.215028415,1428.899504,6478.751794,6021.423164,-5.411066791,67.099,,21.7765043,22.9,0.0015942606616181632,0.41744271383730597,2.030837442,9.338,1334.77,4.1,1.7670722,28.0,60.66090281,19.5,98.5945,61.2,49.55216649,11.40046055,0.003613265,1.376153117,412.2922279,5.09,19.88224423,0.000852379,5.611882119717216,2.1232053860422588e-05,2.791532523059136e-06,6.258776541,1.6527021953875127,3.1690007802910483,0.3758885140902462,12.3820929751296,394.26011601158,12.0243944388757,51.39,KEN,肯尼亚
3.070047694,0.05839,89.59346152,4.275234239,1504.280013,6679.244971,6426.984316,-5.238529359,64.404,,21.7765043,23.7,0.0018145642658176087,0.4077069807102643,1.963815498,9.412,1463.07,3.9,2.00870633,28.3,61.49076386,22.6688,106.548,69.7,49.51748518,11.4560838,0.003050055,1.240412897,404.274553,4.93,20.89905378,0.001746755,5.727669331058964,2.4803317988672773e-05,2.4853528823127283e-06,6.237629449,1.637565795979671,3.1538022724200787,0.35344681136453654,12.6209774819064,384.6002938037,12.0243944388757,51.39,KEN,肯尼亚
-2.210321712,0.05974257425742574,88.91702994,4.948852833,1509.799921,6865.708514,6464.906566,-3.269110071,63.316,36.25,21.7765043,26.3,-0.021338121037830282,0.40728787494206425,1.961976337,9.487,1786.27,3.7,2.2100935,,62.3182119,,117.603,71.5,49.38921109,11.41750645,0.001359247,1.289228226,396.4200853,4.96,20.8420482,0.0,5.340827895763761,2.8132420548318305e-05,3.6276057987527665e-06,6.216624779,1.6286255782857726,3.1437674423969444,0.32339311463124487,14.1166377337709,378.25233212437,12.0594800539063,51.51,KEN,肯尼亚
5.565136516,0.06126363636363636,87.64300992,4.330747559,1454.091232,7101.466139,6865.711133,-4.599008115,63.621,38.7,21.61383285,31.6,-0.006023118384310577,0.4136266058735306,1.900408589,9.562,1976.72,3.6,2.22920752,,63.14266842,,122.298,76.5,49.40139751,11.41750645,0.004455419,1.240886563,388.9576173,4.76,22.42406168,0.0,5.578444901963253,4.0897859992770266e-05,4.0553275881369505e-06,6.216624779,1.6249070585251972,3.1402210763289875,0.34538322314182823,12.9446482742161,366.53194230397,12.0594800539063,51.51,KEN,肯尼亚
2.862812765,0.06500877192982456,87.90114667,6.957054456,1487.726896,6787.427688,6600.87975,-4.199952583,63.747,,23.42857143,35.3,0.037958350347080394,0.41803766284445604,1.922976082,9.562,2007.14,3.4,2.00364423,,63.96426197,,121.169,76.0,49.48304536,11.41750645,,,381.5495116,,23.51386682,,5.493363452663305,5.662766155437629e-05,4.184126136778938e-06,6.216624779,1.6219632303814082,3.1386544777261527,0.34100319391962697,12.9777708410186,,12.0594800539063,51.51,KEN,肯尼亚
3.644255486,0.06658333333333333,88.7308371,5.415805644,1558.824433,6599.919562,6758.490746,-2.545525343,63.814,,23.27586207,36.8,0.0015263812176431468,0.42200042888376577,1.982960285,9.562,,3.2,1.95431077,,64.78207886,35.0,120.612,76.2,49.52632239,11.41750645,,,,,,,5.493117362141226,6.667991470681176e-05,3.092018124513194e-06,6.216624779,0.0,,0.3437560596095307,,,12.0594800539063,51.51,KEN,肯尼亚
3.719963504,0.33910335404351677,,11.47305492,451.1262151,4122.18966,2110.899598,3.459488269,60.329,,3.797468354,,-0.03341327921612047,0.4379232257442201,-0.152817947,8.239,12.25,22.5,3.60629058,27.1,64.96081734,0.26115,2.84878,1.3,76.87747036,10.86956522,0.0,2.497713569,2613.885178,13.24,34.36365499,0.0,3.280359784272738,0.0,0.0,1.137022398,0.0296442687747035,0.023386034255599472,0.09995736818247018,21.2363616461209,980.31271346049,20.9514579559718,0.42,LSO,莱索托
1.035599997,0.4614726782214721,,14.20693244,321.5300974,4270.766501,2165.790877,8.187596688,59.891,,,,-0.025512692723686614,0.4382354253491414,-0.309045449,8.394,12.58,22.8,3.18394804,28.0,65.52019205,1.08394,6.91605,3.4,75.88932806,9.881422925,0.0,3.211252707,2621.975767,13.04,34.61239152,0.0,3.334628385219965,0.0,0.0,1.137022398,0.0296442687747035,0.023386034255599472,0.10026675971421968,23.0690441417024,1023.88479604224,20.9514579559718,0.42,LSO,莱索托
5.066495129,0.4111155150085298,,2.438812827,338.6628958,4365.392567,2311.183387,-1.485206815,59.463,51.21,11.66666667,,-0.022393906420021814,0.43823332203224186,-0.483449852,8.726,6.43,23.1,3.14434719,28.1,66.08382702,1.5325,6.3449,5.4,75.88932806,9.881422925,0.0,3.825798613,2634.682395,11.53,36.19063944,0.0,3.397335754638317,0.0,0.0,1.137022398,0.0296442687747035,0.023386034255599472,0.10075267284246966,24.6329094648826,1105.78660669696,20.9514579559718,0.42,LSO,莱索托
2.4110358,0.4684904890237125,,9.60039256,339.98003,4262.993161,2442.757534,1.759048315,58.944,,11.66666667,,-0.019634469401838772,0.4377607959702282,-0.704216158,8.862,5.38,23.2,2.99280524,27.2,66.65220792,2.17552,9.95435,6.8,76.21870883,10.21080369,0.0,2.810525774,2653.301737,11.53,36.80312048,0.0,3.549666341492108,0.0,0.0,1.137022398,0.0296442687747035,0.02371541501976284,0.10146469358423522,22.2403897102846,1175.75754131059,20.9656600651909,0.47,LSO,莱索托
4.42249766,0.3869602073251238,,5.922843201,353.7052842,4188.170616,2559.190471,5.687944551,58.577,,11.66666667,,-0.009718658461818075,0.43679303826374394,-0.920090941,8.997,7.03,23.3,2.25555015,27.6,67.22454962,2.58025,12.7894,9.6,76.64690382,10.63899868,0.0,2.666490599,2677.827181,11.41,38.07876161,0.0,3.855666028155444,0.0,0.0,1.137022398,0.0296442687747035,0.02371541501976284,0.10240256907565297,24.7900059156563,1226.29828646036,20.9656600651909,0.47,LSO,莱索托
4.659487877,0.39886837730417957,,9.310988481,326.8708295,4260.146342,2680.874082,11.99893676,58.101,,11.66666667,,-0.009836967737497315,0.4355385918091085,-0.411119834,9.176,11.92,23.5,3.04879928,27.8,67.80154549,2.97971,18.4011,9.7,75.98814229,9.980237154,0.0,2.462132723,2688.858921,11.14,39.68952949,0.0,4.009658715626267,0.0,0.0,1.137022398,0.0299736495388669,0.02371541501976284,0.10282443293610541,25.6760658280914,1252.21433398219,20.9656600651909,0.47,LSO,莱索托
3.750256883,0.49342150680542546,133.6268269,-6.682454307,329.0741048,4231.856345,2851.66744,18.14191836,57.715,,23.52941176,,0.011069427076096483,0.4338058064740732,0.420949997,9.281,9.75,23.8,4.63973618,27.8,68.36217747,3.44543,24.6999,13.9,76.71277997,10.70487484,0.0,3.624767704,2677.563959,10.93,41.35169289,0.0,5.102315076226545,0.0,0.0,1.137022398,0.0299736495388669,0.02371541501976284,0.12205826696592581,22.7034165727055,1243.45877722591,20.9656600651909,0.47,LSO,莱索托
4.811198389,0.5003105125693709,127.3081819,16.71982041,394.4436692,4360.982621,2958.824159,15.71139396,57.308,,25.0,,0.014750343563902923,0.4312729813413501,0.677229463,9.387,11.92,24.2,4.36957979,27.6,68.92667152,3.58,30.1655,16.0,77.7997365,11.79183136,0.0,4.03131381,2659.491971,10.77,43.63572043,0.0,4.33631870006611,0.0,0.0,1.137022398,0.0299736495388669,0.023386034255599472,0.10170141380220397,24.0641216592166,1230.64286937763,20.9656600651909,0.47,LSO,莱索托
-1.968700886,0.42162222004013894,138.8298592,2.345030868,418.891648,4080.996496,2997.930087,-2.94530646,56.656,,24.16666667,,0.016951065366558327,0.4282373062921939,0.7266543,9.492,11.45,24.6,4.86539936,27.7,69.4944225,3.72,33.369,17.0,77.04216074,11.0342556,0.0,4.481407271,2640.236703,11.13,43.08863419,0.0,5.014115406748862,0.0,0.0,1.137022398,0.0299736495388669,0.023386034255599472,0.10096507466619684,24.335218498635,1217.00745920242,20.9656600651909,0.47,LSO,莱索托
4.459259514,0.39288436441862673,134.548727,5.337110137,403.5037278,4166.623445,3183.044886,-11.00204176,56.212,54.18,24.16666667,,0.021973143935190453,0.4250001628051783,0.772821659,9.598,12.18,24.8,3.9816153,27.7,70.06612612,3.86,49.4651,17.0,76.61396574,10.60606061,0.0,3.061288742,2619.911023,10.64,45.35926335,0.0,5.314689309305686,0.0,0.0,1.137022398,0.0299736495388669,0.022727272727272724,0.3005634061047434,26.8707991604476,1218.59827991302,20.9656600651909,0.47,LSO,莱索托
3.693985953,0.45436753856876755,129.0192734,9.426407003,388.6972161,4123.395487,3408.128998,-11.85666839,55.699,,24.16666667,,0.01922032794005868,0.4215080468855899,0.885634152,9.704,14.64,24.9,4.93363905,27.4,70.64161251,7.0,61.1891,22.5,76.15283267,10.14492754,0.0,3.247771007,2596.81064,11.45,47.45323471,0.0,5.138244296441921,0.0,0.0,1.137022398,0.0299736495388669,0.022397891963109356,0.28252796288397913,24.3203403566351,1211.60961678237,20.9656600651909,0.47,LSO,莱索托
5.270666596,0.3922989589803071,130.8961125,2.182048018,428.7010782,4116.994354,3682.900722,-18.76525203,55.448,,26.66666667,,0.027807372682719045,0.41785549614275586,1.005106078,9.809,21.26,24.9,5.62558651,28.5,71.19313549,10.0,75.9364,20.6,75.27338603,9.265480896,0.0,4.03080035,2570.84067,10.81,50.45896234,0.0,5.506915063799208,0.0,0.0,1.137022398,0.0299736495388669,0.02206851119894598,0.2968461403472552,21.6894308366499,1222.18690395875,20.9656600651909,0.47,LSO,莱索托
0.696148189,0.3578198524243456,124.1994148,10.27989564,476.3048296,3618.650277,3993.216605,-10.75798677,54.85,,26.66666667,,0.02720016585466989,0.41405268358340175,1.082912996,9.511,15.19,24.9,6.12028074,28.8,71.74728056,15.0,87.0553,26.9,74.1798419,8.171936759,0.0,4.441539992,2543.150901,9.1,51.36345213,0.0,5.495751045493169,0.0,0.0,1.137022398,0.0299736495388669,0.02206851119894598,0.2999422442163983,21.6145523056155,1225.96402637364,20.9656600651909,0.47,LSO,莱索托
0.557309193,0.33837716672106904,115.8962664,14.03515215,411.705794,3398.659323,4347.78005,-8.420166645,53.732,,26.66666667,,0.02500655942842167,0.40596484092747953,1.140322752,9.464,11.63,24.7,5.8080492,29.5,72.30429002,22.0,102.822,27.8,74.97694335,8.969038208,0.0,5.017889397,2514.315493,8.94,52.24204961,0.0,5.601284668713535,0.0,0.0,1.137022398,0.0299736495388669,0.019433465085638996,0.3093207713708404,20.3695146948997,1233.04045552347,20.9656600651909,0.47,LSO,莱索托
1.922510595,0.393696328481909,113.5025309,10.20303919,425.633241,3468.7455,4636.642613,-5.73228397,52.592,,25.0,,0.020556846374985227,0.3978293375830498,1.17199707,9.334,16.51,24.3,5.62011147,30.1,72.86443313,25.0,101.688,31.8,73.22134387,7.213438735,0.0,5.553883538,2485.019797,8.14,53.87412613,0.0,5.382079378081658,0.0,0.0,1.137022398,0.0299736495388669,0.019433465085638996,0.3013464245886769,21.4953835701207,1224.78365741424,20.9656600651909,0.47,LSO,莱索托
2.353639813,0.4166614540631939,115.9799109,-0.292451233,658.7374729,3483.662448,4776.904073,-10.50175677,51.59,,25.0,,0.020798765193903224,0.38993776819803777,1.218943021,9.386,21.59,23.8,5.59334755,30.8,73.42727641,32.4539,107.158,35.1,77.60210804,11.5942029,0.0,6.403457216,2454.912689,7.86,55.81839341,0.0,5.927053735891722,0.0,0.0,1.137022398,0.0296442687747035,0.019433465085638996,0.3227514220187362,19.4245948988429,1191.67274886532,20.9656600651909,0.47,LSO,莱索托
-4.336559993,0.44565024878087,129.2072887,2.018910238,522.800544,3420.346334,4749.190654,-9.010747254,50.376,,22.13114754,,0.01825810841460651,0.3825785425870725,1.24492807,9.438,24.87,23.1,6.03923559,42.6,73.99308988,39.0,110.37,33.7,79.64426877,13.81422925,0.0,5.544699725,2424.540241,8.42,54.06671458,0.0,6.286428219515927,0.0,0.0,1.137022398,0.0289855072463768,0.019433465085638996,0.3432292534919406,22.9379631824868,1155.61517771753,20.9656600651909,0.47,LSO,莱索托
-2.675939075,0.47765331774481545,123.3214531,11.72306873,456.2038887,3550.900998,4711.391756,-5.623727772,49.161,44.88,22.13114754,,0.014181237702787897,0.37559208335947514,1.220690194,9.367,21.11,22.3,5.5954361,31.6,74.56328706,40.8,72.4555,47.0,80.14822134,14.31818182,0.0,3.218569725,2395.124022,8.19,53.26618487,0.0,6.044089893779751,0.0,0.0,1.137022398,0.0289855072463768,0.019433465085638996,0.3286484081584427,21.9918648021624,1135.66443332122,20.9656600651909,0.47,LSO,莱索托
-2.569259861,0.3844058716711083,121.3034707,3.575454469,465.7401204,3265.931025,4984.732567,-7.457534395,47.925,,23.33333333,,0.011182693363593232,0.36857841817140813,1.174698371,9.296,37.74,21.5,6.75437784,31.9,75.13769323,42.3017,76.1125,44.6,70.96179183,4.953886693,0.0,3.300601853,2367.153148,8.37,52.51087366,0.0,6.213886210006441,0.0,0.0,1.137022398,0.0289855072463768,0.019433465085638996,0.339491763619617,20.8280688387792,1125.17583109942,20.9656600651909,0.47,LSO,莱索托
-9.237270053,0.4114525276123795,125.9352736,6.548204188,514.3094995,3010.188508,4834.677051,-5.890184117,46.608,,23.33333333,,-0.002099585512859936,0.366385967517501,1.18432063,9.225,34.31,20.7,4.87197256,,75.71683969,43.6575,69.8944,47.5,77.38471673,11.37681159,0.0,4.049206484,2339.283821,8.18,48.22810893,0.0,5.504462788768768,2.70605489847374e-06,0.0,1.137022398,0.0289855072463768,0.019433465085638996,0.2956867274045534,21.7938182246614,1104.93860578733,20.9656600651909,0.47,LSO,莱索托
1.099357825,0.387624206782147,118.4241654,3.12378243,552.3694044,3239.893281,4779.452492,-8.127947597,46.452,,23.33333333,,-0.016759472548201648,0.3657893596493012,1.148042669,9.155,43.94,19.8,4.38429165,,76.30031644,45.0567,80.5368,50.4,73.43214756,7.424242424,0.0,3.790642618,2312.581416,10.42,49.32130012,0.0,5.991413547548836,2.5204042197757104e-06,0.0,1.137022398,0.0289855072463768,0.019433465085638996,0.3219433908368714,21.6969002459269,1043.51913148574,20.9656600651909,0.47,LSO,莱索托
1.28745564,0.3796209036017005,121.9843736,5.530054967,547.2801174,3111.255832,4641.182106,-11.41745528,47.942,,26.44628099,,0.04801785681344417,0.3720499013608269,1.080480169,9.155,47.96,18.9,6.55054998,,76.88865856,46.5007,68.1001,50.0,74.94729908,8.939393939,,,2287.728937,9.02,50.49898436,,7.194439609100266,3.236939604830914e-06,0.0,1.137022398,0.0289855072463768,0.019433465085638996,0.41385576372090577,24.6251881003473,,20.9656600651909,0.47,LSO,莱索托
0.709359727,0.3895253204076525,128.4483042,-0.368097869,580.678614,2807.354259,4755.483315,-7.156725018,48.066,,26.44628099,,0.009909878194747535,0.3739288211148567,1.103286783,9.155,,18.0,5.84427834,,77.48145149,47.991,69.3513,57.3,77.75849802,11.75059289,,,,,,,6.291711720955819,0.00012546117798528384,0.0,1.137022398,0.0,,0.4188740326510553,,,20.9656600651909,0.47,LSO,莱索托
-0.056774336,0.141280353200883,,0.720025736,1082.496873,826.576219,499.6708535,,75.462,,7.8125,34.9,0.024242073594075597,0.4395626626268763,2.935237571,8.634,0.0,2.6,0.5318647,35.4,61.91970464,0.0338122,0.0663276,,14.50677949,4.15282392,0.01064269,20.83929727,66327.55598,10.79,16.99924075,0.0,2.28218342225648,0.0,0.0,85.05377907,0.2953696013289036,0.0,0.1658188899552886,4.33268706074222,815.23415742058,1.61690941063373,6.82,LBR,利比里亚
1.099389235,0.18985976267529667,,-1.392728214,1036.615876,665.7520044,637.0024333,,75.362,,7.8125,36.2,0.017925398708316775,0.4398529524858294,2.600553744,8.573,0.69,2.5,0.56401348,34.8,62.80782271,0.0327133,0.161562,,14.82114099,4.15282392,0.013895134,29.01490149,64624.90734,10.79,17.24964168,0.0,2.193484598048584,0.0,0.0,84.73961794,0.2928779069767442,0.0,0.16156226836009774,4.49432928137271,806.93918465346,1.61690941063373,6.82,LBR,利比里亚
-30.69935303,0.14572192513368984,,15.51149159,676.0730484,602.3566131,456.9850529,,75.206,,7.8125,35.9,-0.018793585024324377,0.43994836404947923,0.79655231,8.511,1.0,2.4,0.4171488,37.5,63.69158342,0.0318689,1.51465,,15.13546408,4.15282392,0.003101372,42.95456019,64112.18093,15.93,11.78952456,0.0,2.383158538844607,0.0,0.0,84.42545681,0.2917358803986711,0.0,0.1602804523242589,4.19549925632434,797.00267075218,3.65616131451449,14.63,LBR,利比里亚
1.405400065,0.11594202898550725,,16.85827813,575.2976783,1166.625436,651.7935922,-17.80679088,75.206,,5.263157895,36.0,0.05474597040248841,0.43984811643857313,1.190500873,8.45,1.42,2.3,0.51704127,37.3,64.57127288,0.0310112,2.98933,,15.44958472,4.15282392,0.013101218,24.27262279,63353.45017,16.06,11.84267296,0.0,2.554581142569654,0.0,0.0,84.11129568,0.2910091362126246,0.0,0.15838362541385642,4.84940620587856,793.45037624702,3.65616131451449,14.63,LBR,利比里亚
0.684612867,0.1380400421496312,,0.490010501,573.0032272,1197.676409,672.1045479,-19.34103075,75.225,,12.5,35.7,0.014584711076158774,0.4395266304454842,4.464199764,8.388,1.08,2.2,0.54538667,36.5,65.44659928,,4.84699,,15.7595816,4.15282392,0.004752792,23.98079122,60587.42538,16.09,12.21003092,0.0,2.859688637467265,0.0,0.0,83.79713455,0.2906976744186046,0.0,0.15146856345699733,4.89651891207741,784.6245673681,3.65616131451449,14.63,LBR,利比里亚
2.170246273,0.14119749776586238,,9.13488163,574.199218,1294.0835,708.0268678,-15.44364423,75.344,,12.5,35.4,0.012860036994627011,0.43898811356865947,5.589721529,8.327,3.55,2.0,0.47191602,34.7,66.20320691,,8.02111,,16.06935631,4.15282392,0.003617589,20.41764629,57293.67045,15.39,13.19219481,0.0,2.769927642517286,0.0,0.0,83.48297342,0.2891403654485049,0.0,0.1718810113593296,4.13892124906311,787.29468399197,3.80584719617293,14.73,LBR,利比里亚
4.213438159,0.14566642388929352,,12.01764714,599.8632444,1396.011458,739.157962,-16.25345312,75.399,36.44,12.5,35.1,0.01134011653187228,0.4383777817146128,4.980556075,8.265,4.15,1.9,0.73447984,33.6,66.95271572,0.551377,15.3446,3.0,16.37438642,4.15282392,0.112017031,24.1481143,54510.02303,13.92,14.45010691,0.0,2.459729399217231,0.0,0.0,83.16881229,0.2899709302325581,0.0,0.20336715444052275,5.11528133203773,786.55839920659,3.80584719617293,14.73,LBR,利比里亚
2.884739435,0.14020857473928158,,17.32634555,651.3766727,1552.685489,691.9098306,-20.52751761,75.408,,12.5,34.9,0.009080434072264998,0.438391438059588,4.058018063,8.27,2.14,1.9,0.91902161,33.9,67.6948813,0.53,22.3666,1.3,16.68627284,4.464285714,0.220513428,23.66016876,52342.27767,13.34,15.48266692,0.0,2.092572270686257,0.0,0.0,82.85465116,0.2889327242524916,0.0,0.18319797184142492,5.35671075508369,792.73283841885,3.80584719617293,14.73,LBR,利比里亚
2.041801672,0.08427601809954752,,-2.722843141,1231.293688,2465.79282,1301.174318,-15.67824792,75.384,,12.5,34.8,0.007345547507456418,0.4386626217211747,3.143600246,8.275,2.33,1.8,1.1980319,33.4,68.43245499,2.0,27.5185,1.9,16.99679298,4.879568106,0.217808896,23.73390797,50722.43971,13.12,16.30333195,0.0,1.850993711978714,0.0,0.0,82.54049003,0.2885174418604651,0.0,0.15216731912631615,5.00216752881551,814.1434603337,3.80584719617293,14.73,LBR,利比里亚
3.071179982,0.1111111111111111,,6.512003689,1273.26332,2321.337043,1381.012043,-42.7136317,75.36,,12.5,35.2,0.004263526545528196,0.43881997294826913,2.896058116,8.279,4.36,1.7,1.2732017,33.1,69.16526489,2.3,38.7128,5.3,17.30725291,4.983388704,0.332974074,19.72192273,49274.55536,13.25,17.29780671,0.0,2.831104329478502,0.0,0.0,82.2263289,0.2886212624584717,0.0,0.1231863883968277,4.1363571261737,829.47162454646,3.80584719617293,14.73,LBR,利比里亚
4.040866351,0.1530442035029191,,10.92344536,1296.668239,2690.761324,1392.706633,-52.48534702,75.319,,9.589041096,35.6,0.0021564068870245645,0.4415037698007523,3.920469879,8.284,9.22,1.6,1.51829398,32.9,69.89337497,2.5,47.869,4.1,17.61481624,5.1910299,0.50638689,18.42697328,47380.13891,12.93,18.71635974,0.0,3.031085098567273,0.0,0.0,81.91216777,0.2913205980066445,0.0,0.21739740209960348,5.25005447552817,835.65696522745,3.80584719617293,14.73,LBR,利比里亚
4.243455569,0.1647792280737953,,7.797157164,1388.012533,2762.011648,1406.055504,-59.99555099,75.311,,10.95890411,36.5,0.0050263927646840845,0.44340062514820916,3.534486944,8.289,7.47,1.6,1.55076897,34.0,70.61614907,2.6,54.4221,9.3,17.92604028,5.1910299,0.693364354,19.73671689,45734.74352,12.46,20.21251081,0.0,3.245101542939549,0.0,0.0,81.59800664,0.2919435215946844,0.0,0.22604075537331786,4.56206892686665,838.80562701776,3.80584719617293,14.73,LBR,利比里亚
6.324110003,0.17594118541113316,,4.715308133,1457.304681,3273.106027,1456.530787,-32.82096884,75.38,,10.95890411,36.4,0.0034624069582671613,0.4428199476582796,2.198276931,8.294,3.46,1.5,0.31744617,34.1,71.33388625,3.2,57.0613,9.8,18.23662064,5.1910299,0.639073849,18.43813166,44740.33715,11.65,21.9684298,0.0,2.808103151142477,0.0,0.0,81.28384551,0.2921511627906976,0.0,0.20153643552391717,4.22808529251978,831.21176868237,3.80584719617293,14.73,LBR,利比里亚
-1.373707869,0.13764659051875403,,0.817921327,1399.417195,3346.941286,1445.356147,-19.91983599,75.382,33.24,10.95890411,36.6,-0.01303507134284565,0.44275860467327577,2.082175325,8.355,9.45,1.4,0.82358247,34.8,72.04597318,5.41,70.6628,9.4,18.54623443,5.1910299,0.46254547,20.60622082,43818.39641,11.55,22.12251485,0.0,3.621604060457995,0.0,0.0,80.96968439,0.2931893687707641,0.0,0.26022082193233437,3.97878203944573,812.53211031583,3.80584719617293,14.73,LBR,利比里亚
-2.0600232,0.08769549471678027,,0.062713426,1402.014082,3209.817327,1412.558227,5.302425371,74.997,,10.95890411,35.7,0.0006417834825198643,0.44332451752156005,2.062970967,8.416,10.71,1.4,1.20420825,35.2,72.75248472,10.0,78.3787,15.2,18.85852575,5.1910299,0.187460638,20.94750611,42923.69605,11.85,22.11840781,0.0,3.560664810789128,2.1461848023932536e-07,0.0,80.65552326,0.2928779069767442,0.0,0.25693416213267245,5.75091798509346,805.48750848285,3.80584719617293,14.73,LBR,利比里亚
-3.545902519,0.08209698413933347,,6.972956972,1432.208762,2852.498854,1350.292474,-8.122612799,74.567,35.27,10.95890411,35.1,0.020844585471239574,0.4441840033913645,2.043121555,8.477,17.19,1.3,1.39315951,36.1,73.45325745,15.7,65.5437,17.7,19.17029381,5.1910299,0.019623322,21.35821769,42055.61098,12.34,21.77447573,0.0,4.010906029260612,2.1027805487752567e-07,0.0,80.34136213,0.295265780730897,0.0,0.28997974601775417,5.12772073176027,789.22782790814,3.80584719617293,14.73,LBR,利比里亚
0.483418311,0.10558281210913346,,-2.617934153,1464.891163,3018.191886,1312.071013,-16.67983238,74.551,,9.85915493,34.9,0.004860869996528017,0.4450491603809092,1.943247767,8.538,21.09,1.3,1.38745701,37.0,74.14774324,16.3,54.8575,24.2,19.48389016,5.1910299,0.049016618,21.99392126,41246.25561,12.46,22.30907306,0.0,3.396245812226681,4.949550673602911e-06,0.0,80.027201,0.2946428571428571,0.0,0.2443038405419758,4.57801411968127,767.11158077638,3.80584719617293,14.73,LBR,利比里亚
-0.802290168,0.16010495405630576,,-0.209872797,1452.166616,3032.452064,1276.304094,-19.69443733,74.522,,12.32876712,35.3,0.003652697566513652,0.44619701880346857,1.956452314,8.599,25.33,1.2,1.68725502,37.9,74.83621284,17.2777,,22.8,19.79758929,5.1910299,0.0,16.07775623,40447.13499,12.52,22.56731733,0.0,1.504159598222958,5.2581275484222985e-06,1.7389137992274152e-07,79.71303987,0.294954318936877,0.0,0.2721415746797699,4.52197916030254,755.88203156893,3.80584719617293,14.73,LBR,利比里亚
-4.381608492,0.1635740970325761,,-0.560426634,1394.756582,2996.536428,1181.918032,-19.68321667,74.464,,12.32876712,36.6,0.003819734749749948,0.44774641579103996,1.982254929,8.66,21.98,1.2,1.3562839,38.9,75.5183259,18.3141,38.4042,23.1,19.96511628,5.1910299,0.0,15.9614665,39653.26393,13.87,22.01051445,0.0,2.450936137272872,5.154924310841143e-06,1.7047834871910203e-07,79.39887874,0.2953696013289036,0.0,0.16678836914254375,4.40648582712014,753.12704988817,3.80584719617293,14.73,LBR,利比里亚
-4.974703942,0.1914281557380133,,-1.38060189,1356.857907,3025.897541,1112.709361,-8.657440087,72.972,,12.32876712,37.5,0.0005715965508230614,0.44608185358356783,2.074833406,8.722,10.6,1.1,1.32303464,,76.19395478,19.4126,32.1004,27.6,19.96511628,5.1910299,0.0,18.38544288,38839.00127,14.32,21.35405277,0.0,1.8713128067417344,5.04907016518033e-06,1.6697764941312483e-07,79.08471761,0.2890365448504983,0.0,0.12549541573558254,4.67360078662209,751.35908429263,3.80584719617293,14.73,LBR,利比里亚
2.793685277,0.25077927310731035,,5.354276045,1336.99383,3367.408632,1116.95043,-2.896233836,73.405,,10.95890411,37.7,-0.0016485220428616998,0.4507359597423471,2.110987385,8.722,26.16,1.1,1.11087501,,76.86297349,20.5771,31.4299,29.8,19.96511628,5.1910299,4.48328104,17.54014848,38027.70813,14.01,22.41891806,0.0,1.735182657490842,4.911278504856993e-06,1.6348971673347653e-07,78.77055648,0.2884136212624585,0.0,0.11545858658994701,4.11354424398807,748.70319860439,3.80584719617293,14.73,LBR,利比里亚
2.585058276,0.25668281327362563,,8.666208541,1370.9738,3442.549559,1089.693102,1.619733282,74.42,,10.95890411,37.0,0.012555995160710154,0.4564036510937239,2.143881704,8.722,25.91,1.0,1.29002357,,77.52491387,21.8966,32.0639,31.8,19.96511628,5.1910299,,,37221.11613,13.76,23.49684322,,1.97692999112699,4.807107148799228e-06,1.6002199534956733e-07,78.45639535,0.2870639534883721,0.0,0.1329229333068319,4.39322975454733,,3.80584719617293,14.73,LBR,利比里亚
2.401862065,0.2558086560364465,,4.812134869,1372.161404,3767.801421,1082.174016,,74.421,,10.95890411,35.5,0.003697484418897501,0.45990692570276775,2.203906961,8.722,,1.0,1.30092859,,78.18001393,23.4979,,32.5,19.96511628,5.1910299,,,,,,,1.938323162778413,7.281954170657329e-06,1.565338385091688e-07,78.14223422,0.0,,0.120699173916914,,,3.80584719617293,14.73,LBR,利比里亚
2.765905244,0.17064053781093105,86.38540991,7.916944839,424.0341699,2430.891709,4114.322653,-2.575487585,81.742,47.42,8.0,33.4,0.01207437816952428,0.4711515728436531,3.079898477,6.666,61.8,0.1,1.83291543,26.1,37.136551,0.222512,0.865969,14.8,70.23248616,5.072737903,0.0,2.83977081,19785.19385,7.18,0.608690826,0.0,1.675021876247879,0.0,4.0385055214663776e-07,22.32658287,0.7419781958248787,0.5766929188018021,0.11924848559605597,10.6563862153414,1014.60403561614,5.1562742363969,34.94,MDG,马达加斯加
-14.98820051,0.09081223704229494,95.58029999,16.49852553,393.9128541,2259.351388,3661.767391,-8.913598288,81.706,,,34.8,0.008453488768449535,0.47179088580097234,2.989993505,6.812,41.2,0.1,1.74709666,26.8,37.82854526,0.33972,0.928837,14.0,70.23248616,5.072737903,0.0,3.569880282,19202.37439,8.62,0.532465413,0.0,1.211508270088118,0.0,3.919541834668924e-07,22.24598824,0.7434398321697563,0.5786704267978127,0.1322698405969306,9.09765398546504,1020.74490793295,5.1562742363969,34.94,MDG,马达加斯加
6.614147364,0.1343272105301222,92.9177116,-1.704004799,383.2424162,2942.59828,3753.777162,-5.146326395,82.164,,3.75,36.1,0.008838938651343442,0.4722467324049873,2.93067077,6.958,65.45,0.1,2.17278719,26.4,38.51822744,0.423252,1.56966,20.3,70.23248616,5.072737903,0.0,5.307467698,18647.78235,8.32,0.583800939,0.0,1.536829550179317,0.0,4.282132340882126e-07,22.16539361,0.7632836950166799,0.5822299411906317,0.13433808279991638,8.98740264293275,1023.32706614966,6.37840696284202,36.21,MDG,马达加斯加
2.231916851,0.19586423869791858,88.70974386,13.9558018,377.6632478,3625.91916,3634.178242,-7.877992479,83.095,,6.875,34.6,0.007957381937580665,0.4730563464334821,2.916108611,7.104,49.41,0.1,2.17331147,26.4,39.20603289,0.525354,1.79446,15.3,70.23248616,5.072737903,0.000697059,6.24678484,18111.845,8.21,0.613687594,0.0,1.63609678166355,5.374434716956471e-08,5.083300245950256e-07,22.08479898,0.7743921312377482,0.5844825807339135,0.1417068911216918,9.07305944784478,1007.79560223145,6.37840696284202,36.21,MDG,马达加斯加
1.731772067,0.14592262108468929,91.16420002,18.36382465,369.6582402,4399.723271,3503.20445,-12.53082177,84.237,39.93,6.875,32.9,0.008243584629703538,0.4741963433991971,2.929269371,7.25,57.31,0.1,1.93450081,25.9,40.0429128,0.567722,2.66324,16.0,70.31846477,5.158716511,0.000243446,5.581796218,17588.99549,8.02,0.642033817,0.0,1.528994371351089,5.219286495351939e-08,4.936556442261878e-07,22.00420435,0.7761632905733052,0.5844653850122089,0.13244224470656046,9.97963894635223,979.2192503297,6.39347618263263,36.33,MDG,马达加斯加
2.347263378,0.1540094244990038,86.81774337,10.76563716,374.5872121,3968.15935,3342.982045,-9.155174333,83.984,,6.875,30.6,0.007846498747197561,0.4759654509581895,2.937691079,7.319,61.29,0.1,1.89314044,25.7,40.87811639,0.607552,5.30076,16.8,70.31846477,5.158716511,0.001866099,5.754311455,17079.80104,7.79,0.676694067,0.0,1.465329228458136,1.5204570656121314e-07,5.229431005814279e-07,21.92360973,0.779155346149878,0.585170409602091,0.12823212306133489,9.26536323855839,954.06936278443,6.39470560576212,36.36,MDG,马达加斯加
2.653099507,0.14522639962232972,84.59238973,10.28796632,381.036012,3621.633508,3172.854905,-9.885701977,83.777,,7.874015748,30.2,0.006427870461236607,0.4778490212629493,2.934949508,7.56,109.04,0.2,1.90437353,25.6,41.71104873,0.65,10.9142,17.5,70.31846477,5.158716511,5.2e-05,6.499722519,16585.80227,7.65,0.715337116,0.0,1.506601293910101,1.9686412187306566e-07,4.654998580496484e-07,21.8430151,0.7833682979674658,0.5849296694982289,0.1294003660097754,9.95446921686802,931.28634267407,6.42222836286837,36.37,MDG,马达加斯加
3.625791508,0.12214295365816787,80.19685472,7.486300276,388.6963296,3626.714723,2935.068739,-15.63646139,83.578,,7.874015748,30.0,0.007459412022816858,0.4798176625323076,2.935329273,7.848,82.64,0.2,1.41035628,25.5,42.54248804,1.65,23.1088,18.3,70.32190391,5.158716511,0.00260484,5.86010067,16106.03025,7.49,0.763355068,0.0,1.570492989051985,3.8233899704834296e-07,4.931285428367834e-07,21.76242047,0.7864807235959692,0.5854799325927709,0.13520848190389526,9.36647585436469,923.20290384648,6.42323754443104,36.4,MDG,马达加斯加
-6.756948552,0.10939099423618445,84.43814585,6.929159085,402.9174431,2793.533888,2713.582864,-18.17185576,83.167,,,29.4,0.005032907471931969,0.48190472300912224,2.936041173,8.256,85.76,0.2,1.30581379,26.3,43.37005361,1.63,29.1628,17.4,70.32190391,5.158716511,0.001211345,6.983989715,15640.0251,8.02,0.732983394,0.0,1.312423478531807,5.105052702707721e-07,4.788605675403114e-07,21.68182584,0.7896447363895864,0.5860473914090174,0.08501176932772952,9.41874196355957,917.47755838925,6.4292651977285,36.41,MDG,马达加斯加
-2.265802527,0.11509899075477004,87.09874066,10.21854103,391.4890123,2462.922412,2492.635369,-8.948536171,82.79,42.38,12.5,28.1,0.004702747817154629,0.48422189805502686,2.909196621,8.26,80.16,0.2,1.86784148,26.7,44.19453589,1.7,34.7636,12.3,70.32190391,5.158716511,0.008080465,5.791522498,15191.58071,8.5,0.737522319,0.0,1.367080671264952,6.761831176008662e-07,5.426519714664248e-07,21.60123121,0.7958351962031848,0.5864085015648107,0.08458967481903086,10.4360898402093,908.17550058839,7.03536507928581,37.93,MDG,马达加斯加
-1.26548227,0.13764065338437836,87.69266102,10.38618714,389.408166,2106.403873,2242.654339,-6.727751144,84.26,,12.5,27.4,0.00420147930412007,0.4869487299702484,2.839657144,8.263,96.42,0.2,1.67813444,27.0,45.01538226,1.9,38.0364,14.3,70.29108191,5.156455453,0.031390402,5.679099024,14766.25932,8.72,0.749163571,9.85e-06,1.519405248140169,8.76335864483422e-07,6.028105685960661e-07,21.56904408,0.8022413393033627,0.5864780549850033,0.10528534854068171,9.30160266074844,897.79497941857,7.03536507928581,37.93,MDG,马达加斯加
0.200640942,0.130926959586883,88.92143842,5.466174863,389.8562746,1871.768032,2043.510014,-7.462710178,85.84,,17.4863388,28.6,0.002338530066815059,0.49003479519050835,2.766263126,8.407,94.11,0.2,1.48979211,27.4,45.83248652,2.3,37.4155,18.7,70.29108191,5.156455453,0.057445348,6.612850646,14363.38372,8.78,0.771721995,1.3e-05,1.767836977884929,1.1081542335881718e-06,6.230115074635466e-07,21.54632474,0.8035992059058604,0.5862889849517442,0.12253298318785114,8.5674480061255,884.17478088516,7.06095272278603,37.96,MDG,马达加斯加
-0.444341802,0.15478660734162594,93.31035761,5.452302455,347.5264741,1952.216295,2277.990957,-6.505498543,85.409,42.55,17.4863388,30.1,0.002444172869681127,0.4932730909952139,2.7196484,8.455,112.7,0.2,1.30425918,27.7,46.64531107,3.0,35.0949,12.9,70.29047783,5.156411138,0.233310923,6.453500674,13978.01428,8.35,0.789474505,1.56e-05,1.7979883125641372,2.0738893596617735e-06,6.062961151966732e-07,21.52342042,0.803643863870746,0.5860433138535579,0.12880298171368798,8.93163378853494,873.85489890698,7.06095272278603,37.96,MDG,马达加斯加
0.60571012,0.17535793902607685,88.91493402,6.73177081,334.0767728,1886.236022,2574.596611,-0.649123767,84.966,,20.52980132,32.1,0.0015832554899384288,0.49640660840333856,2.680779482,8.502,113.92,0.3,1.74814212,28.1,47.45419204,3.7,39.2253,23.0,70.29047783,5.156411138,0.0,7.296048667,13608.27267,8.18,0.815836662,0.044618999,1.89910659926017,2.8266441741167585e-06,5.902585792749318e-07,21.50070127,0.8050017188037125,0.5857854932966655,0.13552194699412237,8.20280016524485,865.10203775111,7.06095272278603,37.96,MDG,马达加斯加
0.445748708,0.18087046328716236,88.44722477,6.503716692,313.1929558,1868.328715,2855.68498,-2.259418413,84.506,,20.52980132,33.3,0.0015965602820062763,0.4992888578314246,2.639484347,8.595,106.35,0.3,1.99010992,28.3,48.25817346,4.17397,42.0572,23.8,70.29047783,5.156411138,0.0,8.879879491,13253.78337,8.12,0.841391098,0.035330256,2.038486366944051,3.5395860619281255e-06,5.748826122691806e-07,21.47798212,0.8049845307665865,0.5857854932966655,0.14616991609843857,8.63364529115545,857.69219881435,7.06359656725033,38.0,MDG,马达加斯加
1.310635934,0.19023322280674496,86.28357705,8.96008073,311.9184548,1905.366315,2756.865115,0.378142575,84.157,,20.52980132,35.0,0.0010889807771219395,0.5013512668529045,2.613359357,8.448,100.7,0.3,2.37194586,28.6,49.05759145,4.71366,30.6447,22.9,70.29047783,5.156411138,0.0,9.073595338,12911.90114,7.9,0.874989073,0.031269888,2.104295679932923,4.21456713790125e-06,6.687697401834302e-07,21.45527673,0.8052079752492265,0.5861292540391887,0.15111797868440524,8.55539456034355,847.09840132764,7.06359656725033,38.0,MDG,马达加斯加
1.262369943,0.21614543245971868,87.73176012,4.961539756,311.2920161,1940.103977,2674.64628,-0.228589799,83.828,,19.20529801,36.0,3.153032428948599e-05,0.5032539301096091,2.603454951,8.578,133.24,0.3,2.24615121,28.8,49.85193862,6.4,32.5906,24.1,70.29047783,5.156411138,0.0,7.790316097,12580.08371,7.98,0.909405085,0.055928655,1.8867346079072291,4.852851283439178e-06,8.249108931105377e-07,21.43255414,0.8060673771055347,0.5860433138535579,0.13811224540495645,8.12963980548138,835.69544562308,7.29046325178958,38.86,MDG,马达加斯加
0.542519019,0.2260168951820999,85.62335091,8.297993311,307.4376233,1933.923874,2489.700162,0.71256088,83.527,,19.20529801,37.5,0.0009143505746220804,0.5050052507869998,2.60334538,8.234,124.8,0.3,1.49675477,29.0,50.64112414,7.7478,38.7516,36.5,70.29047783,5.156411138,0.178574251,4.863076179,12256.80695,8.49,0.938454726,0.076290587,1.579486827054517,1.2002214517689556e-05,8.130946020538481e-07,21.40983156,0.8066517703678241,0.5866277071158473,0.1233469298662597,8.09176340394291,825.32220873554,7.29046325178958,38.86,MDG,马达加斯加
1.730137229,0.19114243843130785,86.00283618,6.522090641,321.8870931,2005.825505,2386.730354,-2.135649717,83.25,,15.89403974,38.9,0.00020475342961989718,0.5066384110819044,2.601366335,7.808,122.45,0.3,0.68268955,29.2,51.42425599,9.37944,46.078,31.0,70.29047783,5.156411138,0.0,4.781490032,11942.07393,8.58,0.979852142,0.058440035,1.880776015100558,1.1694018977053997e-05,7.312761023618587e-07,21.38712616,0.8088174630457202,0.5871777243038845,0.12944406148304116,8.58267602188062,812.75458351996,7.29046325178958,38.86,MDG,马达加斯加
-9.491825796,0.15523189878670812,95.702532,4.311145136,311.0591372,1564.794992,2301.1721,-4.778422927,81.804,,17.8807947,40.6,-0.012566137566137447,0.5042422423000477,2.567788704,7.679,175.76,0.3,0.68988532,,52.20207478,11.3547,54.8085,32.0,70.29047783,5.156411138,0.0,5.780285454,11639.33024,9.41,0.909913514,0.029831528,1.396458654209082,8.388952293113806e-06,7.12737511741563e-07,21.36440358,0.8090409075283602,0.5865245788930904,0.09114016599549983,7.69961997599583,803.3453374433,7.29046325178958,38.86,MDG,马达加斯加
2.051158699,0.19011152606987125,92.64337574,6.26959796,295.0617047,1812.22048,2285.511819,-5.029371299,82.058,,17.8807947,39.9,-0.003030013076898652,0.5090449209953035,2.515373609,7.552,174.2,0.4,0.74739987,,52.97329686,13.7459,53.9177,35.1,70.29047783,5.156411138,0.0,5.56282993,11350.20908,9.35,0.952230711,0.046954766,1.799277039719485,8.136449586564424e-06,7.239928124881803e-07,21.34169251,0.8161051907872122,0.5864902028188381,0.1255107657406771,7.93612702414697,792.6202041755,7.29046325178958,38.86,MDG,马达加斯加
1.6026818,0.23829404526175743,87.29856395,9.626057337,293.9978844,1812.695054,2196.872527,-5.411702644,82.725,,18.54304636,39.9,0.008829739586665886,0.5138318786306034,2.482078362,7.552,156.66,0.4,0.89582229,,53.73867225,18.5532,64.7495,36.1,70.29047783,5.156411138,,,11071.95552,9.0,0.99180635,,1.85737628766318,1.6755778386235212e-05,7.06243925397558e-07,21.3189737,0.8168614644207631,0.5864902028188381,0.12975832395037123,8.5385256443599,,7.29046325178958,38.86,MDG,马达加斯加
1.668875061,0.21046071044353212,88.19588844,7.465149404,300.7887537,1794.348517,2202.94727,,82.864,,18.54304636,39.5,0.008942728483541496,0.5164467597890648,2.462015304,7.552,,0.4,0.98797482,,54.49694303,20.3671,75.4563,39.4,70.29047783,5.156411138,,,,,,,1.7675483221248731,1.859216772238124e-05,6.890683915771454e-07,21.29626006,0.0,,0.12130449777874884,,,7.29046325178958,38.86,MDG,马达加斯加
-7.246405544,0.17814189607704983,,25.62246998,425.7457323,1988.337984,2037.404947,-2.39994804,76.612,,9.32642487,23.2,0.022417153996101336,0.43548009507068797,2.419394275,9.224,75.35,14.8,0.83659285,32.4,54.93477255,0.164021,0.480719,5.2,51.2303776,30.22910479,0.0,10.02969893,1392.212478,5.42,3.49700782,0.079607634,1.370754844058398,0.0,5.117659266097867e-06,32.24119644,2.418752651675859,0.1368264743317777,0.07387528432963936,19.0300714009288,853.09156476887,20.1758807407601,77.1,MWI,马拉维
-0.760072947,0.08078896517276521,,112.6936491,439.7515024,1810.175849,2020.534972,-3.944948055,76.582,,9.32642487,23.4,0.02056985488825336,0.4356671133392366,2.448687959,9.269,78.31,14.3,0.97493625,33.2,55.73580122,0.215095,0.724275,5.6,51.2303776,30.22910479,0.0,5.832343496,1358.535542,5.56,3.421204632,0.038425285,1.294164668079843,0.0,4.921490741810067e-06,31.79571489,2.3838565973695376,0.1368264743317777,0.08019358626448178,17.3021185165937,852.34169216944,20.1758807407601,77.1,MWI,马拉维
3.092548353,0.1143520543849805,,10.34609667,445.2572852,1958.088836,2038.141327,-5.331746892,76.641,,9.32642487,24.1,0.029579043507140357,0.43590393162656976,2.503113189,8.996,75.56,13.6,1.17513871,32.6,56.53426334,0.278815,1.10917,6.2,52.82138311,31.82011031,0.0,8.691846671,1324.951931,5.33,3.599565467,0.049201534,1.342941942126951,0.0,4.870414996954417e-06,31.35023335,2.3838565973695376,0.1365082732286805,0.07736666008842535,17.3151363959472,852.6113577365,20.1758807407601,77.1,MWI,马拉维
2.728950463,0.09587393475039424,,14.84662611,451.5377418,2001.647758,2073.751768,-7.491806777,76.797,,13.98963731,23.2,0.02967682103183411,0.4360878882581083,2.586312039,8.724,82.28,12.9,0.85772187,32.9,57.32980083,0.347505,1.77698,6.9,52.82138311,31.82011031,0.0,6.380203109,1291.123875,5.13,3.777090789,0.075860651,1.379186355907611,0.0,4.608498702208517e-06,30.9047518,2.417161646160373,0.13608400509121768,0.08256795579332642,16.4800064089121,854.18113672523,20.1758807407601,77.1,MWI,马拉维
0.539880655,0.0954813695416327,,10.74123681,399.9639608,2095.407404,2229.899459,-9.523892935,76.822,39.0,13.61256545,21.5,0.027333424705813236,0.43606818394753094,2.678011002,8.603,85.61,12.3,1.05274868,32.9,58.12273986,0.384489,3.28008,6.6,54.9427238,33.941451,0.0,6.791581522,1257.006311,5.0,3.882557176,0.08759586,1.255191584912651,0.0,3.950992674496658e-06,30.45927026,2.4343445057276196,0.1358718710224862,0.08842091697442163,17.6943057575317,832.36143918075,20.1758807407601,77.1,MWI,马拉维
1.854814551,0.11876362619147006,,19.96725955,378.7019061,2275.294445,2352.761083,-5.269113712,75.743,,13.61256545,19.3,0.022546646591320663,0.42991655012110663,2.755070307,8.671,87.43,11.8,0.9437108,32.4,58.91274139,0.425137,4.69867,3.7,56.05642766,35.00212134,0.0,6.728768584,1222.847612,4.76,4.065037354,0.098098213,1.273529914451416,7.576503172547057e-08,3.8436258554012245e-06,30.01378871,2.4409206618582946,0.13725074246924057,0.086658714899292,16.1876713641417,816.56070237711,20.1758807407601,77.1,MWI,马拉维
6.551346557,0.13594348505604015,,4.099724867,421.1496916,2542.935653,2383.754103,-6.479832597,74.695,,12.95336788,17.5,0.019290986356519824,0.42346550908444197,2.821037713,8.535,130.35,11.3,0.73458099,31.8,59.70011956,0.965865,7.74032,7.4,56.05642766,35.00212134,0.0,7.882401436,1188.832663,4.51,4.455280935,0.106752942,1.222610404497229,1.4731507593760708e-07,3.926713114404225e-06,29.56830717,2.445057276198558,0.13725074246924057,0.07001259241903361,19.1805188933239,798.74144106848,20.1758807407601,77.1,MWI,马拉维
4.558556158,0.11364197893542816,,11.96466753,435.0114618,2718.81203,2496.466884,-8.954289785,73.601,,12.95336788,15.9,0.018797886152102095,0.4164459317434504,2.904261646,8.672,112.38,11.1,1.3674773,31.3,60.48455008,0.7,10.7873,7.8,57.64743318,36.59312686,0.0,8.568973121,1154.802408,4.38,4.795652654,0.150566301,1.371805107673988,2.146472876417468e-07,3.998874660522078e-06,29.12282563,2.447496817988969,0.13714467543487485,0.08804880657181308,18.2410988424807,783.1467914549,20.1758807407601,77.1,MWI,马拉维
5.172348754,0.13229909262044676,,7.899822951,452.3162654,3178.920326,2550.590206,-6.033742038,72.448,,20.83333333,14.7,0.01793053935205946,0.40909556323002255,2.956425455,8.808,106.44,10.9,1.0557555,30.9,61.2695218,1.07,17.2665,8.3,58.17776835,37.12346203,0.0,7.038095365,1121.161273,4.07,5.195039875,0.052805464,1.216318167900526,3.4732381443794534e-07,3.524007745967779e-06,28.67734408,2.453330504879083,0.13714467543487485,0.0644301719364025,16.7149572651378,770.12185103825,20.1758807407601,77.1,MWI,马拉维
3.769617523,0.1094949281135244,,12.12722206,482.3306313,3391.9907,2617.036132,-9.570079304,71.164,,20.83333333,14.1,0.018919490778291026,0.40189666274417574,2.947796087,8.944,126.77,10.7,1.13196635,30.6,62.05471732,2.26,21.0257,8.7,58.17776835,37.12346203,0.0,5.972724383,1088.59409,3.79,5.552150338,0.086933336,1.435407384902051,4.7212878756045865e-07,3.36364938784321e-06,28.23186254,2.467649554518456,0.1368264743317777,0.06384095997811481,17.8293439042705,760.22734867442,20.1758807407601,77.1,MWI,马拉维
1.917989323,0.12310975278811477,,13.99023774,509.5500589,3411.794775,2687.96573,-9.758721178,69.836,45.2,22.27979275,13.9,0.01855088514717851,0.39480067568851196,2.915044272,8.986,141.15,10.5,1.15239477,30.2,62.8400905,3.33,25.8864,7.6,58.17776835,37.12346203,0.0,5.881126333,1057.319144,3.72,5.826019592,0.117453177,1.388869896861943,1.179166332023629e-06,3.2106850528187908e-06,27.78638099,2.4845142129826048,0.13672040729741197,0.07100357405315236,16.1158324535343,743.06572329641,20.1758807407601,77.1,MWI,马拉维
-0.983601162,0.1371220950423998,,17.63976447,499.8073069,3374.326811,2777.642084,-8.487980444,68.294,,22.27979275,14.2,0.017176642484581617,0.38719088362468324,2.870645899,8.912,157.59,10.3,0.95642853,31.5,63.62504103,4.3506,29.58,7.4,58.17776835,37.12346203,0.008292732,8.921079219,1027.398764,3.71,5.936713964,0.108461951,1.345314506653068,1.7186968178710353e-06,2.7366912154280155e-06,27.34089945,2.504879083580823,0.13672040729741197,0.06591091268720983,15.8778890933784,722.71294815842,20.1758807407601,77.1,MWI,马拉维
2.460763685,0.14941035338505904,,27.046291,530.3440373,3445.662127,2857.525155,-15.39159208,66.77,,22.27979275,14.9,0.015800901954234225,0.3797867145622744,2.838089664,8.839,135.58,10.1,1.48205006,31.8,64.40976358,5.05,32.7317,9.0,58.81417056,37.60076368,0.005087746,10.2442128,998.6501517,3.56,6.257910968,0.107360244,1.33473272038495,3.3412086859545984e-06,2.6601132802149215e-06,26.8954179,2.52800169707255,0.134811200678829,0.06830179368457108,15.9196978108306,706.34642410886,20.1758807407601,77.1,MWI,马拉维
2.703864029,0.16111208388054912,,20.96928131,560.5344765,3563.800826,2948.391372,-12.8223513,65.226,,16.66666667,15.5,0.01372993948960799,0.37254404496142296,2.804790124,8.766,171.69,9.9,1.56810546,32.1,65.19339256,5.83,33.8868,11.9,59.93848112,38.19473908,0.003291274,9.733352441,971.0292754,3.33,6.609935356,0.074228269,1.326498306695029,4.632543631040642e-06,3.207308740247142e-06,26.44993636,2.5334111158252015,0.13205345778532032,0.06590501570913594,14.2694439741681,695.79423054445,20.1758807407601,77.1,MWI,马拉维
0.007925183,0.11627560920845854,,19.81466926,546.7876058,3655.673321,3039.871027,-11.54537609,63.64,,16.66666667,16.3,0.010916286840440437,0.3653856902897161,2.753591835,8.692,178.8,9.6,1.89914215,32.4,65.97633401,6.0,38.4342,10.8,60.52184981,38.77810776,0.003693801,9.140299295,944.655867,3.31,6.795013546,0.036084695,1.234634854427924,7.081992558991388e-06,2.6169397533107874e-06,26.00445482,2.5334111158252015,0.13205345778532032,0.06144426638663336,15.1172139633366,691.59771262642,22.7597783890751,79.19,MWI,马拉维
-0.256367435,0.12920568587881442,,20.29268293,531.6423733,3715.900014,3141.414796,-12.71340081,61.963,,16.66666667,16.7,0.01346190873499764,0.3583451718925768,2.725957877,8.619,195.41,9.4,1.91101837,32.6,66.75750717,6.3,40.8844,11.0,61.1158252,39.37208316,0.001152358,10.94346538,919.252758,3.3,6.964888885,0.04084343,1.31372570809293,6.8915479379207084e-06,2.448621737342718e-06,25.55897327,2.532562579550276,0.13205345778532032,0.06805297441771972,13.9459955415378,686.03650644747,22.7597783890751,79.19,MWI,马拉维
1.221380494,0.09381068839433247,98.12953769,10.57692451,558.4896237,3764.788116,3206.457145,-17.42087077,60.264,42.3,16.66666667,17.6,0.01188987223532778,0.3513440761120672,2.708089491,8.546,234.81,9.0,1.71919668,32.8,67.53726522,7.0,43.0855,12.7,61.69919389,39.95545185,0.001650286,7.09868952,894.6926268,3.18,7.24348444,0.014491179,1.373932561131433,1.0643183664486939e-05,2.4785287255896226e-06,25.11349173,2.5443360203648706,0.13205345778532032,0.07268815992935587,13.4975709896742,679.19028194707,23.2793246181321,79.75,MWI,马拉维
1.602997456,0.08482450739756017,97.5158771,6.152346986,545.237306,3885.848201,3190.162256,-17.25870819,60.192,,16.66666667,18.3,0.008605313389867586,0.3537677755186843,2.671175686,8.472,245.97,8.7,1.68875861,33.1,68.31521676,8.79829,38.1956,18.0,62.29316928,40.54942724,9.15e-05,5.276775028,871.1101814,3.26,7.558834223,0.012826148,1.258256729680941,1.392480959037258e-05,2.459606963960812e-06,24.66801018,2.5896266440390328,0.13205345778532032,0.08139882343994502,15.7947143738456,675.25509129755,23.2793246181321,79.75,MWI,马拉维
2.951510154,0.08134382744193924,94.64721162,7.728556424,561.9642099,4028.449042,3215.650126,-11.95321814,60.13,,22.91666667,19.3,0.008237155621742431,0.35641387525707263,2.650595676,8.399,252.4,8.3,1.53329957,33.4,69.09076817,11.0586,46.7841,11.2,62.87653797,41.13279593,0.000302089,4.302370839,848.3238928,3.16,7.990959562,0.008179705,1.432635052331567,4.215339293816086e-05,2.440462920146862e-06,24.22252864,2.59068731438269,0.13205345778532032,0.08069010638843604,16.4936400896399,667.09179780283,23.2793246181321,79.75,MWI,马拉维
-1.828352407,0.06550934288394003,100.9468185,6.21829712,515.2151625,3837.807854,2985.134061,-13.92332324,64.36,37.9,22.91666667,19.9,0.003400261558581308,0.38829883738454934,2.635737351,8.326,291.02,7.9,1.56224585,,69.86394752,13.8995,51.217,11.5,63.47051336,41.72677132,0.00030768,4.149636334,826.2564012,3.11,8.054375532,0.006074429,1.373392599617618,3.061858448251521e-06,2.376979036836394e-06,23.77704709,2.5932329232074673,0.13173525668222316,0.07659183727274366,13.7880771795223,657.34322347851,23.2793246181321,79.75,MWI,马拉维
1.880764329,0.0815148071995877,100.812259,8.152968429,556.0668145,4153.076523,3287.721409,-15.49226063,59.374,,22.91666667,20.4,-0.006654808635917497,0.361621474617626,2.594158288,8.252,371.88,7.4,1.36146903,,70.63416619,17.4703,59.5599,14.2,64.17055579,42.42681375,0.000470911,4.27755159,805.0976348,3.04,8.421517497,0.011967485,1.336179391969915,3.292220811444638e-05,2.31610937934305e-06,23.33156555,2.605112431056428,0.13449299957573185,0.073937847011297,13.2087473730626,642.79771236337,23.2793246181321,79.75,MWI,马拉维
-1.637493994,0.0724109470236356,103.5610816,17.16683039,535.220777,3963.150687,3217.03128,-18.34263333,59.904,,22.91666667,20.7,0.01937266524651915,0.3662258550941993,2.567947783,8.252,361.73,7.0,0.87697619,,71.40138019,17.0457,59.6496,14.0,64.17055579,42.42681375,,,784.6863452,3.33,8.499089364,,1.339579327717499,5.250689298822951e-05,2.2754483517536916e-06,22.88608401,2.606385235468816,0.13565973695375477,0.0743721866028857,16.9671833662116,,23.2793246181321,79.75,MWI,马拉维
-0.642220906,0.07228553411131595,104.2174923,29.0332878,520.4030489,3904.820943,3143.277522,-15.74091595,59.843,,20.7253886,21.4,0.019928222057331357,0.3696969676867691,2.571357086,8.252,,6.6,0.83762544,,72.22855225,17.9881,61.0866,15.6,64.17055579,42.42681375,,,,,,,1.30401147220373,5.164779689925581e-05,2.200084431539708e-06,22.44060246,0.0,,0.07139031505250874,,,23.2793246181321,79.75,MWI,马拉维
12.3755666,0.1757881908584344,85.56243875,4.289868049,1090.212895,2714.632966,5348.124491,-7.524032382,69.319,,12.24489796,14.2,0.013733820768698779,0.37592004740031154,3.007011656,3.869,28.39,1.7,1.05405474,24.8,51.00435287,0.185897,0.20145,10.8,32.21547464,3.712536572,1.792115202,3.033756441,5036.870733,4.36,1.797542721,0.0,1.185229871517661,8.394784555409692e-08,3.753472026558916e-06,10.89666363,0.2475925880395676,58.088027274440854,0.05036870733245816,3.38679665871391,758.5497493087,3.06631802004446,31.14,MLI,马里
-0.115608872,0.1880686876089297,84.57768762,3.58323851,1017.204288,3048.546799,5109.688063,-3.217270631,69.278,39.87,10.20408163,13.3,0.01354775828460042,0.3764097639576662,3.106768618,4.132,32.91,1.6,1.10984015,24.8,52.66528529,0.227046,0.374136,13.0,32.52280383,4.015768036,3.858056604,3.29442351,4882.792632,4.7,1.844614173,0.0,1.111894771463548,1.6275975439553063e-07,3.7086272481337564e-06,10.89666363,0.2478138650538031,58.05310648341653,0.0488279263186592,3.83277996127467,758.78801061631,3.21112622801719,34.04,MLI,马里
6.36163328,0.16554835272769777,85.23311622,-8.164959698,1230.214489,3230.16427,5246.464956,-4.844831635,69.33,,10.20408163,13.2,0.012251177997884444,0.3766522624636824,3.178940014,4.395,35.36,1.6,1.41243839,24.5,54.3201165,0.310364,1.94895,14.7,33.37676919,4.869733402,0.922596204,4.171203302,4730.012838,4.74,2.017157474,0.0,1.025203253113467,2.3650064190215886e-07,3.592586418826871e-06,10.89666363,0.2479122103934633,58.00136044386529,0.04730012838043179,3.50867610082903,750.18935169053,3.21112622801719,34.04,MLI,马里
-1.755829794,0.15048317441382444,87.64454268,3.683026129,1081.047107,3412.575547,5244.902967,-6.316948306,69.232,,10.20408163,12.4,0.011798905608755073,0.3766210473203821,3.237946088,4.658,34.55,1.5,1.58851421,24.5,55.96905524,0.43282,3.10524,16.4,32.52854064,4.017407125,0.625793914,3.123136969,4579.310568,4.98,2.038727564,0.0,1.045727650155433,3.8160921400026517e-07,3.47812353105677e-06,10.89666363,0.2477564969390012,57.81083273916357,0.04579310568003182,4.20186026782383,745.5883385685,5.26649117129473,66.11,MLI,马里
-0.765580835,0.1482016526788466,90.38901101,11.69155482,932.0340127,5282.570111,4307.134006,-5.894250172,69.281,,10.20408163,11.2,0.010121495502600775,0.3762291756332815,3.275222992,4.921,40.93,1.5,1.39720833,24.1,57.60967076,0.507063,5.62823,18.2,33.10304133,4.591907818,0.0,2.887015534,4431.757472,4.77,2.082106983,0.0,1.078406309215815,7.386262452961511e-07,3.3660525351189087e-06,10.89666363,0.2478220604987747,57.799277161753494,0.051703837170730585,3.53065468044942,741.99221184644,5.26649117129473,66.11,MLI,马里
0.343315237,0.18874799978051748,82.40139592,5.628436561,810.5747686,6215.4831,4314.324139,-2.663768143,69.286,,10.20408163,9.8,0.009536734086853071,0.375654952391824,3.280438795,5.184,65.61,1.4,1.22405839,23.9,59.24327915,0.729627,10.8144,16.6,33.16368762,4.65255411,3.591177034,2.666089744,4288.735087,4.68,2.150317634,0.0,1.242105338082475,7.147891811510952e-07,3.2574227501549487e-06,10.89666363,0.2486907776657733,57.770781599586954,0.050035242680576665,3.33408955130744,743.56999230091,5.3895753900268,66.36,MLI,马里
-1.531377457,0.1604281254571032,88.53669406,6.336232062,807.8995264,7533.443046,3817.75167,-5.999623708,69.33,38.93,10.20408163,8.5,0.008304944296105399,0.3750195310135896,3.287960784,5.447,67.75,1.4,0.99671644,23.8,60.86789328,0.81,17.5054,21.7,33.27104795,4.75991444,3.479879863,3.229011411,4150.016168,4.82,2.188164216,0.0,1.451151729688412,6.9166936129522e-07,3.152061576309633e-06,10.89666363,0.249895508076611,57.71572460026717,0.04634285185652703,4.04569224648708,748.36555159301,5.41976024602326,67.53,MLI,马里
0.288268762,0.1829445300564358,90.75343325,6.257483225,865.4501308,7378.538309,3776.425136,-9.315037558,69.354,,10.20408163,7.4,0.007871283512309146,0.37425423916900735,3.28621889,5.71,65.19,1.4,0.71373433,24.0,62.484007,1.57,23.0146,23.4,33.46279702,4.942672862,2.647277958,3.245052382,4015.854056,4.71,2.267785181,0.0,1.665343774910961,6.693090093945551e-07,2.9350610029294317e-06,10.89666363,0.2514690335111745,57.71778165695507,0.04685163065761887,3.89096973148619,755.43811408221,5.41976024602326,67.53,MLI,马里
2.074583586,0.1459455539483461,83.45613539,6.035591638,916.2679144,8139.240706,3585.528226,-5.40923593,69.377,,10.20408163,6.7,0.007266203997318366,0.3733461461889993,3.257805694,5.938,68.91,1.4,0.66568589,24.2,64.08942951,1.8,28.8979,24.0,33.64730698,5.126578648,4.093576469,3.186040257,3887.133452,4.76,2.391486867,0.0,2.054706541187875,6.478555753705783e-07,2.896688727808598e-06,10.89666363,0.2515100107360328,57.66088068251665,0.04534989027594048,3.40083381729707,753.83364062246,5.41976024602326,67.54,MLI,马里
2.202220249,0.15703256710973468,87.37519383,4.206632598,965.9063998,7814.302296,3687.220205,-9.370824979,69.445,33.03,10.20408163,6.2,0.007285745124847143,0.37226273389643705,3.248514009,6.088,73.83,1.3,0.66893148,24.2,65.68250643,2.0,46.6622,27.0,33.66315459,5.131168097,3.856170332,2.716868022,3762.888363,5.63,2.524855034,0.0,2.049493878557828,6.271480605007226e-07,2.804101387072773e-06,10.89666363,0.2519033920946738,57.50811758824446,0.04390036423505059,3.83156586167146,756.6937403131,5.49069399909564,68.45,MLI,马里
-0.338811373,0.15362919739136854,82.73148464,12.48559788,908.118741,7964.188628,3761.612746,-4.253521742,69.476,,10.20408163,5.8,0.006679406354365591,0.3710847541955823,3.23250831,6.202,86.07,1.3,0.6047653,24.0,67.26265114,2.2,65.7107,28.8,33.80872348,5.286062007,4.995867846,2.606992434,3643.197613,5.83,2.598969098,0.0,2.297159184351517,6.071996021142448e-07,2.714907936028972e-06,10.89666363,0.2522476007834845,57.439824945295406,0.14416359791023756,3.70931976123106,751.72464097477,5.50562789372037,68.65,MLI,马里
-3.919305674,0.17640958316543023,83.49249252,4.854597868,962.6209087,6780.882404,3458.512917,-1.842846835,69.506,48.04,10.20408163,5.4,0.0058367484521084645,0.36937823969558825,2.919987285,6.046,84.82,1.3,0.41352206,23.7,68.82932247,2.8,86.1757,25.6,33.96565437,5.440955917,6.963622836,3.153241406,3538.354853,5.62,2.571097773,0.0,2.233182368454021,8.256161322561558e-07,2.6367791953315184e-06,10.89666363,0.2525426368024652,57.37547431137773,0.14550186061441292,3.94167087819876,755.54165828533,5.59299453030269,70.05,MLI,马里
0.317423676,0.14853441164926837,88.50757114,-0.317559105,905.3461219,7093.280202,3561.358574,-2.380051501,69.526,,,5.2,0.006279102582192886,0.36798543381397586,2.920782575,5.889,61.61,1.2,0.81583834,23.7,70.38202289,3.5,113.115,32.4,34.11656217,5.595849827,4.130205428,3.171697545,3436.501893,6.12,2.655704564,0.0,2.361534895262615,1.8900760411956391e-06,2.5608784517270285e-06,10.89666363,0.2528048910415591,57.376875732467894,0.155904087117614,3.0172973758043,752.1122005531,5.65649670668613,70.49,MLI,马里
3.189096458,0.16251327012981467,86.50928637,1.82208435,1018.453145,6617.408297,3543.761129,-3.961762165,69.574,46.91,9.523809524,5.0,0.00753698380424872,0.3675266853704221,3.160656917,6.016,70.27,1.2,0.89173758,23.4,71.92056819,7.0,130.44,34.2,34.25356715,5.750743737,2.958063133,3.409520339,3329.584406,6.02,2.828395439,0.0,2.457476958287272,2.1087367906368977e-06,2.4812036263918843e-06,10.89666363,0.2528950409362476,57.3683934469222,0.1620063789287917,3.40207770493526,752.42653482914,5.65649670668613,70.49,MLI,马里
2.966207623,0.17435464366099004,88.23232579,2.818549067,1135.563679,6268.691542,3151.261444,-4.477294743,69.57,37.24,8.843537415,4.9,0.00643679760620719,0.3669819247242326,3.12892801,5.855,66.05,1.2,0.91927379,23.2,73.44428189,10.33,122.083,37.6,34.38263336,5.905637647,2.866154999,3.813547945,3227.017104,5.92,3.004855606,0.0,2.8607560433399213,2.58161368281068e-06,2.7747352554517493e-06,10.89666363,0.2528950409362476,57.3683934469222,0.17030507466725958,3.94801661223183,759.08009998226,5.65649670668613,70.49,MLI,马里
2.70047364,0.16877892354737606,86.9786932,1.600058897,1131.573298,7741.925221,3395.236726,-6.066952193,68.909,36.11,8.843537415,4.5,0.007501901403581535,0.3635264937128507,3.167012913,5.895,77.24,1.1,1.20876825,23.1,74.95304653,14.0,105.348,38.8,34.60595727,6.061351101,4.140533041,3.768780066,3126.41845,6.05,3.18529908,0.0,3.453473249722779,2.761669630424512e-06,2.688235982939447e-06,10.89666363,0.2528704546013325,57.26131176292216,0.23293354604789704,3.60751057579454,746.78724684932,5.69597795812375,70.93,MLI,马里
2.068917711,0.15817908743954465,86.1339999,1.67388511,1202.925324,6607.510567,3417.721831,-6.624943824,68.123,36.78,8.843537415,4.6,0.004735270905534605,0.3603924209197683,3.188236494,5.93,98.94,1.1,1.17751467,23.0,76.44675613,18.9,111.21,34.8,34.74003713,6.216245011,3.398306013,3.533384281,3028.313062,6.06,3.356526352,0.0,3.692543408525876,3.633975673864008e-06,2.603880533291482e-06,10.89666363,0.2529933862759078,57.102148026127075,0.24953516560405684,3.64172553289639,742.03508094931,5.69597795812375,70.93,MLI,马里
1.640975265,0.17596216091545577,85.00733028,1.479794937,1267.921943,7607.063557,3387.123827,-4.105726227,67.178,35.81,8.843537415,4.6,0.0053106109764011755,0.356651614345542,3.125423237,5.908,87.24,1.0,1.15118647,22.9,77.92487265,21.4,107.404,50.9,34.91164212,6.371138921,4.326361874,2.434943209,2935.129241,6.05,3.51991702,0.0,3.713292786454708,3.6199927306632464e-06,2.523756869977688e-06,10.89666363,0.2537965398831329,56.73138609560807,0.25721070661768913,3.28953261593805,733.26434422976,5.69597795812375,70.93,MLI,马里
1.878292729,0.17946595136040974,84.03681897,1.001245138,1417.358228,6940.901798,3076.229457,-6.293539634,65.177,36.04,9.523809524,4.8,0.00584308596470362,0.35327315950115823,3.018144943,5.886,91.85,1.0,1.1192745,22.7,79.38757765,24.9603,108.815,47.9,35.08882863,6.526032831,4.732746061,2.258929905,2847.866272,6.06,3.69591284,0.0,3.917928825043756,3.892083904785389e-06,2.4772926715629404e-06,10.89666363,0.2538539079979348,56.42337668723724,0.26513391972482014,3.1498334981151,724.36968405723,5.69597795812375,70.93,MLI,马里
-4.106798457,0.23161030441334682,85.10529216,0.473313578,1150.19561,6445.136052,4599.739228,-1.834345242,63.591,40.21,27.89115646,4.7,-0.006062448283432165,0.3472498364637183,3.017513615,5.864,99.3,0.9,1.40269554,,80.83423745,29.113,116.587,50.6,35.24767889,6.680926741,5.515683244,2.414343375,2763.215122,6.48,3.652703614,0.0,4.169818716242337,2.6987401028542352e-05,2.6135310690229952e-06,10.89666363,0.2537145854334161,56.41164081003778,0.28060272721964,3.08527123264183,713.44971521061,5.69597795812375,70.93,MLI,马里
-0.00652431,0.2112243225570232,86.02976512,3.830788321,1116.778123,6718.091618,4277.518248,-6.385083113,64.091,39.08,27.27272727,7.3,0.004383431309252783,0.3536417815650176,3.060357966,5.843,112.89,0.9,1.35538208,,82.26525061,33.9565,108.693,53.4,35.43438563,6.835820651,13.15428673,2.343555858,2679.931733,6.43,3.765971807,0.0,4.733148201298816,3.9846564975168196e-05,2.6115700455378466e-06,10.89666363,0.2542390939116039,56.31219728075136,0.3222739980070241,3.10975524645339,703.66998030372,5.69597795812375,70.97,MLI,马里
0.628812174,0.2385094467229155,87.32805976,6.301578003,1154.316479,6270.597267,3835.016544,-6.545821214,65.631,35.65,28.57142857,9.9,0.015545706746058485,0.35803120059082966,3.009425926,5.843,118.09,0.8,1.36568475,,83.68011958,34.3797,112.12,53.0,35.46612585,6.835820651,,,2600.48265,6.26,3.905432909,,4.330652748086982,4.204113616820615e-05,2.6459482378722156e-06,10.89666363,0.2548045796146502,56.23718437292553,0.2896024579762004,3.32673706245715,,5.69597795812375,70.97,MLI,马里
1.656729292,0.22789682312585802,86.48813388,2.223800715,1157.511496,6276.927658,3929.757415,-6.489634612,65.227,,28.57142857,12.3,0.0067294078454236406,0.3598302537573214,2.974005376,5.843,,0.8,1.34937346,,85.07893288,35.0921,,54.5,35.46946689,6.835820651,,,,,,,4.041860560030578,4.080923964939899e-05,2.6045910890433628e-06,10.89666363,0.0,,0.28676203917796395,,,5.69597795812375,70.97,MLI,马里
2.534262853,0.3481789995687985,72.10380079,6.232012515,5197.750766,8229.12969,15381.12753,5.904518358,52.305,37.1,5.714285714,5.9,0.0014294466783211224,0.4299871184757504,0.790047581,10.51,45.79,,1.57129419,14.0,99.3807165,8.7809,22.2235,99.2,50.24630542,44.82758621,0.0,0.011275753,2299.615393,2.94,10.86764567,0.0,45.493840235734346,0.0,0.00034356807249043915,20.48078818,0.561576354679803,0.03940886699507389,3.275200868186313,3.45683046021901,421.1778272072,4.30510341535965,10.11,MUS,毛里求斯
0.911910217,0.3670645288878234,73.563939,6.219284189,4491.875195,7752.261181,15301.05905,5.082798044,53.477,,5.714285714,5.8,0.0027868406742224128,0.43684030080830405,0.694240135,10.57,63.47,,1.68696284,18.9,99.40380415,10.2526,28.1611,99.4,49.26108374,43.84236453,0.0,0.01085999,2283.705829,2.87,10.42666281,0.0,44.2623692065855,0.0,0.00032263263119345416,20.30640394,0.5566502463054188,0.03940886699507389,3.0314121263036258,3.47390693151551,426.87613893002,4.30510341535965,10.11,MUS,毛里求斯
5.161670448,0.32197465556650956,73.43602105,5.623192591,4593.376725,7689.355099,15534.5452,1.580639311,55.485,,5.714285714,5.6,0.0021012675082607846,0.4557406232229246,0.723661766,10.76,42.07,,1.6688329,15.4,99.42694478,12.1871,37.2277,99.1,48.76847291,43.34975369,0.0,0.010361097,2267.239177,2.84,10.46052755,0.0,44.74195483926409,0.0,0.00031818036307016816,20.1320197,0.5665024630541873,0.03940886699507389,3.097907089346201,3.59920406498943,412.95706720748,4.30510341535965,10.11,MUS,毛里求斯
3.677809302,0.2989162784176661,76.40038162,6.84544976,6504.146149,8009.509947,15700.77593,-1.676637713,53.944,,5.714285714,5.6,0.0020630411560005335,0.4453002981974655,0.627103982,10.84,56.68,,1.80295277,15.4,99.45014101,13.6891,43.8266,99.0,48.27586207,42.85714286,0.0,0.006631817,2253.065717,2.77,11.17551707,0.0,45.83421453781292,0.0,0.00033097974117633614,19.95763547,0.5517241379310345,0.03940886699507389,3.189233900326207,3.72091542299336,380.12733793873,4.38587779085973,10.14,MUS,毛里求斯
1.176699087,0.32587662099423403,81.43319997,3.9480997,6394.301807,7755.991886,16361.58159,-4.926188198,53.622,,17.14285714,5.4,0.0023017988659292943,0.45092220338789857,0.59209966,11.12,75.47,,1.69515753,11.6,99.47339683,15.1722,52.2447,99.0,47.29064039,41.87192118,0.0,0.006407302,2239.764739,2.82,11.65399424,0.0,48.930884915304006,0.0,0.0003171248683483791,19.78325123,0.561576354679803,0.03940886699507389,3.31705381541603,4.04168877339352,335.62627982771,4.38587779085973,10.14,MUS,毛里求斯
4.377586821,0.3262951093894428,79.6401603,11.26545615,6573.890541,11978.1337,17688.20743,-8.467845336,53.689,,17.14285714,5.4,0.0,0.45201118966349974,0.466403526,11.14,59.03,,1.61826241,12.5,99.49670604,16.7,61.1178,99.0,46.30541872,40.88669951,0.0,0.007931731,2229.342721,2.89,12.38229905,0.0,51.04988933760132,0.0,0.0003107716487379295,19.608867,0.541871921182266,0.03940886699507389,3.618147023167012,3.63020006215685,311.87500221417,4.38587779085973,10.14,MUS,毛里求斯
5.246496965,0.27037335358053627,77.64711783,8.321659221,6653.16305,12660.32734,18480.22079,-5.242379317,53.275,38.8,17.14285714,5.6,0.0019126382925505059,0.4490436662552536,0.455526401,11.14,53.09,,1.47311974,12.7,99.52007202,20.22,73.1476,99.0,45.32019704,39.90147783,0.0,0.007931384,2219.210571,2.75,14.17199823,0.0,52.732979549164035,0.0,0.0003246190931653558,19.43448276,0.541871921182266,0.03940886699507389,3.777303358260126,3.73040284174021,299.16175282604,4.51881146697396,10.69,MUS,毛里求斯
5.006539055,0.23539222732456158,83.57428409,5.492811245,6796.33171,13056.88477,18811.6721,-9.634533738,54.124,,17.14285714,5.4,0.0,0.4532967452522705,0.361630847,11.21,69.89,,1.38968194,15.3,99.54348734,21.81,81.0663,99.0,44.82758621,39.408867,0.0,0.008161793,2211.199714,2.66,12.28371571,0.0,53.719387862727075,0.0,0.0003358875708674719,19.26009852,0.5172413793103449,0.03940886699507389,3.991450325973117,3.68964827746543,294.56622615525,4.51881146697396,10.69,MUS,毛里求斯
3.041100463,0.2092932338629335,85.89424908,-0.545773084,7491.281904,14231.61841,18455.89527,-7.069682009,54.192,,17.14285714,5.5,0.004295220713022685,0.45778076347431396,0.265537673,11.39,79.6,,1.57988811,12.1,99.56695987,22.51,84.9704,99.0,44.82758621,39.408867,0.0,0.011001251,2205.335935,2.52,15.38172887,0.0,51.56036868064698,0.0,0.00033430755203521,19.08571429,0.5123152709359606,0.03940886699507389,3.5103084207598187,3.65340803288161,288.18193340802,4.51881146697396,10.69,MUS,毛里求斯
4.129198848,0.22287464384951045,85.79950624,1.050452891,7673.71558,14874.09144,18646.78092,-9.914259935,54.671,,18.84057971,5.5,0.0011645884954083474,0.46714411388355725,0.237886693,11.47,84.8,,1.99484634,13.3,99.5904884,28.33,92.8426,99.4,44.82758621,39.408867,0.0,0.006429192,2200.095969,2.54,15.92899785,0.04492542,55.53308153244487,0.0,0.0003782108726119002,18.91133005,0.5123152709359606,0.03940886699507389,3.9542149672104925,3.61368613864991,273.34667404698,4.51881146697396,10.69,MUS,毛里求斯
3.911001241,0.21964907151329177,85.66433984,3.134108207,8904.224887,15191.81806,19235.72087,-13.36133544,54.075,,18.84057971,6.1,0.004104744590138543,0.4641074285933293,0.160140421,11.6,63.59,,1.74817169,15.0,99.61407452,34.95,100.609,99.6,44.56685028,39.05858788,0.0,0.004335494,2196.575546,2.45,18.49476376,0.065489196,56.999032278812,0.0,0.0003384720083515942,19.21482223,0.5207811717576364,0.04006009013520281,4.260232784309217,3.50768206175414,261.66337151533,4.72321850133194,11.01,MUS,毛里求斯
3.209499479,0.2238782538825133,86.39502083,2.48495987,8952.532621,15214.80645,19796.61346,-6.993656449,54.304,38.47,18.84057971,6.5,0.008142639253590156,0.46887924183959956,0.277321026,12.16,115.62,,1.87548065,14.0,99.63770357,35.42,115.252,99.4,43.56534802,38.05708563,0.0,0.003345644,2190.492419,2.4,18.77958426,0.042390412,57.25979217852419,1.1943797267577687e-05,0.00034232723595044757,19.20580871,0.5207811717576364,0.04006009013520281,4.240761294452823,3.38965698264222,255.95590065643,4.72321850133194,11.01,MUS,毛里求斯
3.110405554,0.23072722870743603,86.61563971,3.877373095,9402.21758,15542.60254,19667.90966,-6.033774147,55.336,,18.84057971,6.7,0.002080306478785543,0.4792152364672455,0.242165627,12.07,121.12,,1.93168211,12.2,99.66140063,40.1168,118.793,99.4,43.0645969,37.5563345,0.0,0.001428509,2185.194217,2.37,18.58059367,0.037764525,57.8712040870041,2.0652508048520684e-05,0.00033671825065914867,19.19679519,0.5107661492238357,0.04006009013520281,4.334243959339978,3.34154336409863,250.79568714061,4.72321850133194,11.01,MUS,毛里求斯
3.639190074,0.23385377116221628,86.24768289,2.21263587,9390.763442,15805.51877,20261.92309,-5.215458786,55.495,,18.84057971,6.8,0.0023956239068350094,0.48380600186487877,0.181022098,12.39,122.34,,2.42503381,13.1,99.68514532,44.8033,127.863,99.5,43.0645969,37.5563345,0.0,0.000832403,2181.242111,2.33,18.91828027,0.041158403,59.530723944550154,2.2200937513875584e-05,0.00032520105605727997,19.18778167,0.4857285928893339,0.045067601402103155,4.474292349874089,3.11251441637633,251.84556944414,4.72321850133194,11.01,MUS,毛里求斯
3.553356966,0.21887466759999824,85.65531573,1.493989726,9047.499376,16099.32053,20648.02291,-3.428524634,55.871,,11.5942029,7.1,0.0021400605825641072,0.48960510072619784,0.13240433,12.11,120.65,,2.31317115,13.8,99.70894591,50.1393,136.372,99.6,43.0645969,37.5563345,0.0,0.000647414,2178.355963,2.32,19.87289461,0.013787558,61.6202330643474,0.00014649067725411538,0.0003608564007829095,19.17876815,0.4707060590886329,0.045067601402103155,4.618228449439733,3.16038441543955,253.18515994556,4.72321850133194,11.01,MUS,毛里求斯
3.791130707,0.18490821555194528,84.97062404,2.392923549,9796.317172,15710.90679,21680.57671,-3.851417223,55.593,,11.5942029,7.2,0.0005609353251585514,0.48682529018862164,0.068708233,12.09,155.07,,2.44510746,13.7,99.73286744,52.1913,140.424,99.7,43.0645969,37.5563345,0.0,0.003165987,2176.859767,2.23,20.3741501,0.012152323,64.13278060311427,0.00020257219206059444,0.000351083039073169,19.17376064,0.4707060590886329,0.045067601402103155,4.747150926569954,3.39541382587414,253.11757385151,4.72321850133194,11.01,MUS,毛里求斯
3.844308006,0.16852632910315973,85.32135747,1.67581605,10026.59425,17095.59214,21704.35992,-4.405484053,55.844,36.76,11.5942029,7.3,0.001609735819709579,0.491600435453918,0.090167266,12.05,167.13,,2.47479272,12.5,99.75689293,55.4032,142.525,99.6,43.0645969,37.5563345,0.0,0.002869186,2174.897837,2.19,21.52363626,0.0,70.51019725978806,0.0002593117013614655,0.00032636250804464744,19.35403105,0.4707060590886329,0.045067601402103155,5.227071777162703,3.31968370190002,242.67929788626,4.72321850133194,11.01,MUS,毛里求斯
3.950035487,0.15818113658047975,85.73117273,1.843804786,11112.98892,18055.30999,22255.4203,-3.713131549,55.465,,11.5942029,7.1,-0.0013191058524442134,0.48961777908416476,0.054535454,12.05,133.59,,2.48200822,12.4,99.78100337,58.5962,148.817,99.8,43.0645969,37.5563345,0.0,0.002013558,2173.71207,2.08,23.10571885,0.0,66.53392924613581,0.000588664300947315,0.00031232461641803695,19.37406109,0.4707060590886329,0.045067601402103155,5.482235838672795,3.34907294149649,253.36037799596,4.72321850133194,11.01,MUS,毛里求斯
2.858125324,0.15178998280895142,86.86513268,-0.523204884,12673.21633,18418.10104,22325.13997,-4.906001686,55.964,,20.0,7.6,-0.002425378572218695,0.4966630726272428,0.032233064,12.14,236.54,,2.50442028,12.2,99.80520106,61.73,145.117,100.0,43.0645969,37.5563345,0.0,0.001942035,2173.011529,2.06,23.61394736,0.0,68.7625983943539,0.0007851593818252191,0.0003120202036392533,19.39409114,0.4707060590886329,0.045067601402103155,4.989409467726711,3.3056193885657,249.09997220173,4.72321850133194,11.01,MUS,毛里求斯
-14.54849559,0.15467601674017392,88.97209569,2.510413688,13440.26118,16232.6341,21219.41257,-8.669398436,50.908,,20.0,7.5,-0.0007918072885538807,0.46602170276158084,0.00229068,11.85,193.23,,2.93306947,,99.82945319,67.7329,149.07,99.5,43.0645969,37.5563345,0.0,0.002021984,2172.961752,2.12,19.78001091,0.0,58.1689432468028,0.0008507014930324626,0.0002773751245268773,19.41412118,0.4707060590886329,0.045067601402103155,4.273969369217086,3.10873389630424,237.66984309707,4.72321850133194,11.01,MUS,毛里求斯
3.377668734,0.16881705206642708,89.2642215,2.967949686,14975.64504,19851.28981,22243.5525,-12.87759236,48.525,,20.0,7.7,-0.006697881822074092,0.442325642366074,0.025272988,11.8,193.76,,3.35773063,,99.85374675,71.6,154.053,99.6,43.0645969,37.5563345,0.0,0.002095854,2172.412649,2.15,20.55487181,0.0,57.56309296399635,0.0008660037557232136,0.0002505522942131065,19.43415123,0.4556835252879319,0.045067601402103155,4.264016966297991,3.13705872831436,240.83267727423,4.72321850133194,11.01,MUS,毛里求斯
9.021163173,0.18459477560408738,86.38832125,8.524866045,14364.10546,19149.84636,22899.28521,-11.10679388,52.046,,20.0,7.9,-0.002247681891834663,0.4696088704918643,-0.301401217,11.8,238.86,,2.52426147,,99.87806727,75.5,164.309,100.0,43.0645969,37.5563345,,,2178.970205,,21.35189747,,57.49650422390492,0.0008554299604838882,0.0002043159358237038,19.45418127,0.4506760140210316,0.045067601402103155,4.162614861669846,3.30530732739102,,4.72321850133194,11.01,MUS,毛里求斯
6.174854006,0.16308736342976246,84.32928839,6.134430013,16589.1252,20135.79681,21845.17258,-4.951701526,55.709,,20.0,8.7,-0.0013934508575663695,0.5007331936087621,-1.105153473,11.8,,,2.46710205,,99.90241226,79.5,165.258,100.0,43.0432649,37.5563345,,,,,,,60.48402237256059,0.001001083572859263,0.00022173613779435662,19.47421132,0.0,,4.464012000989872,,,4.72321850133194,11.01,MUS,毛里求斯
10.36744768,0.12442138597704896,79.43537946,14.78207109,257.2094537,3487.91396,1991.564,,82.937,,30.0,36.4,0.015825854959980568,0.46822763457163497,2.225917569,5.411,32.12,9.4,1.311831,33.9,24.44829666,0.160032,0.823467,5.7,47.90506625,5.086599354,0.000667161,5.279835268,5410.587241,25.24,6.509069249,0.000873666,2.520308722004196,0.0,0.0,52.09493375,2.874920521885093,0.7567715353900151,0.08187117170609194,14.198097189861,1067.07112437306,21.7946545811803,33.65,MOZ,莫桑比克
7.23540386,0.13611685176791508,89.77618196,9.831877435,282.3544919,3647.209413,1985.352031,,83.211,,30.0,34.9,0.012336099007143053,0.469494688827681,2.243577403,5.796,23.8,9.9,1.17593813,33.9,25.8920563,0.259613,1.34378,8.4,48.18684605,5.658841781,0.000882586,4.991233949,5290.548148,23.75,6.787423415,0.000916046,2.344768386412326,0.0,0.0,51.81315395,2.8962079401815917,0.759658180523411,0.0906042288095085,12.0090083417646,1076.97680510559,22.3596736886601,35.73,MOZ,莫桑比克
4.817431122,0.15872951110603814,91.1180329,3.640147318,291.2411354,3958.885003,1975.949881,,83.572,42.0,30.0,32.8,0.00990585506790631,0.47086676661952637,2.264126947,6.134,26.25,10.3,1.1753726,33.5,27.36370627,0.419539,2.24704,8.1,48.46862586,5.722424273,0.000974664,4.720580296,5172.109285,23.38,6.936281367,0.000726873,3.024023519133444,0.0,0.0,51.53137414,2.9054401180091043,0.7598234950024162,0.09575573989395372,12.5551798436989,1080.3258126472,22.6272849035519,38.43,MOZ,莫桑比克
5.762294959,0.1894861501791646,90.70494472,5.794264605,303.4864584,4310.817932,2037.387378,,83.006,,34.8,30.9,0.00918591752135911,0.4677623281447223,2.283077372,6.471,32.25,10.6,1.12229657,33.1,28.86359455,0.679448,3.56849,10.7,48.75040566,5.849589257,0.000678648,2.209451362,5055.363794,22.44,7.16940215,0.267608584,3.07078338212764,0.0,0.0,51.24959434,2.921450189475826,0.7622396296955669,0.10772628400570092,11.7762504033267,1097.99375095739,24.3422955427617,47.41,MOZ,莫桑比克
3.881241087,0.20104854427041022,90.90387616,7.331047983,321.1509436,4156.620562,2138.32537,-8.576333279,82.439,,34.8,29.2,0.009005881785748793,0.4646649726965394,2.313005667,6.983,38.87,10.9,1.4261055,32.3,30.39101932,0.854357,7.40692,11.8,49.03218546,6.358249193,0.001122962,1.096796989,4939.774885,21.44,7.295357722,0.453577793,3.154746581415069,0.0,0.0,50.96781454,2.9233576642335763,0.7631806505760573,0.11106016522685117,13.5517257196875,1121.81404976025,24.3422955427617,47.41,MOZ,莫桑比克
7.359387898,0.25037236351104314,87.33558536,7.46134454,352.6697591,4112.0335,2280.885472,-7.943652953,81.927,,34.8,27.3,0.00814189060051218,0.46156707767663646,2.3486042,7.245,44.56,11.1,1.14244211,32.0,31.94683157,0.842954,11.2537,13.0,49.31396526,6.231084209,0.003963636,0.0,4825.110897,20.21,7.746366584,1.270344146,3.335057233344064,0.0,0.0,50.68603474,2.9236247106996616,0.7633332485566774,0.11036967257605647,12.5342489404521,1140.40252106542,24.3422955427617,47.41,MOZ,莫桑比克
5.118134814,0.22309668546599273,87.12821094,7.436278404,380.0191135,4071.491537,2372.954684,-7.271884821,81.364,,34.8,25.4,0.009611738833700034,0.45827152710951685,2.379441111,7.784,42.63,11.3,1.17217517,31.2,33.52931444,0.91,14.4675,12.4,49.59574506,6.61257916,0.004430027,0.0,4711.655381,15.17,8.065310915,1.121563238,3.734965613849187,0.0,0.0,50.40425494,2.925697499936417,0.7641725374500876,0.1132062646696075,14.23902729373,1155.03325150162,24.3422955427617,47.41,MOZ,莫桑比克
4.275022963,0.20533513838270445,88.25863944,5.152804075,401.2274961,3968.498408,2496.455484,-8.87904478,80.798,,34.8,23.6,0.010215003286076385,0.45452933850973065,2.465641206,8.18,48.7,11.6,1.20704949,31.4,35.28152103,1.56,20.1888,13.6,49.87752486,6.866909128,0.013878934,0.0,4596.903365,14.49,8.346203514,1.393475007,3.456417679077235,0.0,0.0,50.12247514,2.93172512017091,0.7644523004145578,0.10878986436431012,13.3968529267425,1177.59800413673,24.4211005871614,47.53,MOZ,莫桑比克
3.219648615,0.175066733428818,92.17567743,1.471373232,419.2604786,3886.685665,2591.340926,-9.998353644,80.165,42.0,39.2,21.7,0.01117121136080601,0.45035212753628623,2.590956438,8.323,58.37,11.8,1.2755909,31.0,37.07133169,2.68,26.6651,15.0,50.15930466,6.994074112,0.029658792,0.0,4479.329324,14.82,8.568832642,0.880945129,3.540538349861886,0.0,0.0,49.84069534,2.936888018515221,0.7646303313919479,0.11215777537659526,12.0843388734084,1199.63616067935,24.4211005871614,47.53,MOZ,莫桑比克
3.861945687,0.26288360281582285,91.90536653,7.645227987,435.8246883,3756.762152,2760.471348,-14.71658263,79.552,,39.2,20.0,0.0117647058823529,0.44603966175396703,2.676859035,8.495,46.66,12.0,1.24370587,30.7,38.88708424,4.17,31.4105,18.9,50.44108446,7.184821588,0.008996763,0.0,4361.014616,12.66,8.868157826,1.201634608,3.519436977773216,0.0,0.0,49.55891554,2.9365573895572115,0.7649863933467281,0.11157259926254069,13.5047061824073,1227.40402185386,25.523562965646,54.45,MOZ,莫桑比克
4.19033882,0.24652376879789986,92.24232745,2.34836229,449.4087486,3680.371947,2868.372461,-22.77035465,78.938,,39.2,19.9,0.012590843023255749,0.4421163160160546,2.786152536,8.274,74.34,12.3,1.25546241,30.4,40.72723491,4.6,33.2163,20.2,50.7035886,7.184821588,0.012378734,0.0,4241.187137,14.14,9.225257153,1.650065522,4.393408713232399,2.114250815857676e-07,0.0,49.2964114,2.9350186932526263,0.7643251354307078,0.15991802588680243,11.5500613120538,1239.73728101022,25.7193798199693,54.58,MOZ,莫桑比克
4.938054791,0.23106265733365539,95.30928016,3.175234574,451.320488,3622.255284,3087.211753,-40.68750617,78.332,,39.2,21.6,0.013044336389571809,0.4386105080950878,2.871010748,8.17,63.44,12.4,1.23552883,30.4,42.59123176,5.0,36.1782,21.2,50.96609273,7.184821588,0.016198352,0.0,4121.153532,13.35,9.681956666,1.759582361,5.465743082066629,6.163240576014821e-07,0.0,49.03390727,2.9315979551870597,0.7633968310486026,0.2140194385320706,11.8992512948222,1243.77764688225,26.0095018422664,55.43,MOZ,莫桑比克
3.535004572,0.23397970148534414,97.00195118,2.601236269,458.4251807,3472.992761,3125.230368,-36.36131916,77.684,,39.2,26.4,0.012911795961742856,0.4352920856067899,2.89055495,8.659,69.92,12.6,1.49877322,30.3,44.47851091,5.5,49.503,22.4,51.27068847,7.184821588,0.011682841,0.0,4003.73453,13.4,10.03533871,1.827229857,6.033007739789703,1.955962033739068e-06,0.0,48.77140314,2.9262570258653575,0.7615656552811618,0.2519339278420058,11.90975343399,1238.15620302796,26.5370605510871,56.58,MOZ,莫桑比克
4.625141598,0.2459082969438586,97.13560589,1.085870896,470.9888489,3441.662484,3312.431519,-32.24533336,77.029,,,32.6,0.01356904299777928,0.4322264499936503,2.898954986,8.617,87.45,12.7,1.71540534,30.4,46.38850534,6.0,71.6701,24.8,51.5212391,7.184821588,0.00915822,0.0,3889.334286,12.94,10.51992801,0.320556844,6.501028903115534,2.7143908276856233e-06,0.0,48.50889901,2.91998779216155,0.7546224471629492,0.27430985116413437,10.3732908759103,1219.23733878868,26.5370605510871,56.6,MOZ,莫桑比克
4.322312866,0.21056221829232935,91.37082908,7.059950335,481.2253719,3539.075516,3409.374629,-36.69477153,76.345,47.0,39.6,39.9,0.012869835245406636,0.42931805590356814,2.901060671,8.627,105.17,12.8,1.78662503,30.7,48.32064216,6.5,75.8447,24.0,51.82316437,7.184821588,0.0095034,0.0,3778.123288,12.54,11.00406366,0.259343147,6.79328086745588,3.7668228190510227e-06,0.0,48.24639487,2.91988606017447,0.7545970141661792,0.2939307748746288,11.4436836436716,1199.85328097984,26.5370605510871,56.6,MOZ,莫桑比克
1.673197899,0.2757466129398287,93.35008754,12.16089129,489.5211357,3826.055313,3327.915227,-33.69160627,76.135,,39.6,41.6,0.012672241998944012,0.4299428926362173,2.930664347,8.632,109.95,12.9,1.7231313,31.1,50.2743319,7.0,54.9641,26.2,52.24828963,7.184821588,0.17817058,0.0,3669.005917,12.29,11.52092346,0.318514467,7.29110745011451,4.755441368060005e-06,0.0,47.8500089,2.888221979195808,0.7509092296345279,0.36252286933821265,10.485244380864,1169.36462110796,26.5370605510871,56.6,MOZ,莫桑比克
-0.383714309,0.3584718294976116,91.45440722,7.978012402,493.8916796,3992.652856,3240.844216,-17.93875224,75.875,,39.6,38.3,0.011655874190564353,0.43065578187451975,2.988459279,8.637,133.0,12.8,1.73677838,30.2,52.24854303,7.79633,42.162,24.3,52.57992319,7.184821588,0.119168628,0.0,3560.981344,11.92,11.82486931,0.636941742,7.487826689211868,5.325495529370764e-06,4.212773761703176e-06,47.56809685,2.889786108497165,0.7496248632976423,0.38135301662516746,10.3937346834708,1141.95910198343,26.5370605510871,56.6,MOZ,莫桑比克
0.445674339,0.4020014450539584,87.56461868,3.795118615,496.8058152,4156.635122,3192.208887,-29.46747964,75.626,,39.6,32.5,0.010673671610028634,0.43127873239011444,2.98089903,8.736,150.7,12.8,1.7863487,30.1,54.24313676,10.9,48.5007,31.1,52.77516214,7.184821588,0.024329485,0.0,3456.398583,11.7,12.23695796,0.8206897,5.546473190600408,1.9297938249630138e-05,3.502358893410388e-06,47.33610723,2.8868104478750736,0.7495994303008725,0.2683036603984666,11.9538440386403,1110.7624583381,26.5370605510871,56.6,MOZ,莫桑比克
-0.646283516,0.30858469376701586,90.46093956,4.677645347,492.6713931,4146.004658,3156.911707,-16.07644776,75.396,,41.2,28.3,0.008488238197071896,0.4317827574137392,2.93974159,8.836,155.23,12.7,1.8260498,30.0,56.25877199,12.4793,49.4351,29.7,52.79792467,7.184821588,0.021700045,0.0,3356.268392,11.56,12.52058788,0.517855681,5.630142986549097,1.8738886334600216e-05,3.0412422993088693e-06,47.00794781,2.886556117907373,0.7490017548767771,0.27037626562772926,12.1607477001985,1085.1732399621,26.7090786548109,58.33,MOZ,莫桑比克
-4.105273995,0.2613200000091546,89.49972496,3.171661068,494.026253,4033.644179,3180.737549,-24.99134813,74.227,50.27,42.4,25.8,0.0013701758392328234,0.4283782372014685,2.964900343,8.938,176.28,12.6,2.3917768,,58.29434486,14.2874,50.2319,30.6,52.77935858,7.184821588,0.031835587,0.0,3258.219093,11.5,12.3678965,0.31777052,5.044154030334437,1.4759440129460738e-05,3.1981963482231237e-06,46.72519647,2.8883618606780437,0.7492942343396323,0.23395766244772234,9.84128962494009,1055.95347257451,26.7090786548109,58.33,MOZ,莫桑比克
-0.606316437,0.35279443522567455,91.00865928,4.550565208,495.2701812,4119.9678,3183.730429,-21.19279159,73.848,,42.4,22.8,-0.018276592278872794,0.4287872700092722,2.95777681,9.04,219.67,12.4,2.28472924,,60.34998629,16.3576,43.1636,31.5,52.77427198,7.184821588,0.111195654,0.0,3163.259513,11.95,12.66193529,0.603381643,5.649180833004216,1.449327925620822e-05,3.104986108983909e-06,46.41217312,2.892927083598261,0.75675881889163,0.2787740617135216,10.0546345339584,1022.70807731383,26.7090786548109,58.33,MOZ,莫桑比克
1.333359974,0.439483540610635,92.42134993,9.1516142,509.2818451,4284.620288,3189.012035,-33.71600918,73.466,,42.4,21.8,0.045513373597929174,0.4338613813724946,2.947343171,9.04,194.32,12.1,2.28882098,,62.42375415,18.7913,45.8178,33.2,52.77261884,7.184821588,,,3071.387936,,13.21455922,,5.8739651385640475,2.6947371721783327e-05,3.317604193159863e-06,46.11933111,2.897225260052392,0.7616928202650118,0.29345110846482475,12.1140097087633,,26.7090786548109,58.33,MOZ,莫桑比克
2.411568663,0.3955818812765277,95.2947764,5.090311075,513.8816637,4694.660719,3114.537247,-10.55024242,73.562,,43.2,21.8,0.009522146926727038,0.4353924583679697,2.95358093,9.04,,11.8,2.249192,,64.51575889,19.8434,,36.0,52.78915028,7.184821588,,,,,,,5.747777310052798,3.062271741832059e-05,3.221049005340245e-06,45.81303492,0.0,,0.2801244695134496,,,26.7090786548109,58.33,MOZ,莫桑比克
-0.914261312,0.3314273016680521,87.24753896,11.20376436,5385.387047,24635.65013,10853.62517,0.296284143,42.983,,25.0,15.7,-0.018245004344048632,0.3194796257285757,2.089531215,10.03,45.23,13.7,5.73190451,22.8,76.60733973,2.41698,5.74029,36.0,47.15227927,0.991145283,0.154644756,0.38376139,3317.092504,3.9,19.5118044,0.0,22.015708640072493,6.461868513899478e-06,0.0,9.702625563,0.1775559037520193,18.60533955228413,1.185672466732147,12.7413884533686,802.66227635465,16.2063616274823,54.03,NAM,纳米比亚
2.963313565,0.32007931985948807,83.30757009,10.00360169,6454.631078,25444.24898,10808.30217,2.563445982,42.919,,25.0,16.5,0.00015390534821091428,0.3229532743905988,1.757282575,9.8,36.39,13.8,5.92470026,23.2,77.08108063,2.6337,7.93663,36.9,47.15227927,0.991145283,0.079315092,0.474155505,3259.310994,3.37,21.09167408,0.0,19.62347626016923,7.936633914824045e-06,0.0,9.616374789,0.1775316109754764,18.602023588286023,1.1659745630883032,12.0755699650491,823.31618412247,16.7274852901024,56.81,NAM,纳米比亚
2.745127953,0.2561687867506704,88.05837987,1.271107872,6410.576721,24982.55389,11382.61639,5.393206014,42.832,,26.38888889,17.7,-0.0013464645687466525,0.32700431403144986,1.444252371,9.842,46.11,13.8,6.06180239,22.8,77.56986948,3.35984,11.6649,37.8,47.15227927,0.989930644,0.211169898,0.554144401,3212.576612,3.4,22.71787904,0.0,20.50788407892972,8.34435483534502e-06,0.0,9.530124015,0.1773615615396762,18.59422560701575,1.262119076029589,12.7990292613406,824.59831358113,20.3747856579507,64.98,NAM,纳米比亚
10.84640957,0.27643260043372275,81.06496319,2.040252803,6840.578574,27042.78291,12291.47315,6.752635728,43.061,60.0,25.0,18.4,0.0049501136407410495,0.3315364644747235,1.275711385,9.753,32.65,13.6,5.69722843,22.0,78.05410394,3.80472,14.7314,38.7,47.15227927,0.989930644,0.187930735,0.466766312,3171.853712,3.44,26.38363152,0.0,21.480296719040915,8.238581069182455e-06,0.0,9.44387324,0.1772886832100475,18.550037046484228,1.3388066816952116,11.22559680576,808.92444135163,21.3179233869904,66.28,NAM,纳米比亚
1.251936345,0.2855812573527396,77.10284762,5.598081585,7527.803,27160.7146,12203.82967,4.54506155,43.272,,26.92307692,19.9,0.007321514135122387,0.33678178687692656,1.253641698,9.664,53.48,13.4,5.24643993,21.9,78.53208765,4.01005,22.8242,39.6,47.15227927,0.988716005,0.471462978,0.435045226,3132.33824,3.55,28.01577328,0.0,22.90501367017771,8.135943479600648e-06,0.0,9.357622466,0.1762805329835173,18.549174652916957,1.322385113867614,14.2339519652141,786.0051658323,24.4564219627709,71.82,NAM,纳米比亚
5.712860996,0.330801415251336,75.47152901,9.406585813,7563.892439,30803.86858,12398.56096,13.53275606,43.639,,26.92307692,22.0,0.011910877713720236,0.3423892307197995,1.278592221,9.483,35.78,13.3,5.04455662,23.6,79.00460089,4.39887,30.5663,40.5,47.15227927,0.987501366,1.556494625,0.372970487,3092.543356,3.42,31.10687194,0.0,22.591110969479125,9.53868892226872e-06,0.0,9.271371692,0.1743249644718143,18.532655564867788,1.4160017561228342,12.4274408996444,751.41008075507,26.3419325593218,73.78,NAM,纳米比亚
3.97963641,0.33056031930333085,79.96496219,9.286434294,7021.73048,32282.12172,12938.30417,8.459988854,43.708,,26.92307692,24.1,0.01585092980839753,0.3476265728722877,1.332126914,9.532,40.1,13.2,5.38635349,21.5,79.47088682,4.83561,39.6448,43.7,47.1377036,0.971711062,3.895426791,0.559357194,3051.619935,3.36,34.0038586,0.0,23.31698734443392,1.1889428316655105e-05,0.0,9.185120917,0.1721872001360395,18.527954912606734,1.4944489656197362,13.6202011822721,720.02262184903,26.8855718803892,74.25,NAM,纳米比亚
1.222883292,0.36491722311060526,83.5737353,10.96141241,4921.47058,33271.84368,13205.30898,-0.107055209,43.993,,26.92307692,26.1,0.013215859030836885,0.35236749751838736,1.399846159,9.553,33.07,13.2,4.89047384,21.3,79.93111346,5.329,51.3909,42.4,47.1377036,0.971711062,0.913078084,0.750971104,3009.199553,3.62,36.29013938,0.0,24.687135370666994,1.4655192627851901e-05,0.0,9.098870143,0.1708389510379089,18.504245162700872,1.5290503718510877,15.9515193551766,694.42682591091,30.0,78.86,NAM,纳米比亚
-1.168738797,0.3519469494759253,93.24733295,6.945404289,5020.067548,28576.42284,13722.98303,-3.544875813,44.063,,26.92307692,28.2,0.011088783339422648,0.35651397857122913,1.471156017,9.573,31.89,13.1,4.31238842,26.8,80.38343469,6.5,78.5396,44.1,47.1377036,0.971711062,0.692724513,0.772384675,2965.253582,3.73,37.90172267,0.0,25.236340731833796,1.7329404051422118e-05,0.0,9.012619369,0.1672436201095604,18.48795685602886,1.5497096467978633,13.3716705047214,676.46718395912,30.0,79.41,NAM,纳米比亚
4.409968776,0.35218745083538966,86.30137084,3.725898499,5349.475447,31835.66482,13959.34138,-3.922447107,44.368,59.7,24.35897436,29.1,0.013478598659367291,0.35991896904509457,1.548414643,9.594,37.81,13.1,4.88263464,26.2,80.82945049,11.6,92.4288,44.4,47.13891824,0.971711062,1.09908191,0.514976371,2919.692807,3.57,41.9232333,0.0,26.27696960695132,1.990699640868305e-05,0.0,8.926368594,0.1564454809362436,18.4319134205444,1.4722606238189109,16.2004485112592,665.96323595517,30.0,80.73,NAM,纳米比亚
3.303489085,0.3519023805682685,87.61906019,3.814876362,5227.323441,30393.3698,14030.55145,-6.847797317,46.099,,24.35897436,27.6,0.00987645517265956,0.3625112692625767,1.715870727,9.614,49.14,13.1,5.12084961,23.9,81.26765486,12.0,102.244,42.3,47.13891824,0.971711062,1.036839047,0.507095139,2870.022014,3.47,46.04247491,0.0,26.690211760744617,3.447753718565455e-05,0.0,8.84011952,0.1564454809362436,18.37063489171495,1.47175716398961,14.658110735823,644.06609065812,30.0,82.55,NAM,纳米比亚
2.748093671,0.3365267570049102,93.37313522,11.26030847,5439.932212,30091.70415,13605.17911,-8.58334513,47.884,,24.35897436,25.1,0.019171359471816585,0.36453399943681325,2.226732583,9.634,64.47,13.0,4.80753613,28.1,81.70573291,12.9414,97.821,46.4,47.13891824,0.971711062,0.785603382,0.578080833,2806.820574,3.42,50.65499346,0.0,26.87719111745706,5.0577448654776566e-05,0.0,8.753870447,0.1564454809362436,18.362739739338508,1.4183705618288804,13.5894982915433,627.57486437541,30.0,83.4,NAM,纳米比亚
2.902083757,0.3843628576047666,93.32527474,4.039790894,3569.936628,28414.92383,14778.96245,-1.461990136,49.961,,24.35897436,23.3,0.01273102038695395,0.3911457806143197,2.601985898,9.655,85.49,12.8,5.20561123,30.3,82.13584742,13.9,121.106,47.4,47.13891824,0.971711062,0.329783128,0.611289393,2734.729466,3.39,56.14790517,0.0,27.621026975871143,6.481663994090143e-05,0.0,8.667621373,0.1564454809362436,18.366262191937228,1.53411695452358,13.0668128222108,617.2682948455,30.0,84.31,NAM,纳米比亚
3.356350179,0.37087576708248177,90.2692446,8.234891799,3987.770793,28592.72879,15078.22275,-0.009428403,49.56,,,22.5,0.014418143257850291,0.3859452221514364,2.612880801,9.676,91.97,12.6,5.00115061,31.1,82.55789668,14.84,115.52,48.4,47.13891824,0.971711062,0.611132462,0.697958775,2664.199687,3.31,62.87511838,0.0,28.292892370658105,7.136249161490724e-05,0.0,8.581372299,0.1564454809362436,18.346305676007237,1.571735260293607,11.194931347306,611.95482203463,30.0,84.41,NAM,纳米比亚
1.534458262,0.3587950775345153,95.9407227,3.864574351,4265.385107,25378.18956,15482.62955,-0.013757775,48.031,,41.34615385,21.7,0.011751614371701802,0.3850065282399023,2.652958709,9.696,100.28,12.4,5.39398766,32.0,82.97104175,25.6879,107.392,51.6,47.14013288,0.971711062,0.719824232,0.873276742,2594.44889,3.28,69.19076621,0.0,29.073376633722365,8.844712125679149e-05,0.0,8.495123225,0.1564454809362436,18.346184212124523,1.6758107960240916,12.6498280885919,608.36859216274,30.0,84.41,NAM,纳米比亚
-2.628332104,0.3808984205382192,101.9171351,7.968672012,5348.128657,21143.85911,15458.28246,-0.01649661,46.336,56.0,41.34615385,20.6,0.013364884682042444,0.3836114353277061,2.697278909,9.717,100.59,12.1,5.76428509,32.0,83.37097914,31.0333,109.05,49.7,47.14013288,0.971711062,1.180978563,0.988084404,2525.40471,3.38,73.27672971,0.0,28.7033639122058,0.00014758858697456925,0.0,8.408871722,0.1564333345479721,18.339746626340656,1.6205329538666775,11.6595885947129,601.5995552786,30.0,84.41,NAM,纳米比亚
-3.697734527,0.40550118711728816,96.21123384,9.919036989,4997.058671,22276.95706,14722.93665,-0.137385445,46.692,,41.34615385,20.0,0.013994408814339776,0.37789770680610313,2.735273534,9.738,114.24,11.8,5.34107399,33.3,83.75692163,36.8374,106.915,52.5,47.14134752,0.971711062,1.703302529,0.795046833,2457.264148,3.42,77.04629018,0.0,28.19010322741699,0.0002983820750558569,0.0,8.322620219,0.1564333345479721,18.32140558005077,1.5652137823797405,11.8491125208177,594.78399722947,30.0,84.41,NAM,纳米比亚
-1.703426646,0.5472876450768077,95.03209316,4.428488941,4748.738697,24592.80087,14015.52083,-0.003551197,47.175,,46.15384615,19.2,0.01488785455960806,0.3719473702793631,2.772463372,9.758,160.59,11.5,5.16180658,34.0,84.12910832,42.8,107.06,52.3,47.14134752,0.971711062,0.546469261,0.509035459,2390.073126,3.45,83.04102676,0.0,27.62408654911459,0.0003841188952740572,0.0,8.236368716,0.1564333345479721,18.265435022895943,1.51650383517497,12.692273989893,587.7911530808,30.0,84.53,NAM,纳米比亚
-3.5764916,0.378171512817968,94.7699054,0.926315844,4433.687264,23468.22499,13856.61034,-0.117215604,47.18,,42.70833333,18.9,0.015452468080346504,0.3713583203734851,2.799322236,9.779,157.84,11.1,5.26885462,34.8,84.5549009,49.8,106.533,53.3,47.14134752,0.971711062,0.597099723,0.638070085,2324.095055,3.48,87.66357589,0.0,26.20893735779159,0.0005715915599129823,0.0,8.150117213,0.1566033839837724,18.23583427467842,1.4613361754450302,11.8817087269151,577.70806769394,30.0,84.6,NAM,纳米比亚
-10.73729311,0.3654659768843174,95.64004609,4.631530615,4742.815281,21493.82442,13710.70939,3.912275365,44.224,,43.26923077,18.5,0.008261731658955718,0.3518995060763819,2.910198877,9.8,203.62,10.6,6.51412964,,84.96891825,57.8608,106.207,52.3,47.14134752,0.971711062,0.680731715,0.897451663,2257.433957,3.54,86.66582101,0.0,23.854185937657537,0.0005551968255201443,0.0,8.06386571,0.1567369942547583,18.215076097122523,1.3313265788661672,11.0824262134092,567.37466870436,30.0,84.6,NAM,纳米比亚
0.588992664,0.35613827215532096,102.1188235,1.53433033,4667.606075,20677.30584,13490.66875,-0.010782505,44.66,,44.23076923,18.7,-0.050272354107162354,0.35383277567221766,2.953145564,9.821,230.62,10.2,6.51885366,,85.37136409,60.26,103.727,55.2,47.14256216,0.971711062,2.176309411,0.879551755,2191.74339,3.45,103.9986532,0.0,23.198113933348235,0.0005389304861543016,0.0,7.977614206,0.1565790912072295,18.21273184418613,1.3152246732665658,11.1241080639148,550.30806145524,30.0,84.6,NAM,纳米比亚
2.513088082,0.46366391581439553,98.3714012,6.416744521,4409.129122,21000.67624,12648.18093,-0.01258521,47.353,,44.23076923,18.4,0.05488907148726363,0.36833477410160775,2.776005814,9.821,219.77,9.8,5.80618477,,85.76199516,61.1485,100.558,56.2,47.14256216,0.971711062,,,2131.737207,,109.6132543,,21.230642856790347,0.0005883040992337513,0.0,7.891362703,0.156566944818958,18.219837481324923,1.1702301784776212,12.7797044135726,,30.0,84.6,NAM,纳米比亚
1.854448703,0.44534809080481136,95.50468112,6.598878225,4180.930986,22103.66753,12560.10952,-0.01515033,47.617,,44.23076923,18.1,0.04977410811652927,0.36933577897434944,2.509478991,9.821,,9.4,5.54813719,,86.14104325,64.4061,87.6761,56.7,47.14256216,0.971711062,,,,,,,21.481015740488058,0.0005501004861470861,0.0,7.8051112,0.0,,1.1879431975687582,,,30.0,84.6,NAM,纳米比亚
3.569591777,0.11107868121822656,92.30959178,5.012520933,418.8433561,3016.539722,2417.154448,-3.771035772,77.901,,1.204819277,23.1,0.014235743919303712,0.414829077649896,3.508786243,2.332,25.78,0.7,1.14577425,28.1,37.35881344,0.105185,0.0178346,8.4,29.99921055,11.02865714,0.001638662,0.0,293.6082245,5.6,5.576828826,0.03220722,0.9298462608461172,5.033283847764303e-07,0.0,1.038667403,0.1465619325807215,63.94461198389516,0.09120932781584758,4.83754307834701,863.4871773299,7.54807291941848,30.62,NER,尼日尔
1.277955097,0.10028061034369429,92.37076667,2.572301925,437.3911608,3045.02802,2388.234848,-5.950952418,77.687,,1.204819277,22.2,0.015499679178697434,0.4133172307327536,3.531481024,2.404,20.16,0.6,1.20736778,28.3,38.11153703,0.127152,0.465951,8.8,29.99921055,11.02076261,0.002418778,0.0,283.4204541,5.53,5.665823627,0.020743204,0.954516493852383,4.858636355685867e-07,0.0,1.028862398,0.1480382095208021,63.99030551827584,0.09091250114177954,5.19740142826718,856.71333862398,7.54882665499481,33.44,NER,尼日尔
-1.404926333,0.10370984456613147,92.9040495,-0.188481381,446.6952535,3080.937847,2319.444564,-6.457506548,77.475,,1.204819277,21.1,0.017770757231710954,0.41172779461160536,3.562276923,2.476,23.92,0.6,1.07094669,28.0,38.8582099,0.155699,0.643628,9.3,30.32446515,11.09181337,0.000778706,0.0,273.5019439,5.65,5.61110779,0.020105462,1.012864811683557,5.470038877910607e-07,0.0,1.019057393,0.1605984053051235,63.97716112733875,0.08863811926310138,4.60964190520369,857.59548933279,7.54882665499481,33.44,NER,尼日尔
-3.183337787,0.11620968971933598,95.94979096,0.386942028,400.7894332,3050.31508,2385.153528,-6.150199818,77.051,,12.38938053,19.1,0.016626248908720553,0.41009198364882543,3.598249044,2.753,22.46,0.6,1.18101633,27.9,39.59819492,0.189934,1.29974,9.7,30.37183232,11.13523328,0.014912973,0.0,263.835615,5.89,5.463799035,0.068692609,1.072020339806646,6.030528343633979e-07,0.0,1.009252388,0.1605984053051235,63.83602273624378,0.08866216158559476,5.96633743806496,837.76486559384,8.38960609749131,46.38,NER,尼日尔
3.505895355,0.11155937739934292,90.18947953,8.584884441,442.8576526,2934.021328,2454.300673,-7.109564981,76.829,44.37,12.38938053,18.0,0.017518415327659298,0.4084819403509343,3.629704142,2.941,21.52,0.5,1.92018211,27.5,40.33089016,0.221341,2.35423,7.1,33.91884424,11.14944344,0.148791877,0.0,254.4308774,5.54,5.694791204,0.035917471,0.974845634415222,7.269453639495582e-07,0.0,0.999447383,0.1605984053051235,63.70680508407675,0.08326947152235153,5.5537291948384,834.94371912853,8.74943076669225,54.01,NER,尼日尔
2.12703437,0.10680433488654617,88.98198947,1.496197581,471.262265,2951.772613,2425.818938,-6.601820236,77.335,,12.38938053,17.0,0.01693548387096766,0.40696184154542064,3.657093714,3.062,29.42,0.5,2.05841017,27.6,41.05750249,0.294034,3.38506,9.3,33.93779111,11.16049578,0.201206122,0.0,245.2941887,5.38,5.693055055,0.034929186,0.93527741297767,7.709245929921133e-07,0.0,0.989642378,0.1605984053051235,63.68760558932659,0.07848144296899599,5.58533633503802,818.19534831369,8.74943076669225,54.01,NER,尼日尔
-0.585038842,0.11567682616020195,90.45594162,7.036661075,474.4301416,2802.353818,2432.650385,-6.136809844,77.785,,12.38938053,16.1,0.01549158106338644,0.40554270208415377,3.681108278,3.169,29.41,0.5,1.50168717,27.3,41.77742421,0.390391,6.0796,11.2,34.56382727,11.78258467,0.248534967,0.0,236.428817,5.45,5.55911867,0.04012677,0.98071492957126,7.430619963644004e-07,0.0,0.979837373,0.1605984053051235,63.554085418804775,0.07422323257637835,6.37054343399515,814.06584701293,8.74943076669225,54.93,NER,尼日尔
3.816082889,0.1246985271620989,86.90667181,10.12911572,531.3106888,2764.108088,2366.822574,-8.962924719,78.176,37.3,12.38938053,15.2,0.014329041279988353,0.4042835805301618,3.702032448,3.366,27.05,0.4,1.55048525,27.2,42.4900877,0.7,12.3528,11.8,34.56382727,11.7786374,0.166997176,0.0,227.836178,5.3,5.685973592,0.072969862,1.050565177018241,7.81152610205173e-07,0.0,0.970032368,0.1605984053051235,63.43827267703481,0.08001507312076653,5.80799764861045,793.16328213746,8.74943076669225,54.93,NER,尼日尔
-1.757856435,0.13601498094026832,91.08428589,4.190059998,463.1663335,3093.036166,2404.49263,-18.02702347,78.511,,9.734513274,14.3,0.01136933323784306,0.403222280935857,3.717080443,3.568,53.57,0.4,1.5377779,27.3,43.19663217,0.76,16.3011,12.3,34.56382727,11.76284835,0.172697867,0.0,219.5227888,5.51,5.518422512,0.025368571,1.191636977665201,7.526495616600313e-07,0.0,0.960227362,0.1605984053051235,63.425886160890514,0.07206982267262724,5.30382771534961,798.26735941288,8.74943076669225,54.93,NER,尼日尔
4.607665896,0.14647456417697705,86.93669464,3.475043014,515.5559106,3280.347121,2321.753464,-14.48290419,78.928,,,14.6,0.010497990688122849,0.40241400678658046,3.725350774,3.841,67.79,0.4,1.31193817,27.3,43.89648244,0.83,22.1685,13.6,34.72171785,11.92073893,0.214034767,0.0,211.4952503,5.47,5.716558364,0.062210725,1.420829695202891,1.2689715016192983e-06,0.0,0.950422357,0.1605984053051235,63.331325491434434,0.07429731210686433,5.32089694797798,797.44551606297,8.74943076669225,54.93,NER,尼日尔
-1.381362283,0.14248341654151706,88.05416434,3.971605183,480.8733508,3195.316998,2374.599175,-16.33354225,79.265,31.45,13.27433628,14.8,0.009110021023125414,0.4019246189644174,3.721383032,4.075,31.39,0.3,1.27229619,27.3,44.58910123,0.9,27.613,14.3,35.1164443,12.31546538,0.325355546,0.0,203.7693487,4.65,5.594354706,0.575060921,1.3735238189292631,1.7465944174301275e-06,0.0,0.940617352,0.1605984053051235,63.23588063472015,0.09682647112882338,5.34533822853221,807.26147452301,8.74943076669225,54.93,NER,尼日尔
6.455376385,0.15381493964597517,83.57057549,5.308339372,558.7344514,4064.567735,2391.631817,-10.83737961,75.959,,13.27433628,15.0,0.006718750000000107,0.3925187347551566,3.773246396,4.268,30.76,0.3,1.03993595,26.2,45.27557296,1.05,30.2495,14.4,35.35328018,12.55230126,0.255139685,0.0,196.2238789,4.97,5.924309162,1.222338876,1.754964049800693,2.2425586158569414e-06,0.0,0.930812347,0.1605984053051235,63.12526249309229,0.12144812426510652,4.86136756910748,812.45099498194,8.74943076669225,54.93,NER,尼日尔
1.430453738,0.15530718128265297,82.6246049,-0.369174082,545.324077,4204.506723,2533.316426,-11.25292645,74.606,,13.27433628,14.5,0.006501457223170526,0.3828684153660026,3.758372076,4.557,31.32,0.3,1.34044802,26.1,45.95534367,1.15,37.8312,15.2,36.0637878,13.26280887,0.108198726,0.0,188.9859221,5.9,5.987299531,2.837903666,1.9021317904431891,2.6997988865813407e-06,0.0,0.921007342,0.1605984053051235,63.09285545117233,0.13636535190420596,4.47090489484026,815.46102752031,8.74943076669225,54.93,NER,尼日尔
2.779498662,0.13302103561038262,82.73979065,-0.405676845,580.7283177,4163.53255,2664.03966,-12.0310952,73.18,34.28,13.27433628,13.7,0.005637036529367423,0.3727928769854187,3.689280805,4.846,48.31,0.3,1.27712584,26.1,46.63600329,1.24868,42.8624,15.7,36.0637878,13.26280887,0.052848783,0.0,182.140746,5.63,6.137207241,1.786513509,1.7396125468178711,3.122412788278712e-06,0.0,0.911202337,0.1605984053051235,63.04557511644431,0.12338923128747124,4.75385006804585,820.58584449926,8.74943076669225,54.93,NER,尼日尔
0.60432014,0.11224853625704023,83.83386758,2.249426436,570.3098834,3936.144295,2805.464044,-15.34734305,72.935,,13.27433628,12.7,0.002674935682279056,0.3726338045220597,3.6964059,5.135,52.98,0.3,1.11163116,26.1,47.31809122,2.47622,44.9309,16.6,36.07405068,13.26280887,0.07378231,0.0,175.5309988,5.49,5.62525003,0.534779419,1.770443185174453,3.5106199764908826e-06,0.0,0.901397332,0.1605984053051235,63.04557511644431,0.12535292172350576,6.40275658456699,842.78371421047,8.74943076669225,54.93,NER,尼日尔
1.926206288,0.09924162872690774,84.60036181,1.792721466,643.6168705,3663.705799,2836.624221,-11.36335799,72.716,,14.61988304,12.0,0.006423109600679711,0.3728022857084294,3.674261375,5.405,51.13,0.2,1.10086405,26.0,48.00013168,4.32276,36.1205,17.0,36.62666772,13.81542591,0.073562462,0.0,169.1985784,5.34,5.860696221,0.602444301,1.593274816820994,3.867396076903751e-06,0.0,0.891592327,0.1605984053051235,62.891197600063165,0.1140976279181135,6.04902818349762,839.21637971122,8.74943076669225,54.93,NER,尼日尔
1.332855724,0.10782197222563715,86.95523438,0.368276729,653.7020184,3714.073447,2875.359204,-11.39344611,72.487,,16.95906433,11.1,0.004997636253123439,0.3730957125874591,3.560070448,5.583,57.14,0.2,1.88514483,25.8,48.68264376,10.2243,40.955,17.6,36.7845583,13.97331649,0.055088992,0.0,163.2809506,5.14,6.799736034,0.775759678,1.494668342772932,4.1986530161303854e-06,0.0,0.881787321,0.1606062998342149,62.801223652009156,0.10244357178292442,5.46700228917454,831.98124769712,9.7098154632173,66.92,NER,尼日尔
3.574788852,0.09363334174871951,85.28938531,2.403686243,681.7066415,3738.612611,2908.07172,-12.6586016,72.277,,16.95906433,10.9,0.004048787043881452,0.37359321354192654,3.450880505,5.892,65.89,0.2,1.76657593,25.7,49.36420479,,,17.6,36.7845583,13.97331649,0.321873442,0.0,157.7424336,5.05,4.740979802,0.739768819,1.302848741698593,1.2168702017286856e-05,0.0,0.871982316,0.1606220888923976,62.45149601326281,0.10572179133749765,4.67591907330518,828.69840004393,9.7098154632173,66.92,NER,尼日尔
2.43270219,0.08735755043462821,84.43833029,-0.024382763,680.3652304,3867.910944,3018.932642,-12.19933645,72.053,37.26,16.95906433,10.1,0.004450765498201337,0.37434312207506815,3.366548555,6.218,63.64,0.2,2.02236509,25.5,50.04530628,16.6119,52.8113,18.5,36.7845583,13.97331649,0.067900511,0.0,152.5203531,4.99,4.727456624,0.439130162,1.827212453530944,1.1765855808914134e-05,0.0,0.862177311,0.1605431436014842,62.24090944975133,0.12100741000525671,4.34897855301451,824.88529918682,17.9242207165916,78.08,NER,尼日尔
0.189464641,0.08119521035830395,86.99713395,1.162979742,681.2449413,3543.797108,3120.354363,-13.21047176,73.707,,16.95906433,10.9,-0.0023487864603287667,0.3854060693207196,3.299773916,6.561,67.78,0.2,2.31365919,,50.72546645,17.0375,60.0356,18.7,36.78668982,13.97331649,0.160880094,0.0,147.5696564,4.97,4.895311641,0.184340901,1.783672478738233,6.194130918655262e-06,0.0,0.852372306,0.1605984053051235,62.231238651614426,0.11771901523142314,5.08555993649878,818.37122799935,17.9242207165916,78.08,NER,尼日尔
-1.86257596,0.08126046275893481,89.38286487,3.118645972,606.7746612,3306.212161,3065.710167,-14.07369649,75.899,,25.90361446,11.4,-0.005810652863583177,0.4003185844175243,3.254252399,6.924,56.76,0.2,2.12211633,,51.40378524,17.474,61.5063,18.6,36.78732139,13.97331649,0.631776902,0.0,142.8446658,5.19,4.963042995,0.238220505,1.566837455856887,5.940297459732047e-06,0.0,0.842567301,0.1605431436014842,62.072084945133035,0.10226939650985588,4.89907002084795,811.73521746259,17.9242207165916,78.08,NER,尼日尔
8.319863726,0.06777309719864845,72.73801633,4.018999979,766.0300069,2831.892006,2868.011056,-16.19873567,79.291,32.86,25.90361446,12.7,0.014376406570152156,0.4193430120994519,3.251706422,6.924,73.56,0.2,1.5349741,,52.0806786,23.2982,63.3771,19.5,36.78779506,13.97331649,,,138.2744838,,5.553645112,,1.823509307279816,1.973532446482935e-05,0.0,0.832762296,0.1607326122996763,61.90226572984921,0.12452652406827394,5.80806057295553,,17.9242207165916,78.08,NER,尼日尔
-1.627618809,0.05940551258644842,77.37755666,3.488309095,710.4486945,2850.033265,2804.970569,-13.96960418,79.236,,,12.9,0.01299711910990431,0.42194071552428,3.294891758,6.924,,0.2,0.97196257,,52.75525213,23.1879,65.735,20.1,36.78732139,13.97331649,,,,,,,1.9295655280810051,3.172799005438369e-05,0.0,0.822957291,0.0,,0.13035659313558437,,,17.9242207165916,78.08,NER,尼日尔
3.079267318,0.2453171542870169,,10.07647724,1057.388474,12657.70245,3482.551425,3.368455037,79.938,,3.418803419,8.7,0.00861209511486316,0.4679717435186013,2.716395465,6.439,1058.73,2.2,0.8576929,29.6,45.76545792,0.0899014,0.205187,43.9,71.99516936,39.1438014,9.67e-05,0.0,1701.798736,10.55,18.02740232,8.366746459,6.417820495041915,0.0,8.607550124213981e-08,27.15255663,1.3758468109401931,0.015569243607057765,0.43799367146482787,16.0479567134387,545.44157015049,12.9379737950706,19.41,NGA,尼日利亚
12.21038628,0.18910291818997246,,21.10905,1613.866995,12076.73333,3774.87886,1.139468174,79.898,,3.418803419,8.7,0.009905571095080834,0.4662836035207357,2.741470566,6.69,1208.14,2.2,0.53133184,29.8,47.32367441,0.320462,1.17557,44.6,72.14305181,39.18442636,0.000129543,0.0,1655.778127,9.49,20.30311156,5.492005444,6.4154628385473345,0.0,8.374781885680898e-08,26.97325121,1.377482789288185,0.015646101650251987,0.42770622782882184,17.509032482442,535.24322054643,12.9379737950706,19.41,NGA,尼日利亚
4.428334675,0.22886666666666666,,9.804323777,1708.785292,13002.30758,3734.034811,3.237196911,79.665,,4.722222222,8.8,0.0124531445231153,0.4642314473181727,2.756735064,7.059,1321.22,2.2,0.92982918,28.6,48.88987918,0.558576,2.29549,52.2,72.29038341,39.2184635,4.75e-05,0.0,1610.756131,9.09,21.29524858,6.632052671,6.643338187138917,0.0,8.147064539973442e-08,26.79394578,1.3775267081700102,0.015733939413902522,0.4326609279920291,14.8032490177849,514.94589060866,12.9379737950706,19.41,NGA,尼日利亚
6.265273369,0.28405147058823527,,22.36834147,1809.264254,12561.12346,4291.665741,12.40420528,79.476,40.06,4.722222222,8.9,0.010901312271175412,0.4623474637512788,2.770539678,7.429,1475.89,2.2,1.202034,27.6,50.46355762,1.28614,6.48476,46.1,72.42305313,39.2535986,2.07e-05,0.0,1566.742023,8.36,22.74385246,8.16075406,6.691235712036811,0.0,7.924445005373536e-08,26.61464036,1.3798104900249242,0.015755898854815157,0.41792488136980327,17.2842269357065,497.64977773177,12.9379737950706,19.54,NGA,尼日利亚
3.531837107,0.28674431818181817,,19.85849477,1921.759699,12321.57071,4585.612539,20.79404484,79.109,,6.388888889,9.1,0.007935216082037844,0.46022802541984437,2.768833852,7.468,1784.91,2.1,1.14133215,27.0,52.0438578,3.54916,12.8171,46.8,72.67847393,39.28763574,0.00016394,0.333772817,1523.956601,8.27,23.67765098,9.897430359,7.17293479807034,0.0,7.708040061433241e-08,26.43533494,1.3816880222229542,0.01574491913435884,0.4558709838270071,16.8681965621204,475.72061702675,12.9379737950706,19.54,NGA,尼日利亚
3.170928103,0.24674789915966386,,23.86438113,2048.477315,11655.53019,4958.902673,15.31424259,78.89,,6.111111111,9.2,0.006823044935201361,0.45826478893162925,2.761246989,7.338,1958.42,2.1,0.90186709,26.4,53.63099772,5.54504,21.6815,47.6,72.49770414,39.32277084,0.000302327,0.0,1482.452054,7.8,24.72729278,7.592182939,6.271961244451265,0.0,7.498113668460156e-08,26.25602951,1.380579070456866,0.016019412145766767,0.4251528872994201,15.8983499086044,455.33853499254,12.9379737950706,19.54,NGA,尼日利亚
3.677206982,0.23958992805755397,,7.099730993,2177.35881,10988.50576,5393.741585,9.936092804,78.694,,6.983240223,9.4,0.010125110273478288,0.45656069367612695,2.771800999,7.208,2141.08,2.0,0.7786122,25.9,55.22483344,6.77,26.3563,50.1,72.85594244,39.35680798,0.001753866,0.0,1441.925683,7.55,25.95902944,6.952626452,5.607723676515955,0.0,7.293134805371123e-08,26.07672409,1.3828957914731492,0.016260965995805746,0.37947022990774265,18.185438202812,437.57600034858,12.9379737950706,19.54,NGA,尼日利亚
3.832588985,0.25449557522123895,,7.921387202,2293.487986,10288.55151,5882.596354,8.585344933,78.514,,6.983240223,9.6,0.0072844921696670895,0.45476710957365696,2.784533844,7.078,2267.25,2.0,0.66059941,25.1,56.82522643,8.0,39.9686,50.3,72.92729218,39.39194308,0.0010163,0.0,1402.32863,7.28,27.30266856,7.735058694,6.718551755302486,0.0,7.092856349649488e-08,25.89741867,1.383796128550567,0.01745775552554432,0.43773050196245417,18.4953112690889,422.9408010272,13.3519717656112,23.11,NGA,尼日利亚
5.067183214,0.1923457627118644,,0.686098875,2411.210181,9995.591669,6364.57807,4.70138235,78.45,,6.983240223,9.9,0.006542129739103064,0.4535591243917968,2.787308209,6.948,2871.93,2.0,0.57001245,25.3,58.43066518,9.3,45.9849,50.0,73.31032182,40.48442527,0.004045515,0.0,1363.781123,6.6,29.06453279,4.3748231,4.134235095773462,0.0,6.897886411540368e-08,25.71811324,1.3797665711430989,0.018028700989272815,0.2842617422295207,15.4492679156066,411.83282605949,13.3519717656112,23.11,NGA,尼日利亚
5.028537793,0.22888283378746593,,16.34276633,2553.275412,9909.107865,6895.484921,3.572648291,78.239,44.7,6.983240223,10.4,0.004600626468284963,0.4517729667739912,2.795149361,6.818,3173.35,2.0,0.44847032,25.1,60.0420616,11.5,52.3861,48.0,73.44219671,39.46111532,0.011338946,0.0,1326.189226,6.8,30.93778577,6.670198017,4.931494098007144,0.0,7.739711380292586e-08,25.53880782,1.3773071137608834,0.018061640150641763,0.30999302353056946,14.855427353867,403.73221533846,13.3519717656112,23.12,NGA,尼日利亚
2.397348416,0.28019323671497587,,9.778458097,2619.569193,10189.44624,6948.17521,2.574001234,78.061,35.65,6.818181818,11.1,0.003410308876546919,0.45060877082930256,2.8027852,7.059,3410.07,1.9,0.47937736,22.5,61.65526616,13.8,55.5301,55.9,73.49146865,39.49515245,0.012855807,0.0,1289.535059,7.07,32.57993999,8.61319228,6.902582694876018,0.0,7.525795697215956e-08,25.3595024,1.3771204585131265,0.018072619871098084,0.4072596275024522,15.7489734067165,397.96496773652,13.3519717656112,23.12,NGA,尼日利亚
1.378221466,0.2478448275862069,,9.947636706,2791.145428,9510.629439,6988.062299,3.744689645,78.007,,6.666666667,11.7,0.003845406875121471,0.45015302300999216,2.774229303,7.234,3114.14,1.9,0.54436672,22.1,63.27026274,16.1,64.0053,53.0,73.75524073,39.53028756,0.016026343,0.0,1254.252078,6.86,33.95809139,7.084117433,6.781082349297641,8.626530127234225e-07,7.319882328561549e-08,25.18019698,1.370258133227928,0.017885964623340685,0.41097930439804065,15.4509909544602,395.39666547082,13.3519717656112,23.15,NGA,尼日利亚
3.814492077,0.17414423076923077,,4.964745716,2891.275583,8789.537676,7330.218648,3.662440304,77.844,35.51,6.666666667,11.4,0.002689212196254287,0.4490655350980561,2.714689911,7.408,3137.77,1.8,0.48927844,22.0,64.88638289,19.1,70.2825,55.6,73.54841167,39.56432469,0.013525283,0.0,1220.661032,6.65,36.22354955,5.156738229,8.543712391008667,8.505963754884349e-07,9.023534704887217e-08,25.00089155,1.369006445095908,0.018072619871098084,0.5274523663848002,13.5574113376162,392.070885433,13.3519717656112,23.15,NGA,尼日利亚
3.537572681,0.1794425087108014,,4.662622917,3011.625583,9031.478286,7517.379927,0.157882534,77.615,,6.666666667,11.1,0.0021803307156500473,0.4489511135781893,2.642213994,7.583,3554.04,1.8,0.44593188,21.9,66.50362644,21.0,74.7513,54.2,73.69461203,39.5994598,0.000885111,0.0,1188.830917,6.4,38.50915362,3.659784994,9.070912576361549,8.391747652186697e-07,1.0175852033128147e-07,24.82158613,1.3680951282980336,0.017391877202806418,0.5662285040018012,14.0487554847113,387.68976194268,13.3519717656112,23.15,NGA,尼日利亚
0.081979578,0.1018580121703854,,2.863665123,3086.920423,8672.639473,7577.971028,-3.131401012,77.453,,5.555555556,10.7,-1.9252984212458912e-05,0.44985030251813013,2.536173486,7.758,3561.88,1.7,0.58907843,21.4,68.12200212,22.5,79.1045,52.5,73.92462422,39.63349693,0.000347264,0.0,1159.059229,6.14,39.53068335,1.487968971,8.389997113778273,8.915840226842472e-07,9.921019923320837e-08,24.64228071,1.367743777243431,0.017391877202806418,0.521890191190124,19.4465841481607,390.37726107646,13.3519717656112,23.21,NGA,尼日利亚
-4.018925343,0.08222716049382717,,9.543670064,3142.217414,7922.371457,7260.070907,1.254720982,77.206,35.88,5.555555556,10.8,0.004813338724272809,0.4515721356073386,2.471832391,7.932,3958.74,1.7,0.47496933,21.4,69.74056883,24.1,78.9701,59.3,74.15304676,39.66863204,0.001247405,0.0,1130.760418,6.46,38.89152401,1.268138522,8.263117524072946,9.414475882312911e-07,1.0998630647593142e-07,24.46297957,1.3627699638767197,0.01874238281893343,0.5221998063483244,17.958118099281,382.62924060134,13.3519717656112,23.21,NGA,尼日利亚
-1.615855373,0.11826595744680851,,11.11891808,3186.189173,7956.948878,6953.491647,3.609825501,76.982,,5.555555556,11.5,0.003985514188813655,0.45394999931562113,2.431709369,8.107,4502.59,1.6,0.53266305,21.1,71.3599849,25.9,72.368,54.4,74.33717327,39.70266917,0.003928664,0.0,1103.595239,6.41,39.2049456,2.605630352,7.796425330681799,9.437986434257765e-07,9.016897325014475e-08,24.28368304,1.3626491869517,0.018961977228059774,0.4960057246830795,17.5395906695093,375.85951356345,13.3519717656112,23.21,NGA,尼日利亚
-0.406836852,0.14347630331753555,,10.22848509,3194.348287,7915.552938,6837.994692,1.726933037,76.851,,5.555555556,12.1,0.005191136897150672,0.4567993593988604,2.31217263,8.282,5528.59,1.6,0.49754828,20.9,72.9796603,27.7,84.284,56.5,74.73677229,39.9881419,0.000870432,0.0,1078.37095,6.27,39.95876157,3.802554466,8.134299879117114,9.319857534998688e-07,1.2586861291506332e-07,24.1043842,1.3634616862654678,0.019939172348672003,0.5241899878136763,15.4814508004924,369.01097360883,13.3519717656112,23.21,NGA,尼日利亚
-0.010004759,0.09360928143712575,,55.44488406,3216.200073,7927.069544,6731.176668,-2.048011007,76.785,35.13,3.38028169,14.3,0.006455410203345391,0.459868588320094,2.194401923,8.442,6894.13,1.5,0.46980387,20.7,74.5993214,29.7,88.1169,55.4,74.90479528,40.48442527,0.004275248,0.0,1054.964908,6.5,40.84122256,3.283544009,8.346930535047184,1.3366071233493278e-06,1.1082297111690819e-07,23.92508537,1.3629017205221954,0.02128967796479902,0.5302254051293186,14.4471777985683,362.17527971275,13.3519717656112,23.21,NGA,尼日利亚
-8.342423479,0.05948914858096828,,11.25248424,3309.24371,5628.619734,6491.666995,-2.670611357,74.782,,7.222222222,15.8,0.0011884774283612565,0.45347196172627025,2.130297143,8.602,8170.31,1.4,0.50597858,,76.2190366,31.8888,95.4357,55.4,75.41911196,40.48442527,0.004358073,0.0,1032.72871,6.64,38.24008659,1.587546323,7.69810527831506,2.462286932120527e-06,1.647396423708608e-07,23.74578653,1.361177904410554,0.02138849544890587,0.4824139016480859,16.5661933382186,356.28565446801,13.3519717656112,23.21,NGA,尼日利亚
-0.988127023,0.07696387520525451,,12.63691251,3429.825036,4543.500131,6337.037102,-0.534215771,75.812,,3.611111111,17.6,0.007216611395839623,0.4616661585578054,2.096186852,8.762,9422.75,1.4,0.54102808,,77.83855188,35.5098,89.2916,59.5,75.66595979,40.48442527,0.006827353,0.0,1011.3061,6.57,38.66426572,2.734151519,8.150360346255887,3.340513362588847e-06,2.40016154522511e-07,23.5664877,1.3597505407512325,0.02131163740571165,0.5137938092105422,16.4591984672866,351.17551751449,13.3519717656112,23.21,NGA,尼日利亚
2.158314103,0.09748840803709428,,8.046649485,3502.427971,4373.620257,6089.011855,0.157446239,78.158,,3.611111111,18.7,0.011673370124403837,0.47174096043064956,2.092816871,8.762,9408.02,1.3,0.61952227,,79.45794692,37.6975,99.5852,60.5,75.96586877,40.48442527,,,990.3612487,,40.33410943,,8.063604890805212,4.570898070693832e-06,2.3504525330819197e-07,23.38718886,1.3597944596330578,0.021344576567080602,0.512080966352024,18.2806276658195,,13.3519717656112,23.21,NGA,尼日利亚
1.181236571,0.11331006160164271,,10.82258064,3417.783219,4315.543857,5924.542696,1.317887459,80.021,,3.910614525,19.9,0.0070822315501397615,0.4830343095662556,2.098389169,8.762,,1.2,0.60093319,,81.0772897,39.2136,98.4773,61.2,76.19729328,40.48442527,,,,,,,7.488233002780851,6.275151481827655e-06,2.3016447710147858e-07,23.20789003,0.0,,0.4682490261348869,,,13.3519717656112,23.21,NGA,尼日利亚
2.581705484,0.15268623381388535,108.5426671,3.762037469,908.5740365,3036.23994,2910.396935,-2.698211085,61.88,,7.843137255,15.6,0.00967072085434606,0.354042304877691,2.126029691,6.74,2.23,4.2,0.48134443,30.4,55.63551128,0.299569,0.0,,23.88211238,10.6685633,0.0,11.49254405,12685.59622,10.39,4.222295014,0.0,2.746268690679971,0.0,0.0,76.11788762,9.43136557610242,0.061522048364153634,0.31713990547645116,3.9280007412235,1265.93721948709,17.7986194324124,39.37,GNB,几内亚（比绍）
1.400140437,0.11568774912617659,93.16880715,3.374383225,890.3589577,4375.160072,2785.190081,-0.271719276,61.717,35.57,7.843137255,16.0,0.01085125553335664,0.3548417870995814,2.198333633,6.865,5.09,4.4,0.35467029,30.6,56.07667812,1.02299,0.0,1.3,24.18243243,9.957325747,0.0,12.8479118,12409.76742,10.19,4.376574973,0.0,2.744579348440673,0.0,0.0,75.81756757,9.424608819345664,0.06187766714082503,0.31024418544225696,3.78977599906662,1265.13336289816,17.7986194324124,39.37,GNB,几内亚（比绍）
-2.516331369,0.11741015592115489,86.5222183,-0.570313376,903.0465459,4517.916282,2573.103803,-0.051901862,61.663,,,16.9,0.011199813982328388,0.35557997158035376,2.262191707,6.991,8.01,4.5,0.42981493,31.6,56.50251112,1.3542,0.0966784,2.6,24.48275249,9.60170697,0.0,18.24837996,12132.18624,10.62,4.364060986,0.0,3.119482037388364,0.0,0.0,75.51724751,9.40113798008535,0.06294452347083926,0.30330465587812006,3.85099463716714,1263.29088315686,17.7986194324124,39.37,GNB,几内亚（比绍）
-1.133850312,0.13054609601605277,96.36401138,-5.48079612,891.526215,3563.005274,2734.774939,2.381487455,61.585,,14.0,18.0,0.011765607634231401,0.3563464617805912,2.305405455,7.121,10.64,4.5,0.57971573,31.5,56.91330541,1.80814,2.92324,3.9,24.78307255,9.957325747,0.0,14.41013073,11855.68958,10.7,4.415203047,0.0,3.154076699790971,0.0,0.0,75.21692745,9.380512091038405,0.06330014224751067,0.29639223956199157,4.18102913787198,1275.09143173217,17.7986194324124,39.37,GNB,几内亚（比绍）
4.089957831,0.13911118006642162,100.4058646,3.114412633,1014.450182,3573.291045,2611.534523,-1.638675916,61.574,,14.0,18.6,0.002821969696969795,0.35702037876786447,2.345055447,7.252,9.39,4.4,0.50890976,31.5,57.30839131,1.90137,7.15302,5.2,25.0833926,9.957325747,0.0,13.66253742,11580.90165,10.2,4.704830261,0.0,3.120657532327,0.0,0.0,74.9166074,9.369132290184922,0.06365576102418206,0.28952254113934356,3.69830004183921,1264.09301155187,18.4599971000685,40.6,GNB,几内亚（比绍）
0.22059108,0.116575472376342,107.9262791,-4.243386129,991.0326592,3533.069157,2651.499808,-6.313245853,61.571,,14.0,19.3,0.021530151655366536,0.35756583572563616,2.411225163,7.611,6.74,4.4,0.49984464,31.4,57.68868378,2.0572,11.1163,14.5,25.38371266,9.957325747,0.0,13.49107895,11304.99971,10.1,4.830284792,0.0,3.115754407642745,0.0,0.0,74.61628734,9.365220483641536,0.06365576102418206,0.28262499266941427,3.59555589756979,1257.02197256567,18.4599971000685,40.6,GNB,几内亚（比绍）
0.037650317,0.14206752095381084,99.7312856,5.990265796,967.410658,3576.944034,2665.406191,-4.069529695,61.552,,14.0,20.0,0.01443916507977594,0.3581316428966234,2.489968289,7.694,12.14,4.3,0.59780544,31.5,58.05351268,2.2063,20.4153,7.9,25.68403272,9.957325747,0.0,16.80825844,11026.98441,10.07,4.953931701,0.0,3.229056037756395,0.0,0.0,74.31596728,9.338549075391182,0.0686344238975818,0.22071456306263462,4.50255501772066,1246.61994524877,21.5595879526012,52.48,GNB,几内亚（比绍）
1.9208276,0.13435956835745838,104.2667118,12.7627327,996.8606269,3349.370123,2751.136591,-3.021024651,61.495,,10.0,20.7,0.007836704938946504,0.3587779744552281,2.522590074,7.777,6.29,4.2,0.54897773,31.1,58.4031555,2.35489,33.6114,9.3,25.98435277,9.957325747,0.0,16.23515202,10752.29797,9.72,5.178076063,0.0,3.066490014878491,0.0,0.0,74.01564723,9.283783783783782,0.07005689900426743,0.33600931149004,4.41390703361014,1235.9695198942,21.5595879526012,52.48,GNB,几内亚（比绍）
-0.124226604,0.13705280669828346,102.9742573,-3.82520779,1017.031844,3502.589756,2635.312947,-5.34847492,61.451,,10.0,21.5,0.01802893309222431,0.3595291333661343,2.542772739,7.86,8.29,4.1,0.52002388,31.3,58.73699305,2.30328,36.7108,4.7,26.28467283,9.957325747,0.0,17.41233574,10482.33824,9.67,5.304832831,0.0,3.097279859693903,0.0,0.0,73.71532717,9.230440967283071,0.07254623044096728,0.2620584560695031,3.80115459871227,1230.81648740033,21.5595879526012,52.48,GNB,几内亚（比绍）
2.91052834,0.1350902096770236,98.74214133,5.215015522,1016.569395,3836.417672,2722.536715,-7.529995172,61.434,50.6,10.0,22.6,0.012469580972343186,0.3603269262813412,2.584920321,7.943,5.8,4.0,0.46807465,31.5,59.05612884,2.45,43.2449,6.0,26.58499289,10.6685633,0.0,14.99494486,10214.85022,9.31,5.602187974,0.0,3.097354759066797,0.0,0.0,73.41500711,9.166073968705549,0.07539118065433856,0.2553712555391621,3.95021183444774,1220.56195940456,21.5595879526012,52.48,GNB,几内亚（比绍）
5.2802733,0.20914819041973742,94.17558612,8.452922004,1074.446102,3475.588275,2898.296445,-1.214319105,61.421,,10.0,23.7,0.011649327181178615,0.36110420154271317,2.629227665,8.026,10.38,3.8,0.43690556,31.2,59.35994097,2.672,45.5597,13.5,26.88527738,10.6685633,0.0,13.17160674,9949.778493,8.73,6.055127206,0.0,3.061210722005676,0.0,0.0,73.11472262,8.945234708392604,0.07894736842105264,0.20731468910673376,4.06615365677337,1208.13784305089,21.5595879526012,52.48,GNB,几内亚（比绍）
-4.292389185,0.12483178952096341,96.54024367,-0.02722116,1036.501964,3282.391528,2774.4102,-7.932246541,61.338,,14.0,25.1,0.010526680887224193,0.3618952693353647,2.659527392,8.109,12.8,3.7,0.50444686,31.1,59.64864462,2.89399,63.5329,14.9,27.18556188,10.6685633,0.0,17.02716703,9688.649202,9.01,5.951410774,0.0,3.039548048251896,0.0,0.0,72.81443812,8.864509246088193,0.07894736842105264,0.19511579510202448,4.21634315179788,1197.49327171833,21.5595879526012,52.48,GNB,几内亚（比绍）
0.543365079,0.13787723545047859,94.29838525,-0.932275245,1058.93977,3561.963094,2769.936102,-4.731876539,61.267,,14.0,29.1,0.010451347176934966,0.36273749641061503,2.662291019,8.192,12.09,3.6,0.55160207,31.5,59.92191852,3.1,55.42,16.3,27.48584637,10.6685633,0.0,17.27068806,9434.112453,8.84,6.145192988,0.0,3.029661344844522,0.0,0.0,72.51415363,8.839971550497866,0.07894736842105264,0.21254253163228426,3.3630218017382,1180.09078150336,21.5595879526012,52.48,GNB,几内亚（比绍）
-1.653583366,0.1462232059661471,93.34147999,1.297557372,944.4535207,3835.620715,2837.433267,0.555849591,61.144,,13.7254902,30.1,0.01013943850948551,0.36367698530028336,2.627311557,8.275,17.74,3.4,0.59649962,32.2,60.17996905,3.32,63.6542,17.2,27.78613087,10.6685633,0.0,18.05879993,9189.476671,8.94,6.204464957,0.0,3.099637984868343,0.0,0.0,72.21386913,8.806899004267425,0.07894736842105264,0.21489750172589858,3.59510264817276,1174.14091235077,23.7522442655674,52.48,GNB,几内亚（比绍）
3.440719781,0.21867707594077002,89.30241023,14.5196629,979.2825791,3444.544961,2986.880609,1.817263366,61.157,,13.7254902,28.0,0.010004035241105713,0.36477060461013056,2.570459578,8.359,9.68,3.3,0.53779858,32.1,60.42272877,6.1,69.3268,20.1,28.08641536,10.6685633,0.0,19.39801246,8956.274906,8.6,6.585052382,0.0,3.122706083400343,1.6793015449014445e-06,0.0,71.91358464,8.806899004267425,0.07894736842105264,0.22876229318701766,4.2680878218671,1167.15705248129,26.3697080030366,60.54,GNB,几内亚（比绍）
2.817656989,0.2224766891495237,89.07980673,2.717745393,1019.464318,3337.013092,3063.00223,1.362937393,61.105,,13.7254902,19.8,0.009122538329643382,0.3660241073032104,2.511552965,8.442,11.07,3.2,0.48464295,31.7,60.64989383,13.8,70.1916,22.9,28.26619488,11.1964936,0.0,18.24141778,8734.134581,8.34,6.942797091,0.0,3.170608404329908,1.637650233938336e-06,0.0,71.61344239,8.7400426742532,0.08001422475106686,0.23233507633906558,3.89112505795244,1146.81846361645,26.3697080030366,60.54,GNB,几内亚（比绍）
2.144543054,0.2306156012178044,85.72426083,10.52829646,1034.959623,3439.393797,3117.666973,0.263885195,61.054,,13.7254902,13.6,0.00872663686302988,0.36749575935286444,2.436325752,8.525,16.62,3.0,0.49838862,32.0,60.861425,14.8,76.4394,26.0,28.26757112,11.19786984,0.0,15.95317532,8523.91384,8.05,7.266586892,0.0,2.503849476959824,1.5982338450522942e-06,0.0,71.31330014,8.663229018492178,0.08392603129445234,0.18160354584160862,4.3084661867116,1131.69246378152,26.3697080030366,60.54,GNB,几内亚（比绍）
1.32710524,0.21812796615990274,85.51408872,-2.531561246,988.8958336,4253.953616,3068.152002,-3.483247955,60.934,,13.7254902,12.4,0.008242297376856111,0.36917272579712074,2.374059972,8.608,15.58,2.9,0.50527376,32.1,61.05749783,15.7,77.0219,28.4,28.82659317,11.72133001,0.0,10.2367305,8323.934224,7.87,7.539916186,0.0,1.670611738879943,6.242950668203819e-06,0.0,71.01315789,8.477951635846374,0.08783783783783786,0.17784443711475792,4.14934260901236,1114.3562489754,26.3697080030366,60.54,GNB,几内亚（比绍）
2.890457559,0.1559928197595135,90.72657914,2.861793304,1024.188135,3401.297192,3412.220409,-7.981944545,60.667,34.77,13.7254902,13.1,0.008256017647440439,0.3672269496914157,2.340959948,8.691,14.05,2.8,0.45877996,32.2,61.23782809,17.9215,80.8245,30.9,29.05238976,13.04954481,0.0,9.74182343,8131.337361,7.56,7.941604897,0.0,2.047621393192538,6.098503020791829e-06,0.0,70.71301565,8.33285917496444,0.0906827880512091,0.14839690683926784,3.67108951185304,1095.97712579346,26.3697080030366,60.54,GNB,几内亚（比绍）
0.563014905,0.1255089578115544,86.29736754,1.986762878,1022.772872,3428.328072,3519.984983,-2.268735971,60.697,,13.7254902,16.7,-0.013159376457907657,0.37162753848866636,2.288950008,8.776,16.91,2.7,1.20048702,,61.40237091,20.4573,95.0629,33.4,29.33539829,13.33255334,0.0,10.96399672,7947.329077,7.51,8.171228314,0.0,2.381271336665938,5.960496807408897e-06,0.0,70.4128734,8.306899004267427,0.09530583214793742,0.1733511154821421,3.86103519153792,1072.26876786293,26.3697080030366,60.54,GNB,几内亚（比绍）
2.724572599,0.15722491254020965,88.30029505,2.630826722,1078.63972,3201.38939,3339.373249,-0.740414184,61.842,,13.7254902,19.5,0.0050535513424514455,0.3816846468474253,2.239038787,8.863,14.11,2.5,1.13860166,,61.55108356,23.3519,108.63,35.8,29.84903272,14.02399716,0.0,10.41381916,7771.362626,7.14,8.583920965,0.0,2.518823175223042,9.714203282332147e-06,0.0,70.11273115,8.392958748221908,0.09388335704125178,0.18311273187196098,3.7562869089672,1048.2961358649,26.3697080030366,60.54,GNB,几内亚（比绍）
3.189853139,0.13174866512144948,93.70036966,3.881040791,1070.182574,3033.481733,3306.782369,-7.885546045,63.11,33.44,13.7254902,22.0,0.03166107083191405,0.39094213378205667,2.242353886,8.863,14.77,2.4,1.03818488,,61.63635377,27.5672,125.935,37.4,29.62391181,13.79887624,,,7599.040431,6.95,9.058600852,,2.504333317137586,9.498800538961943e-06,0.0,69.8125889,8.556187766714082,0.09388335704125178,0.18142709029417312,3.74059723827645,,26.3697080030366,60.54,GNB,几内亚（比绍）
3.477835945,0.11279848341649457,88.89629697,5.136384717,1095.677573,3285.954963,3315.078076,-7.527819369,63.091,,9.803921569,22.1,0.007546576527002635,0.39368534169492125,2.245291873,8.863,,2.3,0.9383629,,61.72182825,32.4661,128.111,40.5,29.89084282,14.06580725,,,,,,,2.286966795742437,9.28790125474902e-06,0.0,69.51244666,0.0,,0.16671827102002984,,,26.3697080030366,60.54,GNB,几内亚（比绍）
,,,,,,,,,,,,,,,,,,,,,,,,,,,,,,,,45.47242282843784,,,,,,,,,,,REU,留尼旺
,,,,,,,,,,,,,,,,,,,,,,,,,,,,,,,,45.78775718991284,,,,,,,,,,,REU,留尼旺
,,,,,,,,,,,,,,,,,,,,,,,,,,,,,,,,45.7615773682652,,,,,,,,,,,REU,留尼旺
,,,,,,,,,,,,,,,,,,,,,,,,,,,,,,,,50.98542801452919,,,,,,,,,,,REU,留尼旺
,,,,,,,,,,,,,,,,,,,,,,,,,,,,,,,,48.012626211890094,,,,,,,,,,,REU,留尼旺
,,,,,,,,,,,,,,,,,,,,,,,,,,,,,,,,44.76120675085027,,,,,,,,,,,REU,留尼旺
,,,,,,,,,,,,,,,,,,,,,,,,,,,,,,,,42.60131472093566,,,,,,,,,,,REU,留尼旺
,,,,,,,,,,,,,,,,,,,,,,,,,,,,,,,,46.247004652672594,,,,,,,,,,,REU,留尼旺
,,,,,,,,,,,,,,,,,,,,,,,,,,,,,,,,47.395309226207125,,,,,,,,,,,REU,留尼旺
,,,,,,,,,,,,,,,,,,,,,,,,,,,,,,,,51.19231791769281,,,,,,,,,,,REU,留尼旺
,,,,,,,,,,,,,,,,,,,,,,,,,,,,,,,,44.27214143781989,,,,,,,,,,,REU,留尼旺
,,,,,,,,,,,,,,,,,,,,,,,,,,,,,,,,0.0,,,,,,,,,,,REU,留尼旺
,,,,,,,,,,,,,,,,,,,,,,,,,,,,,,,,0.0,,,,,,,,,,,REU,留尼旺
,,,,,,,,,,,,,,,,,,,,,,,,,,,,,,,,0.0,,,,,,,,,,,REU,留尼旺
,,,,,,,,,,,,,,,,,,,,,,,,,,,,,,,,0.0,,,,,,,,,,,REU,留尼旺
,,,,,,,,,,,,,,,,,,,,,,,,,,,,,,,,0.0,,,,,,,,,,,REU,留尼旺
,,,,,,,,,,,,,,,,,,,,,,,,,,,,,,,,0.0,,,,,,,,,,,REU,留尼旺
,,,,,,,,,,,,,,,,,,,,,,,,,,,,,,,,0.0,,,,,,,,,,,REU,留尼旺
,,,,,,,,,,,,,,,,,,,,,,,,,,,,,,,,0.0,,,,,,,,,,,REU,留尼旺
,,,,,,,,,,,,,,,,,,,,,,,,,,,,,,,,0.0,,,,,,,,,,,REU,留尼旺
,,,,,,,,,,,,,,,,,,,,,,,,,,,,,,,,0.0,,,,,,,,,,,REU,留尼旺
,,,,,,,,,,,,,,,,,,,,,,,,,,,,,,,,0.0,,,,,,,,,,,REU,留尼旺
,,,,,,,,,,,,,,,,,,,,,,,,,,,,,,,,0.0,,,,,,,,,,,REU,留尼旺
7.526799287,0.043730280043145414,101.8765119,-0.39258928,531.0403344,3416.77291,2786.465023,,54.535,48.52,25.67567568,37.6,0.035398970668228724,0.33845471042080616,0.886774966,6.719,4.14,4.8,0.698044,36.4,48.37034232,0.240672,0.784352,4.7,76.89501419,44.58856911,0.000720233,5.036023152,1146.360835,7.19,17.4365728,0.0,1.102110626379821,0.0,1.0375714665235583e-07,11.54438589,3.360762059181192,0.0,0.09653564928791684,35.5553482104637,1027.50731265755,8.54410025254319,43.14,RWA,卢旺达
11.66824451,0.03306199661291747,102.6319766,-5.227208963,600.2474282,3451.18116,2802.343411,,54.494,,25.67567568,34.3,0.03580521317437868,0.342674799825718,1.355376932,6.753,3.73,4.6,0.75793403,37.2,49.18572278,0.292785,0.980824,6.0,76.53019862,45.23713012,0.001297651,6.014531367,1130.928147,6.35,17.62993235,0.0,1.107709152668581,0.0,1.0236033364521451e-07,11.45520876,3.346980137819213,0.0,0.09523605446549954,31.3446102628661,949.52697486565,8.54410025254319,43.14,RWA,卢旺达
-0.019686845,0.029463521480396004,100.5883265,20.36130272,579.5339681,3264.827238,2866.55929,,54.209,,48.75,33.6,0.04422379150247746,0.34536335977873206,2.19817405,6.929,7.16,4.4,2.30380893,36.9,49.75616264,0.356918,1.52232,7.4,76.4491285,45.35873531,0.000438056,8.509859884,1106.339617,6.2,16.28030527,0.0,1.064122013892927,0.0,1.0013482523966611e-07,11.36603162,3.338062423996757,0.0,0.09316544144406434,26.5290923104635,879.51455458711,8.54410025254319,43.14,RWA,卢旺达
4.645118905,0.041237181647732137,98.3174284,11.0949086,609.4467326,3347.593658,2910.245419,,54.088,,48.75,36.0,0.03719479160828709,0.34712341513584677,2.642910816,7.442,9.13,4.2,1.92855704,36.7,50.29020327,0.430854,1.55692,8.7,76.32752331,45.43980543,0.000185807,6.57263639,1077.483054,5.77,15.95400056,0.0,1.021296224319706,0.0,9.752301702058674e-08,11.27685448,3.3364410214835836,0.0,0.09073541507596142,33.9135379893199,820.72306025226,8.54410025254319,43.14,RWA,卢旺达
6.506697423,0.042606570945026484,97.69342918,9.030806548,634.0654829,3235.897374,2967.770278,,53.938,,48.75,36.7,0.026080691642651255,0.34827304084762895,2.660098122,7.848,6.78,4.1,1.61428237,37.0,50.82476075,0.556041,2.46261,4.8,76.24645318,45.56141062,0.000480737,5.543511406,1049.19881,6.95,16.03921293,0.0,0.988096006134952,0.0,9.49630093893197e-08,11.18767734,3.3404945277665172,0.0004053506282934739,0.08835358397478035,32.4334482510203,765.88416505573,8.81599227419817,43.91,RWA,卢旺达
6.352667291,0.04427998211121255,96.42951399,2.461603274,668.4432856,3189.407201,3045.379982,,54.058,52.02,48.75,36.6,0.02411880353882867,0.3489250633868595,2.666835752,8.505,19.01,4.0,1.48205781,35.5,51.36014149,,3.37878,11.4,76.36805837,45.68301581,0.001904408,4.947014321,1021.588202,6.54,15.94422328,0.0,0.97199123499764,0.0,9.246397261453865e-08,11.0985002,3.3550871503850823,0.0004053506282934739,0.08602848015849887,27.7114190583544,721.25427644491,8.81599227419817,43.91,RWA,卢旺达
4.807909927,0.04348351718403927,91.84539313,12.9360411,671.6789434,3071.792602,3142.914733,,54.042,,48.75,36.5,0.019917040896781035,0.349298785656402,2.660081716,8.926,20.51,3.9,1.74627984,34.7,51.89573757,2.11539,6.6507,12.8,76.12484799,45.804621,0.051253894,5.717839995,994.7713769,6.31,15.74577742,0.0,0.96126087321479,3.14138329556867e-07,1.8007356229096058e-07,11.00932306,3.3437373327928657,0.0004053506282934739,0.06505248267186796,35.8526197534836,682.50531047352,8.81599227419817,43.91,RWA,卢旺达
8.277574202,0.05173890936635876,93.71430112,14.45403257,724.757928,3149.840032,3239.036743,,54.06,,56.25,36.5,0.019107959128798147,0.3496754322020336,2.628376431,9.016,29.22,3.8,1.81383979,33.6,52.43185107,4.5,13.4904,6.0,76.20591812,45.88569112,0.125607231,7.636801901,968.9656618,5.88,16.16949337,0.0,0.972162779880903,3.05989156356277e-07,8.770110525117762e-08,10.92014593,3.345358735306039,0.0004053506282934739,0.06352715873054891,33.8735105583652,650.49374436753,8.81599227419817,43.91,RWA,卢旺达
3.542919168,0.04141350846673954,95.05546836,7.14765692,763.566435,2867.78953,3212.31837,,53.959,,56.25,36.0,0.019326858066324837,0.350306229394523,2.579220303,9.497,34.79,3.7,1.88107121,34.1,52.96879377,7.7,24.1466,15.6,77.25982975,46.93960276,0.025201302,6.521805896,944.2934458,5.73,15.96342378,0.00175235,0.971345485982328,2.981979302678056e-07,1.7093604478913032e-07,10.83096879,3.3396838265099307,0.0004053506282934739,0.07951944807141482,30.3940459490414,621.82472463387,8.81599227419817,43.91,RWA,卢旺达
4.659797964,0.04849172249252272,95.26084847,3.187174319,808.1500859,2775.514855,3249.513665,-6.516870143,53.899,,56.25,35.7,0.016032226230728197,0.35124927393152233,2.523651344,9.725,44.95,3.7,2.03921556,34.0,53.50594662,8.0,34.3954,9.7,77.90839076,47.99351439,0.162899039,5.658136567,920.7609595,5.56,16.0013435,0.0,1.04074271713593,2.907666187903275e-07,1.6667619298393717e-07,10.74179165,3.3396838265099307,0.0004053506282934739,0.077537765010754,33.3048494789991,603.09767067346,8.81599227419817,43.91,RWA,卢旺达
5.342776973,0.06739372823664247,93.49696434,7.191477379,844.2136275,2917.189074,3263.280406,-6.928344167,53.765,49.0,56.25,35.3,0.010699955416852314,0.3523677021161779,2.452628735,9.912,47.07,3.6,2.19739747,34.0,54.04361635,7.0,42.0494,10.8,78.75962708,49.04742602,0.301043352,5.673662972,898.4527981,5.36,16.20340138,0.0,1.12976101974334,2.8372193623576456e-07,1.6263796853485897e-07,10.78232671,3.340899878394812,0.0004053506282934739,0.06752787894303743,33.7301307981866,587.94475102332,8.81599227419817,43.91,RWA,卢旺达
6.071726785,0.07720685154502635,93.24816214,4.722834658,913.9602297,2830.60903,3380.292113,-9.680458421,53.752,,56.25,35.5,0.011232591845736772,0.3535173590229495,2.393801282,10.09,53.75,3.5,2.05491209,34.2,54.58212116,8.02385,52.5467,17.5,79.40818808,50.06080259,0.004053497,5.781772297,877.2010012,5.14,16.57559314,0.0,1.225040397903325,4.6168473746897596e-07,1.587909672442989e-07,10.82286178,3.33603567085529,0.0004053506282934739,0.0709148423425108,33.555789328934,576.82481135804,8.81599227419817,43.91,RWA,卢旺达
2.233014831,0.08989811171804073,91.27726708,2.689701759,929.2386569,2991.815347,3409.186617,-7.482203313,53.631,,63.75,35.7,0.007197494897879686,0.35462962462161984,2.403400855,8.071,88.22,3.4,2.17188406,32.4,55.12083118,9.0,60.2989,15.2,80.2594244,51.11471423,0.004301543,5.886344564,856.3696777,5.08,16.4001882,0.0,1.252121966528499,8.112975893644295e-07,1.5502008006155046e-07,10.86339684,3.33603567085529,0.0004053506282934739,0.07671212835809593,33.8365851748419,566.47807282982,8.81599227419817,43.91,RWA,卢旺达
3.631645706,0.0877537289410513,92.9363785,4.732373488,979.4766273,2961.812241,3480.843462,-11.34389299,53.528,45.11,63.75,37.1,0.006759369537980842,0.3557144248662774,2.41721474,9.644,96.5,3.3,2.19319296,29.9,55.66506396,10.6,68.167,19.8,81.31333604,52.16862586,0.020443914,5.854252482,835.9175652,4.87,16.50114204,9.84e-06,1.264028953119077,8.97511491006803e-06,1.5131783767571976e-07,10.9039319,3.334819618970409,0.0004053506282934739,0.07737061522740873,30.383378644964,557.31813872304,8.81599227419817,43.91,RWA,卢旺达
6.282592219,0.07982433776640875,94.49742385,0.485928792,1022.344128,3104.204137,3606.850042,-12.68377694,53.466,,63.75,35.8,0.005085422812192819,0.3568739818532989,2.393225669,9.234,102.51,3.2,2.10472178,30.2,56.2151798,12.5,75.2543,22.8,81.3538711,52.20916092,0.023827903,5.494088724,816.1496602,4.57,17.07001401,0.000256814,1.333279473635602,9.364243469642927e-06,1.4773945057406249e-07,10.94446696,3.334819618970409,0.0004053506282934739,0.08434717735069573,32.5777566483047,547.86699505406,8.94284693018184,44.52,RWA,卢旺达
3.488788293,0.08406867492172952,92.74545543,5.030122141,1045.779928,3193.908984,3680.748941,-15.30512623,53.418,,63.75,33.7,0.004799828795915673,0.358184449387177,2.369978668,9.653,130.22,3.1,1.5660044,30.3,56.77061156,14.6,74.8502,29.4,81.27280097,52.20916092,0.032408369,5.6897082,797.0344947,4.35,17.23287394,0.000507278,1.323246071789034,1.0151702511824844e-05,1.442792224055961e-07,11.02553709,3.3019862180786377,0.0004053506282934739,0.08666827248142762,32.520926298777,537.0112773952,8.94284693018184,44.52,RWA,卢旺达
1.509064569,0.11207377244809981,88.78348086,8.162625947,1083.64457,3127.576843,3702.814028,-9.460481769,53.281,43.71,61.25,31.9,0.006191714968128537,0.35966156534224547,2.345567092,9.751,127.74,3.0,1.56328964,30.4,57.33204509,17.2,72.2765,34.1,81.27280097,52.24969599,0.023909889,5.607032316,778.5570633,4.28,17.09863484,0.000585486,1.378388454177073,1.3768167014422155e-05,1.4093443688606677e-07,11.06607215,3.296716659910823,0.0004053506282934739,0.0894878583616209,27.4193615968763,529.54501399655,8.94284693018184,44.52,RWA,卢旺达
6.031779965,0.1164153470866284,91.24591107,-0.603329019,1169.437226,2807.910015,3805.4855,-10.11425109,53.882,,61.25,32.7,0.003235560931357684,0.3615256603221205,2.316307296,9.503,173.12,2.9,1.64325416,29.9,57.89954362,19.2,77.6795,38.0,79.00283745,50.06080259,0.008277298,4.407361525,760.7305448,4.03,17.7524182,0.001112831,1.336559723859756,1.737668718023292e-05,1.3770747964285062e-07,11.10660722,3.2934738548844753,0.0004053506282934739,0.09653377427411092,26.7874669027631,523.94707593304,8.94284693018184,44.52,RWA,卢旺达
6.979296301,0.11991148838902319,87.29606059,2.471170295,1311.266304,3252.815889,3857.288395,-11.8932238,51.883,,61.25,35.6,0.005078819664225298,0.35267655559758715,2.280860997,9.598,197.72,2.7,1.76991165,29.4,58.47285361,21.358,75.5985,46.6,77.17875963,48.31779489,0.0,3.703242842,743.575721,3.72,18.31883012,0.00092953,1.468298758706692,1.9724324389056662e-05,1.3460211262777075e-07,11.14714228,3.290231049858128,0.0004053506282934739,0.09051728715712451,33.6244796659,518.33472079979,8.94284693018184,44.56,RWA,卢旺达
-5.516369026,0.13838671752797496,92.80141155,6.711836801,1135.333532,2589.970387,3762.268329,-12.06481283,55.248,,61.25,34.7,0.003928566073383211,0.3812449979285675,2.242448834,9.803,264.98,2.6,2.13853812,,59.05235874,23.8,81.2379,45.2,79.39197406,49.23388731,0.0,3.952221541,727.0869826,3.86,17.70081004,0.000650232,1.501769113557776,1.928693890793219e-05,1.316173204173602e-07,11.18767734,3.3092825293879207,0.0004053506282934739,0.09046509213301834,32.1305063608995,516.46338788976,8.94284693018184,44.56,RWA,卢旺达
8.456009305,0.13810176037961933,88.55392685,2.945416289,1177.964787,3839.417622,5109.369856,-10.91526246,49.017,,61.25,31.0,-0.0015383926037669804,0.357095181973245,2.190935352,10.01,328.92,2.4,2.63611889,,59.63812278,24.4416,81.6382,48.7,81.25091204,51.41467369,0.0,3.833938312,711.3302175,3.59,19.62284047,0.001173089,1.665588265692092,1.885399460587065e-05,1.2876503002936672e-07,11.2282124,3.279286582894204,0.0004053506282934739,0.10217360261050704,30.9951387562802,513.43395499791,8.94284693018184,44.56,RWA,卢旺达
5.817732742,0.15852917366220953,90.4471301,15.81131422,1132.950497,3726.748077,5190.20464,-9.366017802,51.089,,61.25,26.6,0.010142109199700933,0.37207368235217414,2.190466192,10.21,352.94,2.3,2.43239522,,60.2302194,31.2252,80.5952,50.6,80.03677746,50.20053912,,,695.9181835,3.51,21.22430114,,1.69976909652543,1.9046181863200067e-05,1.2597514289764216e-07,11.26874747,3.27888123226591,0.0004053506282934739,0.10612910512979606,30.1792232677619,,8.94284693018184,44.56,RWA,卢旺达
5.896000904,0.1720658465910593,90.82243315,11.94883609,1091.89523,3719.510344,4579.382125,-11.49354349,55.8,,61.25,24.4,0.00380582869328272,0.39642706627861424,2.198498205,10.49,,2.2,2.41123104,,60.82904236,34.2005,91.4623,63.9,76.3328334,46.98301581,,,,,,,1.92264223612505,2.0065253638063387e-05,1.2323580413402987e-07,11.30928253,0.0,,0.12454671552938124,,,8.94284693018184,44.56,RWA,卢旺达
1.404889541,0.03949908140264806,,7.184472955,,,,-35.52958406,20.321,32.13,9.090909091,15.5,0.004787034162759163,0.1387600341588386,1.623353015,,0.83,,3.70773029,10.1,69.64652715,6.31092,0.0,51.5,37.5,6.25,0.0,3.107352262,14893.25363,4.66,7.582495334,0.0,6.172956656071822,0.0,0.0,60.76458333,1.1354166666666667,0.0,0.629137489325363,7.89655898382093,552.46957711972,0.0,0.0,STP,圣多美和普林西比
0.914792646,0.05870537698097649,,11.51481226,,,,-31.2249951,19.841,,,13.8,0.005300813008130012,0.13890556422673123,2.394333693,,0.78,,3.77630806,14.1,70.12287744,7.58067,1.32069,52.5,37.5,6.25,0.0,3.335210383,14540.8946,4.78,7.267266774,0.0,6.75950319365248,0.0,0.0,60.7375,1.1354166666666667,0.0,0.6354637744960713,6.89857261729181,558.03056165964,0.0,0.0,STP,圣多美和普林西比
5.551387914,0.06856979245699782,,13.83979778,,,,-27.75396007,20.123,,9.090909091,12.3,0.005369909099731451,0.1390575630306734,2.562892139,,1.77,,6.05494833,14.3,70.59285912,10.1618,3.133,53.6,37.5,6.25,0.0,4.107621126,14172.96215,4.82,7.336258899,0.0,7.328297030386669,0.0,0.0,60.71041667,1.1354166666666667,0.0,0.6192544241746525,6.47100682981965,558.50585672833,0.0,0.0,STP,圣多美和普林西比
0.983351605,0.0436367632919909,,14.83934173,,,,-32.32724614,20.163,,9.090909091,11.1,0.006467389555648628,0.13917123743698678,2.4982119,,0.58,,5.18779802,28.8,71.05183335,13.3229,4.91107,54.7,36.45833333,6.25,0.0,3.143430497,13823.27764,4.95,7.113512377,0.0,8.171393803612863,0.0,0.0,60.68333333,1.1354166666666667,0.0,0.6043562347420818,6.8951383610556,564.87829423505,0.0,0.0,STP,圣多美和普林西比
4.019818214,0.05130059375952139,,19.09257414,,,,-26.52880516,20.067,,9.090909091,10.4,-0.0020140664961637578,0.13925475906186008,2.463925437,7.817,0.25,,5.03137016,28.6,71.49903039,13.7595,7.39487,55.8,35.41666667,6.25,0.0,2.805421745,13486.84414,4.79,7.131245836,0.0,8.523441103523975,0.0,0.0,60.65625,1.1354166666666667,0.0,0.6089495728134918,6.47096550575786,556.8156230978,0.0,0.0,STP,圣多美和普林西比
6.23775372,0.05603217767151325,,13.32499892,,,,-40.38498063,20.017,,7.272727273,10.6,0.009722266713649619,0.13929774568637632,2.443923062,8.003,0.97,,0.54927838,27.8,71.93499759,14.182,11.1231,56.9,35.41666667,6.25,0.0,2.62902568,13161.23112,4.5,7.326110899,0.0,8.701099735960494,0.0,0.0,60.62916667,1.1354166666666667,0.0,0.6037261980946401,5.46242682964439,561.91471909086,30.0,0.0,STP,圣多美和普林西比
1.160672449,0.0469335877108756,,9.6025819,,,,-43.14337324,20.171,,1.818181818,11.6,0.00467949429736203,0.13928108426635238,2.422748801,8.194,1.31,,1.6642518,27.1,72.35981221,14.5905,17.7366,58.0,35.41666667,6.25,0.0,3.515982948,12846.19918,4.38,7.187919166,0.0,8.774981858169003,0.0,0.0,60.60208333,1.1354166666666667,0.0,0.7505197230406601,7.08681930822267,555.67877580059,30.0,0.0,STP,圣多美和普林西比
3.726990306,0.058504051924154386,,28.82828645,9424.605902,4585.07585,11831.97688,-49.73184396,20.323,,7.272727273,13.0,0.0017683465959328348,0.13922885271558694,2.38327636,8.39,0.0,,1.22298861,26.3,72.77356467,15.48,29.0869,59.1,35.41666667,6.25,0.0,3.519690489,12543.65826,4.24,7.249010138,0.0,9.350478230222292,0.0,0.0,60.575,1.1354166666666667,0.0,0.5753971678951396,6.96568649798594,544.60754518708,30.0,0.0,STP,圣多美和普林西比
0.944228915,0.03986683182498421,,13.9533488,9997.155192,5195.120911,11145.9295,-39.2591791,20.396,,7.272727273,14.7,0.0034831673181188183,0.13919360370643172,2.309243056,8.59,1.78,,1.5904156,26.2,73.17592564,16.41,45.4471,56.9,35.41666667,6.25,0.0,3.51450811,12257.31362,4.25,7.127501797,0.0,9.772541770067944,0.0,0.0,60.54791667,1.1354166666666667,0.0,0.562262092851962,6.15551387083602,542.07610586195,30.0,0.0,STP,圣多美和普林西比
-0.755150615,0.057888280013820036,,6.965324124,10016.26866,4832.065729,10808.43415,-46.0873608,20.513,30.82,18.18181818,16.5,0.003109833671017359,0.13923389181637166,2.196081638,8.482,2.23,,2.11927414,26.6,73.56743853,18.75,56.5065,61.4,34.375,6.25,0.0,3.962518049,11991.0672,4.63,6.898281371,0.0,10.390061963925817,0.0,0.0,60.52083333,1.1354166666666667,0.0,0.5500489543569378,6.60035761323869,539.07776972131,30.0,0.0,STP,圣多美和普林西比
-0.114189922,0.04857477177236217,,11.68070422,9964.4747,4224.103981,11146.13187,-46.70314361,20.594,,18.18181818,17.6,0.003992672272065345,0.13932205398359268,2.093961135,8.664,0.0,,2.29882646,26.0,73.94801243,20.1612,61.9653,62.6,35.41666667,4.166666667,0.0,3.80904085,11742.58951,4.32,6.726913948,0.0,10.503293929936437,0.0,0.0,59.875,1.1354166666666667,0.0,0.7411995701565858,7.31716513192516,531.37492327311,30.0,0.0,STP,圣多美和普林西比
0.883420959,0.05314081434238907,,4.817067426,10415.60665,4622.578518,11280.48422,-43.78368217,20.748,,18.18181818,17.4,0.005972988989738193,0.139321892535328,2.020927884,8.846,0.52,,2.30571485,26.0,74.31797118,21.5724,64.4915,57.9,36.45833333,4.166666667,0.0,3.890249707,11507.6621,4.38,6.633300104,0.0,10.89333225892645,0.0,0.0,59.22916667,1.1354166666666667,0.0,0.7493362454404849,8.05882489123277,529.84771951405,30.0,0.0,STP,圣多美和普林西比
3.101075643,0.048681526828054655,,8.890821262,11142.58975,5237.808565,11640.66905,-30.42994654,21.028,,18.18181818,17.4,0.00658863653980335,0.13924555263321392,1.938966145,9.251,0.16,,2.99635077,26.6,74.67449748,23.0,64.8875,65.0,36.45833333,4.166666667,0.0,3.310510797,11286.68172,4.15,6.6911618,0.0,10.684148786416472,5.177376933750285e-06,0.0,58.58333333,1.1458333333333333,0.0,0.7585378725122705,7.92150806913723,528.58459201782,30.0,0.0,STP,圣多美和普林西比
2.976742762,0.05799689441777817,,4.622697992,11237.19507,5390.257766,12156.85165,-35.45877844,21.278,,18.18181818,18.1,0.008439858308948,0.1392560744433772,1.856355322,9.655,1.24,,2.79643965,26.6,75.0184936,24.41,65.3057,68.6,38.54166667,4.166666667,0.0,2.997949411,11079.09355,4.4,6.746836705,0.0,10.522324643182165,5.0821530032983175e-06,0.0,57.9375,1.1562500000000002,0.0,0.7432846768004798,5.86448730542527,530.44448713644,30.0,0.0,STP,圣多美和普林西比
-0.246825905,0.04230775039948805,,4.503697096,10956.80884,5474.190663,11983.20836,-26.42070097,21.458,,18.18181818,18.5,0.00832340633495221,0.13938719163616936,1.775102143,10.34,1.42,,2.0531044,27.1,75.35026795,25.82,92.3511,67.3,38.54166667,4.166666667,0.0,3.42403195,10884.16354,4.62,6.594609377,0.0,10.712562179188758,4.99273556974602e-06,0.0,57.29166667,1.1562500000000002,0.0,0.7644027939348248,9.12748871729022,529.92002498818,30.0,0.0,STP,圣多美和普林西比
3.422233863,0.04790136060947573,,7.053471695,11036.16245,5398.059843,12509.22893,-21.0403152,21.631,,18.18181818,18.3,0.008178967935416503,0.13965898993072773,1.682301173,10.36,1.12,,3.06470799,27.1,75.67030853,28.0,87.4112,69.4,41.66666667,4.166666667,0.0,3.266301018,10702.59071,4.67,6.686048136,0.0,10.922477157817887,9.818890563555224e-06,0.0,56.64583333,1.1562500000000002,0.0,0.7809209137459554,7.996634909644,523.63877063564,30.0,0.0,STP,圣多美和普林西比
2.462524591,0.046583439319249846,,4.080773759,11078.26901,5579.100749,12320.68781,-22.71562903,21.777,40.73,18.18181818,17.9,0.007676937638027015,0.140039619268493,1.597953443,10.37,0.88,,3.43653798,27.4,75.97909301,32.6,84.0523,74.3,42.70833333,4.166666667,0.0,3.161656861,10532.92748,4.32,6.961043936,0.0,10.919785468025797,1.4494854326714016e-05,0.0,56.0,1.1562500000000002,0.0,0.7770252500362371,6.57086666652764,511.65955539058,30.0,0.0,STP,圣多美和普林西比
2.780577149,0.041697361158366746,,8.919661495,10188.97001,5671.31755,12294.85481,-19.579826,21.721,,14.54545455,17.8,0.007871902674657871,0.1405034564459267,1.542375544,10.38,0.86,,2.62429023,27.6,76.27706121,38.0,77.3644,71.0,43.75,4.166666667,0.0,2.336371678,10371.71661,4.12,7.265807355,0.0,10.235460367033356,1.4273004515027094e-05,0.0,55.35416667,1.1562500000000002,0.0,0.7530851860486137,6.28137352023387,507.49650076703,30.0,0.0,STP,圣多美和普林西比
0.482132361,0.03147882056063651,,11.26436809,9412.194386,5797.485694,12695.35184,-21.79932059,21.6,,14.54545455,16.9,0.0065234756368155455,0.14103621504086375,1.513323921,10.4,2.37,,2.23238039,27.9,76.56466131,44.3,77.6791,75.1,43.75,4.166666667,0.0,2.053856772,10215.94062,4.18,7.412163728,0.0,10.606643406494936,1.4058633875684185e-05,0.0,54.70833333,1.1562500000000002,0.0,0.7579496888355702,6.64838729469214,500.24040699345,30.0,0.0,STP,圣多美和普林西比
0.716646434,0.029709516185906334,,9.268277348,9161.343331,5613.51008,12736.38774,-12.64674362,20.885,,23.63636364,15.9,-0.0009405816909896503,0.13889208269137904,1.876910541,10.55,2.78,,2.96807909,,76.84230361,51.5547,80.1173,76.8,43.75,4.166666667,0.0,1.959515572,10025.98478,3.96,7.606722611,0.0,9.986215879682517,1.3797226757421757e-05,0.0,54.0625,1.1562500000000002,0.0,0.7148283395037598,7.51383266145551,492.04333046745,30.0,0.0,STP,圣多美和普林西比
-0.178526591,0.04004557907719408,,5.164335886,9556.175163,5153.332403,12686.89869,-18.16321585,21.079,,23.63636364,16.0,0.0006913899880844898,0.14135816652474983,2.060173547,10.71,2.96,,3.36913323,,77.11047954,61.5241,85.2578,78.5,44.79166667,4.166666667,0.0,1.864219386,9821.545226,3.97,7.751197011,0.0,10.130981793192351,1.504768855789981e-05,0.0,53.41666667,1.1562500000000002,0.0,0.7227787764517185,7.07098654376512,480.33937423134,30.0,0.0,STP,圣多美和普林西比
-1.754073105,0.040679758829206596,,15.78065099,8411.94551,5301.448005,12158.51565,-4.732143593,21.402,,14.54545455,16.7,0.01780201687590033,0.14390755838359737,1.93819562,10.71,3.8,,2.31201935,,77.55741167,61.5535,86.7785,78.0,44.79166667,4.166666667,,,9633.017388,3.64,7.764273164,,8.773614590038964,1.4758843154150372e-05,0.0,52.77083333,1.1562500000000002,0.0,0.6249473056273612,7.25746717910248,,30.0,0.0,STP,圣多美和普林西比
-1.612837194,0.03475959649772542,,23.74605855,7552.411822,5120.368444,11454.27299,3.026061727,21.328,,14.54545455,17.4,0.006947152534049872,0.14469985403103897,1.997546602,10.71,,,2.13394833,,77.76274402,61.4607,63.4541,81.3,44.79166667,4.166666667,,,,,,,9.824849590458602,4.331423175712844e-05,0.0,52.125,0.0,,0.7060219776411936,,,30.0,0.0,STP,圣多美和普林西比
1.811768659,0.15412215699636805,88.74900435,6.994935196,1364.883057,7143.207111,4561.704263,-3.775137948,48.932,,16.66666667,21.1,0.009424629002863893,0.28281742910123253,2.424969437,4.805,149.31,0.7,1.415766,24.6,60.90664658,0.983794,2.95518,38.9,45.70196852,16.0961928,0.011970281,0.0,2526.206455,4.09,5.720945874,5.67e-07,7.246882212620775,1.0770647674294049e-06,5.0515036361500924e-06,45.7833065,2.806212018906144,0.052407417025918036,0.42928106739468413,2.37622440387043,664.35309067366,25.0850818615436,46.38,SEN,塞内加尔
-2.352866649,0.1522892850378024,90.79553723,1.904645309,1052.431111,7014.327619,4570.439677,-4.543400895,48.78,41.23,19.16666667,20.0,0.012964682416864326,0.2837147224392698,2.449661536,5.036,164.22,0.7,1.33993769,24.7,62.01612913,1.00645,5.28796,36.8,45.44746273,15.84168701,0.02011407,0.0,2465.074763,4.13,4.911621114,1.11e-05,7.214021768758388,1.2420919350588474e-06,5.586497225131265e-06,45.58333766,2.811873474263751,0.05214771723887186,0.4525824329599987,2.48421133408196,654.18921930564,25.0850818615436,46.38,SEN,塞内加尔
3.08280432,0.14335042924660374,90.45889528,-0.922879934,1257.48842,6534.076327,4564.832329,-4.989693893,48.725,,19.16666667,18.6,0.009539652362846152,0.2845506873499698,2.406849622,5.266,206.16,0.7,1.54446924,25.2,63.19424539,2.10144,7.29792,41.9,44.83457124,15.22879551,0.00585107,0.0,2406.452426,3.78,5.14718385,0.000128798,7.01383174887064,1.305826898094015e-06,4.411035460232161e-06,45.38336883,2.810990494987794,0.05209577728146263,0.4428438904463466,2.461972469276,629.23193117392,25.0850818615436,46.38,SEN,塞内加尔
2.216602372,0.14974967292416258,91.82220769,-0.134935111,1326.087831,6250.971579,4594.619252,-5.074475899,48.684,,19.16666667,17.1,0.01402293439149882,0.2850395746824076,2.346325157,5.496,169.83,0.7,1.62704813,24.9,64.42184616,4.38602,10.2163,36.8,45.120241,15.51446528,0.024552988,0.0,2350.646482,3.87,5.345787185,0.000170075,7.288016842572283,1.4577652604334084e-06,3.2903128176698276e-06,45.18339999,2.8069391783098743,0.04394120396821275,0.47953033910171056,2.45171730644181,627.95574496189,25.0850818615428,46.48,SEN,塞内加尔
1.898549721,0.14333683414505766,90.71708918,4.720878754,1501.378151,5767.585953,4585.433969,-6.141503227,48.693,,19.16666667,15.8,0.011142800291835231,0.2854730980594318,2.339181364,5.729,202.96,0.7,1.59510648,24.8,65.64540334,4.78668,15.3986,47.1,45.58250662,16.23643069,0.043252275,0.0,2296.298722,3.79,5.53469401,9.08e-05,7.408795645992142,1.5130650496926164e-06,3.9030052855340654e-06,44.98343115,2.812133174050797,0.04378538409598504,0.5089324711057978,2.36468498419321,614.32318745785,25.0850818615428,46.69,SEN,塞内加尔
-0.023903098,0.13626356133526962,93.21524326,2.885492002,1394.712328,5374.723375,4650.398464,-7.368654316,48.622,39.21,19.16666667,14.6,0.0134634306329946,0.285841315731854,2.327929292,5.835,168.2,0.6,1.7594533,25.3,66.86560708,5.61174,25.9356,49.9,44.09702384,14.74055991,0.040683271,0.0,2243.459923,3.72,5.621845933,0.000166591,7.126298805610877,1.565204597458073e-06,3.81319549226902e-06,44.78346232,2.817846569365813,0.043889264010803515,0.5087823290835709,2.22659272615651,600.51826791739,25.0850818615428,46.69,SEN,塞内加尔
0.466183194,0.11962082844476182,93.54411302,6.588712451,1291.697292,5588.214498,4782.966873,-9.379070933,48.111,,22.0,12.2,0.01378618468956816,0.2833859401220559,2.322793844,6.157,207.76,0.6,1.31880546,25.5,68.08184618,6.89,30.8471,48.1,44.16454579,14.80288786,0.061067296,0.0,2191.94953,3.88,5.738381245,7.98e-05,7.548916352102872,1.6991856822536367e-06,2.775969729026611e-06,44.58349348,2.8402846309666026,0.04336986443671116,0.5136112248715926,2.65744742696058,597.44038090118,25.0850818615428,46.69,SEN,塞内加尔
1.305181118,0.12875289755696295,94.84245896,8.216542731,1556.248569,5549.200733,4788.215065,-11.22207607,47.615,,22.0,10.9,0.008746588351715046,0.2807760404861532,2.339511847,6.48,208.91,0.6,1.3871423,25.4,69.29395082,7.12,44.727,49.7,48.1743105,18.80226458,0.185207685,0.0,2141.263822,3.92,5.905484732,3.73e-05,7.53551743408894,1.908878601047609e-06,2.9258672327352093e-06,44.38352465,2.841063730327741,0.04248688516075417,0.5097654892011833,2.7223381436751,597.24540559132,25.0850818615428,46.69,SEN,塞内加尔
0.349911484,0.1249236066519571,93.1220694,-1.689038683,1765.107429,5884.149072,4683.620428,-5.309157411,47.13,,22.66666667,10.3,0.008702393949462817,0.27800704022544803,2.36561416,6.632,179.1,0.6,1.40655613,25.5,70.50139021,7.5,55.9396,53.5,48.18989248,18.80226458,0.498944014,0.0,2091.204225,4.59,6.023811965,0.000243201,7.03612691193586,2.107415110279817e-06,3.4847131247940714e-06,44.18355581,2.847763984833532,0.041967485586661815,0.4845700236897775,2.25833968853705,599.74936234185,25.0850818615428,46.69,SEN,塞内加尔
0.952269607,0.13404612949700867,92.40843088,1.60441579,1856.002242,6081.077639,4667.598876,-3.656508762,46.648,,22.66666667,10.9,0.007372433373594278,0.27510640134992026,2.386901953,6.784,189.46,0.5,1.16160142,25.8,71.70472898,8.0,66.0344,56.5,48.18989248,18.80226458,0.384409929,0.0,2041.88023,4.68,6.183037053,0.000544233,7.126218321594233,2.611707270668557e-06,5.035731466276568e-06,43.98358697,2.8458941463668004,0.039110787929153894,0.50767072330758,2.40139577944565,583.62602641396,25.0850818615428,46.69,SEN,塞内加尔
-1.195441883,0.14269448334340626,93.96944082,3.857470384,1570.962315,6746.705997,4683.656212,-6.445299367,46.133,37.8,22.66666667,11.1,0.009000171283536584,0.27217239244975866,2.527915199,7.333,261.02,0.5,1.30861914,25.7,72.90341785,9.8,72.1733,56.5,46.56417182,17.14018595,0.564893477,0.0,1990.910183,4.79,6.22054314,0.001822667,7.291862434228659,3.704018945439569e-06,5.109083166255585e-06,43.77582714,2.851243961979951,0.039110787929153894,0.5250508774782299,2.45626175127836,581.55667508242,25.0864109712311,46.69,SEN,塞内加尔
1.255746464,0.14336779223970675,92.40245791,3.274111576,1752.859502,7019.869902,4767.035996,-8.651918547,45.155,40.27,42.66666667,11.3,0.006635904875075038,0.2692274028877213,2.677024252,7.514,260.75,0.5,1.21922708,24.7,74.09696201,10.8,86.1775,56.5,46.56417182,17.14018595,1.577483481,0.0,1938.3201,4.51,6.423436272,0.002018732,6.949623600316971,4.432592476838765e-06,2.9069568965384082e-06,43.56806731,2.85134784189477,0.038747208227289255,0.4907970545798635,2.88768462861842,574.05088867008,25.0864109712311,46.69,SEN,塞内加尔
-0.578035528,0.14065472467089382,91.86093323,1.18613047,1808.932368,7496.585695,4722.48672,-8.192272458,44.155,,42.66666667,11.2,0.006270217234665587,0.2664489266857217,2.963459546,7.547,275.66,0.5,1.17077053,24.6,75.28553708,13.1,95.7911,57.0,46.5797538,17.14018595,0.620519393,0.0,1881.721548,4.07,6.531835409,0.007365494,7.029104352629675,5.105446059540149e-06,3.7000530325518134e-06,43.36030748,2.8518672414688617,0.038747208227289255,0.5007522075401749,2.1908375890013,569.51449399727,25.0869895426711,46.7,SEN,塞内加尔
2.912079406,0.13890815755501082,89.00514873,-1.515859735,1890.52634,7984.93478,4842.380555,-6.802945238,43.295,,43.33333333,11.1,0.005530333038788582,0.26410578442693533,3.167574703,7.744,296.3,0.4,1.080037,24.1,76.46896681,17.7,101.608,61.0,46.60052979,17.14018595,0.394667452,0.0,1823.050738,4.15,6.889620094,0.005999815,7.57535007171372,6.359479319750522e-06,4.131504667549033e-06,43.15254765,2.848854723939126,0.035890510569781334,0.5432164823995757,2.33542928782138,572.49229287708,25.086989542676,47.22,SEN,塞内加尔
3.15103873,0.14694988939504897,86.92263992,1.06978462,2135.03082,9049.759328,4774.984305,-5.316194754,42.412,,42.66666667,10.0,0.006818078513961767,0.2621615311816062,3.070147924,7.742,328.18,0.4,1.07820702,24.1,77.64932024,21.7,102.509,60.5,48.44959227,18.98405443,0.457382101,0.0,1767.930845,4.19,7.277142856,0.003327226,8.533793551040615,6.167200620612251e-06,4.301190838885241e-06,42.94478783,2.848750844024308,0.035890510569781334,0.6262895053226711,2.89037644940316,561.05235732885,25.3869290713292,48.53,SEN,塞内加尔
3.235035724,0.13865318771186566,85.62477999,0.95564952,1765.196051,8255.663965,4624.735417,-4.178756112,47.883,,42.66666667,8.9,0.004108290319182695,0.29019035591489745,2.97843134,7.663,333.11,0.4,1.06801915,24.1,78.82581393,25.6648,101.011,64.5,48.24183244,18.75032462,0.959328491,0.0,1716.050681,3.93,7.686043972,0.0018494,7.992394926810112,2.527516506844481e-05,3.60305787801487e-06,42.737028,2.854827819041188,0.036773489845738326,0.5798751489987609,2.54360056588671,557.70228539469,25.4773408720891,48.92,SEN,塞内加尔
4.35023573,0.14235663274851085,84.02953921,0.598916827,2363.150204,7733.734055,4922.773315,-7.269140827,44.126,,41.81818182,8.0,0.005020682213296546,0.26793347102636883,2.887699087,7.585,339.19,0.4,1.01061249,23.8,79.99847269,29.6431,101.831,61.7,48.42362229,18.93211448,0.458201682,0.0,1667.204954,3.65,8.20530226,0.002012326,8.215720320070508,7.043617829580894e-05,4.278389270382001e-06,42.52926817,2.8532696203189114,0.03729288941983067,0.5972067363222311,2.74784805993677,550.49101927743,25.619813278157,50.26,SEN,塞内加尔
3.27615847,0.15672651183488767,83.24371558,-0.839644465,2714.979101,6320.701745,4594.9217,-9.582924256,46.683,,41.81818182,7.1,0.004771917266884529,0.2836440709596998,2.800456986,7.506,384.95,0.4,1.11893904,23.7,81.16624226,35.3,104.056,66.0,48.60541214,19.11390433,0.871549062,0.0,1621.163294,3.48,7.127263636,0.001947095,8.506081861495433,9.425367988358791e-05,4.808585558005034e-06,42.32150834,2.856126317976419,0.03968212746065548,0.6006280804458929,2.50086326004585,539.10300171138,25.619813278157,50.26,SEN,塞内加尔
1.808922903,0.1785592512248111,82.30432187,2.085801852,3070.495089,5166.207615,4297.910297,-8.109496098,49.26,38.31,41.81818182,6.2,0.004289170216239535,0.2999132509774094,2.717607931,7.428,377.31,0.3,1.05768847,23.5,82.32886005,43.4,109.342,70.4,48.79758999,19.29569418,0.979001265,0.0,1577.699692,3.72,7.368903292,0.002241284,8.72178344603017,0.0001057914909641225,6.204501974792028e-06,42.11374851,2.840076871136966,0.04004570716252012,0.6358989778095927,2.38665733252365,543.66674058721,25.6231148998234,50.26,SEN,塞内加尔
-1.291475933,0.16016786905001215,83.01280081,1.60273383,2899.16526,4877.532074,4504.53691,-10.85323052,48.976,,43.03030303,5.3,-0.0025418218360231393,0.3026169948703391,2.633035725,7.545,413.42,0.3,1.72161877,,83.48557357,53.3088,113.638,64.3,48.97937984,19.47748403,0.959310711,0.0,1536.700427,3.55,7.467799411,0.00147354,7.833932340582354,0.00010304231542872839,5.7359824466963e-06,41.90598868,2.8412195501999684,0.03963018750324625,0.5678838811382472,2.47314996837405,535.19300824575,26.0414273478299,55.98,SEN,塞内加尔
3.873432598,0.1890207770035657,81.74377646,1.447306276,2501.245555,4843.478563,4912.702864,-12.09004823,49.906,,43.03030303,5.2,-0.009304255066966971,0.31131458131579554,2.538489194,7.557,421.32,0.3,1.20091772,,84.6360748,57.2554,115.325,68.0,49.40009349,19.89300369,2.292646809,0.0,1498.182409,3.58,7.956492286,0.001130529,8.827020669088403,0.0001390754600218444,5.092903464322674e-06,41.69822885,2.8371162935646392,0.03963018750324625,0.6379014694207905,2.55737554756517,525.7525287456,26.0414273478299,55.98,SEN,塞内加尔
1.31913435,0.20551890443411483,87.37126101,9.347021826,2212.325827,4651.721825,5239.873101,-19.94855204,50.472,36.16,44.24242424,5.1,0.013758449482562662,0.3160379269216207,2.467642818,7.62,450.9,0.3,1.08714914,,85.77962884,59.2246,118.15,67.9,49.40009349,19.89300369,,,1461.66503,,8.262851607,,9.046917571442703,0.00014871591877289484,5.358473916490091e-06,41.49046902,2.8261050225938815,0.03973406741806472,0.6396834550792663,2.39614571394975,,26.0414273478299,55.98,SEN,塞内加尔
1.79788239,0.17321288165445528,83.25448216,3.052506094,2295.170695,4755.187971,5221.963638,-19.78034027,50.437,,46.06060606,5.1,0.013202926771700207,0.31839578244269845,2.387383488,7.619,,0.3,1.1920532,,86.91556682,60.6122,123.912,74.2,49.40009349,19.89300369,,,,,,,9.368673158467162,0.0001277826398488337,5.232061572799623e-06,41.28270919,0.0,,0.6549539426559084,,,26.0414273478299,55.98,SEN,塞内加尔
-2.356613335,0.32625237006883856,79.35975913,6.156761585,,,,-23.11846841,,,23.52941176,,0.006535071604319986,,0.087474518,,3.9,,3.75857329,12.1,93.73977948,11.0151,43.3574,94.4,8.695652174,2.173913043,0.0,0.103774018,,3.37,81.53999392,0.0,163.16097609743977,0.0,0.0,73.26086957,16.369565217391305,1.4565217391304348,7.38898056698111,2.16265407191366,340.55409853672,11.8921754869305,11.49,SYC,塞舌尔
-1.834806954,0.3072217991653033,72.11868559,3.613161354,,,,-13.64565034,,,29.41176471,,-0.02956649132844813,,3.057385326,,5.92,,3.63683939,19.0,93.9131512,14.3042,52.0994,96.1,8.695652174,2.173913043,0.0,0.116161148,,3.42,82.84402776,0.0,140.00791929720353,0.0,0.0,73.26086957,16.369565217391305,1.4565217391304348,10.749734242681223,2.66393946740339,343.4853023127,11.8921754869305,11.49,SYC,塞舌尔
-4.81617833,0.3649211038089704,76.42561611,5.946834789,,,,-1.246821816,,,29.41176471,,-0.0008234406745123435,,-1.131516421,,9.6,,4.14589357,17.5,94.08652292,14.5925,56.563,94.9,8.695652174,2.173913043,0.0,0.126066437,,3.53,78.26571357,0.0,137.77472674472062,0.0,0.0,73.26086957,16.39130434782609,1.4565217391304348,10.872060013771277,2.8717464047566,343.71543211984,11.8921754869305,11.49,SYC,塞舌尔
-2.490008253,0.32586340261564856,74.34386931,24.67411995,,,,-6.75447656,,,29.41176471,,0.022972323371515113,,-0.370334935,,5.04,,3.81282496,9.2,94.25989464,24.2721,61.6736,95.2,8.695652174,2.173913043,0.0,0.064843731,,4.05,76.03478542,0.0,189.8491349597153,0.0,0.0,73.26086957,16.39130434782609,1.4565217391304348,10.912397696271597,2.70922197881766,333.29695539332,12.0260240071138,12.1,SYC,塞舌尔
8.501897213,0.34768403204649617,73.22030119,0.458645111,,,,-17.80034255,,,29.41176471,2.8,-0.007284079047338743,,0.463308214,,4.91,,3.62017798,10.2,94.43326636,25.4133,65.8773,95.5,8.695652174,2.173913043,0.0,0.089989314,,3.71,82.88229703,0.0,170.78178004615432,0.0,0.0,73.26086957,16.39130434782609,1.4565217391304348,10.861956600448961,2.77789115127766,329.43523901499,12.0260240071138,12.1,SYC,塞舌尔
7.153345154,0.3513829238568101,81.08263441,1.442344448,,,,-12.36935817,,,29.41176471,3.1,0.0011834719178529518,,2.080596735,,8.76,,3.44340944,12.3,94.60663808,34.952,77.833,99.0,8.695652174,2.173913043,0.0,0.101771337,,3.41,90.67831244,0.0,179.220424371217,0.0,0.0,73.26086957,16.39130434782609,1.4565217391304348,14.184397163120567,3.06941663385766,323.43939349081,12.0260240071138,12.1,SYC,塞舌尔
8.321654207,0.3341660212203555,72.01658071,11.07939569,,,,-18.00861541,,39.9,23.52941176,3.5,0.012833935651452189,,0.510514983,,12.34,,3.04300809,17.8,94.7800098,38.38,84.4864,96.1,6.52173913,2.173913043,0.0,0.116763298,,3.25,98.72697972,0.0,145.57762025407797,0.0,0.0,73.26086957,16.39130434782609,1.4565217391304348,11.506495619347781,3.27611891904407,315.26838097435,12.0260240071138,12.1,SYC,塞舌尔
-4.87712623,0.43895584298411605,84.92911481,31.92631602,,,,-26.84236616,,,23.52941176,3.9,0.00026676441028028464,,2.236282715,,10.65,,2.40282655,6.6,94.95338152,40.44,101.004,96.5,6.52173913,2.173913043,0.0,0.194250422,,3.42,96.03573531,0.0,156.84271505840286,0.0,0.0,73.26086957,16.39130434782609,1.4565217391304348,11.500069000414003,2.88855002031598,310.26872286749,12.0260240071138,12.1,SYC,塞舌尔
-2.861424258,0.46421347724583556,83.15190593,28.18196358,,,,-22.26600456,,,23.52941176,4.3,-0.0011001099443901374,,0.392530948,,6.56,,2.3870523,9.9,95.12675324,,118.2,96.8,6.304347826,2.173913043,0.0,0.172208064,,3.69,93.65464838,0.0,168.98801051309434,0.0,0.0,73.26086957,16.39130434782609,1.4565217391304348,13.74601938188733,3.18952366301561,303.61587081787,12.0260240071138,12.1,SYC,塞舌尔
1.627370136,0.40749109531382843,78.42807415,-2.119710446,,,,-21.84052529,,,23.52941176,4.9,0.0015685489754215798,,2.792329069,,12.83,,3.1060183,14.2,95.30012496,41.0,123.814,97.0,5.217391304,1.956521739,0.0,0.15564831,,3.44,97.87391396,0.0,150.6615178043823,0.0,0.0,73.26086957,16.34782608695652,1.4565217391304348,12.253536816308344,2.89852642081706,289.9754235945,22.0059075451398,12.1,SYC,塞舌尔
12.42658766,0.45612566555593015,79.36889913,1.064381381,,,,-28.45213639,,,43.75,5.2,-0.006464296537548431,,-2.628656355,,9.7,,3.01365519,12.0,95.47349667,43.164,130.477,98.1,3.260869565,0.293478261,0.0,0.160949982,,2.95,107.1815111,0.0,126.62661902793312,0.0,0.0,73.26086957,16.34782608695652,1.4565217391304348,10.387139694193799,2.89396034674874,280.92670230099,22.0059075451398,12.1,SYC,塞舌尔
2.104128265,0.4562111472010438,78.397284,10.43728388,,,,-14.80742704,,,43.75,5.5,0.021330113801996342,,0.98098019,,10.0,,4.02018118,10.8,95.64686839,47.076,137.107,98.3,3.260869565,0.304347826,0.0,0.175226751,,2.97,110.5155833,0.0,142.01550144872098,0.0,0.0,73.26086957,16.34782608695652,1.4565217391304348,11.51981402670351,2.94437019481729,281.66166032213,22.0059075451398,12.1,SYC,塞舌尔
-0.599133305,0.4335562299668565,68.5898013,5.640231518,,,,-11.89724281,,46.82,43.75,5.2,-0.015564968954621672,,1.846876093,,16.91,,3.20524502,8.6,95.82024011,50.4,133.986,98.0,3.369565217,0.326086957,0.0,0.145952822,,2.76,111.9011559,0.0,124.6544097032304,3.3352232931994794e-05,0.0,73.26086957,16.34782608695652,1.4565217391304348,10.447794817063002,3.05296542094736,277.25961479044,22.0059075451398,12.1,SYC,塞舌尔
2.457612439,0.3891673481359284,85.93754701,6.435871632,,,,-22.37018569,,,43.75,4.9,0.0015010506320087824,,1.555395709,,9.64,,3.18385339,12.7,95.99361183,51.2547,144.606,100.0,3.369565217,0.326086957,0.0,0.132148373,,2.91,116.448474,0.0,142.22285524743472,0.0001094582909182456,0.0,73.26086957,16.217391304347824,1.4565217391304348,12.00986584791865,2.67689985481179,273.92868406088,22.0059075451398,12.1,SYC,塞舌尔
6.51232551,0.28972286292164445,80.4262411,-1.003186419,,,,-17.88471889,,,43.75,4.3,0.014555022669065165,,2.229795053,,19.11,,3.1209166,13.7,96.16698355,54.2596,138.249,100.0,3.369565217,0.326086957,0.0,0.108130851,,2.9,126.8287013,0.0,143.83390165716824,0.00014986244768194906,0.0,73.26086957,16.217391304347824,1.4565217391304348,12.183121206606794,2.50391784968427,273.25734932568,22.0059075451398,12.1,SYC,塞舌尔
10.62779004,0.2932713327473704,85.03093463,-2.294568469,,,,-2.613847777,,,21.21212121,3.7,0.00019697322806533357,,1.33763478,,12.2,,3.25931096,15.7,96.23174049,56.5147,138.277,100.0,3.369565217,0.326086957,0.0,0.108798583,,2.85,142.1972037,0.0,156.43676960415723,0.0002006823198876179,0.0,73.26086957,16.217391304347824,1.4565217391304348,13.381560463470537,3.11793311560199,273.39360776742,22.0059075451398,12.1,SYC,塞舌尔
5.652986796,0.32649491796842345,85.08791428,2.332490488,,,,-2.203680653,,,21.21212121,3.3,-0.0001312896248357731,,1.224033758,,11.95,,3.2699151,11.4,96.23825494,62.6,148.792,100.0,3.369565217,0.326086957,0.0,0.127793285,,2.78,152.0858279,0.0,159.32416436117597,0.0002712769842346337,0.0,73.26086957,16.217391304347824,1.4565217391304348,13.557327619127113,3.13727771176042,271.14291055961,22.0059075451398,12.1,SYC,塞舌尔
3.94280693,0.31889007387655727,89.63174016,3.447381966,,,,-2.341333697,,,21.21212121,3.0,-0.019630371332435947,,0.954291918,,11.02,,3.1646049,11.4,96.2447469,69.2,155.551,100.0,3.369565217,0.326086957,0.0,0.131307843,,2.74,159.5980659,0.0,125.520911853247,0.0004237200553936463,0.0,73.26086957,16.217391304347824,1.4565217391304348,11.9065779954941,3.08409595327402,268.02728730435,22.0059075451398,12.1,SYC,塞舌尔
4.581551136,0.27719952111460244,86.60971511,0.126950239,,,,-2.84238749,,32.13,21.21212121,2.7,0.016541101641768696,,0.887925293,,11.12,,3.04219794,11.3,96.86047043,76.6,164.617,100.0,3.369565217,0.326086957,0.0,0.10417312,,2.58,168.3987693,0.0,111.28559844247356,0.0005531370038412292,0.0,73.26086957,16.217391304347824,1.4565217391304348,9.578230985915493,3.10401635883843,263.03566505706,22.0059075451398,12.1,SYC,塞舌尔
-12.49013745,0.31246569929484996,99.06863304,5.230428585,,,,-12.53018833,,,24.24242424,,0.04308442317468697,,0.853707878,,30.3,,4.47688675,,97.03384215,84.8223,152.545,100.0,3.369565217,0.326086957,0.0,0.138917894,,2.85,148.6289882,0.0,101.9646457852484,0.0007007779651032886,0.0,73.26086957,16.217391304347824,1.4565217391304348,8.86708679490565,2.60308702601718,225.52062989702,22.0059075451398,12.1,SYC,塞舌尔
-0.254097866,0.31200119418457073,106.7753563,2.750059938,,,,-10.76995764,,,22.85714286,,-0.04970473994427971,,0.805183391,,21.79,,3.72146273,,97.20721386,87.3383,149.479,100.0,3.369565217,0.326086957,0.0,0.127901944,,2.85,149.4498388,0.0,94.50516759807115,0.001349815631989361,0.0,73.26086957,16.217391304347824,1.4565217391304348,8.282233170122307,2.66222515948123,225.05032845719,22.0059075451398,12.1,SYC,塞舌尔
-6.676656925,0.26605935914409,91.5109812,1.569896456,,,,-7.018019179,,,22.85714286,,0.0041537897980434835,,,,20.24,,2.99964738,,97.38058558,87.0353,163.43,100.0,3.369565217,0.326086957,,,,2.69,168.4456141,,98.03637055132978,0.001418108410217054,0.0,73.26086957,16.282608695652176,1.4565217391304348,7.232899280935617,2.99152164002149,,22.0059075451398,12.1,SYC,塞舌尔
2.348899651,0.24732788111591533,93.43618351,4.089349112,,,,-7.071520416,,,22.85714286,,0.01704282228243681,,-0.08762743,,,,3.1497128,,97.5539573,87.4009,184.904,100.0,3.369565217,0.326086957,,,,,,,105.85263982562496,0.0015028428777771284,0.0,73.26086957,0.0,,8.01593360774131,,,22.0059075451398,12.1,SYC,塞舌尔
-11.71609945,0.017246773859219963,109.0379754,168.0530075,853.5446935,4194.229098,3856.157614,-5.82077902,61.894,,8.75,50.0,0.013694963643663183,0.3626803752879995,5.905518844,5.334,4.83,1.7,0.65394258,32.3,41.22370674,0.160264,0.573122,8.5,41.58381823,9.441950679,0.0,7.998927548,34095.3938,12.01,15.56569353,0.0,1.6896628564155411,0.0,0.0,40.31176226,3.457051814907177,0.06760875588805763,0.19178659011114246,4.91144098148461,752.33880254913,9.02340840093209,37.19,SLE,塞拉利昂
19.43067404,0.025337873943085336,109.7779881,-3.934166146,1080.352403,5289.480221,4093.028341,-3.786691329,62.113,,,49.2,0.01597430029924296,0.36255045072499187,5.769701151,5.512,2.46,1.7,0.68559587,31.3,42.35640187,0.176199,1.3477,9.2,44.75034636,12.6084788,0.0,8.368690479,32183.86643,9.82,19.23135985,0.0,1.604011670660492,0.0,0.0,40.03845941,3.4570518149071763,0.06871709614851759,0.20114916518067721,5.09844758189567,775.04407955906,9.02340840093209,42.64,SLE,塞拉利昂
5.122375381,0.04293812430626751,106.9628126,13.1976856,1141.717055,6553.59847,4087.111869,-3.865327719,62.133,,14.51612903,47.0,0.013210897907913521,0.3625429656137963,4.064990063,5.696,2.81,1.7,0.63837194,31.3,43.48952637,0.190173,2.18657,9.9,49.41354946,17.13313937,0.0,12.76880043,30901.82933,9.11,20.57156931,0.0,1.582913495800353,0.0,0.0,39.76515655,3.4613466334164587,0.06899418121363259,0.1931364333147214,4.57640180315344,793.50648899279,9.02340840093209,43.42,SLE,塞拉利昂
2.939370417,0.06212705089445819,102.3788762,12.82645422,1139.279894,6340.167595,4319.13451,-4.426168194,63.849,39.0,14.51612903,44.4,0.014983755129958976,0.37100672048205685,3.380615704,5.886,5.42,1.7,0.60742605,31.2,44.62304496,0.203008,,16.8,52.26835689,19.91867553,0.001658918,11.13103906,29874.6181,8.54,21.41253975,0.0,1.527283557912049,0.0,0.0,39.4918537,3.461485175949016,0.06968689387642008,0.2240596357126413,5.57377008609843,805.18153985257,9.02340840093209,43.42,SLE,塞拉利昂
1.58434555,0.062075799499179754,100.485959,16.61576705,1206.382672,6695.807637,4255.348841,-4.122851336,62.798,,14.51612903,40.2,0.0172896704222385,0.3665164588768005,2.689472804,6.083,4.01,1.7,0.59220541,31.5,45.78672415,0.215392,,11.3,52.8126905,20.39373788,0.004590447,10.05881311,29081.8567,8.01,21.85403499,0.0,1.342372535039329,0.0,0.0,39.21855085,3.461346633416458,0.06968689387642008,0.21811392526544465,5.18651787667744,815.01067033142,9.02340840093209,43.42,SLE,塞拉利昂
2.007131185,0.07077861913847544,75.23767725,26.03667528,1273.435527,7464.332733,4167.857403,-2.911393728,61.845,,14.51612903,36.0,0.02569039042769017,0.3620811291240804,2.206669372,6.286,5.46,1.6,0.54349309,31.2,46.97215118,0.227669,,12.2,55.83097811,23.41202549,0.19065863,8.360973686,28447.14503,8.01,22.79006749,0.0,1.609614074461913,0.0,0.0,38.94524799,3.4671654197838735,0.06940980881130505,0.19557412205887634,4.48759039548453,816.66866855356,9.02340840093209,43.42,SLE,塞拉利昂
1.496131503,0.0674381664289669,79.36787259,8.134189268,1361.539769,7825.019474,4053.77933,-4.407806186,60.9,,13.2231405,31.9,0.009627222637092148,0.357698745876057,2.196114256,6.496,4.72,1.6,0.4417356,30.7,48.15631377,0.239835,13.4972,13.0,50.20393461,17.78498199,0.23324531,10.02615185,27829.22319,7.32,23.64463987,0.0,1.471194501310113,0.0,0.0,38.67194514,3.4897478525907446,0.06774729842061512,0.18612786067021117,5.69921049981143,815.39362145301,9.02340840093209,43.42,SLE,塞拉利昂
1.129053194,0.05194936007741675,82.11092432,10.24488535,1429.71497,8004.365337,4058.097313,-5.422081225,59.962,,13.2231405,28.1,0.013373580681272923,0.3533766308233026,2.497022146,6.706,7.71,1.6,0.45621169,30.5,49.33913468,0.25,17.1136,12.1,51.43017456,19.01122195,0.123830756,9.511546213,27142.92548,6.99,24.51619542,0.0,1.4115375461296231,0.0,0.0,38.39864228,3.49722914934885,0.06774729842061512,0.22053626956453587,5.79899436735352,800.52839071543,9.02340840093209,43.42,SLE,塞拉利昂
-1.167297505,0.05843067207511962,85.90523075,6.341991322,1462.996876,7611.502294,4059.725941,-8.270970975,59.002,,13.2231405,24.8,0.012210758881896933,0.34908117152158497,2.693368573,6.916,8.96,1.6,0.63343221,30.5,50.52019505,0.26,19.1557,14.6,52.659601,20.24064838,0.108794682,9.777217255,26421.62372,6.82,24.89149013,0.0,1.379909071071243,1.6513514825668477e-07,0.0,38.12533943,3.503186478248823,0.06774729842061512,0.23118920755935865,5.58955577052252,793.7178235818,9.02340840093209,43.42,SLE,塞拉利昂
3.500219219,0.07999425792302313,69.01725063,19.123118,1517.971129,8375.518452,4122.933257,-13.73033672,58.075,,13.2231405,22.5,0.01198550046772695,0.3448159436541676,2.721508599,7.125,12.08,1.6,0.81356823,30.0,51.69944183,0.58,32.1403,11.5,54.45247991,21.89498476,0.196504471,8.388325123,25712.25353,6.6,26.47351009,0.0,1.492071272916405,1.6070158454976399e-07,0.0,37.85203658,3.5026323081185926,0.06774729842061512,0.1124911091848348,5.04326841605478,793.70166326099,10.0019916923339,52.78,SLE,塞拉利昂
5.315958374,0.07199227261274377,85.72026694,15.34255775,1579.986349,9577.703076,4285.272166,-39.35933863,57.156,34.03,12.90322581,21.6,0.012844955418183313,0.3406296386348368,2.609782639,7.164,10.62,1.6,0.70601135,30.0,52.87716857,0.9,33.4573,14.2,55.66126351,22.89595456,0.284273018,8.628806156,25049.90018,6.5,28.61803786,0.0,1.84658012241404,3.1312375229969825e-07,0.0,37.57874758,3.503047935716265,0.06760875588805763,0.12561278443574553,5.77076165716543,790.0739740662,10.0019916923339,52.78,SLE,塞拉利昂
7.812995643,0.18268657185404333,83.38287993,14.10956959,1670.629197,12008.98764,4203.292628,-19.7049575,56.266,,12.39669421,21.9,0.010742670266570276,0.3365959505913529,2.532594917,7.203,14.65,1.6,0.6394307,29.3,54.05330478,2.5,33.7349,17.2,53.15392075,20.3886118,0.210593331,7.422200472,24423.45384,5.81,31.64534882,0.0,2.051349583418738,3.0529317303406467e-07,0.0,37.30545858,3.503602105846494,0.06760875588805763,0.13740542139616674,5.04579647357562,781.92036609103,12.8373343417925,59.51,SLE,塞拉利昂
11.8800866,0.25550587630241084,101.8085083,6.256453911,1780.698518,15993.04883,4186.583481,-9.824320657,55.364,,12.39669421,23.2,0.016779849131849822,0.3327631857428548,2.457257305,7.241,14.58,1.6,0.58837235,28.4,55.22712233,4.0,59.5766,13.5,54.70559712,21.94028817,0.047365218,6.203056556,23830.62029,5.07,36.28560879,0.0,2.356022871434612,5.957655072920954e-07,0.0,37.03216958,3.5038791909116096,0.06760875588805763,0.16572965442174925,4.76806826707529,763.60795016341,12.8373343417925,59.51,SLE,塞拉利昂
-9.991268684,0.2019219327417425,95.24584523,16.04491268,1825.383653,11123.34282,3917.344664,-6.150417084,54.284,,12.09677419,23.2,0.004255240421083828,0.32914460141484225,2.389058321,7.28,20.18,1.6,1.02695739,28.7,56.39923585,6.0573,69.1759,18.8,54.71044611,21.94513716,0.054455198,6.968345404,23268.03982,4.98,33.44988298,0.0,2.521114875724538,5.817009955085412e-07,0.0,36.75888058,3.51385425325575,0.06345247991133278,0.17741798285000038,4.67955326664927,751.83828811715,12.8373343417925,59.51,SLE,塞拉利昂
-6.554875876,0.07542330251322855,97.47308232,3.613324774,1861.57417,7943.843894,3863.947454,-14.77645692,53.674,,12.39669421,24.1,0.021609771374882625,0.3268561758142449,2.318194028,7.318,32.75,1.6,0.81068116,30.4,57.56925889,6.34442,80.3819,19.7,54.71044611,21.94513716,0.14602821,8.753443804,22734.84563,6.25,31.99035332,0.0,1.998034132055317,5.683711406711469e-07,5.986712356104412e-07,36.48559158,3.513715710723192,0.06345247991133278,0.13927409058841334,6.16990047431091,747.10611572767,12.8373343417925,59.51,SLE,塞拉利昂
3.960563262,0.10255909242432305,92.1449186,4.346163837,2023.543304,7515.576876,3696.617385,-4.83009013,53.117,,12.39669421,24.5,0.02674288599559982,0.324649620392021,2.354573427,7.357,47.14,1.6,0.66393304,30.5,58.73744661,11.7732,87.1476,20.3,54.71044611,21.94513716,0.588621817,11.74228984,22205.78994,5.99,34.04971201,0.0,1.9978814432212504,6.939309355521359e-07,5.966732031338475e-07,36.21224716,3.5270157938487117,0.06345247991133278,0.14115901455145413,5.68950638382185,733.07973041806,12.8373343417925,59.51,SLE,塞拉利昂
0.774679248,0.0986113276656834,87.12994003,7.498807929,2195.933632,6276.320634,3574.628185,-11.81974478,52.676,,12.39669421,26.0,0.014472135869469938,0.32244986956078076,2.385789529,7.395,41.74,1.6,0.54366273,31.3,59.9058114,13.2369,89.7782,23.4,54.71044611,21.94513716,0.678871068,10.20225946,21682.27632,5.75,35.1419794,0.0,1.931021525780381,5.149540627097506e-06,5.826063068307708e-07,35.93890274,3.5282626766417287,0.06331393737877529,0.13487071603955877,5.36330050620646,721.59601731383,12.8373343417925,59.51,SLE,塞拉利昂
0.506744299,0.08669098295847763,99.28255132,16.0207318,2365.094426,5171.137825,3471.652161,-9.255045564,52.191,35.69,12.32876712,27.0,0.022471910112359383,0.3202107123866728,2.347310391,7.435,41.07,1.6,0.49137551,32.2,61.07471166,14.4223,84.1233,26.1,54.71044611,21.94513716,0.225076003,7.353042667,21179.25286,5.52,36.15893783,0.0,2.071960855575519,5.82429453563363e-06,5.690899840784967e-07,35.66555833,3.5247991133277914,0.06317539484621779,0.13039143150967172,5.57134738514155,709.60215150001,12.8373343417925,59.51,SLE,塞拉利昂
3.081711377,0.09733922695792495,102.1477324,9.915583414,2482.150897,5431.877844,3444.492399,-7.788007897,52.086,,12.32876712,27.8,0.00904180565197521,0.3217762410742589,2.321464579,7.474,52.07,1.5,0.77659142,33.0,62.24359495,15.7137,87.0384,22.7,54.71044611,21.94513716,0.014211282,6.74059182,20693.24706,5.26,38.14865909,0.0,2.206363819100112,5.690642940479367e-06,5.560309288241541e-07,35.39221391,3.519811582155722,0.06372956497644776,0.15119003630500863,5.20670911422841,699.68954039349,12.8373343417925,59.51,SLE,塞拉利昂
-3.506777889,0.06324469787929553,95.49095174,13.27208292,2419.340218,5049.273851,3423.92315,-5.837281546,51.428,,12.32876712,27.5,0.001694829929689723,0.3208005552692315,2.308472027,7.514,63.9,1.5,0.82859242,,63.41221188,17.1208,87.0035,26.3,54.71044611,21.94513716,0.003149285,7.483412923,20221.02081,5.43,37.67052324,0.0,2.262951521443622,5.56078072350307e-06,5.433421325177017e-07,35.11886949,3.5202272097533944,0.0628983097811028,0.15557547887800632,5.23072030393125,689.298548769,12.8373343417925,59.51,SLE,塞拉利昂
3.515279571,0.09725222034824574,96.94868617,7.463316773,2378.388561,5284.207069,3591.522502,-7.294823107,51.708,,12.32876712,26.3,0.009481689952088868,0.32486044403418474,2.274630215,7.553,78.52,1.5,1.14799988,,64.58031756,18.6539,101.637,27.5,54.71044611,21.94513716,0.166827956,7.980674579,19766.25905,5.49,39.89189851,0.0,2.728053234070175,1.8530867854898857e-05,5.311226095353422e-07,34.84552508,3.526045996120809,0.06372956497644776,0.18963254771513163,4.93765268060221,681.09003893576,12.8373343417925,59.51,SLE,塞拉利昂
2.99519003,0.14871245184685544,96.6163889,26.95745309,2398.161399,5505.799636,3617.660838,-6.348633622,51.981,,12.32876712,25.2,0.016843677397942347,0.3274840164812349,2.225984624,7.553,86.77,1.5,0.8699919,,65.74765331,19.2287,107.882,29.4,54.71044611,21.94513716,,,19331.12612,5.29,42.01157632,,2.616938532529622,2.416390765182757e-05,5.194305167910766e-07,34.57218066,3.5615128844555275,0.06372956497644776,0.18183340508000248,5.1586604816144,,12.8373343417925,59.51,SLE,塞拉利昂
3.414716416,0.20698729354117673,93.65437827,29.26022645,2441.079523,5892.888204,3623.044976,-9.450939458,51.974,,28.18791946,24.1,0.008339453284373688,0.3296729559629488,2.195242588,7.553,,1.4,0.78892416,,66.91397587,20.635,,35.5,54.71044611,21.94513716,,,,,,,2.7223408334043873,2.363923129002122e-05,5.081520051493337e-07,34.29883624,0.0,,0.18982302725887037,,,12.8373343417925,59.51,SLE,塞拉利昂
2.920916235,0.037286146223841216,,8.243386689,,,,,27.747,,,70.0,0.0016158590655606098,0.17923403322696446,3.989838847,,0.0,0.3,,27.0,27.71096626,0.0790392,0.924064,4.7,70.25058182,1.665763382,,,652.2807595,11.72,0.670035244,,1.118556624405758,0.0,0.0,11.85680811,0.0992922498166863,9.234035770076833,0.07609942193791963,3.96042411688503,1434.48398588328,0.0,,SOM,索马里
3.668034471,0.05746381705817377,,7.720466711,,,,,27.773,39.7,,69.9,-0.00017706427433161753,0.1790164106770814,3.750808504,,1.71,0.2,,26.1,28.86288665,0.115614,1.04711,7.4,70.28086843,1.696049989,,,628.2681067,12.0,0.720569842,,1.164695888826074,0.0,0.0,11.73446616,0.0992922498166863,9.246772085312589,0.0732979457831849,4.02944781268933,1412.65403585232,0.0,,SOM,索马里
3.729896838,0.05393544843090909,,6.279473378,,,,,27.803,,,69.8,-0.001948051948052032,0.17876162422292835,3.69115278,,1.83,0.2,,27.2,30.22457721,0.376198,2.01834,9.8,70.31115504,1.726336596,,,605.5005486,12.83,0.77491632,,1.122488937669471,0.0,0.0,11.61212421,0.0992922498166863,9.256878247840087,0.07064173067396148,4.23091695701026,1393.20095559895,0.0,,SOM,索马里
3.236370713,0.04663704404094609,,6.795617612,,,,,27.84,,,69.7,-0.000709765186017508,0.17838774017853132,3.683805789,,1.14,0.2,,27.7,31.5789443,1.05345,4.86334,12.4,70.38766857,1.801256097,,,583.6009306,11.61,0.830015306,,1.082655489830756,0.0,0.0,11.48978226,0.0991647272611343,9.19096502693914,0.06808677523329934,4.20744400306395,1378.93420579898,0.0,,SOM,索马里
3.455217909,0.04590832494334495,,16.06380206,,,,,27.898,,8.0,69.7,0.004123507941205418,0.17776545184864512,3.472043638,,0.0,0.2,,27.3,33.431433,1.07733,4.69738,15.0,70.33825358,1.753435139,,,563.6857835,10.69,0.889032003,,1.055828447990132,0.0,0.0,11.3674403,0.0991647272611343,9.201820384480506,0.06576334140907167,4.00819133917549,1362.2922372195,0.0,,SOM,索马里
3.2722885,0.06604673868841508,,-6.867765999,,,,,27.971,,7.80669145,69.7,0.000412622313042732,0.17693286375420458,3.064792483,,1.53,0.2,,27.4,35.33957981,1.10022,5.01116,15.2,70.25855198,1.673733542,,,546.6720338,10.01,0.946697915,,1.031775343824718,0.0,0.0,11.24509835,0.0991647272611343,9.189817323939172,0.0728896045028282,4.2597282032616,1353.44197275572,0.0,,SOM,索马里
3.423766147,0.03351309037486553,,3.51717022,,,,,28.041,,8.203125,69.7,-0.0005892173229893327,0.17631181650969718,3.11334404,,0.0,0.2,,27.2,35.52330984,1.12224,5.29914,20.2,70.17885038,1.594031944,,,529.9144665,9.16,1.010073205,,1.014514937408259,0.0,0.0,11.1227564,0.0991328466222463,9.16981222303695,0.07126974103609937,4.11842923625699,1342.40579937933,0.0,,SOM,索马里
3.579426215,0.03568034292796283,,2.059889885,,,,,28.041,,8.203125,69.8,0.011221381546624887,0.17622517337609847,2.962950131,,1.58,0.2,,27.6,37.97606883,1.14269,5.37594,22.9,70.33825358,1.753435139,,,514.4436926,8.64,1.07769106,,0.974469207104812,0.0,0.0,11.00041445,0.0991328466222463,9.163308572703798,0.07716655388917716,4.35647683926072,1336.70165247595,0.0,,SOM,索马里
4.035137344,0.09190819396182619,,2.376131724,,,,,28.018,,6.864564007,71.8,0.012534981343283569,0.17641899003285708,2.523952159,,2.75,0.2,,27.5,40.46677974,1.16061,5.35899,25.5,70.33825358,1.753435139,,,501.6218689,8.2,1.149835492,,0.947657002641876,0.0,0.0,10.8780725,0.0991487869416903,9.128909363343642,0.06688291585435276,4.40782816759594,1334.07276681979,0.0,,SOM,索马里
4.079104897,0.1320779354587916,,-15.34690231,,,,,27.984,,6.776556777,72.5,-0.06143836010825132,0.17669549124937733,2.481698873,,2.74,0.1,,27.7,42.9914341,,5.28636,52.3,70.33825358,1.753435139,,,489.3263249,7.51,1.226809527,,0.9475323150999532,0.0,0.0,10.75573054,0.0991487869416903,9.155641279051233,0.06524350998339878,4.15879141138598,1326.82066266765,0.0,,SOM,索马里
5.942029317,0.16070199050650616,,-2.887798056,,,,,27.894,,6.776556777,71.5,-0.3363394683026584,0.17750450852428934,0.707617148,,2.89,0.1,,27.7,45.54108744,1.25,14.5763,52.0,70.17885038,1.594031944,,,485.8759899,6.88,1.308936474,,0.940851387540358,0.0,0.0,10.63338859,0.0991487869416903,9.062852679567698,0.0686013534075698,4.52952623683833,1321.20019107795,0.0,,SOM,索马里
5.732565338,0.10630814769288317,133.7328129,5.770544937,,,,,27.807,,13.81818182,67.4,0.5141281237481894,0.17831357594317063,0.90552852,,1.43,0.1,,27.1,47.60566612,1.3767,18.4574,51.8,70.17885038,1.594031944,,,481.4961047,6.91,1.396561288,,0.933465456388691,0.0,0.0,10.51104664,0.0991487869416903,8.973284024611853,0.06681016558651041,4.6068151191641,1300.84324188256,0.0,,SOM,索马里
7.437854959,0.12502761273342833,131.7357013,-10.46682043,,,,,27.82,,13.81818182,63.3,0.09927143961903218,0.17856895874104498,3.225086794,,6.31,0.1,0.13704211,27.0,49.71345558,1.5,40.2732,51.5,70.33825358,1.753435139,0.0,17.93817861,466.2151735,6.86,1.54961461,0.0,0.903840946489555,0.0,0.0,10.38870469,0.0991487869416903,8.852312940351323,0.06582987023522265,4.34018159671454,1283.7589253612,0.0,,SOM,索马里
5.139145934,0.11713568060854525,129.9648477,8.917911957,,,,,27.823,,13.81818182,61.4,0.007886552132701397,0.1787385290788082,3.586140896,,5.45,0.1,0.10548612,27.2,51.86357445,1.63,41.231,51.4,70.33825358,1.753435139,0.0,18.40444974,449.7922747,6.72,1.688739101,0.0,0.872027612801975,7.496537911379077e-08,0.0,10.26636274,0.0991487869416903,8.75716517359008,0.06350303666009446,4.01380925512611,1271.64956593278,0.0,,SOM,索马里
6.722192586,0.11020539147856478,129.5881134,6.969427883,,,,,27.84,,13.81818182,60.7,0.011278057382168027,0.1789087868200994,3.444414629,,5.45,0.1,0.09905031,27.2,54.05459369,1.76,42.2685,51.2,70.33825358,1.753435139,0.0,18.98020037,434.5633431,6.43,1.865418163,0.0,0.8738160418000961,1.4485444771598214e-07,0.0,10.14402079,0.0991487869416903,8.757005770395638,0.06367164162024624,3.81890695759661,1263.0647589986,0.0,,SOM,索马里
2.993470207,0.09298819042270416,129.2440098,4.080885254,,,,,27.782,40.5,,60.2,0.0041230746875908775,0.17907279663580217,3.848910334,,3.51,0.1,0.10706647,27.4,56.28497802,1.88,46.3667,51.1,70.33825358,1.753435139,0.0,19.65312708,418.155183,6.85,1.996647954,0.0,0.8576324959262991,3.2755489332164357e-06,0.0,10.02167883,0.0979532629833901,8.763158733701022,0.062378926651399345,3.83084208021069,1254.26245856423,0.0,,SOM,索马里
10.36770438,0.0608803904604779,128.75754,0.580657473,,,,,27.809,,24.36363636,59.0,-0.05594848325886803,0.17932905618286812,3.881449744,,10.82,0.1,0.13631769,27.4,58.55241587,2.00405,47.7253,52.1,70.3393694,1.753435139,0.0,18.80644385,402.2356526,6.41,2.290869915,0.0,0.823116862356125,4.625710004586157e-06,0.0,9.899336883,0.0978895017056141,8.76199509038161,0.058939704205286596,4.15124621306179,1248.31471891974,0.0,,SOM,索马里
-1.484702379,0.06782674965070494,129.2899784,4.973250121,,,,,27.693,,24.36363636,56.2,0.04937727534010361,0.17963768550654663,3.529333035,,10.24,0.1,0.13900605,27.4,60.85528721,,49.5263,50.7,70.33921,1.753435139,0.0,11.80449513,388.2870117,6.37,2.337931601,0.0,1.114961979337297,4.594729638018787e-06,0.0,9.776994931,0.0978576210667261,8.448193961806995,0.05710347344087719,4.36886896938852,1240.87345278782,0.0,,SOM,索马里
-0.90925801,0.06585027726432532,128.0845656,11.90838723,,,,,27.623,,24.36363636,53.9,0.04531926159913824,0.1798891657903941,3.675257745,,18.86,0.1,0.15007043,27.4,63.19097376,,51.3194,49.2,70.34128224,1.753435139,0.0,10.78979428,374.2755196,6.3,2.403401474,0.0,1.11304299341149,4.4289269814036845e-06,0.0,9.654652979,0.0974750534000701,8.180061848439443,0.07915927238593345,4.06097451525233,1233.09900504642,0.0,,SOM,索马里
-6.386361942,0.05945757997218359,132.3829393,5.359185271,,,,,27.163,,24.36363636,52.1,-0.002690003318835288,0.17853725898645928,3.795920669,,33.07,0.1,0.2304647,,65.55782671,15.0237,53.1133,49.9,70.34160105,1.753435139,0.0,11.51893416,360.3345851,6.6,2.336958071,0.0,1.163961054874784,6.551483314316676e-06,0.0,9.532311028,0.0974591130806261,8.143399113718239,0.08275684303903547,4.07047245370976,1220.22463832161,0.0,,SOM,索马里
-0.267727634,0.05304228619635137,128.8094485,7.392948228,,,,,27.1,,24.36363636,52.1,-0.024380418600577936,0.17895205093312766,3.657200378,,54.49,0.1,0.34554738,,67.9535995,,51.2059,49.3,70.34144164,1.753435139,0.0,11.29791929,347.3944921,6.57,2.417517655,0.0,1.149002197732095,1.1000825583010463e-05,0.0,9.409969076,0.0973475308445181,7.988809895750311,0.08163770564234081,3.99285776124538,1196.08870155574,0.0,,SOM,索马里
-0.342614534,0.07184161521121239,131.745565,7.93733183,,,,,27.438,,19.7080292,52.8,-0.031811572087679374,0.18039229190012726,3.025127548,6.238,106.49,0.1,0.31191349,,70.37633179,27.6,49.6801,48.9,70.34303567,1.753435139,,,337.042732,6.51,2.48323091,,1.227365990479209,2.3592991241326698e-05,0.0,9.287627124,0.09699684381675,7.917062517932859,0.0866761559175407,4.49584655796127,,0.0,,SOM,索马里
1.016168065,0.09052746851615258,135.636065,4.604474207,,,,,27.48,,19.7080292,53.2,0.09057870241605026,0.1808071578384317,3.079392196,6.238,,0.1,0.5303756,,72.82406418,,53.958,50.3,70.34335448,1.753435139,,,,,,,1.231122923294149,2.505635637546732e-05,0.0,9.165285172,0.0,,0.08704417076124751,,,0.0,,SOM,索马里
1.821084061,0.21672592592592593,81.93517959,7.800474963,4548.70256,18168.47775,14915.76607,0.253001085,44.094,57.77,29.8245614,3.6,-0.020679139254386025,0.3760329473498322,0.859492168,9.777,4156.78,14.5,2.40290713,38.3,86.46224247,6.34662,22.6776,70.2,80.79614868,11.28110857,0.534392992,0.0,941.8333796,8.65,17.58692717,2.170627074,95.87555117712488,0.0,5.549511105147078e-06,14.62520505,0.2545483022694111,0.5622418781788655,8.214996147081578,21.1773710830165,417.97131375923,6.7495990592877,25.98,ZAF,南非
2.72292924,0.2304108527131783,79.46203415,12.53795791,4215.131158,17926.11499,15605.47594,0.781937465,43.935,,29.8245614,3.5,-0.027658718356921685,0.37929970617093106,0.94703694,9.608,4460.97,15.1,2.30570102,39.9,86.97573834,6.71032,28.5343,76.7,80.8085138,11.29347369,0.680078304,0.0,932.9559721,7.94,17.9427084,1.833276546,98.63168300396686,0.0,4.637705684612776e-06,14.59519904,0.2562052279715437,0.5739145487968741,8.441424546342349,20.7970832759462,430.20893746291,6.77312855951937,26.14,ZAF,南非
1.928224901,0.18518781725888325,78.76935097,6.395763587,4622.454101,18233.19758,15676.28095,-0.782449992,43.689,,29.8245614,3.4,-0.024019431450161943,0.38233618447438766,0.996556488,9.701,4386.63,15.5,2.79076648,43.4,87.4856409,7.00769,34.7626,78.8,80.72607968,11.21103958,0.125458671,0.0,923.7047124,8.64,18.17782023,1.318690749,102.4781199418552,0.0,4.591717855659097e-06,14.56519302,0.2576643117987948,0.5770965056178851,8.838578061914113,20.670691627776,447.49811009067,6.77659487122876,26.15,ZAF,南非
3.506541288,0.1802578125,80.67444367,6.04217159,5018.178723,17992.23012,16145.35468,-2.507261207,43.591,,32.77870216,3.3,-0.005198635818969399,0.38489338776272686,1.007422797,9.876,4966.26,15.8,2.73156238,41.3,87.9864909,8.42512,42.536,80.6,80.46229051,10.96373723,0.213545845,0.0,914.445817,9.01,18.70794958,2.462572561,103.23168074859194,0.0,4.598344873477338e-06,14.535187,0.2594696189070885,0.5764617629359734,8.831496467228416,20.8056209355948,449.41537822797,6.77659487123566,26.15,ZAF,南非
4.21638585,0.17863667820069204,79.74202822,5.597009781,6558.409856,18789.27446,16226.01688,-2.774775899,43.516,64.76,32.75,3.3,-0.0009080295758204793,0.38690711723712123,1.012609462,9.879,5276.54,16.1,2.74503064,38.1,88.47753184,7.48854,68.6198,80.8,80.35924787,10.86069459,0.504054653,0.0,905.2327769,8.22,19.39134562,2.161476276,104.1521170132796,0.0,4.6215129925179075e-06,14.50518098,0.2592635336207536,0.5784319382733351,9.0027117521623,22.1124510651683,453.54044981378,6.78977196837978,26.24,ZAF,南非
4.530319446,0.19136513157894736,79.42584381,6.064637015,6336.025198,19323.62926,16916.71394,-4.000124276,43.505,,32.75,3.4,0.005675705753607652,0.388525688595229,1.021724907,9.973,5842.67,16.3,3.23011708,41.1,88.95936512,7.60714,79.3267,80.7,79.86876489,10.38669843,0.744488916,0.0,896.0308772,7.93,20.16688994,2.284250693,104.30949798309425,0.0,4.643324237344419e-06,14.47517497,0.2593047506780205,0.5811110469956887,9.113298338460744,21.6942135504924,461.65754989137,6.79199010717063,26.28,ZAF,南非
4.254696047,0.20956156156156155,79.35449621,8.245764766,6588.596553,20029.8525,17620.93,-4.861891607,43.439,,33.0,3.5,0.013426779786056775,0.3899136180028318,1.055065112,10.26,5997.09,16.6,3.30013156,32.4,89.43203448,8.06538,83.715,82.0,79.87041357,10.38669843,1.03268355,0.0,886.6268645,8.18,20.92995538,2.726345788,109.36464312664148,0.0,4.662659700289247e-06,14.44516895,0.2590739351573254,0.589593517381233,9.086872188957441,21.6359740715009,457.98304717455,6.81689539837337,26.35,ZAF,南非
2.007986584,0.25563924050632914,80.1097298,7.850331729,7989.522583,19984.81782,18042.2612,-5.186181085,43.286,69.72,33.0,3.5,0.01881779136638273,0.39098718156822476,1.153095517,10.4,6403.51,16.8,3.38493657,29.5,89.89582471,8.43,88.0375,81.9,80.05011994,10.55156666,1.589733345,0.0,876.4619282,8.59,21.27939316,5.425984995,109.4064228579888,0.0,4.6764912161279015e-06,14.41516293,0.2590079878656983,0.5908712461565093,9.132703865152106,22.5806255813536,455.31314047524,6.82669988376239,26.48,ZAF,南非
-2.706640751,0.1869,79.79867668,8.663041832,8918.38361,19849.4946,18395.77877,-2.384581874,41.264,63.01,44.5,4.0,0.025561787717480522,0.3794414090672928,1.193904507,10.53,7199.52,17.1,3.80475187,28.6,90.34985418,10.0,89.7687,82.6,79.951199,10.4361589,0.79662279,0.0,866.0600277,8.84,20.64766063,1.896054151,106.17776115850845,0.0,4.687479419462178e-06,14.38515691,0.2590574483344187,0.5932041315978205,8.953268299133114,22.0081419455681,451.93186655398,6.83542931411595,26.57,ZAF,南非
1.828046725,0.21905755395683454,80.36355307,6.128432432,9654.277618,21891.37877,19098.1039,-1.299018056,39.365,73.32000000000001,44.5,4.5,0.02565621026596765,0.3689741934570559,1.18290957,10.7,7697.27,17.4,4.00033045,28.6,90.79489933,24.0,96.2325,82.8,79.87123791,10.33146757,1.418521675,0.0,855.8756753,7.98,20.97058915,2.60163846,107.15808775115116,3.820873550654304e-07,4.303821452407648e-06,14.3551509,0.2591398824489527,0.5929156121969515,9.15918970763268,25.7791565575031,442.28800067563,6.85703125316517,26.74,ZAF,南非
1.900920497,0.23799126637554585,81.12791935,5.539056432,10189.52216,22407.88165,19298.81236,-2.019676285,39.317,69.4,42.25,5.0,0.029141052202560802,0.36976254738518327,1.236314587,10.92,8324.47,17.7,4.12050819,27.8,91.23079922,33.97,120.766,83.6,79.44505354,9.919297002,1.514770954,0.0,845.3595,7.87,21.32957152,3.170212712,104.3535105205266,1.113308270059527e-06,4.202265354333095e-06,14.32514488,0.2591893429176731,0.5911597655573783,8.769087755260122,22.2538177444034,425.07814129492,6.86826456174575,26.79,ZAF,南非
0.897179684,0.22950691244239632,83.12207233,4.685206388,9647.70169,22740.27787,19266.9408,-4.683736434,39.524,66.66,42.25,5.2,0.018728754826573546,0.3733140703380707,1.474794344,11.29,9105.16,17.9,4.1403532,26.5,91.65782311,41.0,127.168,85.2,79.41785028,9.892093744,1.193478043,0.0,832.9836692,7.35,21.53658541,2.611169143,104.36072207359211,2.1754261004313907e-06,4.140745344439956e-06,14.29513886,0.2593871847925545,0.5887032289442663,8.775451773843372,22.2491889619835,411.67713220365,6.91417599675622,27.2,ZAF,南非
0.80565881,0.23978304239401496,82.94770789,5.844111401,9400.902447,22405.9,19205.14092,-5.338372748,40.041,,42.25,5.6,0.01054473006462886,0.3785091005395492,1.652651995,11.59,9656.24,18.1,4.14510202,22.8,92.0754416,46.5,140.576,85.2,79.41785028,9.892093744,1.347611795,0.0,819.3304786,7.12,23.61865308,2.356033847,103.27089833129268,4.798935660446479e-05,4.072875603948156e-06,14.26513284,0.2592140731520332,0.5857850612897642,8.764562491094582,22.1702869976693,399.90503532937,6.95722470578098,27.56,ZAF,南非
-0.257188966,0.24420734908136482,83.01037273,5.366546185,11020.87296,21923.45406,19106.15992,-4.812432595,40.044,,41.5,6.4,0.012758863884080318,0.3811706223516651,1.661445407,11.9,10323.83,18.3,4.3735652,24.0,92.48433715,49.0,142.604,85.9,79.41785028,9.892093744,0.918359924,0.0,805.8302104,7.43,20.77257061,1.789718424,100.44038820572553,0.00020933598187659075,4.0057660374382245e-06,14.23512682,0.2583650017723334,0.5778878731174109,8.47889391263268,20.4599778305244,396.53560483065,7.1812443634791,28.57,ZAF,南非
-0.694265294,0.23343515850144092,82.66619532,5.545528123,8364.651397,20763.8428,18950.06976,-4.310286886,40.862,67.46000000000001,42.0,6.6,0.013753481894150488,0.3913710105912472,2.009888402,12.17,11148.43,18.5,4.59632444,24.1,92.27668133,51.9191,155.138,85.3,79.41785028,9.892093744,0.241064157,0.0,789.7956011,6.93,18.58037462,1.021430687,98.05114049272696,0.00023850769390491286,3.9260583118658486e-06,14.20512081,0.2582990544807063,0.5776653010081692,8.35616094142719,22.6394141114387,393.93322153807,7.25190953656214,28.92,ZAF,南非
-0.277781476,0.2352283950617284,82.58863062,6.952171961,8064.071111,21204.34982,19247.48377,-2.633614517,40.195,,42.0,6.4,0.01086600159243134,0.3921508570683693,0.940521898,11.87,12184.62,18.6,4.57297277,25.8,92.06338983,54.0,143.929,83.9,79.41785028,9.892093744,0.494440141,0.0,782.4022232,7.14,18.33055979,1.176874386,96.38588507972446,0.0003799366152906089,4.670170496905049e-06,14.17511479,0.2584556792983208,0.5741948247862896,8.224997943871408,20.7135517231946,386.09014644429,8.0441155798301,31.86,ZAF,南非
0.498695962,0.23345669291338583,82.2450479,5.473321975,10003.02472,20865.36654,19150.28902,-2.374367532,40.393,66.99,41.83673469,6.1,0.010393982918655231,0.39712564701388364,0.653837463,11.89,13020.27,18.6,4.56554031,23.2,91.84465496,56.1674,153.548,84.4,79.41785028,9.892093744,0.361908941,0.0,777.3032719,7.02,18.21750535,1.433552755,98.4872016027466,0.0005987664266476774,5.0425413376679676e-06,14.14510877,0.2583320281265199,0.5705017764551683,8.23051634040692,22.927902529328,369.32471339486,8.09445491353904,32.12,ZAF,南非
-0.13748504,0.2320246913580247,83.32088835,3.993295085,10065.74066,20715.3766,19067.93173,-3.000519394,40.319,,42.7480916,6.4,0.0046467549142490405,0.39795104502497664,1.68236992,11.73,13477.1,18.6,4.61023474,22.7,91.62086783,62.4,157.692,84.7,79.41785028,9.892093744,0.262512729,0.0,764.3355439,6.72,18.25618945,1.678084426,93.14925274981704,0.0008198010540357762,6.322714870781143e-06,14.11510275,0.2584639227097742,0.5608075245859746,7.786063988977462,22.3820954335494,357.69844700026,8.34696836495582,33.41,ZAF,南非
-1.380361054,0.23140359897172236,83.67294422,4.613524691,9164.190005,21164.54195,19015.58974,-2.619990675,39.534,,46.34760705,7.2,0.005249064297234041,0.40107253345205995,1.649574955,11.85,15148.36,18.5,4.80006361,22.2,91.39239956,69.6969,162.739,85.0,79.41785028,9.892093744,0.695990495,0.0,751.8306783,6.72,17.9741782,1.353727335,99.2077262683198,0.0008236741411446303,6.204842608800934e-06,14.08509674,0.2583485149494267,0.5578069228169386,8.091549247636495,22.8673521327317,339.33202317492,8.4414733812787,33.88,ZAF,南非
-7.678733096,0.2539467455621302,83.26229064,5.391394335,11151.48255,21125.73036,19411.716,2.003522752,35.779,,46.75,8.6,-0.013939549878161261,0.3690046961660903,1.622164314,11.65,15744.73,18.4,5.84510279,,91.15983681,72.1128,158.447,90.0,79.41785028,9.892093744,1.025149247,0.0,739.7331357,6.9,16.60794282,1.098080977,93.02704669191075,0.00098980586645033,5.821048271974974e-06,14.05509072,0.2568811877107221,0.5552679520892927,7.660637762722704,22.4686908882191,339.66685868496,8.61228193848167,34.38,ZAF,南非
3.255620428,0.29523809523809524,80.94594102,6.408442941,11468.67356,23558.08367,20525.00658,3.772413693,34.332,,46.58227848,9.4,-0.048196469685341636,0.38178566198246927,1.540557438,11.76,16092.63,18.2,5.49496222,,90.9231026,74.9686,163.128,89.3,79.41785028,9.892093744,2.653842488,0.0,728.4244538,6.57,16.93134974,1.740837434,86.2231924889282,0.0010269336079970469,5.6621557485841696e-06,14.0250847,0.2573510621635658,0.5539325194338426,7.022662160087761,21.938552981613,331.90682600136,8.64933157934041,34.65,ZAF,南非
0.625217271,0.3014705882352941,82.19614462,5.240966696,11362.27024,21263.55473,20119.36737,-0.296182598,35.701,,46.5,10.0,0.05553942912433474,0.39417431447835877,1.41397228,11.49,16651.13,17.9,5.38311863,,90.68253611,75.4556,160.729,86.5,79.41785028,9.892093744,,,718.1972096,,17.09973666,,87.02926218586904,0.0010141183463958123,5.15534325221595e-06,13.99507868,0.2577879629705958,0.5510802990709676,7.106714176411358,22.2507943764983,,8.67590891253656,34.77,ZAF,南非
-0.523851146,0.29133858267716534,83.37403214,4.722302433,10277.32082,20425.76605,18996.20999,-1.103563122,37.359,,45.86466165,10.0,0.010465364989152626,0.40668089657874634,1.328100941,11.49,,17.6,5.48956871,,90.43869658,75.6592,171.509,87.7,79.41785028,9.892093744,,,,,,,86.37540173850303,0.0009752835773445913,5.0873277470038146e-06,13.96507267,0.0,,7.0587646393149805,,,8.69785453646374,34.78,ZAF,南非
0.762971447,0.17800390812225786,87.71522324,-0.130353622,1588.963251,9320.89095,3983.444149,,62.043,,10.0,32.8,-0.03278011904244693,0.3832273587962346,0.669179058,9.099,209.14,24.5,,29.7,68.088731,0.799846,2.62282,34.2,39.28167662,9.305932532,0.547889775,3.377158071,1024.064599,12.51,5.050990641,0.483533622,13.95012763524812,0.0,0.0,47.35662401,0.0737236655034251,0.24430657877730386,1.0494418668346823,18.8517493065249,738.70990684595,17.9774284872382,54.91,ZWE,津巴布韦
-9.766448576,0.3170875852015287,98.1403412,2.712686141,1115.495835,8394.76069,4299.364482,,62.215,,10.0,31.8,0.03173498034811906,0.38382819228844506,0.962219774,8.774,169.7,23.2,,32.4,68.26585208,1.1,2.80269,34.2,39.87880807,9.435181595,1.727189727,4.133318808,1014.258103,13.38,4.383978613,0.339661568,13.31988806623618,0.0,0.0,47.23753393,0.0744216104433242,0.24438412821507047,0.9927239799984331,15.8041510469296,780.12368336187,27.6863841342816,66.11,ZWE,津巴布韦
-17.97676118,0.291423086990664,97.65727249,8.802759157,878.4590061,6941.47813,4200.788794,,62.415,,10.0,31.4,-0.012299185859201645,0.3833236744974769,1.189735602,8.574,182.34,21.9,,33.7,68.23001925,1.8,2.97287,35.1,40.35134471,9.435181595,1.196229575,6.54966921,1002.262612,15.33,3.752244033,0.322179007,11.912004314594896,0.0,0.0,47.11844384,0.0744216104433242,0.24422902933953733,0.8782483288742456,17.2591578078531,811.31644222954,27.6863841342816,66.22,ZWE,津巴布韦
-6.824980635,0.3248687268658001,102.5910304,7.610670096,756.6383843,6913.836081,4307.070853,,62.69,,10.0,30.6,0.014766491085006495,0.38238911276627263,1.086048652,8.634,140.52,20.6,,34.8,68.16056118,2.1,3.4429,35.6,41.24962389,9.822928784,2.288523893,6.37381656,991.4364475,15.96,3.647937664,0.84712767,10.664673101117716,0.0,0.0,46.99935375,0.0747318081943906,0.24443582784024817,0.7536573606150334,14.7280011129735,837.42405413776,27.6863841342816,66.22,ZWE,津巴布韦
-6.598889063,0.32127816610949506,107.419789,5.139539483,708.8495058,6551.692036,4164.013405,,62.585,,16.0,29.5,0.011445822383424176,0.38131821441411307,0.945996419,8.695,141.25,19.5,,35.3,68.08982164,2.4,5.18375,36.1,41.503209,10.08142691,1.947239481,6.33270654,982.1017169,18.15,3.553832925,0.93113405,11.347616744920762,0.0,0.0,46.88026367,0.0755073025720563,0.244823575029081,0.8155418573193653,17.9143927212745,845.74183236841,27.6863841342816,66.22,ZWE,津巴布韦
-4.630375693,0.36719144443934454,109.3358425,-2.018080661,657.4210948,6405.048732,4230.075466,,62.528,,16.66666667,28.7,0.010435902941807962,0.38066916763377673,1.218277402,8.756,171.9,18.6,,36.5,68.0173817,2.4,6.71982,37.2,42.00986222,10.59842316,5.775722945,7.194232687,970.2095803,19.35,3.548676602,1.149968531,11.154108490883756,0.0,7.008621367039543e-06,46.76117358,0.075559002197234,0.24464262634095904,0.7538777554921499,14.9877390552223,849.03441954966,27.6863841342816,66.22,ZWE,津巴布韦
-4.914489161,0.4532791916521082,101.492044,0.895303625,600.3849003,6053.627039,4232.662365,,62.397,,16.0,27.9,0.011050663039782416,0.38011660053398694,1.317705277,8.816,185.9,17.8,,36.6,67.94362114,3.0,9.57239,37.2,41.74412408,10.33992504,8.495300181,12.60177627,957.5089397,19.74,3.540664062,1.550355787,10.714423992127283,0.0,4.2307094618932525e-06,46.64208349,0.075739950885356,0.2437120330877601,0.7320341921287767,17.9229460378776,846.49380055715,27.6863841342816,66.22,ZWE,津巴布韦
-18.6543102,0.49796287913082843,121.4576732,1.348390411,352.1371989,5115.827924,4175.596143,,62.196,,15.23809524,27.1,0.018496721035816455,0.37897172105977023,1.203987326,8.877,126.24,17.1,,37.5,67.86812215,3.5,12.7687,37.7,42.36632209,10.98617035,4.747983529,27.16169226,946.0497753,22.09,2.932963877,5.220088566,8.192974134745644,0.0,5.2416846947974755e-06,46.52299341,0.074654258756624,0.2433501357115161,0.5619833969807739,16.6512788907601,862.40254490148,27.6863841342816,66.22,ZWE,津巴布韦
11.68933182,0.2346250290825427,110.0767779,93.24651327,411.1952803,3940.331829,6313.648869,-7.553391459,62.225,,14.95327103,28.0,0.02670463926035982,0.37736485175522094,1.40712941,8.937,117.6,16.6,,37.9,67.79126676,4.0,30.3665,43.4,41.97573039,10.59842316,0.7083436,5.092160162,932.8308525,20.93,3.342754346,0.388378264,8.117586236160978,0.0,3.729130417997244e-06,46.40390332,0.072457024686571,0.24200594545689547,0.5626736232565536,15.2338872088768,861.54418883612,27.6863841342816,66.22,ZWE,津巴布韦
17.76012422,0.26552675810836046,105.0797867,4.097637886,451.7331727,5686.514272,6613.239956,-13.74020604,62.319,,14.95327103,29.2,0.043718592964824055,0.3755147662404987,1.61334322,8.998,147.16,16.3,2.75333452,37.6,67.71263982,6.4,57.6496,38.9,41.71335375,10.33992504,1.841167223,3.46461219,917.9018411,17.83,4.025324772,0.512734385,9.053549362293571,0.0,4.384026470864328e-06,46.28481324,0.0727672224376373,0.2419800956443066,0.638084727805418,17.2358458211725,848.92631374301,27.6863841342816,66.22,ZWE,津巴布韦
12.18749162,0.24891912963356722,102.4665107,2.552752534,452.9288062,6608.580019,7452.494245,-19.48768847,62.469,42.3,14.95327103,29.9,0.038247472315840136,0.37379363821238676,1.772651405,9.058,141.74,16.0,2.11964583,37.4,67.63262654,8.4,67.6698,36.9,42.23138426,10.85692129,2.593100809,3.490143077,901.7740087,16.48,4.625431184,0.573297419,10.220853793604032,1.4710832115276435e-07,5.970346307264122e-06,46.16572315,0.072637973374693,0.2416440480806514,0.7297511333225061,14.2392343892562,824.96509065133,27.6863841342816,66.22,ZWE,津巴布韦
14.78715769,0.2267059888457383,113.9793267,4.028927747,481.3839474,7419.25783,8561.704212,-13.30089957,62.75,,14.95327103,29.6,0.027359907996512778,0.37223209308340705,1.623064676,9.119,204.73,15.6,1.99879277,37.3,67.55080295,12.0,91.287,44.0,41.85129172,10.47863875,1.678998224,3.344175439,887.2557722,14.61,5.430248887,0.337384336,11.074925475146811,6.513296859353388e-07,7.423677414523653e-06,46.04663306,0.0731549696264702,0.24133385032958513,0.7905422590299082,15.6086225272417,805.07186262937,27.6863841342816,66.22,ZWE,津巴布韦
0.563614571,0.20454694187401018,105.4709894,9.371075093,454.3181864,8109.8877,8952.262039,-13.86731464,62.875,,31.48148148,31.1,0.026288231683096797,0.3711313869863209,1.407921698,9.004,220.97,15.3,2.01809144,37.7,67.46755677,15.5,97.2838,40.6,41.84425281,10.47082409,1.278957408,3.097626587,874.8514322,14.79,5.573367431,0.237782925,11.304973754470604,1.4271638372667873e-06,7.792339090840977e-06,45.92754298,0.0730257205635259,0.2409202533281634,0.8268666169823363,14.6723237216367,787.71060874533,28.198515716157,67.64,ZWE,津巴布韦
0.982274049,0.1982005075491528,103.1721822,-0.251969596,543.6048793,8352.335861,8977.694372,-11.96502756,63.0,,31.48148148,33.4,0.022237078216811534,0.37093762464931024,1.371694053,9.03,269.85,14.9,2.73156238,37.9,67.39435601,16.3647,83.0461,32.3,41.83876541,10.46300969,1.292919091,3.489885259,862.9330757,14.69,5.742222037,0.354320372,10.730054207375815,1.9004235762607252e-06,8.472956293080227e-07,45.80845289,0.0732066692516479,0.24035155745120848,0.7952410356492012,12.972823326382,777.03242161737,28.198515716157,67.64,ZWE,津巴布韦
0.425141539,0.16261750090746374,108.3937266,0.607377583,513.0122623,8313.642709,9027.289553,-7.994039149,62.559,,31.48148148,34.3,0.01519636526348389,0.37150115775296544,1.339959276,9.056,274.6,14.5,1.55136275,38.7,67.33154815,22.7428,88.5992,33.7,41.83250226,10.45519504,0.699233142,3.698875691,851.4472485,14.59,5.881924198,0.183142291,10.87514513274394,1.736230115216925e-06,2.3289071182663703e-06,45.6893628,0.0732066692516479,0.24032570763861963,0.8209208013077008,15.1844979259769,772.10929219726,28.198515716157,67.64,ZWE,津巴布韦
-0.633234613,0.16221408854894998,101.4701412,2.161791374,487.48078,8331.920442,9203.12138,-3.392392664,62.175,,31.48148148,32.8,0.013070233433351897,0.3726663312396312,1.388200293,9.083,323.32,14.1,1.37225389,39.9,67.27867275,23.12,88.21,42.5,41.82753212,10.44738038,0.783755372,3.80952884,839.7091182,14.18,5.915404655,0.089878106,9.77846873935256,1.9862613725449636e-06,1.340389267328521e-05,45.57027272,0.072818922062815,0.23771487656714485,0.7131259075330949,13.3821040669615,768.08645816153,28.198515716157,67.64,ZWE,津巴布韦
3.234096427,0.06820721392290735,91.01011323,197.4546592,564.9400005,11301.14504,8517.668812,-0.531376263,61.799,44.34,32.57575758,30.9,0.008417001338688168,0.3742716446845302,1.442853821,9.109,339.94,13.6,1.550982,40.1,67.2356796,24.4,95.1367,44.0,41.82178622,10.43956598,1.471202777,4.205872722,827.6803307,13.62,6.312359786,0.22835556,8.866755730564309,3.4430421586335096e-06,8.78857219475102e-06,45.45118263,0.0722243763732713,0.23621558743699106,0.6070843365075481,13.2874362201753,759.63756471802,28.198515716157,67.64,ZWE,津巴布韦
3.459545627,0.11882841103130262,88.07412885,3.55405562,665.1632118,11541.42616,8479.777668,-4.040922197,61.421,,31.48148148,31.0,0.01066989695169518,0.376120060777739,1.487416378,9.135,392.5,13.1,1.59526527,40.6,67.2029313,25.0,85.8627,45.4,41.81681608,10.43175132,1.332654116,1.30514854,815.4603839,13.64,5.868647355,0.145214272,9.734488194315214,5.720195189023185e-06,1.0671963264623146e-05,45.33209254,0.0721468269355047,0.23427685149282665,0.6844392257862142,15.3732138673048,755.67846231068,28.198515716157,67.64,ZWE,津巴布韦
-7.785583581,0.12797646596190007,56.86741509,397.1737394,587.76562,10327.08665,8057.677298,2.759362631,60.944,50.26,31.85185185,30.0,0.002528486520211537,0.37804321132199814,1.563533516,9.162,426.38,12.5,0.46115172,41.2,67.17959265,26.5883,86.4094,46.7,41.81960295,10.42393693,1.953262256,2.028043927,802.8095453,14.35,4.893781829,0.107138788,8.72144673329235,7.726878168347458e-06,1.0658423106687626e-05,45.21300246,0.0722502261858601,0.23381155486622723,0.6113893503843271,14.108468344142,749.21820169572,28.198515716157,67.64,ZWE,津巴布韦
-9.333971449,0.13742820581244639,60.2515137,585.9728291,657.024956,8504.314249,6459.368406,2.121235761,59.093,,31.85185185,28.2,0.007697346871929245,0.3738684145850733,1.659352809,9.188,456.49,12.0,0.6526891,,67.16642365,29.2986,84.9604,52.7,41.8169598,10.41612227,1.714117558,2.315888753,789.5980186,15.05,3.89247289,0.078895444,7.288447144229106,9.081021258091126e-06,5.471328734708462e-06,45.09391237,0.0723536254362155,0.23360475636551636,0.4886138240966252,11.6881803178733,739.96453042653,28.198515716157,67.64,ZWE,津巴布韦
6.611911087,0.14619375374161458,61.69982768,108.7728168,823.7629152,7965.85982,5956.792037,0.843388365,59.159,,31.85185185,24.8,-0.022671867381765076,0.3801401006886659,1.726011143,9.215,495.68,11.5,0.87981081,,67.16260534,37.0967,90.2538,49.0,41.80914541,10.40830787,3.074236251,1.86586198,776.0864102,14.77,4.222088146,0.113046926,7.964008050189359,2.0889764711616797e-05,5.987321496820008e-06,44.97482228,0.072457024686571,0.2337598552410495,0.5016553405949532,12.9505345437177,709.6538477418,28.198515716157,67.64,ZWE,津巴布韦
4.343667183,0.16158964677579554,63.57972866,274.4580905,868.2915326,9028.956575,6001.980419,0.748243321,58.636,,30.56603774,21.4,0.03700008314625425,0.3807745146945782,1.706209286,9.215,563.05,10.9,1.01829815,,67.16890839,37.8861,88.9958,50.1,41.79771074,10.40049321,,,762.9570773,,4.481293254,,12.211865483789165,2.8626448249355782e-05,6.046559966261864e-06,44.8557322,0.0742665115677911,0.23404420317952698,0.881987325702269,14.8872758062753,,28.198515716157,67.64,ZWE,津巴布韦
3.598766956,0.20141180795183197,96.03406298,768.4771779,828.8162374,9404.119613,6122.45995,0.373211114,61.449,,30.68181818,19.7,0.006654906991661269,0.3977460252611527,1.677095914,9.215,,10.3,0.94662845,,67.18491903,38.4266,91.6344,62.0,41.79170635,10.39267856,,,,,,,11.2051967890615,2.815035865392818e-05,6.391829967788647e-06,44.73664211,0.0,,0.7880341239259567,,,28.198515716157,67.64,ZWE,津巴布韦
,,,,,,,,65.242,,,,0.02015086886175954,0.4052102984738898,4.475775831,,0.0,2.4,,19.4,,,,,,,,,,,,,,,,,,,,13.0547175461933,711.64604157037,,,SSD,南苏丹
,,,,,,,,65.314,,,,0.01738414006179201,0.4039391184157909,4.470494054,,0.0,2.5,,19.7,,,,,,,,,,,,,,,,,,,,12.436335949393,693.74598485224,,,SSD,南苏丹
,,,,,,,,65.353,,,,0.059318945620925545,0.4027044555315294,4.538890485,,0.0,2.5,,20.0,,,,,,,,,,,,,,,,,,,,13.3984710075691,686.45990482142,,,SSD,南苏丹
,,,,,,,,65.309,,,,0.01391330938001678,0.40359428351090504,4.668505896,,0.0,2.5,,20.5,,,,,,,,,,,,,,,,,,,,12.6431061563885,678.55526192408,,,SSD,南苏丹
,,,,,,,,65.218,,,,0.017209530272185747,0.406266654001117,4.819087549,,0.0,2.4,,20.9,,,,,,,,,,,,,,,,,,,,13.3761474504331,664.5675390511,,,SSD,南苏丹
,,,,,,,,65.119,,,,0.012749003984063645,0.409352768360562,4.965254652,,0.0,2.4,,21.2,,,,,,,,,,,,,,,,,,,,12.0448432696363,656.57456614925,,,SSD,南苏丹
,,,,,,,,65.016,,,,0.014125482590159777,0.412658658199492,5.039307403,,0.0,2.3,,21.6,,,,0.8,,,,,,,,,,,,,,,,13.5827763515594,644.75938400659,,,SSD,南苏丹
,,51.309963,,388.5013338,160911.6812,6297.307085,,64.893,,,,0.015426251691474935,0.41577497942478303,4.985900202,,0.0,2.3,,23.0,,,,1.3,,,,,,,,,,,,,,,,12.5570905008643,634.05093433498,,,SSD,南苏丹
0.201710077,,61.92481932,-11.82932954,514.3656498,177800.9596,6470.425371,,64.707,46.32,,,0.010092395167021984,0.41832169351275633,4.717160572,,0.0,2.2,,24.0,,,,3.0,,,,,,,,,,,,,,,,12.7198088740444,626.07723444336,,,SSD,南苏丹
0.055305221,,57.75724145,12.92640243,480.4286363,164379.4022,5644.908192,,64.561,,,,0.011205319448353457,0.4220584687818626,5.292546182,4.153,0.0,2.2,,25.3,,,15.391,1.5,,,,,,,,,,,,,,,,13.0391980238306,616.17424565664,,,SSD,南苏丹
-9.665518592,,51.57270466,38.83334297,384.4223999,155159.9415,5227.228113,,64.357,,26.5060241,,0.003287814212403317,0.42577464916050173,5.413664039,4.261,1.62,2.1,,27.4,40.29792137,,17.4959,2.8,,,0.0,2.449366994,,,,49.96863629,,,,,,,,14.7406696358724,607.89408142253,,,SSD,南苏丹
-48.42872583,,78.84610338,46.50690476,277.9592579,75175.70643,3571.228513,,64.146,,26.5060241,,0.00983111974199824,0.4273193978565,4.449728898,4.37,2.42,2.1,,31.0,40.31822049,,21.3829,3.3,45.09662858,4.207289573,0.0,2.132702093,2417.20155,4.87,17.47801039,0.168763593,1.891664029563099,1.8593858076800074e-07,0.0,11.32562151,6.001566629215262,0.0413969901729622,0.13273550673841417,13.3296937976253,612.12537301534,15.6418209141983,,SSD,南苏丹
8.975512361,,119.9123885,36.5121585,474.1045159,33510.45483,6157.380098,,64.237,,26.5060241,,0.0007554815336274778,0.42764216356842366,3.741202364,4.478,8.96,2.0,,31.2,40.31700367,2.2,25.5522,3.8,45.04078775,4.14037156,0.011435428,1.466606701,2328.439878,4.06,19.77282616,4.021488005,1.927480424529931,1.7911075985500985e-07,0.0,11.32562151,5.992467520136724,0.04144446378554587,0.14011970616879846,14.2464186415173,613.73012224485,15.6418209141983,,SSD,南苏丹
2.74063966,,79.85677415,-26.70028458,390.0157658,72930.41897,4212.123743,-5.659455657,64.433,,26.5060241,,-0.21720854422235558,0.42398238088884693,0.614232825,4.587,5.62,2.0,,31.9,40.29509964,2.6,25.5993,4.3,44.98494691,4.075036001,0.01360589,2.431000739,2314.18167,4.13,20.43989181,14.4372865,1.981940209969323,1.7801397463105048e-07,0.0,11.32562151,5.973398952415615,0.04146028832307376,0.14405980975824542,12.085873631333,614.52234077683,15.6418209141983,,SSD,南苏丹
-9.769294943,,86.49789402,17.68933214,487.051561,50635.12276,4657.950194,-4.169014055,64.627,,26.5060241,,-0.12861369863013705,0.4202184439950409,-1.141435557,4.696,5.51,2.0,,33.1,40.25381504,3.0,26.0993,4.8,44.92910607,4.016030257,0.011658021,3.019771662,2340.747892,5.03,18.23373976,5.444948308,2.457075204167516,1.8005753018146828e-07,0.0,11.32562151,5.973398952415615,0.04146028832307376,0.17836057798827304,12.7514107115439,619.09664139657,15.6418209141983,,SSD,南苏丹
,,,,,,,-5.767000495,64.468,,28.45953003,,-0.07638906356113384,0.41616413215683473,-2.529656835,4.696,2.11,1.9,,33.8,40.19392504,3.5,24.9305,5.3,44.87326524,3.96018942,,,2400.716078,5.24,,,2.433800871896792,3.6934093510845976e-07,0.0,11.32562151,5.934613010934756,0.041349516560378524,0.17171140216407935,12.6497692164686,623.59507037287,15.6418209141983,,SSD,南苏丹
,,,,,,,8.306846387,64.627,44.06,28.45953003,,-0.037282135076252665,0.40813258091261717,-5.415909905,4.696,5.73,1.9,1.86679733,34.7,40.11642217,4.1,27.1848,4.2,44.8174244,3.904348583,,,2534.322031,5.21,,,2.250843906448724,3.89895697052603e-07,0.0,11.32562151,5.883531403794724,0.041207095722627506,0.15827055525241165,12.9254629428463,627.28189925555,15.6418209141983,,SSD,南苏丹
,,,,,,,-9.038248322,64.697,,28.45953003,,0.46827529631410725,0.40897978924579204,-1.336258964,4.696,9.62,1.8,1.18756998,35.7,40.02261241,4.8,18.9298,6.3,44.70574272,3.792666909,,,2568.41441,5.75,,,2.650611122153547,6.914961873369859e-07,0.0,11.32562151,5.89451363283908,0.04108049942240438,0.1655529791285706,10.9519692608426,632.75758402134,15.6418209141983,,SSD,南苏丹
,,,,,,,-4.15741601,64.58,,28.45953003,,0.1199113765533184,0.41729384622115046,2.924395312,4.696,8.67,1.8,0.99254191,36.7,39.9136238,6.7,21.3171,6.8,44.70574272,3.789502002,,,2494.391457,5.8,,,2.428753763491318,7.675050636146573e-07,0.0,11.32562151,5.881173547703067,0.04095390312218126,0.17537490703594916,12.1895061516066,634.96124643752,15.6418209141983,,SSD,南苏丹
,,,,,,,-35.04917116,62.801,,28.45953003,21.8,-0.008274699375526717,0.42163966108415346,2.60487165,4.696,14.57,1.7,0.70622033,,39.79093329,9.27123,,7.3,44.70542623,3.789502002,,,2430.254727,6.06,,,2.142657891162217,7.47770685276685e-07,0.0,11.32562151,5.879749339325559,0.04103302580982071,0.15488200318793338,11.5400583879352,635.57632782576,15.6418209141983,,SSD,南苏丹
,,,,,,,-0.131613142,63.249,,32.36363636,21.4,-0.010425339994449168,0.4290099744334967,1.551794111,4.696,13.09,1.7,0.92913347,,39.65549186,,30.151,7.7,44.70859114,3.789502002,,,2392.83328,5.88,,,2.280171727262615,2.760961477224829e-06,0.0,11.32562151,5.86691563939044,0.04096972765970914,0.16464533609184062,12.4370754255658,631.63149435736,15.6418209141983,,SSD,南苏丹
,,,,,,,-11.22337184,64.363,,32.36363636,21.0,0.0027345872701458607,0.4349352160844527,1.420020255,4.696,16.38,1.6,0.62561053,,39.5092288,,48.4888,8.4,44.70859114,3.789502002,,,2359.094677,,,,2.109094864081369,2.7220323201414874e-05,0.0,11.32562151,5.8520405741142225,0.04081148228443023,0.15225234110658054,12.1246005953803,,15.6418209141983,,SSD,南苏丹
,,,,,,,7.930711367,64.325,,32.36363636,22.3,0.0072373826547558195,0.44153782677460474,4.108164632,4.696,,1.6,0.50114346,,39.62664224,,46.6152,5.4,44.85818572,3.939096577,,,,,,,2.115861190127106,1.3933187232254215e-05,0.0,11.32562151,0.0,,0.15265548261338524,,,15.6418209141983,,SSD,南苏丹
0.481130893,0.7013245717568772,,8.322120039,5707.017188,15147.3159,7896.01444,0.598910535,39.646,53.11,3.076923077,9.8,-0.02693850127028785,0.3028445460980492,0.922357933,7.896,5.64,25.2,2.38431859,29.9,53.4258407,1.28159,5.23279,26.9,71.1627907,10.34883721,0.0,2.237337696,2511.740484,5.93,2.2924107,6.93e-06,22.416717955817766,0.0,0.0004085447761539164,27.5869186,0.5075581395348838,1.4436046511627907,1.047748642328155,16.1799343026562,1183.65974101422,3.9923935157395,14.47,SWZ,斯威士兰
3.265618999,0.7381926669388156,,9.102414544,5907.757224,15988.69157,8038.745732,2.38216912,39.235,,3.076923077,9.2,-0.020800966683928834,0.30501273784948857,0.79384261,7.828,12.32,25.9,2.4225831,29.6,54.47528258,1.8162,6.41848,25.9,71.1627907,10.34883721,0.0,3.172197847,2491.880152,5.88,2.37434918,7e-06,22.48461140224422,0.0,0.00039443893577387505,27.65755814,0.508139534883721,1.4459302325581398,1.0310419428736475,15.4545533729875,1234.35771091372,3.9923935157395,14.47,SWZ,斯威士兰
3.82725927,0.7619907361157683,,5.868017865,6442.63437,16212.77468,8484.896197,4.158896041,38.872,,10.76923077,8.8,-0.01648303217276348,0.30678635042654917,0.682836012,8.089,6.6,26.3,2.91704059,30.0,55.53104957,2.43707,7.9685,28.7,71.1627907,10.34883721,0.0,2.046668591,2474.922659,5.79,2.469908671,5.63e-06,21.240954171077657,0.0,0.0003928832510299803,27.72819767,0.5098837209302325,1.5069767441860469,0.9393157251335896,14.0947630118047,1269.0502826319,3.9923935157395,14.47,SWZ,斯威士兰
2.993481094,0.7191001525298498,,3.905333659,5711.164876,16318.53861,9189.420662,2.630671401,38.544,,10.76923077,9.7,-0.016266355977773816,0.3082376423251354,0.603686469,8.351,11.85,26.6,3.02394485,30.4,56.59228751,3.22869,13.5115,31.4,71.1627907,10.34883721,0.0,1.35159431,2460.026893,5.57,2.546726488,1.46e-05,20.188815541825576,0.0,0.00035734776622663557,27.79883721,0.5151162790697674,1.5151162790697674,0.9297434620592102,15.5976649805889,1294.88489522549,3.9923935157395,14.47,SWZ,斯威士兰
5.416360663,0.5293829536082696,,6.165348695,6897.163729,16663.39506,9702.402644,-3.313361002,38.206,,10.76923077,11.7,0.001184348380631306,0.30944966831074805,0.544843998,8.596,12.7,26.8,3.64060426,29.9,57.66027309,3.69696,18.5353,34.2,71.1627907,10.34883721,0.0,1.216822152,2446.660031,5.39,2.686190721,8.84e-06,20.26975517391004,9.267651632682188e-07,0.0003514216997601624,27.86947674,0.5180232558139535,1.5139534883720929,0.8832664125476588,16.9417921236783,1298.83842177149,3.9923935157395,14.47,SWZ,斯威士兰
6.195970483,0.5162802602773189,,3.548498842,6729.051319,18473.94874,10222.25017,-6.115263327,37.897,,10.76923077,13.9,0.0137631375403795,0.31047475369685257,0.500496086,9.131,10.26,27.0,3.45948696,28.6,58.73416941,3.69654,23.0535,35.2,71.10465116,10.29069767,0.0,1.245176768,2434.445186,5.06,2.866939377,9.59e-06,21.335059859662103,1.8442766562526512e-06,0.000412306045068146,27.94011628,0.5180232558139535,1.5122093023255816,1.00017473414752,14.6078862442493,1276.03204327311,3.9923935157395,14.47,SWZ,斯威士兰
3.718138797,0.51310437810153,,5.190940957,6589.035985,19770.99129,10560.39841,-1.932765567,37.532,,10.76923077,16.4,0.013396764131678562,0.31178916388941097,0.576423998,9.391,6.96,27.2,3.7541039,28.8,59.83256783,4.1,34.8399,39.8,71.10465116,10.29069767,0.0,1.611237747,2420.452826,4.98,2.990725833,1.33e-05,21.857895708903072,1.8336763836234363e-06,0.0004083595727850885,28.01075581,0.5203488372093024,1.513372093023256,1.0589393043948638,16.5002982194263,1260.43484786803,3.9923935157395,14.47,SWZ,斯威士兰
0.758242259,0.4851786916412495,,10.30206489,7114.640482,18814.40839,10797.75069,-7.145911123,37.605,,13.84615385,19.6,0.01534543844109848,0.3136215486694636,0.674894146,9.651,9.36,27.5,4.45391893,29.0,61.05080815,6.85,48.4152,42.6,71.10465116,10.29069767,0.0,1.986637235,2404.172332,4.88,3.033808841,2.97e-05,21.12093417796772,1.821342675607031e-06,0.0003959032056667526,28.08139535,0.519767441860465,1.513372093023256,0.9539012331400586,15.6915956276307,1231.63064271876,3.9923935157395,14.47,SWZ,斯威士兰
0.784947122,0.4708934647669462,,10.1628469,7653.44116,18111.67719,10772.43727,-11.75285564,37.698,,13.63636364,23.3,0.02311735328113751,0.3155273523213528,0.641056931,9.911,11.94,27.7,4.46149063,29.7,62.26916761,8.94,60.1213,38.6,71.1627907,10.29069767,0.0,1.942697298,2388.809513,4.92,3.0772867,6.19e-06,19.82702835318945,2.7145562650601316e-06,0.00034233440988816027,28.15203488,0.4755813953488372,1.5151162790697674,1.000063176772809,15.180794831982,1202.69705285667,3.9923935157395,14.47,SWZ,斯威士兰
3.217636553,0.4127764058393351,,2.940070989,6619.10258,19358.56078,10795.17052,-8.904722087,37.919,51.44,13.63636364,24.9,0.030226163323599176,0.3172608284981784,0.586161116,10.17,20.5,28.0,4.22809029,30.1,63.4875944,11.04,65.2905,45.6,70.99088953,10.29069767,0.0,1.746226476,2374.848199,4.66,3.194975526,0.090004917,19.03626812731404,5.397382269599245e-06,0.00037204655639617686,28.22267442,0.475,1.519186046511628,0.9113878378986192,17.8502099037935,1158.70035159122,3.9923935157395,14.47,SWZ,斯威士兰
1.276436474,0.4044115115828241,,5.476499433,6945.649063,19289.37171,10795.58596,-5.964933323,38.212,,13.63636364,24.0,0.015021414826922763,0.3187855430999085,0.554659161,10.43,20.81,28.4,3.61155891,31.0,64.70638859,18.13,68.5737,51.2,70.98837209,10.29069767,0.0,1.872933721,2361.712349,4.7,3.253754649,0.190959071,17.384525734931458,6.262116076372767e-06,0.00021691643935124475,28.29325581,0.4715116279069767,1.5174418604651163,0.9030980396892916,14.9649285580967,1107.81311954451,3.9923935157395,14.47,SWZ,斯威士兰
3.531992472,0.4056604531014068,,9.196802028,7792.232097,19571.59819,10762.35956,5.053669044,38.583,,13.63636364,20.4,0.03377703487779504,0.3200692611110073,0.537986823,10.58,15.62,28.8,3.41336322,30.5,65.89992158,20.7818,71.6279,54.3,70.93023256,10.29069767,0.269479923,1.896108415,2349.040764,4.71,3.386848894,0.208338189,16.686413680527732,7.118305345046506e-06,0.00018055890592113096,28.36383721,0.4674418604651162,1.5174418604651163,0.8732086179543237,15.7926983078366,1071.57424399114,3.9923935157395,14.47,SWZ,斯威士兰
3.530166489,0.4245645946245466,85.45472316,6.207936017,8223.320644,20139.22193,10917.12831,10.91138449,38.851,,6.153846154,17.5,0.027526915644595196,0.3212515155001372,0.543692521,10.73,17.34,29.2,3.32492328,30.7,67.09466469,24.7,79.0272,57.5,70.85735465,10.29069767,0.306416202,1.972265993,2336.303861,4.81,3.525526308,0.213034697,16.029723954922904,7.07970866998823e-06,0.0001864282699250082,28.4344186,0.466860465116279,1.5174418604651163,0.7804440658766891,14.9037910303958,1035.11648388032,4.06081489456945,14.66,SWZ,斯威士兰
1.490735142,0.4676707795561868,81.35109169,5.737456509,7801.224676,20330.71375,10963.62926,11.95048563,39.084,,6.153846154,16.2,0.02650163116484361,0.32257970833381,0.556770676,10.96,10.71,29.4,2.73972297,31.1,68.29023677,25.0,80.683,65.0,70.69767442,10.29069767,0.085476683,2.167899025,2323.332151,4.16,3.598059845,0.16408159,16.492415982446346,7.04040045797805e-06,0.00017555598726683736,28.505,0.4674418604651162,1.5174418604651163,0.8055851136012616,13.5659738944076,994.09087274385,4.06081489456945,14.66,SWZ,斯威士兰
1.124546824,0.4636384254596096,81.32283628,5.324705218,7558.562804,20583.38634,10972.28884,13.64621888,39.245,,6.153846154,16.2,0.027107363855601863,0.3240188902296351,0.571627699,11.19,15.25,29.3,2.94745016,31.5,69.48694053,25.643,82.3407,64.1,70.46511628,10.29069767,0.0,2.746120989,2310.089227,4.45,3.659380069,0.066884403,16.851861045813685,7.000270385443638e-06,0.0001798220788245146,28.5755814,0.4674418604651162,1.5174418604651163,0.8557417959018667,14.3898410766678,955.32066800954,4.19101211030133,15.16,SWZ,斯威士兰
2.349657523,0.43870652994980425,81.42685984,6.764660836,6167.346566,21519.06265,11112.0537,7.990246527,39.518,,6.153846154,16.3,0.023425128774503534,0.3253403415551189,0.584038793,11.43,18.78,29.0,2.84598303,32.4,70.68692194,28.57,86.5588,63.4,70.23255814,10.29069767,0.0,3.9371492,2296.636732,4.44,3.767301343,0.063191187,17.437630425195994,7.829443404868348e-06,0.00015409050737477022,28.64651163,0.4686046511627907,1.5151162790697674,0.9251464445192591,13.0859087662215,923.72762409666,4.19101211030133,15.16,SWZ,斯威士兰
2.744408885,0.4035727141947733,82.87075366,4.944813704,7275.357374,23655.87811,11374.40059,6.112936516,38.361,54.58,6.153846154,15.0,0.02393825140499395,0.3254676457764021,0.752960395,11.67,28.79,28.6,3.54254961,32.6,71.88963127,35.3,88.713,73.5,70.0,10.29069767,0.0,3.560979594,2279.408908,4.44,3.89994627,3.54e-06,17.947030829004408,7.770712185771826e-06,0.0001507074207524726,28.71686047,0.4703488372093024,1.5151162790697674,0.9696304361528066,14.0816536756178,896.97421179902,4.19101211030133,15.16,SWZ,斯威士兰
-0.853481331,0.39666208989175705,83.89949933,3.293682459,8332.206513,25161.98196,11280.37175,1.307815701,37.157,,7.246376812,13.4,0.01967902178066483,0.3256562203521343,0.922518622,11.92,29.4,28.1,3.39840841,33.0,73.09515274,39.4,89.2004,74.0,69.8255814,10.29069767,0.0,2.78030602,2258.477632,4.5,3.902496666,3.09e-06,18.637142700093683,7.699355563939298e-06,0.0001493235099637446,28.7872093,0.4790697674418605,1.5162790697674415,1.0295805211437137,13.9334599780995,869.3596419739,4.19101211030133,15.16,SWZ,斯威士兰
5.444562781,0.4336131208856056,80.885991,1.965061702,9122.766271,28559.26183,11967.28534,3.815106613,36.051,,7.246376812,11.7,0.01946956921661802,0.32587886503135083,0.931970814,12.18,33.67,27.6,4.40824461,33.5,74.30323042,43.9,91.0519,77.0,69.59302326,10.29069767,0.0,3.067512537,2237.527058,4.53,4.153500134,2.14e-06,19.95271480249441,7.627933152184046e-06,0.00016032724684632426,28.85755814,0.477906976744186,1.5180232558139537,1.1230225591885235,15.6210102845218,839.80541390065,4.19101211030133,15.16,SWZ,斯威士兰
-3.99780069,0.42373313726227196,81.51740354,5.165047566,8505.152744,29356.19009,13042.27978,6.55291657,33.171,,9.589041096,11.4,0.00020050125313275657,0.3232578397942869,1.083630577,12.44,36.63,26.9,3.53693056,,75.51361919,49.013,104.747,80.0,69.47674419,10.29069767,0.0,3.031744638,2213.411429,4.51,4.030895683,2.01e-06,19.57760952908951,7.54572077982509e-06,0.00017229648090025482,28.92790698,0.4767441860465116,1.5174418604651163,1.1213640609057045,14.3830867488667,801.96278695038,4.19101211030133,16.99,SWZ,斯威士兰
3.038523689,0.4301997497507669,80.91765999,0.114057725,7854.971356,35764.02255,12698.47824,2.606946725,32.716,,9.589041096,11.6,-0.027296114396445192,0.32651109363306435,1.155672669,12.71,39.75,26.1,3.65004921,,76.72606946,53.9953,118.627,82.9,69.47674419,10.29069767,0.0,2.580727194,2187.978879,3.91,4.201653257,3.55e-06,18.832815515070006,9.05856407255802e-05,0.00014537497433342477,28.99825581,0.4738372093023256,1.519186046511628,1.1061979441286334,15.3105371493418,746.60598253083,4.19101211030133,16.99,SWZ,斯威士兰
-0.628894037,0.4194528120973336,81.48823923,8.8686547,7441.759067,29420.31312,13824.5451,-2.96992116,32.04,,13.51351351,13.1,0.08243456756199752,0.3331137394916963,1.0162074,12.71,43.19,25.2,3.24393272,,77.94058223,57.465,121.492,82.3,69.47674419,10.29069767,,,2165.857068,3.89,4.217874615,,17.487364060851366,8.966976422512772e-05,0.00014461056136994563,29.06860465,0.4726744186046512,1.519767441860465,0.9526128210534434,15.7499540719406,,4.19101211030133,16.99,SWZ,斯威士兰
2.557498871,0.45356270302754675,81.89481462,6.053690479,6074.53795,23002.06486,15251.21327,2.13576037,33.494,,17.14285714,14.7,0.017373230944977003,0.33976754278321275,0.946270732,12.71,,24.3,3.20377994,,79.15637919,57.62,128.399,86.4,69.47674419,10.29069767,,,,,,,19.057721097254195,8.882524749980902e-05,0.00014383918008250264,29.13895349,0.0,,1.0550856265633815,,,4.19101211030133,16.99,SWZ,斯威士兰
-1.800512896,0.17052793222834398,81.05453336,1.634053474,824.6468481,5187.059292,2362.818,-8.085901955,56.018,,4.938271605,28.8,0.0030965424995879065,0.33620495920136156,2.636986353,8.136,26.48,3.7,0.32503283,30.4,47.20665516,0.9,1.80013,19.6,62.87920574,42.10332782,0.0,5.779394635,2179.110779,10.49,20.79678087,0.0,2.5947571407468972,0.0,1.629302611559781e-07,23.26722927,0.0119507262364405,0.0009192866335723479,0.1894878938079525,10.5743255122005,746.74206575173,11.9377585594008,38.67,TGO,多哥
1.220213333,0.17716379200670096,78.06421513,5.027855566,808.6978892,5330.305477,2151.733287,-5.817847457,55.993,,4.938271605,28.8,0.0052241259635406045,0.3367932234725233,2.5423944,8.227,20.22,3.6,0.34117612,30.8,48.54864378,1.0,3.05061,21.3,63.24692039,42.47104247,0.0,6.126010373,2124.407521,10.47,21.63518408,0.0,2.767662786162332,0.0,1.5884014507299244e-07,23.21281853,0.0121345835631549,0.0009192866335723479,0.24015041544174562,10.6851019016576,746.44964489446,11.9377585594008,38.67,TGO,多哥
4.050459801,0.20013493706563296,76.83503977,-2.893106988,786.3544962,5226.271818,2307.87943,-5.431380966,56.033,,7.407407407,27.7,0.004851722634103828,0.3373441396845592,2.533421659,8.317,26.0,3.5,0.37685171,30.9,49.86571313,1.2,4.38771,23.0,63.61463504,42.83875712,0.0,8.592675276,2071.263346,10.36,20.86662479,0.0,3.346575311620125,0.0,3.097332005593492e-07,23.1584078,0.0130538701967273,0.0009192866335723479,0.39624168365252704,9.40357183606117,748.58678578628,11.9377585594008,39.13,TGO,多哥
-3.487717978,0.1883090763894784,75.15820623,-1.907888973,786.6790947,4894.801217,2353.4058,-6.493995076,55.974,,6.172839506,26.2,0.0053346353460279605,0.33794422828862875,2.566505352,8.395,24.1,3.4,0.44411397,31.0,51.0022965,1.5,5.83805,24.8,63.9823497,43.20647178,0.065969566,5.834070015,2018.780628,10.57,18.84814995,0.0,3.237942987560882,0.0,3.0188502411477345e-07,23.10399706,0.0139731568302996,0.0009192866335723479,0.40375612568261116,11.4402642608552,734.36390187908,11.9377585594008,39.13,TGO,多哥
-7.082382407,0.20484740927656483,85.97759476,5.876157766,831.2628424,5019.931162,2148.740359,-6.330897062,55.85,,7.407407407,24.8,0.005791991941576313,0.3384516490433699,2.567010652,8.43,24.98,3.3,0.50362611,30.9,51.94533192,1.8,7.41937,26.5,64.717779,43.57418643,0.579204641,5.899126999,1967.617802,11.3,16.51825544,0.0,3.078665631644022,0.0,2.942342219637134e-07,23.04958632,0.0139731568302996,0.0009192866335723479,0.39352356034110625,10.7364703639223,731.26228607033,12.829383790778,41.8,TGO,多哥
-0.18544624,0.18970716826199124,92.49364528,-0.508763233,775.6773105,5038.493755,2310.730036,-5.313248736,55.763,42.21,8.641975309,23.6,0.004041776951141163,0.33906098290572695,2.801242841,8.755,29.75,3.2,0.56445849,31.2,52.85337188,2.0,11.7791,27.9,65.63706564,43.94190108,1.936206408,5.423024111,1913.264882,10.99,16.95601103,0.0,2.6098383012010262,0.0,4.2915956802638246e-07,22.99517558,0.0196727339584482,0.0009192866335723479,0.38265297634139833,9.38680767609874,732.01248012413,12.829383790778,41.8,TGO,多哥
-4.012536756,0.1800549703462722,93.74537756,4.963751353,808.2353695,3641.860196,2345.790203,-5.745986054,55.966,,11.11111111,22.2,0.004274874425563624,0.33958487117070413,2.913163218,8.286,29.79,3.0,0.59498978,31.1,53.72647981,2.2,19.2349,30.0,66.09670895,44.30961574,2.062219273,6.807654881,1858.332375,11.28,16.75675469,0.0,3.075309632724652,0.0,1.389459324625457e-06,22.94076485,0.0222467365324508,0.0018385732671446957,0.4215442000315432,12.0017173125608,733.4257420013,12.829383790778,41.8,TGO,多哥
1.087638079,0.18629143514711627,94.56865896,9.074232587,797.9297204,3013.617865,2428.440122,-4.867213092,56.262,,11.11111111,20.7,0.0047710262140401305,0.3398837962244764,2.874543034,8.675,43.83,2.9,0.60018307,31.3,54.56516251,2.4,24.3302,31.8,66.83213826,44.67733039,3.786819662,6.152460461,1805.674276,11.29,17.43299248,0.0,3.587500233801335,0.0,2.7001746243255414e-07,22.88635411,0.0235337378194521,0.0018385732671446957,0.45317861070479076,12.3831791837499,743.15361248568,24.7886600506384,62.4,TGO,多哥
2.507529802,0.1912370533587011,95.9959886,3.117242693,958.6715198,2367.452165,2349.839724,-3.756554704,56.507,,11.11111111,19.9,0.004871935182079623,0.33998899549975464,2.833678897,9.065,42.37,2.8,0.68256968,31.3,55.36773591,2.6,33.3849,33.7,67.19985291,45.04504505,3.793557886,6.045413675,1755.225421,13.02,18.38375494,0.0,6.216696923150348,0.0,5.249468525236708e-07,22.83194337,0.0253723110865968,0.0020224305938591654,0.2370080383219129,9.66146575678805,741.24489190864,24.7886600506384,62.4,TGO,多哥
3.012853296,0.2056300975884226,95.50616674,-0.09331834,1057.164472,2318.28676,2254.217269,-4.211677851,56.789,,11.11111111,19.6,0.005269907073971902,0.3398310308514257,2.721017166,9.454,48.88,2.7,1.12349021,31.1,56.13607206,3.0,38.652,30.8,67.38371024,45.22890237,3.217333905,5.054738028,1708.109361,12.3,19.46000135,0.0,5.775179277857746,0.0,5.10855541464726e-07,22.77753263,0.0253723110865968,0.0020224305938591654,0.40392775558885957,8.7974654677467,734.79613137034,24.7886600506384,62.4,TGO,多哥
3.009799011,0.2174298257574989,94.83872255,2.819591191,1095.974428,2349.82151,2252.977612,-5.571345555,57.031,46.01,11.11111111,20.1,0.006727593618397032,0.33967379910630763,2.694618859,9.843,48.88,2.7,1.03214419,31.1,56.87789572,3.5,38.9698,39.7,67.38371024,45.22890237,7.277821333,4.574762581,1662.696918,11.7,20.59320709,0.0,5.226465882505896,0.0,6.215921779493425e-07,22.72311087,0.0255561684133112,0.0020224305938591654,0.35347849756971544,10.0519255775772,723.47637830764,24.7886600506384,62.4,TGO,多哥
3.54419026,0.24272464962797963,92.03836727,1.750374491,1167.571779,2210.473649,2397.058362,-5.433024311,57.006,,11.11111111,19.9,0.005693258348955066,0.33963338448296065,2.629233845,9.948,44.02,2.6,1.16667867,30.6,57.58878962,4.0,46.6464,39.1,70.78507079,48.72219158,9.89550503,5.528370985,1619.550424,10.97,21.89113809,0.0,4.593681249879825,0.0,6.054620446936768e-07,22.6686891,0.0255561684133112,0.0020224305938591654,0.2976784324892518,9.89397883016883,708.74780553646,24.7886600506384,62.4,TGO,多哥
3.141314771,0.2527513012901577,91.81088251,1.683290446,1096.870704,2613.810338,2397.825393,-9.439446382,56.967,,15.38461538,19.6,0.006989989644459849,0.33974342256791007,2.567966978,10.05,56.57,2.5,0.96069103,30.7,58.26329497,4.5,58.5139,41.0,70.2334988,48.72219158,6.393372184,4.86885209,1578.490365,10.07,23.16613286,0.0,4.416629964958438,0.0,5.901119159812129e-07,22.61426733,0.0255561684133112,0.0020224305938591654,0.30271465684580295,8.28675459257786,691.68790264481,24.7886600506384,62.4,TGO,多哥
2.989625128,0.20709132280681716,90.2608889,0.479878463,1251.372115,2789.912806,2285.587462,-7.171082494,56.917,,17.58241758,20.0,0.007215699717199486,0.3399969220269122,2.534481353,10.16,75.07,2.4,0.99828738,30.3,58.90228392,5.7,60.4369,45.7,70.2334988,48.72219158,4.610050818,4.784561915,1538.986544,9.93,24.47113612,0.0,3.9910928472914,0.0,5.753435804040175e-07,22.55984556,0.0255561684133112,0.0009192866335723479,0.3225186890511144,8.27315043038504,681.12440153431,24.7886600506384,62.4,TGO,多哥
2.842830675,0.17565935305376806,90.52186297,2.202701498,1233.315597,2691.078385,2401.140069,-8.010216002,56.857,43.02,17.58241758,20.1,0.007725555593370403,0.34034746603733823,2.520607466,10.26,69.89,2.3,0.92438984,29.9,59.50586668,7.12,63.3575,44.7,70.2334988,48.72219158,3.411051308,4.934538533,1500.679547,9.17,25.80922796,0.0,2.7214069248694672,1.3049387363886734e-07,5.610226723174864e-07,22.50542379,0.0255561684133112,0.0009192866335723479,0.33742739718877046,11.9083409239504,679.62274072559,24.7886600506384,62.4,TGO,多哥
1.627610068,0.17064262938981986,92.82479777,1.457756707,1323.98075,2559.328054,2509.002332,-7.191806521,56.384,,17.58241758,20.6,0.00758189800742981,0.34077558104569583,2.513989965,10.37,67.17,2.2,0.97535449,29.6,60.07531264,11.31,70.0588,46.8,70.2334988,48.72219158,2.301893288,4.121706298,1463.42289,9.34,26.89706211,0.0,3.757011519477841,1.2725416436071517e-07,5.470944295113097e-07,22.45100202,0.0272108843537414,0.0009192866335723479,0.2504545590013297,10.5935749766552,670.60754142845,24.7886600506384,62.4,TGO,多哥
1.440987182,0.15906255194973554,90.76864009,-0.884659427,1408.850826,2538.057709,2538.246265,-1.513024528,55.9,,17.58241758,20.4,0.007809750456686082,0.3412880997475531,2.498975657,10.47,66.29,2.2,1.04958856,29.2,60.61024623,12.3602,75.3357,48.0,70.2334988,48.72219158,1.737548824,4.243427883,1427.305471,8.27,27.97507285,0.0,3.456230472324776,1.2411351918919119e-06,0.0,22.39658025,0.0272108843537414,0.0009192866335723479,0.22539061317043022,10.378842819673,664.92273355507,24.7886600506384,62.4,TGO,多哥
2.236609753,0.1536444513801826,89.7776405,0.452907938,1251.605188,2842.172874,2734.275266,-2.629761165,56.35,,17.58241758,19.7,0.007749230897148074,0.34189065258807055,2.471797986,10.58,85.31,2.1,1.03169048,28.8,61.11061661,15.5,74.3997,50.0,70.2334988,48.72219158,1.240029586,2.711628875,1392.457819,8.51,29.31652888,0.0,4.08544412825455,4.237915100757037e-06,0.0,22.34215849,0.0272108843537414,0.0009192866335723479,0.2756049760630447,8.9563374386196,654.37271008907,24.898913500624,62.64,TGO,多哥
2.390100923,0.15087261533795612,89.92507578,0.012576748,1149.943301,2951.933517,2975.89306,-0.792883114,56.806,42.53,16.48351648,18.2,0.007491625550733572,0.3425481161205369,2.443512093,10.69,90.69,2.0,0.89146012,28.7,61.57638798,20.7273,73.7225,52.5,70.2334988,48.72219158,1.053095014,2.788804693,1358.845279,8.3,30.75973271,0.0,3.789109847113821,6.49882524871595e-06,1.0159970680607292e-07,22.28773672,0.0290494576208861,0.0009192866335723479,0.25222454729183313,8.58158591549545,644.22176079997,24.9157015745044,62.64,TGO,多哥
-0.272860218,0.1612336242511824,89.11490408,2.943178346,1117.872711,2979.248325,3020.313057,-0.277018884,56.154,,18.68131868,15.9,0.0011137498976332427,0.34037350687219425,2.412473937,10.8,90.22,1.9,0.91246384,,62.00752375,29.0237,75.164,54.1,70.2334988,48.72219158,1.180929293,3.121179339,1326.455756,8.76,31.42484628,0.0,3.909171755295358,1.2461763471023284e-05,9.917796970142727e-08,22.23331495,0.0290494576208861,0.0009192866335723479,0.2588943824021998,10.6915230277988,635.89630457404,24.9157015745044,62.64,TGO,多哥
2.658169556,0.15219509568160358,88.60433512,4.564499919,1156.079844,2992.997365,2930.670224,,56.36,,18.68131868,13.7,0.0033538929699132858,0.34336256652256003,2.37825003,10.91,107.38,1.9,0.55793744,,62.40400097,30.3384,70.4497,55.7,70.2334988,48.72219158,3.772574182,2.975664446,1295.281492,8.6,33.03659557,0.0,4.45916498141942,7.208523087378901e-05,9.684709646658e-08,22.17889318,0.0336458907887479,0.0009192866335723479,0.2920215356879899,9.95586193677656,629.94480988726,24.9157015745044,62.64,TGO,多哥
3.822827079,0.16677358721425015,87.05839031,7.121463674,1235.106783,2931.902578,2978.699032,,56.797,37.86,18.68131868,11.1,0.015686146621445296,0.34635904797255984,2.35270896,10.91,134.74,1.8,0.66535133,,62.76561326,35.5105,72.2148,57.2,70.2334988,48.72219158,,,1265.162978,,35.11606324,,4.423940537756341,7.260935353692263e-05,9.459516077139496e-08,22.12447141,0.0353006067291781,0.0009192866335723479,0.2733273159248375,10.3687519536144,,24.9157015745044,62.64,TGO,多哥
3.742857767,0.16014284410814067,,3.962849753,1303.52767,3043.191834,2991.960026,,56.796,,19.78021978,9.1,0.007208219617916178,0.34820632571670607,2.333455065,10.91,,1.7,0.6805678,,63.7824051,37.0223,75.7907,59.2,70.2334988,48.72219158,,,,,,,4.816833140013502,7.200942958106527e-05,9.241337964003863e-08,22.07004964,0.0,,0.29484322139234637,,,24.9157015745044,62.64,TGO,多哥
2.014737627,0.0772193649924282,92.99175209,4.534475812,1061.547627,1814.465273,3261.096145,-5.232145995,71.685,,24.67105263,21.2,0.018855761482675204,0.3705603758814267,3.059068635,7.473,135.69,8.2,1.35010099,33.6,27.52988268,0.237945,1.14574,8.6,63.11996397,27.02567439,0.0,12.86237825,1576.03292,13.54,37.19685576,0.0,1.023015761793717,3.232888040722751e-07,1.0771660492067383e-06,15.62332716,1.8901956859016067,0.0007507131775186428,0.05657554071264814,26.7867801312313,744.18215582715,14.4235156671908,59.78,UGA,乌干达
5.380390553,0.07558391090774808,94.24391536,-3.169556337,1111.794095,1902.117621,3297.772241,-2.460116952,71.642,,24.67105263,19.5,0.0171425181904461,0.37025818092521523,3.131587502,7.938,130.89,8.0,1.46629059,33.3,28.8504494,0.384094,1.54041,7.8,64.12091487,28.02662529,0.000125317,14.56386227,1527.442861,13.15,38.65808147,0.0,1.004307470356119,4.308172171792674e-07,1.2460124309076888e-06,15.41686602,1.8932986337020168,0.0007507131775186428,0.058747802342627366,23.3694388806093,725.87817662646,16.4064948206065,62.11,UGA,乌干达
3.163140555,0.08052207029159747,92.78395781,7.806740873,1103.48773,2037.189495,3410.757844,-0.581756162,71.493,42.8,24.67105263,18.4,0.01887525999650097,0.3701957003541726,3.158223725,8.402,138.04,7.7,1.47303784,32.7,30.19674376,0.46485,2.94538,10.5,65.62234122,29.27781392,7.13e-05,21.32767761,1479.956606,12.91,36.52296313,0.0,1.031073704837394,6.451092898621758e-07,1.4030498938768654e-06,15.21040488,1.894449727240879,0.0007507131775186428,0.06071616845761655,23.2141711400097,703.12958986306,16.4064948206065,62.11,UGA,乌干达
3.65117761,0.0823730745902796,89.77256591,15.58754998,1060.68947,2156.290794,3594.135468,-0.021097335,72.098,,23.93442623,18.1,0.024516350593352776,0.3698890957912524,2.999445195,8.867,211.67,7.6,1.36708832,32.4,31.56856356,0.719971,4.29039,11.6,66.3730544,29.77828937,0.016301992,15.59120866,1436.225247,12.72,35.05906167,0.0,1.068227224840436,8.470046325629458e-07,1.4882506902277577e-06,15.00394375,1.8893949251789195,0.0007507131775186428,0.058922061395683185,23.8101580536083,682.43281429994,16.482872442563,62.36,UGA,乌干达
3.257139546,0.08799442429835311,88.12631056,-1.741185292,1024.46767,2365.375275,4028.240338,0.532773078,72.623,,23.93442623,18.8,0.022849587515596292,0.36958324179963237,2.934921188,8.841,220.28,7.5,1.03255773,32.5,32.96330103,1.74221,4.70367,8.9,66.3730544,29.77828937,0.026485758,14.30946025,1394.685725,12.14,33.85137742,0.0,1.248651659187193,1.0728351732873768e-06,1.4452064523436424e-06,14.79748261,1.8867924528301887,0.0007507131775186428,0.06079399315295136,23.1969251322132,658.02072594401,16.482872442563,62.36,UGA,乌干达
7.588577526,0.0964155110065736,91.74667922,2.405620215,995.6690648,2695.704759,4286.719101,-3.189036042,72.245,40.8,29.81927711,19.2,0.02170192622801581,0.36930762978666076,2.927459351,8.815,208.81,7.4,0.98067528,31.8,34.38262421,2.52936,6.97652,9.0,67.37775887,30.52900255,0.063923344,13.50107032,1354.448702,11.86,34.34421188,0.0,1.323832979661724,1.875390511003281e-06,1.4632358045704863e-06,14.59102147,1.887042690556028,0.0007507131775186428,0.06598596242418951,21.234054369783,633.94253569688,17.6048358059249,64.97,UGA,乌干达
5.270375754,0.11232873390954055,91.15848718,7.321247318,959.7002386,2931.334513,4696.685235,-4.728752217,71.835,,30.72289157,19.6,0.020136141701414756,0.3692964017990499,2.941066543,8.868,279.53,7.3,1.03115988,31.8,35.82438173,3.67197,14.1477,14.8,68.38246334,31.27971573,0.06024524,16.3949449,1315.193554,11.53,34.34158622,0.0,1.552694283643954,2.596664197025437e-06,1.3628347780189342e-06,14.38456033,1.887142785646364,0.0009509033581902807,0.06428875546606244,25.799119212385,610.62096931638,17.6048358059249,64.97,UGA,乌干达
5.554503856,0.11938724042906862,84.72020967,6.364276548,934.7265376,3166.6388,4285.762931,-8.475103279,71.425,,30.72289157,19.8,0.01755519843487985,0.36951379085345487,2.944486142,8.921,254.51,7.2,0.93871653,31.7,37.28873087,3.88,28.0124,15.9,69.63740554,32.28066663,0.059794249,16.65206067,1277.032444,10.81,34.64178526,0.0,1.541099647095444,3.831097331385302e-06,2.1397902349278003e-06,14.17809919,1.885941644562334,0.0009509033581902807,0.06548884327154363,24.3682031747099,588.44381890501,17.7001071431433,69.46,UGA,乌干达
3.705921591,0.06240099223225576,85.43633563,85.35327524,929.0121116,3329.556129,4611.283088,-4.170849232,70.861,,31.48148148,18.7,0.015518514067945022,0.36994394895118465,2.941291711,8.974,310.08,7.2,0.82681918,31.9,38.77399679,4.1,29.8359,10.0,70.64211,33.03137981,1.38e-05,9.617084174,1240.018211,10.45,36.9979523,0.0,1.588527874485987,4.514938101947366e-06,3.390044714341297e-06,13.97163806,1.882087983584405,0.0012511886291977378,0.1049246178621571,21.5927238703824,573.09914470609,17.7001071431433,69.46,UGA,乌干达
2.573084633,0.06069707968460307,84.75666478,5.637611638,963.9527107,4420.281521,3628.189425,-6.035118146,70.692,42.6,31.28834356,17.6,0.013557144547559963,0.3705470460410335,2.943891335,9.028,407.42,7.2,1.09722447,32.3,40.28025624,4.3,39.6047,12.1,71.14003591,33.66247756,0.00064918,8.236052937,1204.045519,10.2,39.08375316,0.0,1.757219916103928,4.60007134124064e-06,3.105878379150353e-06,13.71643726,1.875274286854179,0.0012467584280869738,0.10496807087394748,24.4909363467496,560.95344187554,17.7001071431433,69.46,UGA,乌干达
6.23090994,0.0774620150468496,87.15794994,9.391655492,831.6491026,5046.475236,3818.835637,-7.48878446,77.332,,34.97409326,17.7,0.013876148701612578,0.4064898145958708,2.931949137,9.081,416.4,7.1,0.90863341,28.4,41.80625229,4.6,50.0591,14.6,71.63873928,34.16118093,0.000162704,9.29919604,1169.256014,9.9,42.75436461,0.0,1.795810005701444,4.856909596992529e-06,2.1396531765049214e-06,13.51071215,1.8746758428086976,0.0012467584280869738,0.11690384719107079,25.2945124896862,549.14834109118,17.7001071431433,69.46,UGA,乌干达
0.865151268,0.08631829116014009,85.24725181,3.837455606,932.3146873,5776.090464,4353.188299,-6.063126387,67.436,,34.97409326,19.6,0.012962445098781084,0.35605583037383276,2.904226084,9.135,451.08,7.1,0.9248504,29.5,43.35153943,4.8,47.6343,20.5,71.88809096,34.41053262,0.000399726,10.88729381,1135.786543,10.03,44.39504438,0.0,1.783105290120557,5.038232613627144e-06,3.2553354613230022e-06,13.30498703,1.8738779174147215,0.0012467584280869738,0.10512938207562253,24.6452140553826,539.8845928419,17.7001071431433,69.46,UGA,乌干达
0.656669464,0.08327630993486215,79.6547385,3.586905826,683.3358438,5233.741029,4430.481154,-6.0571939,82.91,41.01,34.97409326,21.3,0.01256922002630767,0.4325281669020288,2.869551639,9.189,472.09,7.0,0.97432142,29.9,44.91407727,5.1,51.1323,13.9,71.88809096,34.41053262,0.105725999,10.76186862,1103.657742,10.13,45.98745281,0.0,1.845907920303181,5.235299547709737e-06,4.209555071248182e-06,13.09926192,1.8739776580889689,0.0012467584280869738,0.10883526190449104,25.5937610638173,534.13505792415,17.7001071431433,69.46,UGA,乌干达
2.049484593,0.06936012652410822,76.45477591,5.106307324,730.999578,8498.101227,4553.067957,-6.641608433,75.386,,34.97409326,23.8,0.011290555386268553,0.3976268355305852,2.951444999,9.244,510.01,6.9,0.95077145,30.2,46.49454648,5.4,55.9572,20.4,71.88809096,34.41053262,0.077363204,10.46826543,1071.559896,9.98,48.33571348,0.0,2.108168147508962,5.495178955860497e-06,5.740879130203293e-06,12.8935368,1.8737283064033512,0.0017953321364452422,0.12742510619227262,22.8231256321177,526.48842220312,17.7001071431433,69.46,UGA,乌干达
2.004299431,0.06999682401838772,85.70531817,5.187859865,739.0050457,8989.873612,4670.011119,-5.09288758,73.558,,34.97409326,30.6,0.012274608687378175,0.39248573049916596,3.073292939,9.299,609.18,6.8,0.75713688,30.3,48.09125983,5.8,53.8756,18.5,71.88809096,34.41053262,0.057978309,10.93185179,1039.128628,9.71,50.84330256,0.0,2.08944477735569,5.861751236549745e-06,8.087228115335072e-06,12.68781169,1.8736285657291043,0.0017953321364452422,0.12350917681135973,23.2311412546241,521.06294688501,17.7001071431433,69.46,UGA,乌干达
1.357433129,0.0849883906556899,79.13503868,4.781000291,749.7050619,9258.781581,4846.46848,-2.725639686,71.562,,33.48946136,35.4,0.01038680265074965,0.38716003380692443,3.321924914,9.355,604.59,6.6,0.78636652,30.4,49.70260636,5.9,58.8634,26.7,71.88809096,34.41053262,0.082485924,12.85157586,1005.176608,10.06,53.274121,0.0,2.105769091536276,6.211475962155049e-06,8.044604108233602e-06,12.48209655,1.8713844005585476,0.0017953321364452422,0.12524144857598948,23.4514988922699,515.41797787582,17.7001071431433,69.46,UGA,乌干达
-0.406390813,0.09435842080118166,78.9007514,4.64905082,760.6608503,9732.433624,4755.536056,-4.882786602,69.299,42.75,34.29844098,35.5,0.010543616460445993,0.38102447077943447,3.490595909,9.41,652.78,6.5,0.63865817,29.9,51.32772814,,62.0968,32.4,71.88809096,34.41053262,0.038342612,12.37273851,970.6952577,9.87,54.94234977,0.0,2.200996991183418,1.1001212921058982e-05,4.408651873059791e-06,12.27638141,1.870586475164572,0.0017953321364452422,0.13442308452206997,20.5951239214194,502.2179219466,17.7001071431433,69.46,UGA,乌干达
2.753003825,0.09375277425984521,80.93865217,4.443385272,778.6861906,8803.468375,3942.092489,-6.329868164,72.364,,34.29844098,35.9,0.009221468683831002,0.40143224852162823,3.397410976,9.466,685.5,6.3,0.67459893,29.7,52.96510828,,58.8754,41.9,71.88809096,34.41053262,0.0,9.026871368,938.2706676,9.88,58.40587362,0.0,2.290987711149074,1.621524179319307e-05,5.792177322146165e-06,12.07066627,1.8668960702174349,0.0017953321364452422,0.14113047478829424,20.4308910387368,495.23837995043,17.7001071431433,69.46,UGA,乌干达
2.889586902,0.1008116383386877,79.94952804,3.000011816,824.8221145,8286.469382,3246.744318,-7.446613746,74.881,,34.8583878,33.1,0.008802736602052441,0.41893528077923076,3.391321423,9.523,802.04,6.1,0.57344079,29.4,54.6148663,,59.0598,41.3,71.88809096,34.41053262,0.0,8.176030389,906.9844008,9.52,62.16647891,0.0,2.263398951214927,1.80699199856036e-05,5.419070320222471e-06,11.86490126,1.8654997007779772,0.0017953321364452422,0.1351871877430035,24.1412452089778,488.37492657684,17.7001071431433,69.48,UGA,乌干达
-0.423922683,0.11034466400160209,80.77358748,2.721484441,783.1262855,8597.877816,3524.473221,-9.569552178,75.029,42.7,34.8583878,33.1,0.0008439581637880167,0.42730380029741893,3.333417511,9.58,920.53,5.8,1.19107807,,56.27517241,7.4,62.2824,42.1,71.88809096,34.41053262,0.0,8.51651964,877.2491769,10.72,64.00120219,0.0,2.094719278078258,1.9884314676747626e-05,5.0093157995653884e-06,11.65918612,1.863903849990026,0.0017953321364452422,0.12290485904270251,24.8064960946654,483.84612892602,17.7001071431433,69.48,UGA,乌干达
0.258075577,0.09782927872028026,82.05630488,2.545119296,746.0755396,8628.305533,3623.817473,-8.894443379,76.591,,33.81294964,25.6,0.0006023189278723251,0.43827082134907747,3.217736618,9.637,1207.57,5.6,1.14727044,,57.94520033,10.0,65.6221,45.2,71.88809096,34.41053262,0.0,8.635333503,849.4709212,10.2,66.26465613,0.0,2.238684677748396,1.9705982867260583e-05,6.873378484929405e-06,11.45343756,1.8597646120087772,0.0017454617993217635,0.13051358358456255,23.8955237750229,476.45813500908,17.7001071431433,69.48,UGA,乌干达
1.489270851,0.07850266305386022,80.72309891,4.922286731,740.9485669,8598.580222,3537.130571,-8.918947681,77.722,,33.81294964,24.2,0.01843491346877335,0.44571031734616645,3.00759449,9.637,1244.0,5.4,0.98358905,,59.62436703,11.1246,70.1401,47.1,71.88809096,34.41053262,,,824.3026574,9.86,69.30489308,,2.262939995708695,1.9764664127631306e-05,8.559793448840048e-06,11.24771145,1.8565729104328743,0.0017454617993217635,0.13004959617729853,23.6635680667481,,17.7001071431433,69.48,UGA,乌干达
2.427594598,0.12928306313778337,81.17641454,6.748015166,752.708181,8593.40887,3559.503879,-7.432760984,77.795,,33.81294964,22.0,0.008526043590690868,0.44848430740157946,2.80083229,9.637,,5.2,0.92339057,,61.31152342,15.2524,76.2967,51.5,71.88809096,34.41053262,,,,,,,2.185944910970329,1.7469366592212226e-05,8.323374297004635e-06,11.04197038,0.0,,0.12577126813687622,,,17.7001071431433,69.48,UGA,乌干达
3.250579618,0.06273965098910628,82.07366201,4.815969215,588.7259628,2896.275982,2311.213443,-4.155756395,83.85,35.0,22.26277372,32.8,0.01652768387048309,0.4794803294329649,2.701520748,5.512,131.48,5.9,1.08908296,32.0,29.86776213,0.1713,0.782879,9.7,38.49627455,9.629713254,0.480449478,0.0,2386.47896,12.17,4.152941044,0.00022723,1.461346765592448,0.0,8.550010601873119e-07,60.16934974,5.021246331000227,0.26971099571009255,0.08761637543905176,17.343498647706,511.44053591231,28.5802342961156,41.68,TZA,坦桑尼亚
4.363687275,0.0693576888668737,80.88223073,7.233030679,602.0825265,3118.186394,2367.075477,-0.324018475,84.215,,22.26277372,33.6,0.015076491020619143,0.48129203751891125,2.588507221,5.766,152.33,5.7,1.33213437,31.3,31.12412673,0.222484,1.68006,10.7,38.60916685,9.708737864,0.948511004,0.0,2325.497441,11.91,4.050857951,0.000142218,1.6006911296573831,0.0,9.521751789246036e-07,59.74939038,5.024971776924813,0.2699142018514338,0.09687695646314429,14.0641851293385,504.06934137399,28.5802342961156,41.87,TZA,坦桑尼亚
3.893442537,0.07993958403427849,79.61259561,8.418682643,605.0910963,3407.390102,2419.094398,-1.145220223,84.569,,21.3559322,32.1,0.01800145613396431,0.4829730634406371,2.645256381,6.02,169.1,5.5,1.49158525,30.0,32.47579916,0.676963,3.49964,11.1,38.68819147,9.641002484,0.956733477,0.0,2264.788564,11.58,4.321163189,0.000105615,1.614506675888173,0.0,1.0664156111894576e-06,59.32943102,5.031440505757508,0.2704786633551592,0.09845167702874838,14.7052448779447,500.5668926466,28.5802342961156,41.87,TZA,坦桑尼亚
4.631631104,0.08870595923184843,77.05943136,6.88562313,618.2602712,3714.372065,2474.331974,-2.899178103,84.894,,21.3559322,31.5,0.016216989397271453,0.4843704489894795,2.713260964,6.274,192.25,5.2,1.96674848,30.1,33.9471157,0.877575,5.09582,11.4,39.23808986,10.26992549,0.675575883,0.0,2204.165095,11.14,4.645415265,0.004152054,2.01794845665707,0.0,1.0378699826004782e-06,58.90947166,5.089151049898398,0.27166403251298255,0.11045876067458789,15.525804333834,497.32104493414,28.6093551402396,42.36,TZA,坦桑尼亚
4.540186498,0.0912728993436252,75.59664126,6.426202523,636.0775557,3997.535375,2526.10599,-5.939310267,85.177,,30.40752351,28.5,0.014761770708705768,0.4854725921107396,2.775139411,6.529,218.52,5.0,2.31116962,29.8,35.42835328,1.1,7.56468,13.8,39.86701287,10.8988485,0.563540742,0.0,2143.837402,10.96,4.992721342,0.019538803,2.228426879604762,0.0,1.1630776545997717e-06,58.48951231,5.096410024836306,0.2730638970422217,0.12896607083810466,16.398748708853,494.12286011827,28.6336674678887,42.88,TZA,坦桑尼亚
3.595549271,0.10016187127793569,75.61421912,5.510095287,643.5723808,4257.52615,2576.58129,-5.918702846,85.434,,30.40752351,27.0,0.014512353706111814,0.48647183705770025,2.800556238,6.783,281.75,4.9,2.37998843,28.8,36.91950714,1.3,13.9199,14.9,40.49593588,11.52777151,0.834153539,0.0,2084.630954,10.85,5.318856953,0.079468084,2.2885600265920982,0.0,1.2163121271854688e-06,58.06955295,5.1071686610973135,0.2735493339354256,0.13436917412033908,14.500363800863,490.30292350862,28.7121375594338,43.39,TZA,坦桑尼亚
3.834933117,0.09784800793392709,75.74592626,9.099389528,657.4057125,4526.638239,2645.425241,-7.844016668,85.208,35.0,30.40752351,25.9,0.012783702488378346,0.48299687958483534,2.791333122,7.037,309.05,4.8,1.94105673,28.8,38.41959835,1.6,19.9153,15.9,41.11356965,12.15669451,0.69282048,0.0,2027.24658,10.05,5.678865658,0.117524379,2.26514183202273,0.0,1.1620788645949397e-06,57.64959359,5.1193271618875595,0.2735380447053511,0.13736641876176164,17.9613619253777,484.06774840335,28.7941189523456,44.58,TZA,坦桑尼亚
2.873538987,0.11167238961328645,72.60780015,16.38075463,692.0875414,4678.900368,2673.436466,-9.221063417,84.938,,30.40752351,25.1,0.010732365845427028,0.47942691983092234,2.702859001,7.291,298.69,4.7,2.25783944,28.4,39.92905682,1.9,30.5534,11.5,41.74125085,12.78584331,0.059930635,0.0,1973.186834,9.68,6.001789632,0.121585061,2.303377007631412,0.0,1.151288227120523e-06,57.22963423,5.121822081734026,0.2742266877398961,0.14551727165671208,16.7763421133198,476.6249971911,28.7941189523456,44.58,TZA,坦桑尼亚
2.709365897,0.10142659273374256,72.78839211,9.041662454,712.1147705,4727.729606,2720.409577,-6.156052481,84.671,,30.6501548,24.6,0.009983972218511994,0.47532439280925587,2.466936951,7.545,312.61,4.6,1.48484647,28.7,41.44548728,2.4,40.0364,11.2,41.9809212,12.99062994,0.518831953,0.0,1925.105071,9.41,6.318030245,0.121211413,2.21712255576885,0.0,1.2217634435415496e-06,56.80967487,5.128855272070445,0.274689546172951,0.15561388875762017,15.3464358283848,469.57276353506,28.7941189523416,45.11,TZA,坦桑尼亚
3.67041498,0.1265427654492196,76.40813765,9.428716253,731.0226135,5038.069834,2844.495963,-6.905905149,83.69,,,23.7,0.010463847654312852,0.47184080481002844,2.544485226,7.799,362.54,4.6,1.4499774,28.8,42.9702242,2.9,46.8824,14.8,42.22059156,13.19541657,1.168615847,0.0,1876.739,9.2,6.718373712,0.149624271,2.532252002908756,0.0,1.3255434521405193e-06,56.38971551,5.149017836983518,0.27470083540302553,0.14846801875881063,16.249285163527,459.52135502793,28.9209426569509,45.45,TZA,坦桑尼亚
4.704850043,0.13662408343227653,78.16152622,12.19842288,742.5562307,5458.34947,2949.389821,-12.64083342,82.773,,36.0,22.7,0.008032457015721306,0.4695830598756659,2.799850312,7.609,401.13,4.6,1.28681624,28.6,44.50135258,3.2,55.761,14.2,42.46026191,13.40020321,2.442079994,0.0,1824.921903,9.02,7.233817785,0.120147902,2.604775875599615,6.51757822348502e-08,1.3076253237110563e-06,55.96975389,5.169157823436442,0.27681192142695865,0.17016210972442875,16.6748739721314,448.77361349142,28.9209426569509,45.45,TZA,坦桑尼亚
1.538920327,0.12799368282540377,78.37299575,10.483894,750.7446673,5495.724403,3019.262064,-9.493817086,82.429,37.78,36.0,21.7,0.01084098802298028,0.46761606408205636,2.879943739,7.419,393.1,4.5,1.17573333,30.3,46.03922571,3.95,57.4558,15.3,42.33189659,13.60498984,2.016778996,0.0,1773.114767,8.67,7.559350694,0.129420271,3.130940626235854,2.5330210962662e-07,1.1434532028833802e-06,55.54979228,5.173278392413638,0.2775118536915782,0.2047914833709276,16.1273485690859,439.53300761711,28.9209426569509,45.45,TZA,坦桑尼亚
3.627227942,0.09987106524553731,76.97061567,9.666183578,756.1821114,5840.842565,3013.616184,-10.92678992,82.102,,36.0,21.2,0.008059596056898766,0.46572842017782684,3.014557367,7.23,401.29,4.5,1.18517053,30.3,47.58196983,4.4,56.2075,16.4,42.93960262,13.80977647,1.487531634,0.0,1720.460834,8.51,8.071994532,0.119796033,3.186947929292251,7.578220342204575e-07,1.2151639594282154e-06,55.12983066,5.186656130051931,0.28400316098442085,0.2132263638379778,16.005575978119,432.26453854162,28.9209426569509,45.45,TZA,坦桑尼亚
3.511479463,0.09258457850027044,75.41792862,6.050845889,788.0635217,5908.075889,3113.514153,-9.975669987,82.182,,36.0,21.1,0.009173727463846593,0.46373852685893524,3.08040316,6.914,530.03,4.5,1.19945395,30.6,49.12777164,7.0,63.2804,23.5,43.17927297,14.01456311,0.948716535,0.0,1668.27165,7.89,8.615438486,0.088750883,3.137210229172019,2.2243621998878604e-06,1.0929184124343674e-06,54.70986904,5.192786181982389,0.2833596748701738,0.20898877477601865,14.0820747862659,425.33081779443,28.9209426569509,45.45,TZA,坦桑尼亚
2.77038212,0.10195318207516764,73.78916475,7.591364023,804.307453,6215.255419,3142.466417,-5.522378408,82.248,,36.0,21.3,0.008900953222650054,0.46561780230054184,3.261810423,6.599,538.35,4.5,1.25726104,30.8,50.67616818,10.0,76.2493,26.2,43.41894333,14.21934974,0.891009639,0.0,1614.733691,7.77,9.146203668,0.083073135,3.202699322395824,2.4605465773585654e-06,1.0578446157668134e-06,54.28990743,5.192628132761346,0.2833370964100248,0.20844346836569458,14.5138288695487,420.80739102446,28.9209426569509,45.45,TZA,坦桑尼亚
3.304006659,0.09040790351096774,68.99235088,7.472033668,815.1223846,6637.670809,3160.179176,-2.446000986,82.274,,36.55913978,21.9,0.007445876611187563,0.4679643080496432,3.407295314,6.389,562.74,4.4,1.61013722,30.6,52.22585647,13.5042,74.3984,32.8,43.65861368,14.42413637,1.146169897,0.0,1560.641716,7.47,9.774284102,0.075595577,3.396014070572747,2.30380443762155e-06,1.1022834862965346e-06,53.76044254,5.1750846692255585,0.2823097764732445,0.21339327927852575,14.1567154667091,415.41117254209,28.9209426569509,45.45,TZA,坦桑尼亚
3.236885276,0.07720335831891459,68.38946399,2.671789868,835.9288121,7045.233761,3155.109581,-2.773228334,82.305,,37.17948718,22.6,0.008679585118936739,0.46995207256981625,3.341430221,6.634,616.07,4.4,1.55679071,30.9,53.77681534,14.4634,71.7912,32.1,43.89828404,14.62892301,0.963745858,0.0,1509.355579,7.06,10.43182658,0.092014158,2.956674064266424,2.371844481032342e-06,1.1124104494580604e-06,53.23097765,5.172002709415217,0.282388801083766,0.19296585871820854,12.9309490556578,408.95840260223,28.9209426569509,45.45,TZA,坦桑尼亚
2.242130276,0.07089011916918697,67.99076165,3.007575121,840.1085119,7405.459412,3117.655964,-4.050163733,82.332,40.49,37.17948718,22.9,0.008081523328664186,0.47145027838692194,3.155721138,6.942,627.21,4.3,1.62666011,31.0,55.32818611,15.4907,75.7302,34.9,44.13795439,14.83370964,0.656822871,0.0,1462.468234,6.75,11.0058562,0.186336893,3.348616880601759,2.994577811971678e-06,9.730626371869632e-07,52.70151276,5.164506660645745,0.2822420410927975,0.19992122005715984,13.7180634147587,403.02925738732,28.9209426569509,45.45,TZA,坦桑尼亚
2.71005882,0.08201323980561469,66.4415933,2.28040893,847.1097294,7863.018706,3094.486774,-2.196127034,82.357,,36.8956743,23.0,0.00792511605179591,0.47276796842769003,2.980609394,7.251,790.66,4.2,1.6312809,31.1,56.87874679,16.5909,80.5836,37.7,44.37762475,15.03849627,0.805844237,0.0,1419.520992,6.69,11.64419586,0.171346159,3.468798023867306,2.5686570339436705e-06,1.0752625946281844e-06,52.17204787,5.1551365996839005,0.28093249040415447,0.22544022031236188,15.2501393687466,397.44222151474,29.4102110716376,61.24,TZA,坦桑尼亚
-0.998987837,0.09173779011235067,62.25976316,6.42301399,840.0781303,7946.684849,3178.245476,-2.207608977,81.353,,36.71875,22.8,0.011574529974093695,0.4690841807850117,2.993051688,7.563,889.34,4.1,0.86159378,,58.42887099,17.7693,84.0051,39.9,44.61639196,15.24328291,0.913163028,0.0,1377.663528,6.44,11.87614412,0.116572049,3.20678100741682,2.49291495528875e-06,1.0365052333625892e-06,51.64258298,5.142571686610974,0.2776247459923233,0.20679805163279533,15.5946705599981,393.64522104907,29.4102110716376,61.24,TZA,坦桑尼亚
1.254017611,0.0904528084671894,62.04255979,2.674303274,831.9702446,7952.605118,3196.544694,-3.360358903,82.162,,36.8556701,22.4,-0.009584999475820366,0.47616560273391173,3.001139348,7.155,997.15,4.0,0.94497848,,59.97698934,19.0314,86.0163,42.7,44.61639196,15.24328291,3.131501853,0.0,1336.932185,6.38,12.38935794,0.208866701,3.601445783380564,3.02401327560927e-06,1.01270300174858e-06,51.11311809,5.138451117633778,0.2773763829306841,0.23245500756862775,14.259191337958,388.6406212104,29.4204241780498,61.3,TZA,坦桑尼亚
1.542997924,0.09010005441575558,63.16549065,2.762614833,836.623198,7923.784636,3210.399537,-7.237333321,82.453,,36.8556701,21.4,0.011310882944458811,0.4781907929928289,2.950466584,7.155,1171.41,3.9,0.98185784,,61.52310078,22.101,93.016,45.8,44.61639196,15.24328291,,,1298.062683,,12.95505674,,3.975935749443268,3.0906254361162236e-06,9.832600265336376e-07,50.58365319,5.143373221946264,0.27788439828403705,0.2582723592340262,15.1188723317349,,29.4204241780498,61.3,TZA,坦桑尼亚
2.080992431,0.09205256071287837,62.87903044,2.748211894,840.4446195,8010.39305,3263.498296,-3.746103,82.455,,37.40458015,20.2,0.0017344756949118079,0.47977902418168555,2.902500736,7.155,,3.7,0.96664101,,63.06608841,29.0638,105.4,48.3,44.61639196,15.24328291,,,,,,,3.9901237686527,3.002209355887091e-06,9.551310930251683e-07,50.0541883,0.0,,0.2569077555563915,,,29.4204241780498,61.3,TZA,坦桑尼亚
3.409757708,0.06989782515521742,100.0241074,3.961552917,452.2262098,2534.674959,2509.908644,,79.609,,8.108108108,22.4,0.007479137143757031,0.4395812574557741,3.050993511,2.876,63.92,1.8,0.97162038,27.7,55.8329037,0.157732,0.61965,9.5,41.45083553,19.24323319,0.009202395,0.0,1016.673362,5.18,7.984794111,0.0,1.283818088373793,4.066693447198581e-07,0.0,26.19334795,0.0967105263157894,0.3558845029239766,0.08946725583836879,4.72401998253189,870.58897381019,13.5660810610636,55.44,BFA,布基纳法索
1.17736897,0.06818777746605657,100.1301067,3.056986091,440.1746898,2496.539778,2502.714494,,79.303,,11.71171171,20.4,0.005059779635852246,0.4404899748022557,3.090393083,3.006,71.81,1.6,1.05799043,28.0,55.61143044,0.200993,0.875435,9.9,41.91805227,19.70313999,0.027444601,0.0,985.7346842,5.11,7.936698142,0.0,1.3002259049058171,3.942938736904811e-07,0.0,26.01059942,0.0968567251461988,0.3646198830409357,0.08674465221190583,5.30606271266142,889.75080555969,13.5905853451577,55.46,BFA,布基纳法索
4.492946881,0.06771054612193465,96.46809173,1.484728815,473.9475927,2618.073549,2396.203773,,79.156,43.25,11.71171171,18.5,0.009951989426011165,0.4411548926461636,3.118121744,3.136,76.54,1.5,0.9801873,28.4,55.39031157,0.37344,1.81994,11.4,42.38526901,20.16304678,0.007876986,0.0,955.4725339,4.94,8.16808841,0.0,1.381902027496232,5.350646189896574e-07,0.0,25.82785088,0.0966374269005848,0.36571637426900583,0.084081582984089,4.49982374657956,876.6928558003,13.5905853451577,55.46,BFA,布基纳法索
1.24360967,0.08786268633309073,98.19966519,0.09064859,445.8031212,2576.166588,2417.223522,,78.372,,11.71171171,17.4,0.012336650051001818,0.4415233828175525,3.145126087,3.443,71.32,1.4,1.69977903,29.1,55.17128626,0.400295,2.93277,10.7,42.90730994,20.62295322,0.018109739,0.0,925.8893704,4.78,8.16380007,0.0,1.200049191695885,8.147826459888659e-07,0.0,25.64510234,0.0966374269005848,0.3699195906432748,0.08888537956242172,6.06823619528864,875.84490239769,13.5905853451577,55.46,BFA,布基纳法索
5.295740309,0.07614271208101955,96.92488128,3.739385397,497.6369663,2521.26236,2438.995641,-10.32432304,77.734,,11.71171171,17.0,0.01275665399239534,0.44158216231653996,3.146801491,3.75,72.52,1.3,1.22285259,29.2,54.95404831,0.469914,4.54743,11.1,43.42569627,21.08286001,0.032077854,0.0,897.2071234,5.51,8.502219384,0.0,1.238466392156845,7.17765698738089e-07,0.0,25.4623538,0.0969663742690058,0.3699561403508772,0.07895422686118979,5.3295736804091,878.73125661476,13.5905853451577,55.46,BFA,布基纳法索
2.988892119,0.08980636894611105,97.06780972,-0.662826822,499.5620791,2450.345025,2481.707872,-8.307635901,77.783,,11.71171171,16.5,0.009630005068423708,0.4410727865817774,3.120345375,3.982,99.37,1.2,1.43097806,29.4,54.74041025,0.632708,7.07267,11.6,43.92946272,21.54276681,0.093597088,0.0,869.6434399,5.48,9.033877165,0.0,1.192432100931973,6.957147519425573e-07,0.0,25.27960526,0.0972222222222222,0.3779239766081871,0.08348577023310688,4.71235417428533,886.46325684464,13.5905853451577,55.46,BFA,布基纳法索
1.001312767,0.08169717328004691,94.83154807,2.492349183,466.5992015,2587.747482,2442.96123,-7.353213387,77.861,,15.31531532,15.9,0.011025583816748563,0.4398546142436168,3.032776372,4.359,105.16,1.2,1.43212855,29.6,54.47751225,0.75,12.5405,12.0,44.40764437,22.00267361,0.000147517,0.0,843.6650239,5.71,9.405294095,0.0,1.6402264502412551,1.3498640383194004e-06,0.0,25.09685673,0.0972222222222222,0.3787280701754386,0.0909677180015236,5.90269410472161,884.35875816249,13.6850249190844,63.71,BFA,布基纳法索
2.736636763,0.0733221954202853,94.35470043,9.159800437,535.7073891,2402.986573,2412.233692,-10.23158124,77.477,,15.31531532,15.4,0.015116685363296911,0.43809544220237745,2.938165228,4.754,119.4,1.1,1.36111355,29.7,54.1709291,0.92,19.82,12.5,44.9132383,22.46258041,0.318683809,0.0,819.2373713,5.74,9.950800376,0.0,1.73367601779312,1.3107797940411033e-06,0.0,24.91410819,0.0972222222222222,0.3910453216374269,0.09175458558287723,5.60081992960194,883.52442124999,13.7081186673746,63.84,BFA,布基纳法索
-0.000227774,0.09523107259648111,92.72800969,2.40550487,476.958466,2501.346134,2444.730385,-4.037460657,77.075,39.76,15.31531532,15.0,0.010724831971593574,0.436183272559135,2.919160259,5.11,129.04,1.1,1.64177847,29.4,53.86076206,1.13,24.3387,12.6,45.43710673,22.92248684,1.034441905,0.0,795.6682041,5.64,10.24553819,0.0,1.5808267750347231,1.909603689761711e-06,0.0,24.73135965,0.0972953216374269,0.3973318713450292,0.10821087575316361,4.91774174633387,887.04091160037,16.2164032444971,78.19,BFA,布基纳法索
5.319349159,0.15737486085135632,86.05110683,3.779618728,545.4163085,2589.944687,2360.56964,-1.79655604,76.847,,15.31531532,15.0,0.009894068935849987,0.4343420312604125,2.925779475,5.464,124.54,1.0,1.30630887,30.2,53.54817925,2.4,35.2848,13.1,46.02128253,23.38239364,3.190180513,0.0,772.7259633,5.31,11.1109052,0.0,1.7072747227491492,2.472723082585613e-06,0.0,24.54861111,0.0975146198830409,0.40010964912280705,0.10509073100988854,4.89074730537989,889.04922649335,16.2164032444971,78.19,BFA,布基纳法索
3.516336236,0.19858784953356545,82.98274026,6.738004807,531.6695949,2710.61185,2375.265098,-1.327722672,76.538,,15.31531532,14.6,0.01167846937507755,0.43270260524785037,2.956570784,5.836,150.19,1.0,1.34620178,30.0,53.23372108,3.0,46.1058,14.8,46.75896711,23.84230044,5.609322782,0.0,750.2142012,5.3,11.84673185,0.0,1.885364007379797,3.601028165561831e-06,0.0,24.36578947,0.0976973684210526,0.4048976608187134,0.1272776872852737,5.00978022942274,895.73590058233,16.2164032444971,78.19,BFA,布基纳法索
3.288783465,0.17371207444041778,83.38944425,5.823999488,573.6468322,2496.704923,2431.322478,-1.29204166,76.292,,15.7480315,14.1,0.007999859651585117,0.4313900064679795,3.017170749,6.083,189.0,0.9,1.06450117,29.6,52.91757112,3.72503,58.0942,15.1,47.32852303,24.30220724,4.014861263,0.0,727.9170212,5.42,12.61116265,0.0,2.156841417430147,3.4940017016952955e-06,0.0,24.18296784,0.0975877192982456,0.40603070175438594,0.1428589833142202,4.91795276686956,905.37379647017,16.2164032444971,78.19,BFA,布基纳法索
2.665082759,0.1752415458471329,86.17196539,-2.129171178,606.4422754,2479.392021,2418.023971,-10.00828575,75.898,,15.7480315,13.5,0.0077623266094644094,0.43018446196976856,3.000836393,6.287,163.87,0.9,1.61236513,29.8,52.60026575,5.0,63.5243,15.4,48.11737683,24.76211404,2.853081735,0.0,706.3979137,5.5,13.34167494,0.0,2.50930341416802,3.3907099858500023e-06,0.0,24.0001462,0.0977339181286549,0.4074561403508771,0.1723734737637316,4.16040343849382,910.24687685401,16.2164032444971,78.19,BFA,布基纳法索
1.270476556,0.17593037162500288,85.69730499,-0.620386926,629.0830383,2575.991409,2419.559228,-7.164549468,75.506,35.300000000000004,,13.4,0.007391672279501993,0.42918454912078857,2.97337942,6.397,169.34,0.8,1.62685239,30.2,52.28272552,6.0,68.5396,19.2,48.68693275,25.22202047,2.230943599,0.0,685.7032142,5.55,13.91894862,0.0,2.270880900034665,3.839937999263939e-06,0.0,23.81732456,0.0982456140350877,0.4076023391812866,0.15691645392038744,4.38862839492218,906.6548025458,16.2164032444971,78.19,BFA,布基纳法索
0.888259828,0.18390556971773622,87.46719052,-2.223954179,604.9790733,2585.108932,2431.517148,-7.567512009,75.102,,9.448818898,13.6,0.007663163669403783,0.4285972878053384,2.961963065,6.698,192.98,0.8,1.45618761,30.4,51.96513315,6.55,76.9373,16.2,49.29303838,25.68192727,1.958313857,0.0,665.6907817,5.8,14.46474244,0.0,2.810273120268553,4.260421003087367e-06,0.0,23.63450292,0.0982456140350877,0.40756578947368427,0.19763741548589542,5.6980996936493,916.36818643767,16.2164032445085,83.26,BFA,布基纳法索
2.903509091,0.1955060408719233,85.26569524,2.604299192,628.8452972,2537.072051,2449.222777,-6.079638685,74.767,,9.448818898,14.0,0.006720201435911344,0.4284590482597853,2.925082514,6.889,205.94,0.8,2.38693118,30.5,51.64805693,7.14,79.6698,16.6,49.82604459,26.14183406,2.923116931,0.0,646.5008066,5.5,15.32654843,0.0,2.607861568151045,5.172006453009011e-06,8.894250130179402e-08,23.45175439,0.0977339181286549,0.4194809941520468,0.17708455206493393,5.07108346551715,917.53440518781,16.3027899451748,83.64,BFA,布基纳法索
3.216405217,0.20380017336575423,84.30217234,1.41629728,627.5842079,2504.689844,2448.063153,-6.353494975,74.479,,11.02362205,14.0,0.006844337789194466,0.42871370833018546,2.852915955,7.18,208.93,0.7,2.6879499,30.7,51.33083021,7.79,90.2081,17.0,50.3590508,26.60174086,3.273089184,0.0,628.3172954,5.61,16.27732923,0.0,2.943694183505306,2.3524199540101897e-05,8.644090044754789e-08,23.26900585,0.0973318713450292,0.42240497076023387,0.20137713308066937,4.82246791510977,906.92703421292,16.3280013609516,86.27,BFA,布基纳法索
3.767726783,0.20478202889422684,82.69870852,1.07396689,681.6134457,2569.633047,2423.098748,-4.183724914,74.215,,11.02362205,14.5,0.0066131793615091805,0.42942358968618116,2.697136754,7.457,254.91,0.7,2.12523532,30.8,51.01436487,8.5,94.622,14.4,51.19615058,27.0616473,3.001375278,0.0,611.597214,5.71,17.35237669,0.0,3.219685825925856,3.0237366260814018e-05,2.1876564137343598e-06,23.08625731,0.0954678362573099,0.4229897660818713,0.2148586328757086,4.20587032326719,885.67108016203,16.3280013609516,89.75,BFA,布基纳法索
3.243918662,0.20202318198199776,82.13543355,0.512900516,676.2129448,2622.432852,2473.805995,-3.267281979,74.13,43.02,13.38582677,14.3,0.003534982992063007,0.4307528230195356,2.52989804,7.428,261.75,0.7,2.23602796,31.0,50.69961677,9.27181,97.1499,17.6,51.67689035,27.52155409,2.894476027,0.0,596.3185108,5.57,18.37429372,0.0,3.2534070145484,2.976822005889528e-05,2.297082482531684e-06,22.90350877,0.095796783625731,0.44250730994152043,0.21643976667821777,3.98194080646162,868.45604624981,16.3302424318116,89.82,BFA,布基纳法索
-0.443420002,0.2466571171769018,80.02452983,6.465595788,665.6757962,2942.815828,2498.905488,4.193125124,71.738,,6.299212598,14.9,0.0044862421906155525,0.42070698911339566,2.435229593,7.315,261.62,0.6,2.84514332,,50.38626379,10.7927,102.973,18.5,52.15945797,27.98146089,3.460658562,0.0,581.972178,5.53,18.74375898,0.0,3.194500376276601,2.9052051126023048e-05,3.843118078339973e-06,22.72076023,0.0959795321637427,0.44331140350877196,0.20722865314411634,4.53016125503627,850.53791490917,16.3302424318116,89.82,BFA,布基纳法索
4.431005409,0.25602212620564524,81.31831018,0.112863113,599.0549533,3127.724933,2780.598795,0.39220886,70.646,,6.299212598,14.3,-0.006748933073080332,0.417886494820721,2.376492189,7.278,331.81,0.6,2.73058271,,50.07527195,12.5631,112.198,19.0,52.67089985,28.44136769,12.62278664,0.0,568.3047012,5.43,20.04504912,0.0,3.5603992139313982,2.8363860312886746e-05,3.4401247587135093e-06,22.5380117,0.0963815789473684,0.44586988304093567,0.2328230699701749,4.35661945922813,838.26599380282,16.3302424318116,89.82,BFA,布基纳法索
-0.693015915,0.24261077032727085,87.02563792,4.642584353,647.9418791,2814.568131,2825.837751,-7.539121154,69.567,37.39,16.90140845,13.9,0.01089164973520318,0.4125500610021628,2.309071474,7.278,411.23,0.6,2.62870407,,49.76626062,14.6238,119.463,19.5,53.3497394,28.90127449,,,555.3324847,5.4,20.37112847,,3.452542243852775,3.8651140932811075e-05,3.3233999067725594e-06,22.35526316,0.0972587719298245,0.4498538011695906,0.2264423739477449,4.85392424099262,,16.3302424318116,89.82,BFA,布基纳法索
0.688770925,0.2220994198107397,84.85638171,1.966481338,651.0573425,2803.610578,2846.314796,-5.057471625,68.631,,16.90140845,13.1,0.006457990115321222,0.4100743445085195,2.269736663,7.278,,0.5,2.45250058,,49.46066067,17.0226,,21.7,53.40200548,28.90127449,,,,,,,3.63871708920429,7.68703734458287e-05,3.2861598244602044e-06,22.17251462,0.0,,0.23890647168633972,,,16.3302424318116,89.82,BFA,布基纳法索
2.179818032,0.2410585297092772,,25.33125846,588.0694435,17083.44876,7513.125042,-18.0007856,51.523,,10.12658228,50.3,0.01784142387873855,0.3104207818068151,3.02394158,7.221,52.96,13.2,1.92502928,27.2,47.32915761,0.23313,1.17383,20.2,30.34073636,3.661604272,0.004273548,6.483505828,7767.415305,12.53,5.342261672,0.007409366,4.84113061918408,0.0,0.0,63.24836223,3.7664482976634073,0.005595985956227552,0.20411802965273745,22.3482522173004,1015.08692261704,29.621877207094,88.67,ZMB,赞比亚
1.338194901,0.22795281151233326,,19.39092327,550.3497821,17765.72525,8030.02012,-15.81421084,51.042,,12.02531646,50.1,0.02221144110698603,0.31133930111798996,3.078123509,7.306,59.67,12.9,1.89818621,26.9,48.56693101,0.477751,1.30628,17.4,30.42279288,3.473277822,0.00874259,7.469566476,7531.966954,12.37,5.642472656,0.004942648,4.9827370845542,0.0,0.0,63.20020447,3.770456960680128,0.005595985956227552,0.19839650452871255,21.1975122046426,999.3421660673,29.621877207094,88.67,ZMB,赞比亚
3.676858876,0.19992371221227737,,17.60772368,549.3844668,18256.95382,8582.684758,-13.5299667,50.658,42.06,12.02531646,50.1,0.02383359815109065,0.312165643398177,3.103550452,7.676,47.39,12.6,1.45376873,26.2,49.79466624,0.980483,2.19418,18.5,30.81693324,3.86607299,0.002714856,10.39193706,7301.798728,11.94,6.034340913,0.005016766,5.112774082851831,0.0,0.0,63.1520467,3.774963343601609,0.0055825340669096975,0.20329996544847112,20.4947916673061,976.74907463737,29.621877207094,88.67,ZMB,赞比亚
3.684948863,0.2533309882835239,,19.71682321,543.4483795,18939.31006,9081.763115,-7.148788308,50.246,57.0,12.02531646,49.5,0.018623024830699775,0.3129069539974518,3.177458317,8.045,42.84,12.3,1.31544065,25.9,51.01232409,1.1,4.09548,20.3,30.80079097,3.849930723,2.21015639,7.706043813,7073.434421,11.47,6.458699609,0.006634064,5.136520448629435,0.0,0.0,63.10388894,3.837877829941215,0.00547491895236686,0.19805328448136114,19.1789782963999,951.94498606664,29.621877207094,88.67,ZMB,赞比亚
3.752643862,0.2172381426122532,,16.65019907,510.00647,19653.81932,9721.255864,-2.784984149,49.872,54.26,12.65822785,49.4,0.02127028096557182,0.31360822280811745,3.301863201,8.415,61.04,12.1,1.24335968,25.4,52.21935831,1.3,8.10286,23.3,30.61919047,3.668330217,3.532681471,6.153494964,6843.693038,11.04,6.926025214,0.005023474,5.245021385838328,0.0,0.0,63.05573118,3.839559316105947,0.005232784944645475,0.2068453624038395,21.8811068249665,927.27691312049,29.621877207094,88.84,ZMB,赞比亚
4.249832177,0.2955272947555708,,14.54225268,470.6111177,20282.77245,9907.973547,4.644745062,51.417,,14.64968153,48.1,0.02088540153056284,0.3143413446480674,3.444886034,8.784,69.62,11.9,1.32859325,24.9,53.41626029,1.6,13.713,24.1,31.0039145,4.053054251,8.003434022,3.852538647,6611.950168,10.47,7.473437084,0.001553453,5.139440282352624,0.0,0.0,63.00757341,3.842438020419968,0.005232784944645475,0.19255587242167949,19.0729108613416,910.60165521017,29.6454089462989,89.03,ZMB,赞比亚
4.596715271,0.328449441755662,,12.97021073,424.0090745,20749.58921,10201.90554,-1.238020399,52.958,54.57,15.18987342,46.8,0.01968003340102098,0.31507697719514033,3.52770643,9.154,69.27,11.7,1.48783338,24.1,54.60250799,1.9,21.0029,18.5,30.91782241,3.96696216,9.042404287,4.50631801,6382.766213,9.84,8.097651152,0.000446933,4.490255592515861,0.0,0.0,62.95941565,3.849311935861392,0.0053538519485061675,0.1778233256679123,21.3764786519254,884.28986565396,29.7732852013919,90.66,ZMB,赞比亚
3.997731851,0.28468763575532163,,10.64024482,387.1009003,20261.49995,10561.69853,-3.330579053,54.47,,15.18987342,45.6,0.020565791922575904,0.3158557455447695,3.566638552,9.156,92.91,11.7,1.58524466,23.9,55.77903866,2.2,27.1785,25.7,31.05637687,4.10551662,5.72582498,3.373041414,6159.127904,9.45,8.727154116,5.21e-05,4.719468476943398,0.0,0.0,62.91125789,3.8501594048884167,0.005394207616459731,0.18947646514286873,21.6479756253432,863.43571934669,29.7732852013919,90.66,ZMB,赞比亚
5.422723095,0.28130895790830324,,5.55968566,401.2987682,21027.42373,10011.18068,5.953428185,52.855,,14.01273885,44.9,0.019166590681134243,0.31665921568310595,3.538918466,9.158,76.75,11.7,1.66772234,23.8,56.94393211,2.5,32.6653,26.6,31.72762615,4.775420708,5.669434705,2.913153994,5944.973121,8.88,9.531828131,1.94e-05,4.594289360352939,0.0,0.0,62.86310012,3.845518503073756,0.005717052960088244,0.1752905784999973,20.5085310375409,845.17492751132,29.7732852013919,90.67,ZMB,赞比亚
6.545123584,0.3552825672384975,61.2560192,13.95091319,392.2767326,20607.65843,10063.64196,7.525491477,51.272,52.01,14.01273885,43.9,0.01807250474179578,0.31744113426181514,3.461922742,9.16,87.81,11.7,1.55979979,23.6,58.09906025,3.0,39.0029,22.0,31.52584781,4.573642368,8.645064381,1.335691803,5742.684486,8.31,10.51343708,2.78e-05,4.61432293832349,0.0,0.0,62.81494236,3.845437791737849,0.005972638857127484,0.1642929929081427,21.8340490148988,837.06603771728,29.7732852013919,90.67,ZMB,赞比亚
2.116508296,0.3836822668373022,60.64305964,11.10741327,415.3363791,19069.55114,8860.443965,4.658236558,52.793,,11.46496815,42.8,0.016644403824521925,0.3181354688762745,3.325275684,9.162,100.59,11.7,1.5735333,20.7,59.24346386,3.5,56.5499,28.3,31.79488559,4.842680154,7.670686743,0.0,5554.864468,8.28,11.0989569,3.02e-05,5.127915353676332,0.0,0.0,62.56180471,3.8462314532076034,0.006255128532802431,0.16946074421608393,20.029309197504,836.22049916949,29.7732852013919,90.68,ZMB,赞比亚
4.164388005,0.36721083061293236,59.10982387,6.992227249,427.6917269,16957.2089,8197.853989,5.378984862,54.342,,11.46496815,41.1,0.014885120066386648,0.31887376305257426,3.242600262,9.165,106.86,11.8,1.54221773,20.4,60.37931668,4.1,70.5709,29.2,32.06392338,5.111717941,4.922836435,0.0,5377.631427,8.07,11.94218695,0.002215346,5.495377730211578,0.0,0.0,62.30866705,3.8462718088755574,0.0061878690862131585,0.19650861027855795,20.5083473583921,823.23037681391,29.7732852013919,90.68,ZMB,赞比亚
1.746180594,0.3783182725245749,59.4208042,9.73089122,397.0094628,15893.36532,8506.413363,-0.575955751,54.63,,11.46496815,39.1,0.012622649223221538,0.3197744632328976,3.202688457,9.167,120.54,11.8,1.30987322,20.4,61.50689445,4.8,67.5096,30.1,31.93074967,4.977199048,4.423296671,0.0,5208.131413,7.9,12.54616747,0.002051147,5.55316688728258,6.493929442287702e-08,0.0,62.0555294,3.8459893191998815,0.006214772864848868,0.20590408122035483,19.6913412070444,809.3715278117,29.7732852013919,90.68,ZMB,赞比亚
1.424322409,0.3571714964722702,59.54170814,5.440524581,388.1865741,15061.00394,8562.652835,-1.42709396,54.974,,10.75949367,37.3,0.0111699890655228,0.3208884504648068,3.172203429,9.169,129.56,11.9,1.89382219,20.6,62.62519105,6.5,63.6343,27.9,31.93209486,4.977199048,2.957008733,0.0,5045.511838,7.86,13.13499464,0.001611518,5.924330450782383,6.291161892670891e-08,3.840692125387889e-06,61.80239175,3.8452494652874,0.0061878690862131585,0.2271920065126108,18.3014512970949,797.34636492418,29.7732852013919,90.68,ZMB,赞比亚
-0.241301067,0.3108998445825888,61.37543426,6.659292114,347.4410232,14784.77434,8307.139013,-3.612272079,55.266,54.6,12.65822785,35.1,0.010297958708346489,0.32214704121674076,3.120137279,9.171,161.52,11.9,2.0905416,20.9,63.73489907,8.8,70.4778,31.1,31.93344005,4.977199048,1.867989995,0.0,4890.515565,7.83,13.51858575,0.001497974,5.909825648003079,6.09789970650199e-08,3.8800049706114775e-06,61.54925409,3.8452494652874,0.006160965307577449,0.24029464783074228,20.3221042395838,790.67409029341,29.7732852013919,90.7,ZMB,赞比亚
0.593979724,0.30403066016793184,60.56697781,13.57610117,346.5793742,14936.02148,8123.018986,-4.551688275,55.597,,17.96407186,33.4,0.006603214332762342,0.32353737399141547,3.094090541,9.173,179.73,11.8,1.71430743,21.2,64.83505448,10.3,71.0461,35.4,31.93344005,4.977199048,1.91965551,0.0,4741.515569,7.73,14.02622221,0.003457297,5.895443945231743,5.912114176167877e-08,3.843128387972206e-06,61.29595502,3.842855028988821,0.006201320975531013,0.25001347861526224,18.9240434821545,781.16598822719,29.7732852013919,90.7,ZMB,赞比亚
0.398377781,0.30919545830903034,53.66726516,10.07283709,365.8699033,15079.49863,7853.680102,-1.681270576,55.924,,17.96407186,31.8,0.007116098742004695,0.32504890684879356,3.067541377,9.175,208.05,11.8,2.51039147,20.6,65.92592598,12.2,77.05,40.3,32.06795894,5.111717941,3.269067559,0.0,4598.275819,7.77,14.52076755,0.009217608,6.682453179336891,5.733510995727388e-08,3.85027694384198e-06,61.04288462,3.841106283377501,0.00593228318917392,0.32609497669901133,17.7263600886994,758.66150201617,29.7732852013919,90.7,ZMB,赞比亚
0.953733735,0.3433478707974683,57.60654106,7.411570948,285.0999573,15022.53065,7935.300339,-1.301166776,55.533,,17.96407186,31.5,0.009323630693262253,0.3266119266574157,3.006018618,9.177,217.51,11.7,2.08801126,20.5,67.00737104,14.3,86.0723,40.2,32.06795894,5.111717941,4.339175671,0.0,4462.107665,7.69,15.10660703,0.015257122,7.064737044267281,6.676470321503759e-07,3.396599259226701e-06,60.78970661,3.8402722662397935,0.005717052960088244,0.3948180698001605,18.9152504880239,742.63374095636,29.7732852013919,90.7,ZMB,赞比亚
-1.518949511,0.30199066141986125,59.86160556,7.633470481,304.5483256,15132.44637,7059.030054,0.603690809,56.247,,17.96407186,32.1,0.012488332421384696,0.3348947779010069,2.961621662,9.18,209.81,11.5,2.25830793,20.5,68.07888521,18.7,93.0148,43.0,32.06795894,5.111717941,1.313441861,0.0,4331.894644,7.5,15.32433947,0.010717269,6.695537351347046,5.2069157563701404e-05,3.343923233778796e-06,60.53651515,3.846433231547371,0.0059457350784917744,0.34260537390435336,19.8185671133,726.63088909765,29.7732852013919,90.7,ZMB,赞比亚
-5.567735025,0.43687852555949525,51.99783961,13.91387062,328.4230482,15232.91446,6542.547554,11.79095711,57.2,,16.76646707,33.9,0.007104936897987635,0.34493487332625195,2.904164937,9.182,266.64,11.1,3.59365153,,69.140358,24.5,100.235,44.6,32.06795894,5.111717941,5.588258653,0.0,4207.898519,7.88,14.89754818,0.013033566,6.891600016059533,5.057873033220625e-05,3.383548746483296e-06,60.28333714,3.846554298551231,0.005865023742584646,0.36330148081825264,17.3888784940877,712.82985228615,29.7732852013919,90.7,ZMB,赞比亚
3.285754611,0.49840659840424123,47.52800367,25.14277761,347.8123746,13467.98932,6759.074127,11.90035135,56.975,,15.06024096,35.7,-0.015751014030712884,0.3432060742699035,2.815342406,9.184,312.77,10.7,2.82306838,,70.22282985,32.5,103.283,46.7,32.06795894,5.111717941,21.02000619,0.0,4091.08385,7.82,15.82639869,0.023071221,7.187105119623984,4.9186866478194546e-05,3.377341859380266e-06,60.03015012,3.850455346453409,0.005999542635763193,0.36852563959275453,17.5878088739581,681.92993518939,29.7732852013919,90.7,ZMB,赞比亚
2.343364502,0.39922805430749936,50.03369193,6.14031839,314.9546008,13538.55608,6962.675772,3.747846616,55.964,50.7,15.06024096,36.2,0.046758494620207536,0.3426738572807598,2.76365043,9.184,344.27,10.3,2.50694346,,71.29588796,15.0,98.4373,47.8,32.06795894,5.111717941,,,3979.568637,,16.65114772,,6.779246623611257,4.786001921903396e-05,3.2426159048601253e-06,59.77696915,3.859266333956604,0.006012994525081047,0.3324564202996109,20.9727653016531,,29.7732852013919,90.7,ZMB,赞比亚
2.464640311,0.37823687229939856,60.41789301,7.094629603,232.1984312,12382.43962,7110.045319,-3.037510169,58.33,,14.97005988,37.2,0.01639118246296678,0.35965188128816084,2.794067587,9.184,,9.8,2.43413329,,72.35900478,33.0,102.062,51.1,32.06795894,5.111717941,,,,,,,8.389775469314651,6.465944137620383e-05,3.111778661128795e-06,59.52378415,0.0,,0.49190487727613896,,,29.7732852013919,90.7,ZMB,赞比亚
