Alpha-3 code,CountryName_CN,Numeric,Year,SDI,SDI_Economy,SDI_Society,SDI_Resource,SDI_Ecology,SDI_Economy_TwoStage,SDI_Society_TwoStage,SDI_Resource_TwoStage,SDI_Ecology_TwoStage,SDI_TwoStage,rank_global_critic,rank_two_stage,rank_change_two_stage_minus_global,abs_rank_change,sdi_difference
AGO,安哥拉,24,2001,0.38608222890127253,0.3520617824984728,0.26510536797907547,0.5001035366250624,0.4307810913586525,0.34918532341526803,0.2792617066040634,0.4995912220679936,0.4392157890102576,0.3918135102743957,28.0,23.0,-5.0,5.0,0.005731281373123176
AGO,安哥拉,24,2002,0.38972877194676925,0.32871947256061146,0.2671013737378742,0.5168844060227924,0.4379797904007623,0.327185582340466,0.2821449208759774,0.5156905649502532,0.44713944974923664,0.3930401294789833,29.0,25.0,-4.0,4.0,0.0033113575322140654
AGO,安哥拉,24,2003,0.39512460762580176,0.3309510408175324,0.28021001739841916,0.5190354894744447,0.4401420626557503,0.3305272589844812,0.2957522018501367,0.5176739511060363,0.4495860701780125,0.3983848705296667,29.0,24.0,-5.0,5.0,0.003260262903864941
AGO,安哥拉,24,2004,0.402424177986764,0.366492633833866,0.29445125033667235,0.516725633455501,0.43712561725392085,0.3663645514597509,0.3102633622033935,0.5154746680221478,0.4464057485932737,0.4096270825696415,28.0,21.0,-7.0,7.0,0.0072029045828774785
AGO,安哥拉,24,2005,0.4066280831799995,0.40481157228362447,0.30572655769776436,0.5118722573519121,0.4284655370750918,0.40317673440917595,0.32219444271242875,0.510990136695681,0.4370625429533814,0.4183559641926668,28.0,18.0,-10.0,10.0,0.011727881012667307
AGO,安哥拉,24,2006,0.4203945508793572,0.41627066890218073,0.3257078052228364,0.5124899676947309,0.4455954128913448,0.4147514428852486,0.3422302004192514,0.5114490125868404,0.4557985381507443,0.43105729851052116,22.0,15.0,-7.0,7.0,0.010662747631163982
AGO,安哥拉,24,2007,0.4244363965058302,0.42723216209513976,0.35338337452284563,0.5070461281017749,0.4334528932984986,0.4251332622242407,0.3697100974017354,0.5061249109951875,0.44261565196590813,0.43589598064676793,21.0,15.0,-6.0,6.0,0.011459584140937729
AGO,安哥拉,24,2008,0.438903516854859,0.422413661265379,0.41643471990483355,0.49762103827676607,0.4293025507716928,0.4198800375524729,0.43676591556985167,0.49698398467014626,0.4381757634835152,0.4479514253189965,20.0,9.0,-11.0,11.0,0.0090479084641375
AGO,安哥拉,24,2009,0.4422781395803993,0.3648102013535644,0.4306093784579229,0.520620496208944,0.4347185444993938,0.36425912006457956,0.4510146499773352,0.5188811259052775,0.4441477636796933,0.4445756649067214,21.0,13.0,-8.0,8.0,0.002297525326322103
AGO,安哥拉,24,2010,0.4401691324384102,0.40751224059443286,0.4280112506340109,0.5142762915692591,0.41922315826253176,0.4058564325786556,0.44898620841945047,0.5127793159562448,0.42721988317481113,0.4487104600322905,24.0,14.0,-10.0,10.0,0.008541327593880266
AGO,安哥拉,24,2011,0.46601175721363003,0.4161291715485545,0.439121657777091,0.515042512922182,0.4776446919304529,0.4142737161222711,0.45910080725949537,0.5134976213287824,0.48469077296237995,0.4678907294182322,18.0,9.0,-9.0,9.0,0.0018789722046021473
AGO,安哥拉,24,2012,0.46774540677234644,0.4224030245443996,0.43780013857265604,0.518943982812967,0.4789622977102283,0.4213484668213319,0.4567437062658108,0.517162281298759,0.48621448208738083,0.47036723411832065,18.0,9.0,-9.0,9.0,0.0026218273459742147
AGO,安哥拉,24,2013,0.4695024418377606,0.4117132455754497,0.4480531148738347,0.5251946452973256,0.4757619916754554,0.4110312358238968,0.466317863785622,0.5230935108563869,0.48277908054027463,0.47080542275154513,21.0,9.0,-12.0,12.0,0.0013029809137845572
AGO,安哥拉,24,2014,0.473725394455486,0.39369437272829694,0.45234155451363695,0.5345424888487229,0.48503483331691516,0.39439099997993343,0.47026711163358725,0.5320150114760699,0.49294535098510506,0.4724046185186739,22.0,11.0,-11.0,11.0,-0.0013207759368121241
AGO,安哥拉,24,2015,0.47048299025282264,0.3612021634541757,0.4600202270160843,0.540121076976548,0.47846479315352264,0.3627799984142359,0.4780867008656075,0.537292940833262,0.4858501550155857,0.4660024487821728,22.0,12.0,-10.0,10.0,-0.004480541470649857
AGO,安哥拉,24,2016,0.4708701593775966,0.38197680141389095,0.4554023895682908,0.5340118324462069,0.4792607671197361,0.38154733646120287,0.4736004429934206,0.531560451099601,0.48685569745293955,0.46839098200179097,22.0,14.0,-8.0,8.0,-0.002479177375805608
AGO,安哥拉,24,2017,0.4709968851836258,0.38082094018232515,0.44895315067200287,0.5298744854371151,0.48762719122052195,0.3808053966075324,0.46553280677039155,0.5277641396807035,0.49615136046542696,0.46756342588101363,23.0,16.0,-7.0,7.0,-0.003433459302612185
AGO,安哥拉,24,2018,0.4715353192595232,0.40214652334849327,0.4514047618892528,0.5249942666292079,0.4822091626491383,0.4012315385527485,0.4678761748343447,0.5230553611613287,0.49035789697401,0.47063024288060795,24.0,17.0,-7.0,7.0,-0.0009050763789152372
AGO,安哥拉,24,2019,0.4692922667924183,0.3954480813289756,0.45470944115021456,0.5264530537041415,0.47495873273649764,0.39490713815351747,0.4701873463596204,0.5244301554813817,0.48249849380773313,0.4680057834505632,25.0,19.0,-6.0,6.0,-0.0012864833418551047
AGO,安哥拉,24,2020,0.47339208451934645,0.3701549746428408,0.46443012314324994,0.5339395419076802,0.48319821469563384,0.37037146352874073,0.4788938684337803,0.5317485746352959,0.4917023909321856,0.4681790743825006,25.0,20.0,-5.0,5.0,-0.00521301013684583
AGO,安哥拉,24,2021,0.4769618490869019,0.398636923218902,0.4673705763783559,0.5247918967160442,0.4855734436789742,0.3980312713856188,0.48114143218506733,0.522913064388573,0.49432504291937873,0.4741027027196595,26.0,20.0,-6.0,6.0,-0.0028591463672424378
BWA,博茨瓦纳,72,2001,0.4718623267565705,0.41045723508169696,0.285807554531769,0.5155723252046307,0.6195842788869729,0.4108968758068333,0.2905007410845059,0.512447839971884,0.6207577795103532,0.4586508090933941,6.0,7.0,1.0,1.0,-0.013211517663176409
BWA,博茨瓦纳,72,2002,0.4756769110223647,0.4086885503374916,0.29690878896950446,0.5169953055206964,0.6208952530672305,0.4090000206554865,0.30140089315528557,0.513766648638289,0.6222827478739446,0.4616125775807514,5.0,5.0,0.0,0.0,-0.014064333441613286
BWA,博茨瓦纳,72,2003,0.4777027204654241,0.4119426113181399,0.3077590657194881,0.5148053789816223,0.6177560847709018,0.41253631001481733,0.31209335073525163,0.5116359651463307,0.6190275055533678,0.46382328286244184,5.0,5.0,0.0,0.0,-0.01387943760298227
BWA,博茨瓦纳,72,2004,0.4755268481576611,0.39556200032151356,0.3040309363149204,0.5107259031711658,0.623072173207737,0.3957447287705794,0.3072294653749246,0.5077297331683603,0.6247183590064949,0.4588555715800898,6.0,7.0,1.0,1.0,-0.01667127657757128
BWA,博茨瓦纳,72,2005,0.475235682695955,0.43032014402356106,0.2998002419142174,0.5135410931861306,0.611499904729799,0.4289085089208265,0.3036960327305828,0.5103562823968468,0.6120329584874593,0.46374844563392886,6.0,7.0,1.0,1.0,-0.011487237062026145
BWA,博茨瓦纳,72,2006,0.4864404847221946,0.45125810123949817,0.3213533622160175,0.5005425517699493,0.6247198679366223,0.4494999280737876,0.32366523518091467,0.4976632638588699,0.6264463750432481,0.47431870053920505,6.0,5.0,-1.0,1.0,-0.012121784182989537
BWA,博茨瓦纳,72,2007,0.4897593757475716,0.44597976377136345,0.34148366791174845,0.5003576937218219,0.6195540900617617,0.44424811737872705,0.34273414548296316,0.49744630723770655,0.6209600175255969,0.4763471469062484,6.0,6.0,0.0,0.0,-0.013412228841323204
BWA,博茨瓦纳,72,2008,0.49519686908273297,0.4106363778090813,0.3696230563825341,0.5113423918921007,0.6181816123221803,0.41009710640902863,0.36913234016859364,0.5080139741432035,0.6196017347565417,0.4767112888693419,5.0,6.0,1.0,1.0,-0.018485580213391084
BWA,博茨瓦纳,72,2009,0.4898999615598569,0.34849631093880223,0.3751339091227132,0.5154793623409912,0.6192826340027472,0.34944950258108065,0.37306373108722285,0.5122440462441916,0.620779430274172,0.4638841775466668,6.0,8.0,2.0,2.0,-0.026015784013190102
BWA,博茨瓦纳,72,2010,0.5016990427507505,0.39056927464537583,0.408102558169849,0.5164885150857921,0.6091901647685459,0.392538210452613,0.4045804246056728,0.5131821890651951,0.6098371229660766,0.48003448677238936,5.0,7.0,2.0,2.0,-0.021664555978361144
BWA,博茨瓦纳,72,2011,0.5165094531340312,0.40270569752518287,0.436415242986935,0.5193929059070368,0.6208821957552676,0.40398912640786794,0.43094319364676487,0.5159171057561525,0.6226108807147244,0.4933650766313774,4.0,5.0,1.0,1.0,-0.023144376502653774
BWA,博茨瓦纳,72,2012,0.521200063786766,0.39259516366882086,0.4636324934873812,0.5171160961589913,0.6166977522347168,0.39347386174277765,0.45671365460625923,0.5137935881955116,0.6181954055979211,0.4955441275356174,5.0,6.0,1.0,1.0,-0.025655936251148592
BWA,博茨瓦纳,72,2013,0.538386554407767,0.4514491798647217,0.49160640151163154,0.5219215137539044,0.6171894830541472,0.45108225532312085,0.48264216258804665,0.5184868966606788,0.6187420778451254,0.5177383481042429,4.0,4.0,0.0,0.0,-0.02064820630352404
BWA,博茨瓦纳,72,2014,0.5502233766231587,0.460842159770153,0.5126441303927245,0.5231344004245855,0.6285698933645155,0.45979816053401573,0.502746863410443,0.5196603098695213,0.6310847070646708,0.5283225102196627,4.0,4.0,0.0,0.0,-0.021900866403495978
BWA,博茨瓦纳,72,2015,0.5389350293863095,0.41651516930701055,0.5156293188218264,0.5183730020462969,0.6139299157139395,0.4164036497373234,0.5060307316656224,0.5146036730056331,0.6147003031816485,0.5129345893975569,5.0,5.0,0.0,0.0,-0.026000439988752677
BWA,博茨瓦纳,72,2016,0.5452816197963214,0.4503862063968857,0.5178056136267393,0.5188462657040551,0.6170683709992484,0.45059879315260065,0.5080901775558905,0.5148543487587064,0.6179128090056165,0.5228640321182034,4.0,4.0,0.0,0.0,-0.022417587678117967
BWA,博茨瓦纳,72,2017,0.5514762750074057,0.42606135274766077,0.544753266342601,0.5218205504216145,0.6193581274826353,0.4274749985866005,0.5338742430074156,0.5179947867870314,0.6206651903101776,0.5250023046728063,4.0,4.0,0.0,0.0,-0.026473970334599417
BWA,博茨瓦纳,72,2018,0.5503055080194065,0.42125462105196204,0.5486752924824001,0.5221318812839193,0.6145279817483472,0.422772593854984,0.5372175861324652,0.5183890964174137,0.6154907073662179,0.5234674959427702,5.0,4.0,-1.0,1.0,-0.026838012076636275
BWA,博茨瓦纳,72,2019,0.5585815910170139,0.39849873042122774,0.5800097868744586,0.525936080826695,0.6179377201646806,0.4012451254474258,0.5666922164113195,0.5222081212174681,0.6193599028620904,0.527376341484576,4.0,5.0,1.0,1.0,-0.031205249532437862
BWA,博茨瓦纳,72,2020,0.5637498926918885,0.37947178488607447,0.5985338457915297,0.5251785868531399,0.6244566215179653,0.38203643596267395,0.5842174804000138,0.5216477674365845,0.6267043401879735,0.5286515059968114,5.0,5.0,0.0,0.0,-0.03509838669507703
BWA,博茨瓦纳,72,2021,0.5809959937914325,0.43739792334192806,0.6344417391329236,0.5254748225421938,0.6216170588755218,0.4394682594143811,0.6176174097516054,0.5218365626261907,0.6235200706478676,0.5506105756100113,4.0,4.0,0.0,0.0,-0.030385418181421264
BDI,布隆迪,108,2001,0.3287801419975595,0.25080886503102245,0.2668762161740885,0.4430914935942942,0.3364488073627646,0.2551504277033051,0.2838674221265443,0.4435107267152855,0.34319130622524213,0.3314299706925943,44.0,45.0,1.0,1.0,0.0026498286950347727
BDI,布隆迪,108,2002,0.3355316170939561,0.2565824026595412,0.2718941228192565,0.43038249906563397,0.35600799699143704,0.2610033954645435,0.29002434612194244,0.4308949917146561,0.36426285199994113,0.3365463963252708,44.0,45.0,1.0,1.0,0.0010147792313146553
BDI,布隆迪,108,2003,0.3279401515326355,0.24346446581086742,0.2675194621905266,0.3913086967927777,0.36616987312706195,0.2474465488894672,0.2857762746843388,0.39212226301661623,0.37535138779620586,0.325174118596657,44.0,45.0,1.0,1.0,-0.0027660329359784908
BDI,布隆迪,108,2004,0.3308623856238624,0.245313584029099,0.28383907816851245,0.41788618975853387,0.34610341280975443,0.24953989775026236,0.30134655227863005,0.4184196537967407,0.353487797668028,0.33069847537341523,44.0,45.0,1.0,1.0,-0.00016391025044715235
BDI,布隆迪,108,2005,0.3400957512602039,0.24509909141438307,0.3042929565848208,0.4314127584298131,0.3480996557749164,0.24887207208040438,0.32482771172012037,0.4317703782271242,0.35567194061705637,0.3402855256611763,44.0,45.0,1.0,1.0,0.00018977440097239784
BDI,布隆迪,108,2006,0.349330468439626,0.23118942948051244,0.311969340253299,0.44112047308033214,0.3665756839254307,0.23592669499923355,0.33234897600947916,0.44134578524859325,0.37582447021176013,0.3463614816172665,44.0,45.0,1.0,1.0,-0.0029689868223595206
BDI,布隆迪,108,2007,0.33628885770682604,0.233549835415276,0.31670502136235384,0.4216548823777567,0.3386807422004564,0.23803549306756383,0.337018895995383,0.4220062900077663,0.3454232922223709,0.33562099282327096,44.0,45.0,1.0,1.0,-0.0006678648835550804
BDI,布隆迪,108,2008,0.3314478214132772,0.21588694163158048,0.29926855180277345,0.4223582404192958,0.34448359736240997,0.22076837207283498,0.3199839135582,0.4226759426791547,0.3517392752502127,0.32879187589010056,45.0,45.0,0.0,0.0,-0.0026559455231766615
BDI,布隆迪,108,2009,0.341784709499166,0.2285963321942362,0.3087406395962931,0.4302605919478014,0.35599266769414073,0.23308797502533868,0.32880875705651,0.43046377990399703,0.36431567917303104,0.3391690477897192,44.0,45.0,1.0,1.0,-0.002615661709446826
BDI,布隆迪,108,2010,0.3437466942168862,0.2210773889035544,0.3193118824482192,0.44771321836687705,0.34619708041038455,0.22584527553723924,0.3390950806437522,0.44773661470314413,0.35363728322889737,0.34157856352825827,45.0,45.0,0.0,0.0,-0.002168130688627923
BDI,布隆迪,108,2011,0.35356486234292533,0.2258827847253456,0.3554684248663566,0.44506557500251104,0.3457765731917223,0.2304955118751052,0.3739213707997165,0.44510931138103316,0.35306009838559615,0.35064657311036274,43.0,45.0,2.0,2.0,-0.0029182892325625986
BDI,布隆迪,108,2012,0.35609297046073696,0.22805778371461485,0.34407160005596654,0.4662095967519198,0.347890801532696,0.23252706660411804,0.36291170938317496,0.46601899352850684,0.3552535634498381,0.3541778332414095,43.0,45.0,2.0,2.0,-0.0019151372193274563
BDI,布隆迪,108,2013,0.3571944676326656,0.2269119482782798,0.32585640014431766,0.46574588926003047,0.36480158894807313,0.23162049690031764,0.3453560202221013,0.46555580556511894,0.37116708714103136,0.3534248524571423,43.0,44.0,1.0,1.0,-0.003769615175523322
BDI,布隆迪,108,2014,0.36999410525751447,0.2187470797925471,0.35526614434451725,0.46898228724788893,0.37856580400633055,0.22362580527470624,0.3735618311377267,0.4687075426391393,0.3860605441020821,0.36298893078841354,43.0,45.0,2.0,2.0,-0.007005174469100928
BDI,布隆迪,108,2015,0.37700841007550345,0.22082221064460253,0.3869008866993422,0.472383857984293,0.37147838029950603,0.2254138087238608,0.4057253206288034,0.47210357343725184,0.3782034358075547,0.3703615346493677,43.0,45.0,2.0,2.0,-0.006646875426135734
BDI,布隆迪,108,2016,0.3774403208310349,0.22571689044819573,0.3917066047325938,0.46256950858054874,0.37299453267889654,0.23046524401083618,0.41060582989292793,0.4623981691875255,0.3798663303052561,0.37083389334913647,44.0,45.0,1.0,1.0,-0.006606427481898436
BDI,布隆迪,108,2017,0.38346128544911906,0.22658381684113219,0.3875033242163867,0.4636553929499682,0.391179169330822,0.23118045648187824,0.406095167388661,0.46348481757686655,0.39968906854666697,0.3751123774985182,44.0,45.0,1.0,1.0,-0.008348907950600837
BDI,布隆迪,108,2018,0.38651342251847304,0.22737340118059554,0.3871877725430634,0.47575913941470105,0.39230345551450563,0.23209339024148168,0.40535311237680555,0.4754564979839907,0.40090171323931206,0.3784511784603975,44.0,45.0,1.0,1.0,-0.00806224405807554
BDI,布隆迪,108,2019,0.37974205060132704,0.22531275797865652,0.3923848783367312,0.4770714076128475,0.3704457649226917,0.2299784667731094,0.4100673439176789,0.47674231393217753,0.37706557863835166,0.3734634258153294,44.0,45.0,1.0,1.0,-0.006278624785997666
BDI,布隆迪,108,2020,0.3831814669572518,0.22381776715997512,0.400043918516973,0.47451469388974427,0.376039228822383,0.22810528259910204,0.41799911275518686,0.4742195955554467,0.3831634499812666,0.37587186022275054,44.0,45.0,1.0,1.0,-0.007309606734501262
BDI,布隆迪,108,2021,0.38852489107885696,0.22643821072074335,0.4132853160612359,0.4758312247803246,0.37891994614991004,0.2310111478538308,0.43050100772251204,0.4755043158097861,0.3863064399505482,0.38083072783416927,44.0,45.0,1.0,1.0,-0.007694163244687691
CMR,喀麦隆,120,2001,0.37413084878348896,0.28001521838494525,0.3131302820005942,0.5278893133591023,0.36917490373875445,0.28350988352530715,0.3289810949337426,0.5265988109522831,0.37997225705481685,0.3797655116165375,35.0,29.0,-6.0,6.0,0.0056346628330485315
CMR,喀麦隆,120,2002,0.37574729888910147,0.27584963129879186,0.3232578180929054,0.5276523258629842,0.3670589579217634,0.27944639982259617,0.33965675068955514,0.5263484509476258,0.3776906152696596,0.38078555418235915,35.0,33.0,-2.0,2.0,0.005038255293257687
CMR,喀麦隆,120,2003,0.3789424554270728,0.27611637540662987,0.32996677658937307,0.5268983477750978,0.37073969393253825,0.2798000224976773,0.34647472214378944,0.525563698520896,0.38172530005849453,0.38339093580521433,36.0,31.0,-5.0,5.0,0.0044484803781415505
CMR,喀麦隆,120,2004,0.3812036027638553,0.2794775110782437,0.3361773651064489,0.5293156861476449,0.3693154777042615,0.28330018714291755,0.35287391625679243,0.5279478944508933,0.37968550025651143,0.38595187452677865,36.0,32.0,-4.0,4.0,0.004748271762923362
CMR,喀麦隆,120,2005,0.38883193534727495,0.2755757697423932,0.344975629190724,0.5263339172761166,0.3862696879000732,0.27896629687148056,0.3616375738059633,0.5250893430312822,0.39639079438557023,0.39052100202357404,34.0,32.0,-2.0,2.0,0.0016890666762990891
CMR,喀麦隆,120,2006,0.3974103667112507,0.28689860041017634,0.35625870547428273,0.5381614821566693,0.3897971415192455,0.2899189174578209,0.37279182762946567,0.5372429375599618,0.40023708848781514,0.40004769278376584,33.0,30.0,-3.0,3.0,0.002637326072515156
CMR,喀麦隆,120,2007,0.40613153123876466,0.2894201792602351,0.3738307977660026,0.5296552742983767,0.4035010930086078,0.2924445549817127,0.3910434492599876,0.5282854125058386,0.4129510523610844,0.4061811172771558,32.0,28.0,-4.0,4.0,4.9586038391113973e-05
CMR,喀麦隆,120,2008,0.4087258242298974,0.2843269018441588,0.38623675820949555,0.5281148743655376,0.40331126472534207,0.287285830474485,0.4030226888183883,0.5268158202547624,0.4123759976868307,0.4073750843086166,33.0,28.0,-5.0,5.0,-0.001350739921280819
CMR,喀麦隆,120,2009,0.413228848332731,0.2700336961376697,0.39620013945453864,0.5309848152263226,0.4111349870111938,0.27377483264391744,0.4125195586532145,0.5295275387027623,0.4205335598016053,0.4090888724503749,33.0,29.0,-4.0,4.0,-0.004139975882356095
CMR,喀麦隆,120,2010,0.4164113399578732,0.2748539094551444,0.40148657632240914,0.5294460177912106,0.41473591561518064,0.27849696522168516,0.417820827611738,0.527972577561624,0.42403033323785205,0.4120801759082248,34.0,31.0,-3.0,3.0,-0.004331164049648395
CMR,喀麦隆,120,2011,0.4201971931864445,0.2773613970045885,0.41464009865349155,0.5273544516025899,0.4147795553073681,0.28095028485988915,0.43023244203425964,0.5259347244926078,0.4240796778538093,0.41529928231014146,32.0,30.0,-2.0,2.0,-0.0048979108763030355
CMR,喀麦隆,120,2012,0.4269071475443085,0.2758157013254316,0.4309001819153732,0.5266402304491511,0.4210140014166648,0.2795813892718365,0.44539745053445073,0.5252305994618308,0.42973261896829573,0.4199855145591035,31.0,28.0,-3.0,3.0,-0.006921632985204984
CMR,喀麦隆,120,2013,0.4405129660757983,0.27447379738525923,0.4739997131551529,0.5279560139317088,0.4232174917093941,0.2783724891459255,0.49088351813286724,0.5265505019101022,0.4321939850116617,0.4320001235501391,29.0,28.0,-1.0,1.0,-0.008512842525659203
CMR,喀麦隆,120,2014,0.44596939653824574,0.2755060813108899,0.48666568199441057,0.5267185019838194,0.42828686724314374,0.27943467268617683,0.5023359263962922,0.5252450517423973,0.4371512768540893,0.4360417319197389,29.0,27.0,-2.0,2.0,-0.00992766461850686
CMR,喀麦隆,120,2015,0.44270359464385756,0.27349987769179307,0.4891921336673796,0.5268808666170334,0.4179047819884584,0.27759508417620316,0.5046162850928918,0.5253236010549255,0.42557435132993865,0.43327733041348976,30.0,26.0,-4.0,4.0,-0.009426264230367798
CMR,喀麦隆,120,2016,0.44559686855901914,0.26943667701831847,0.49493490996244405,0.5274771993043332,0.4223293081161069,0.2737456098692517,0.5100589490473366,0.5259073281161497,0.4304399228935563,0.43503795248157356,30.0,28.0,-2.0,2.0,-0.01055891607744558
CMR,喀麦隆,120,2017,0.4469241298369698,0.2684963580773189,0.5005147436315378,0.5273384138181132,0.4218772356018756,0.2728405677402553,0.5151535645518738,0.5257878254761906,0.42998911087634833,0.43594276716116703,30.0,29.0,-1.0,1.0,-0.010981362675802742
CMR,喀麦隆,120,2018,0.4519974575788439,0.26860709854972015,0.5066224860123645,0.528885524191874,0.4299364809073115,0.27298750698464797,0.5209791353120524,0.5273133463969605,0.43839743666982117,0.4399193563408705,29.0,28.0,-1.0,1.0,-0.012078101237973426
CMR,喀麦隆,120,2019,0.4584919664103907,0.26808571102964646,0.5258156517577544,0.5303812223136647,0.4315632998731021,0.27242279834551353,0.5386229536222443,0.5287897031883432,0.44018034119265276,0.4450039490871885,29.0,27.0,-2.0,2.0,-0.013488017323202206
CMR,喀麦隆,120,2020,0.4630789016679053,0.2624377344869287,0.5444670622051562,0.5305710289638788,0.4309958235791518,0.2668389428300675,0.5569260018930424,0.5289459749160642,0.4395816003917602,0.44807313000773363,29.0,27.0,-2.0,2.0,-0.01500577166017164
CMR,喀麦隆,120,2021,0.46405241281807175,0.2679233388041896,0.5445786302501348,0.5307882919764101,0.43146901357004164,0.2722969572915683,0.5573439000524519,0.529217724752655,0.4401289282871686,0.44974687759596094,29.0,28.0,-1.0,1.0,-0.01430553522211081
CPV,佛得角,132,2001,0.3881428443522507,0.27116373681416767,0.4192940553727574,0.5306050135479141,0.323349982107164,0.2774226722560486,0.4374030144302115,0.5284040575785023,0.3457562187143955,0.39724649074478946,27.0,20.0,-7.0,7.0,0.009103646392538745
CPV,佛得角,132,2002,0.3887678348198978,0.27337361805190485,0.4210202434202716,0.529174475575084,0.32369168192972586,0.2799245588528769,0.4388669674702079,0.5269746269236575,0.34609164373788803,0.3979644492461576,30.0,20.0,-10.0,10.0,0.009196614426259797
CPV,佛得角,132,2003,0.39198716371575504,0.2736671804535192,0.43167712688751325,0.5290448643722976,0.32387388033179637,0.2801665817031809,0.4494321912211078,0.5268731262341749,0.3462686535515418,0.40068513817750134,31.0,23.0,-8.0,8.0,0.008697974461746305
CPV,佛得角,132,2004,0.3938043251056014,0.27918812734211385,0.4376177341770404,0.5284561766064557,0.32239551261428445,0.2862974479562729,0.45539997437393115,0.5262470018946058,0.3443109780291088,0.4030638505634797,31.0,23.0,-8.0,8.0,0.009259525457878282
CPV,佛得角,132,2005,0.39697694281982393,0.29859869411753026,0.4398578241683112,0.523993051743612,0.32483664485045777,0.30504865245075646,0.4575375908891347,0.521427327809975,0.3466318989512204,0.4076613675252716,31.0,22.0,-9.0,9.0,0.01068442470544767
CPV,佛得角,132,2006,0.40285096675351106,0.29728038559917996,0.4599398169668384,0.5233706536763665,0.32554594040748785,0.3040005339111945,0.4775711443431532,0.5207638751905618,0.347358377951334,0.4124234828490609,32.0,23.0,-9.0,9.0,0.009572516095549821
CPV,佛得角,132,2007,0.4069442048481219,0.2887044274948975,0.4775374364336941,0.5242222958647343,0.3251548307144377,0.29620278740739114,0.49465134505656744,0.5214266380251589,0.34676192467992173,0.4147606737922598,31.0,22.0,-9.0,9.0,0.0078164689441379
CPV,佛得角,132,2008,0.4132690519376308,0.2888210502873952,0.49699131400453245,0.5249950136665807,0.32628938504670907,0.2958816320656628,0.5118438460639727,0.5221872591138941,0.3480231157542739,0.41948396324945086,31.0,22.0,-9.0,9.0,0.006214911311820059
CPV,佛得角,132,2009,0.4169012387695584,0.2750695168040509,0.5153289483068533,0.5248525033772553,0.3264775602995258,0.2819741406287316,0.528820600043537,0.5221541346261273,0.3480301831836433,0.42024476462050986,32.0,24.0,-8.0,8.0,0.0033435258509514343
CPV,佛得角,132,2010,0.42819856906770354,0.27499516519105255,0.5484595944026082,0.5310879482964501,0.32712442610279985,0.2817828676760719,0.559825273594594,0.5288989491730847,0.34867003386679374,0.42979428107763606,30.0,24.0,-6.0,6.0,0.0015957120099325262
CPV,佛得角,132,2011,0.43035678448772635,0.27468181706359457,0.5651701101821649,0.527412127760837,0.3217498302725016,0.2816419558349483,0.5765793334749237,0.5250441743870431,0.3418149740652008,0.43127010944052896,28.0,22.0,-6.0,6.0,0.0009133249528026077
CPV,佛得角,132,2012,0.43614152342305296,0.2775887337046629,0.5784918571350713,0.5319493318856324,0.32319137210655613,0.2845330002518093,0.5889220337193722,0.5296852881382048,0.3435962666784674,0.4366841471969634,28.0,22.0,-6.0,6.0,0.0005426237739104556
CPV,佛得角,132,2013,0.44304340362744526,0.2916290731220997,0.5954717438146326,0.5302153198079558,0.32431582676675574,0.2981130598929735,0.604245025500315,0.5278210460124912,0.34476424406962863,0.44373584386885206,28.0,22.0,-6.0,6.0,0.0006924402414067998
CPV,佛得角,132,2014,0.44835285507859995,0.286847468710926,0.6166670534804691,0.5294110601620398,0.32393115658994426,0.2934548737924555,0.6232207773183166,0.5269182680793367,0.344216707135117,0.44695265658130645,27.0,22.0,-5.0,5.0,-0.0014001984972935033
CPV,佛得角,132,2015,0.45150743857795245,0.29736643892513426,0.6233416249138105,0.5295209879198299,0.323321257467069,0.30385922273131377,0.6293830743551013,0.527067955452996,0.34354230620660187,0.45096313968650326,28.0,22.0,-6.0,6.0,-0.0005442988914491909
CPV,佛得角,132,2016,0.4550485155490744,0.30222910525427243,0.6335680152060673,0.5286386628690138,0.3235148343654977,0.30925837502244896,0.6395787076910132,0.5261377898231632,0.34365381550300667,0.454657172009908,27.0,21.0,-6.0,6.0,-0.00039134353916636666
CPV,佛得角,132,2017,0.4570450582394086,0.2967363791623021,0.6442605576881865,0.5276235614816382,0.3229130401652613,0.30385841618803533,0.6493277333145294,0.5250329315362336,0.342913693231798,0.4552831935676491,28.0,22.0,-6.0,6.0,-0.0017618646717594832
CPV,佛得角,132,2018,0.46326112723415963,0.3075964486696567,0.6560483811177141,0.5325506525760579,0.3236786169196356,0.31458982633477217,0.6607479776197999,0.5303032555713011,0.34371854210966557,0.4623399004088847,27.0,21.0,-6.0,6.0,-0.0009212268252749567
CPV,佛得角,132,2019,0.4673849226601913,0.3188460698153844,0.6635476246011868,0.5315613783752652,0.32543051536866757,0.32606745385435887,0.6679931558602289,0.5292491199962556,0.34579517276589133,0.4672762256191837,26.0,20.0,-6.0,6.0,-0.00010869704100763267
CPV,佛得角,132,2020,0.4713835095303104,0.2549002967591744,0.696561763329591,0.5409013158960263,0.3274565742802439,0.2615374651900926,0.699874941345282,0.5394886062515309,0.34831934535065034,0.462305089534389,26.0,23.0,-3.0,3.0,-0.009078419995921405
CPV,佛得角,132,2021,0.48676984526366657,0.29228347465796356,0.7313960039028666,0.5422413637867787,0.32721296534124933,0.3001514589549286,0.7366409558668857,0.5408412476216264,0.34791509583380775,0.48138718956931215,22.0,17.0,-5.0,5.0,-0.005382655694354421
CAF,中非,140,2001,0.4080606996874998,0.1814052291044999,0.25765614444903767,0.5509016851657664,0.5157104924302789,0.1882428224064556,0.27150784674506884,0.5493965111891428,0.5223095387542117,0.3828641797737198,19.0,27.0,8.0,8.0,-0.025196519913780024
CAF,中非,140,2002,0.4070635723655044,0.17931089851307858,0.2568096209100219,0.5504483183068345,0.5146080197157483,0.18612547415403508,0.2707510155076092,0.5489470420053681,0.5211172821388145,0.38173520345145673,22.0,31.0,9.0,9.0,-0.02532836891404766
CAF,中非,140,2003,0.40549287235153775,0.16193903697554055,0.2636751115350401,0.5478804361332121,0.5115218615952901,0.1686844334614484,0.27794394806803513,0.5464613700665546,0.5177628010467722,0.3777131381607026,25.0,36.0,11.0,11.0,-0.027779734190835126
CAF,中非,140,2004,0.4052942561281002,0.17394133064745432,0.2671986604797359,0.5462475480834266,0.505473511174623,0.18139800404672346,0.2816707589513392,0.54486430366334,0.5111762455102242,0.3797773280429067,27.0,34.0,7.0,7.0,-0.025516928085193513
CAF,中非,140,2005,0.4088809764033035,0.16608647690318026,0.26692270401479823,0.5457885166946816,0.5179466100943969,0.17335520654055264,0.28221312782025676,0.5444122393355562,0.5243988108883896,0.3810948461461888,27.0,34.0,7.0,7.0,-0.027786130257114683
CAF,中非,140,2006,0.41347064619777024,0.17344547877401253,0.2767561464640017,0.5460340929029832,0.5199576032078157,0.18077631497539717,0.29220114684669035,0.5446347455858445,0.5265976225357243,0.38605245748591405,29.0,34.0,5.0,5.0,-0.027418188711856195
CAF,中非,140,2007,0.4138005966905085,0.17305781828310726,0.28681249676910936,0.5460248961151947,0.5128233676317729,0.18042812581771478,0.3021421775441052,0.5446137096321685,0.5188178110768328,0.38650045601770533,29.0,35.0,6.0,6.0,-0.027300140672803175
CAF,中非,140,2008,0.41225190204977424,0.16344341590041916,0.2862217842794767,0.546468959946415,0.511773484471546,0.17097284140858743,0.30169400385660944,0.5450503289420092,0.5176924284800907,0.38385240067182425,32.0,36.0,4.0,4.0,-0.02839950137795
CAF,中非,140,2009,0.4205953011068971,0.1721172842557783,0.3097792238974191,0.5472780062086171,0.5120322885600289,0.1804477309884241,0.3244556697000754,0.5458292927610757,0.5175415090334703,0.39206855062076135,29.0,36.0,7.0,7.0,-0.028526750486135732
CAF,中非,140,2010,0.42940209648518396,0.169334993093539,0.3341911333884589,0.5484393737201608,0.5160782158105726,0.17733715236744146,0.35152789332557394,0.5469520519920913,0.5219615625517356,0.3994446650592106,28.0,34.0,6.0,6.0,-0.029957431425973347
CAF,中非,140,2011,0.4189129881683636,0.16884048849033048,0.30717411750725243,0.5485017352591401,0.5099046746170942,0.17650777545726515,0.3231817095412022,0.5469970332797869,0.5152232649724381,0.3904774458126731,34.0,37.0,3.0,3.0,-0.028435542355690513
CAF,中非,140,2012,0.4239851598629398,0.171439193306233,0.3151917390097286,0.5508456040346399,0.5149030065716229,0.1791384551334431,0.3306557715476796,0.5492579021925669,0.5206805919331016,0.39493318020169776,33.0,37.0,4.0,4.0,-0.02905197966124201
CAF,中非,140,2013,0.41448816809920586,0.11736750573633917,0.321380802925363,0.5318406316551291,0.5115478603120985,0.1227076041089455,0.33558788292578456,0.530903591221787,0.5170299408387353,0.3765572547738131,36.0,42.0,6.0,6.0,-0.03793091332539278
CAF,中非,140,2014,0.42179695946212986,0.15848895492426288,0.32102436843356325,0.5305632481588425,0.5198534913410707,0.16617615185746826,0.33570265245028663,0.5296614753611767,0.526094313363019,0.3894086482579877,36.0,40.0,4.0,4.0,-0.03238831120414215
CAF,中非,140,2015,0.42069237034481705,0.1646508381199919,0.3229208715410521,0.5313859153017055,0.5130308310582272,0.17267144555171854,0.3383520697562354,0.5304381185870661,0.5186622518182409,0.3900309714283152,37.0,40.0,3.0,3.0,-0.030661398916501825
CAF,中非,140,2016,0.41819085706693315,0.16536863084339232,0.31126326121173276,0.5325050985377822,0.5148944311073312,0.1731519831465781,0.32586170015066174,0.5315077468876312,0.5207307310563943,0.3878130403103164,38.0,40.0,2.0,2.0,-0.03037781675661677
CAF,中非,140,2017,0.421736300866536,0.1659241094971166,0.31907646329498196,0.5338969413714338,0.5171200460773516,0.17361478060087346,0.33408846267042025,0.5328448060052986,0.5231645788678344,0.3909281570361067,38.0,42.0,4.0,4.0,-0.03080814383042929
CAF,中非,140,2018,0.4237675489972856,0.16606829466042028,0.3249350119637844,0.5347964665648266,0.5172696067516697,0.1735230909720308,0.3400700932363,0.5337028717527869,0.5233224695759159,0.3926546313842584,38.0,42.0,4.0,4.0,-0.031112917613027202
CAF,中非,140,2019,0.4271040641641048,0.16584108045751736,0.33324314402490085,0.5353304218367354,0.5192617248218714,0.17337578059674777,0.3470816457111428,0.5342004164274402,0.5254737785470678,0.39503290532059965,39.0,41.0,2.0,2.0,-0.03207115884350514
CAF,中非,140,2020,0.4292236650115855,0.16227055002033045,0.3454045189673139,0.5344871218970922,0.5166623440140302,0.16979409901461737,0.35965681049959664,0.5333753156228813,0.522645670754899,0.3963679739729986,39.0,42.0,3.0,3.0,-0.032855691038586876
CAF,中非,140,2021,0.4300470149725749,0.16097061855061012,0.34504163946782085,0.5321596598896405,0.5208947107312311,0.1685942201919091,0.3591919015554225,0.5311095199236535,0.5272231606284119,0.39652970057484926,39.0,42.0,3.0,3.0,-0.03351731439772565
TCD,乍得,148,2001,0.36098827124793326,0.21717637865326683,0.26171903392110346,0.49542232033058814,0.40721511221421425,0.22386811587594946,0.2767305254880382,0.49488522156282144,0.4249442238177684,0.3551070216861444,37.0,42.0,5.0,5.0,-0.0058812495617888705
TCD,乍得,148,2002,0.3616217250478747,0.21096901946312566,0.266723926042963,0.4986124816423956,0.4048920693866421,0.2178792070611125,0.2816949127824556,0.4979958114709288,0.42242242199675584,0.3549980883278132,38.0,41.0,3.0,3.0,-0.006623636720061499
TCD,乍得,148,2003,0.36432255950878917,0.24085905681654254,0.26521022988671983,0.49688781169704505,0.4053912678650167,0.24648055264209298,0.2809488749009571,0.4962784147257267,0.4229806919249742,0.36167213354843775,37.0,39.0,2.0,2.0,-0.0026504259603514213
TCD,乍得,148,2004,0.37334971390805005,0.31188092346628365,0.2676281529868985,0.48736115545325065,0.41183513450878406,0.31482650089989955,0.28343254759803554,0.48760836980900774,0.4288281329996507,0.37867388782664835,39.0,35.0,-4.0,4.0,0.005324173918598296
TCD,乍得,148,2005,0.379163067485562,0.25872703841166417,0.26924992403704434,0.49438739446335245,0.4380378445994172,0.2620582361692965,0.2855308437954191,0.4944611858650917,0.4542128754166022,0.37406578531160234,37.0,39.0,2.0,2.0,-0.005097282173959661
TCD,乍得,148,2006,0.38517139348107704,0.2416697156566187,0.27314787092517445,0.49614540452454947,0.4551193203009526,0.24477966530152973,0.289808591747767,0.49612307896554975,0.47053572262706655,0.3753117646604783,38.0,39.0,1.0,1.0,-0.009859628820598765
TCD,乍得,148,2007,0.38793667670045223,0.24702185236030738,0.2802673520560625,0.49698970622356436,0.4546877176518589,0.25071048726765877,0.29659884561533506,0.4968575022293309,0.47006199825127926,0.378557208340901,37.0,37.0,0.0,0.0,-0.009379468359551224
TCD,乍得,148,2008,0.39258122966128595,0.23844233190723127,0.2854387517615966,0.49656995083239663,0.4657853467415726,0.24232689883373426,0.30167657310678797,0.49641234971545756,0.4809094698852367,0.38033132288530414,36.0,38.0,2.0,2.0,-0.012249906775981811
TCD,乍得,148,2009,0.39410872604010233,0.215128107174801,0.29236355333288455,0.5079545220259023,0.46472967142058597,0.22003268120088157,0.30815528247802293,0.5072756042308488,0.47976787463139686,0.3788078606352876,37.0,38.0,1.0,1.0,-0.015300865404814734
TCD,乍得,148,2010,0.3989035322701053,0.23946267967947388,0.2964665555828447,0.5087359368079718,0.4665291202950088,0.24493874757346107,0.3120145448671785,0.5080999104748034,0.4816336702211074,0.3866717182841376,35.0,38.0,3.0,3.0,-0.012231813985967677
TCD,乍得,148,2011,0.4039193806584873,0.23648455619400716,0.31701702921014857,0.5063982779020715,0.4655946106596972,0.24092091702447904,0.33364852508222564,0.5058444823632742,0.4806153005714772,0.39025730626036403,36.0,38.0,2.0,2.0,-0.01366207439812328
TCD,乍得,148,2012,0.4075040149967349,0.2382789681914413,0.32591294567360407,0.5087566246691818,0.4661214378719707,0.24325212214720268,0.34263183626333177,0.5080440840412973,0.48118948903854764,0.39377938287259484,36.0,38.0,2.0,2.0,-0.013724632124140046
TCD,乍得,148,2013,0.40694950650634426,0.21720200929873146,0.32931369552807416,0.5117571195374603,0.46647859720109197,0.2226132773055632,0.34585291696074816,0.5109074847466878,0.4815962311600439,0.39024247754326075,39.0,38.0,-1.0,1.0,-0.016707028963083514
TCD,乍得,148,2014,0.40922570077012294,0.22086776472323305,0.33283645358323044,0.5151571577330007,0.46668248194322903,0.22610945762543608,0.34880673930570644,0.514168089084767,0.48182075369018024,0.3927262599265224,39.0,39.0,0.0,0.0,-0.016499440843600555
TCD,乍得,148,2015,0.40520681288462906,0.21065415574144847,0.33165297502502666,0.5143879458186401,0.46035838606752616,0.21691900255966096,0.3476890511299041,0.5133244022467032,0.4749095384880645,0.38821049860608314,40.0,41.0,1.0,1.0,-0.01699631427854592
TCD,乍得,148,2016,0.4045160304023746,0.19752090568910746,0.33438285423927194,0.5111694181439006,0.46208493319860294,0.2036723881035339,0.35021385487958245,0.5101798883088834,0.4767704855997829,0.3852091542229457,40.0,41.0,1.0,1.0,-0.01930687617942889
TCD,乍得,148,2017,0.4042519889942523,0.20211954500948892,0.332558726032332,0.5086465068223025,0.46292361695639866,0.20788040515961412,0.347664101408717,0.5077244086483857,0.47769500753502,0.3852409806879342,41.0,43.0,2.0,2.0,-0.019011008306318078
TCD,乍得,148,2018,0.40696640237322357,0.20675487133845996,0.3360991175814815,0.50979149073117,0.46529528521680785,0.21323604729528467,0.35134807320286415,0.5089988622312924,0.4802487110606661,0.38845792344752683,42.0,43.0,1.0,1.0,-0.018508478925696736
TCD,乍得,148,2019,0.4075693868936985,0.20694336482013231,0.33566217186565445,0.5114110189777037,0.4662801070346867,0.2134241672410253,0.3503463499284369,0.5105798548294926,0.48133783329908714,0.3889220513245105,43.0,44.0,1.0,1.0,-0.01864733556918796
TCD,乍得,148,2020,0.4086698125715213,0.19037690009133554,0.34486354171648664,0.5123238733047374,0.46623082090090967,0.19724601528168187,0.35921120019193925,0.5113808337367349,0.4812970912471562,0.38728378511437805,42.0,44.0,2.0,2.0,-0.021386027457143242
TCD,乍得,148,2021,0.42213917584154526,0.19690935684397387,0.38962448684690343,0.5077816514897373,0.4668036479341394,0.20319806988831865,0.405874924176017,0.5070422337443778,0.48191217437853145,0.39950685054681123,41.0,40.0,-1.0,1.0,-0.022632325294734024
COM,科摩罗,174,2001,0.37556723558289756,0.29607419911717003,0.3169244972710501,0.5410326925638675,0.35667948037042657,0.3023592380744309,0.3341421506242799,0.5390043596904759,0.37505962043111085,0.3876413422050744,34.0,26.0,-8.0,8.0,0.012074106622176839
COM,科摩罗,174,2002,0.3804733179290572,0.2969600223916642,0.33381567219769126,0.5416119300269546,0.35582509061594453,0.30327648426828946,0.35125066774556807,0.5395509796189649,0.37416393718617724,0.39206051720475,34.0,27.0,-7.0,7.0,0.011587199275692794
COM,科摩罗,174,2003,0.38229876431949744,0.29767715096965636,0.34119353791251544,0.5393391627663446,0.35591266026858037,0.30371371007343956,0.35907599455458017,0.537274501256037,0.37430290967079044,0.3935917788887118,34.0,27.0,-7.0,7.0,0.011293014569214332
COM,科摩罗,174,2004,0.3860116117365794,0.2965057705002143,0.3533490140522557,0.5402017593369401,0.3561967275001601,0.3028470334006318,0.3719690068584505,0.5381044260734673,0.3746548375084929,0.3968938259602606,34.0,29.0,-5.0,5.0,0.010882214223681241
COM,科摩罗,174,2005,0.3859569269509456,0.2944355805000408,0.3558153785052947,0.5416433256093631,0.3539701576702398,0.30110021372940105,0.3743246765273631,0.5394974565971504,0.37227639862574635,0.39679968636991525,35.0,30.0,-5.0,5.0,0.010842759418969672
COM,科摩罗,174,2006,0.40422761982606387,0.2814425040820897,0.36052406371154344,0.5396815733363978,0.4061677992040888,0.2875379580051002,0.3788608225396004,0.5375650824367701,0.42122814630826333,0.4062980023224335,31.0,27.0,-4.0,4.0,0.0020703824963696493
COM,科摩罗,174,2007,0.4059947687645861,0.279588414095715,0.36679337898881703,0.5423336934354618,0.40509172829182927,0.28579014706114586,0.38481578964827945,0.5402225673307448,0.4200719444865727,0.4077251121316857,34.0,26.0,-8.0,8.0,0.001730343367099596
COM,科摩罗,174,2008,0.4068654552852443,0.27318790706573787,0.37106129650331,0.5426914843907972,0.4061383917353394,0.27986196290244025,0.38893289048037893,0.5405490343836096,0.42127503303070724,0.407654730199284,35.0,27.0,-8.0,8.0,0.0007892749140396838
COM,科摩罗,174,2009,0.4068312578396028,0.27747857262853376,0.37148866933985614,0.5418235790407748,0.40464465106851294,0.2839308594873645,0.38842956053791483,0.539656576272317,0.41958721611878946,0.4079010531040964,34.0,30.0,-4.0,4.0,0.0010697952644936337
COM,科摩罗,174,2010,0.4784477629755701,0.27596230363098784,0.3944753179648408,0.5415478792304409,0.5834333482435297,0.2823498784132212,0.41132459576636476,0.5393460536510128,0.5909332449784719,0.45598844320226767,10.0,11.0,1.0,1.0,-0.022459319773302455
COM,科摩罗,174,2011,0.4836222203557711,0.2749965320750213,0.4101892426454637,0.5432694234905263,0.5842824774279166,0.28152125365316866,0.4259153369314487,0.541030295773545,0.5918276374976358,0.4600736309639496,10.0,11.0,1.0,1.0,-0.02354858939182153
COM,科摩罗,174,2012,0.484587339771386,0.27435886024471673,0.415110546225579,0.5424600547135742,0.5836449656025897,0.2808138218970188,0.4303091489045392,0.5402123956867713,0.5911704812888512,0.46062646194429513,12.0,13.0,1.0,1.0,-0.023960877827090887
COM,科摩罗,174,2013,0.4865416243475964,0.2760427941481682,0.42300991705511215,0.5417600000047962,0.5824100527632797,0.28267903696769314,0.4374315596194264,0.5394790173104542,0.5898302542245258,0.4623549670305249,12.0,12.0,0.0,0.0,-0.02418665731707148
COM,科摩罗,174,2014,0.4883835212898106,0.2724336413886917,0.42563930075824946,0.5422979863217154,0.5863368479523612,0.27894557253223085,0.44006313098119715,0.5400208225069751,0.594154620851376,0.46329603671794484,12.0,14.0,2.0,2.0,-0.02508748457186577
COM,科摩罗,174,2015,0.48993978711025843,0.2746553946341766,0.43233393198843195,0.5402551763951482,0.5855615263830298,0.2808641597183242,0.44648003451386187,0.537995364221095,0.5933399760895516,0.46466988363570816,13.0,14.0,1.0,1.0,-0.02526990347455027
COM,科摩罗,174,2016,0.4918145814151769,0.2690866547654309,0.44161709810445904,0.54021177329989,0.5852352219564076,0.27548146676372637,0.4553977888625795,0.5379658401090959,0.5929543047722087,0.46544985012690254,14.0,15.0,1.0,1.0,-0.02636473128827438
COM,科摩罗,174,2017,0.49465251141350125,0.27278727229207483,0.45339521219939966,0.53916698608992,0.5827553213464274,0.2790937882623538,0.46765794115468057,0.5368645160620787,0.590231972494854,0.46846205449349176,16.0,15.0,-1.0,1.0,-0.026190456920009486
COM,科摩罗,174,2018,0.4988099671387604,0.2688584327051243,0.46692200329553146,0.5422944988599738,0.5828460007251176,0.2752294180949695,0.48015177526321023,0.5400318904783505,0.5903330267821877,0.47143652765467947,14.0,15.0,1.0,1.0,-0.02737343948408094
COM,科摩罗,174,2019,0.501933549000568,0.2631130186786696,0.47927281682840195,0.5422129450375456,0.5835517391802831,0.26937492044043865,0.49158206752466865,0.5399249862617272,0.5912032602187811,0.4730213086114039,16.0,17.0,1.0,1.0,-0.028912240389164068
COM,科摩罗,174,2020,0.5175967041472157,0.26065247295285693,0.5346851110925395,0.5397481992588355,0.5840156400717216,0.2669645467177392,0.5460208613204146,0.5374831825673065,0.5916723519074952,0.48553523562823886,12.0,12.0,0.0,0.0,-0.03206146851897684
COM,科摩罗,174,2021,0.5199783850527496,0.2651682761511758,0.5448318030202293,0.534700154621517,0.5836101147981563,0.27128805325272054,0.5547079532588568,0.5323560671442443,0.5911294782597513,0.4873703879788932,11.0,13.0,2.0,2.0,-0.03260799707385642
COG,刚果（布）,178,2001,0.4088345778410245,0.38237154554964486,0.3057540026952228,0.5593989449311769,0.4152991836090671,0.3795212245481799,0.3227860592342526,0.5575689140856481,0.4223013704863384,0.4205443920886047,18.0,13.0,-5.0,5.0,0.01170981424758022
COG,刚果（布）,178,2002,0.4094697196474121,0.38943017131510765,0.3038917331218467,0.5597432767037445,0.4157987338420951,0.38668284436511485,0.32053620449127185,0.5577683404685901,0.4228655973504328,0.4219632466688524,19.0,14.0,-5.0,5.0,0.012493527021440298
COG,刚果（布）,178,2003,0.42051721338562964,0.41742200773397586,0.3083670387958453,0.5669571823068413,0.4282389265048358,0.4135241566694306,0.3247988272240365,0.5645062208940614,0.43640111331118453,0.43480757952467824,18.0,9.0,-9.0,9.0,0.014290366139048605
COG,刚果（布）,178,2004,0.4144356357953254,0.4125749384754878,0.30437266443675143,0.5663482574471306,0.41687428405152144,0.4089759232056182,0.3205106255305609,0.5641534146167329,0.4240123134550128,0.4294130692019812,22.0,12.0,-10.0,10.0,0.014977433406655805
COG,刚果（布）,178,2005,0.41338159647474915,0.402506312246729,0.3071965561523833,0.5627181314208212,0.4174242178512839,0.39937044055473786,0.3228756774296234,0.5605325596447773,0.4245486167308814,0.426831823590005,25.0,16.0,-9.0,9.0,0.013450227115255842
COG,刚果（布）,178,2006,0.4183407546437508,0.39579255580561185,0.3145862384010628,0.5581631482359362,0.43011025263208363,0.3929169209768935,0.32924375659209304,0.5560026012883201,0.4383575082300869,0.4291301967718484,26.0,16.0,-10.0,10.0,0.01078944212809757
COG,刚果（布）,178,2007,0.46615689671330013,0.3290573142434439,0.3195042680025964,0.5615912943164265,0.5796343316718437,0.32725026664948537,0.3329946941360346,0.5591189758646617,0.5814397570216875,0.45020092341796736,10.0,8.0,-2.0,2.0,-0.01595597329533277
COG,刚果（布）,178,2008,0.4760495236934825,0.4103096283828625,0.33984618822174745,0.557006966316765,0.5635651942575882,0.40674374251516243,0.35167266399326513,0.5545764066465771,0.5639024854866004,0.46922382466040125,7.0,8.0,1.0,1.0,-0.006825699033081278
COG,刚果（布）,178,2009,0.48439880398070984,0.38025103633698565,0.3435003739767383,0.5722552612717431,0.58564909446586,0.37738725535749235,0.3534591519569478,0.5689651130639386,0.5859690907311902,0.4714451527773922,7.0,7.0,0.0,0.0,-0.012953651203317651
COG,刚果（布）,178,2010,0.48169028092628113,0.36645558634239245,0.35756658322310114,0.5662224623004657,0.5752834498008645,0.36546214361741636,0.3659147789194202,0.5630343335919813,0.5744158717097774,0.4672067819596488,9.0,8.0,-1.0,1.0,-0.014483498966632313
COG,刚果（布）,178,2011,0.4912428775358206,0.43249442475758654,0.3634839672186977,0.5512654498049929,0.5814281439258467,0.4274242327636015,0.3718903796549777,0.5484313458877723,0.5811187227674913,0.48221617026846064,7.0,7.0,0.0,0.0,-0.009026707267359935
COG,刚果（布）,178,2012,0.49567521784290813,0.37460356733933536,0.3817066106024627,0.5639340155518223,0.592515591579929,0.374807281557531,0.3898609905784417,0.560468057412615,0.5919364213669115,0.4792681877288748,7.0,8.0,1.0,1.0,-0.016407030114033327
COG,刚果（布）,178,2013,0.49952339914488886,0.38667254172792925,0.399454501597696,0.5700767505209595,0.5808161586283358,0.3849716691581799,0.40759786989025737,0.5659758328768092,0.5789780753810542,0.48438086182657514,7.0,8.0,1.0,1.0,-0.01514253731831372
COG,刚果（布）,178,2014,0.5045274279771081,0.3660372954805616,0.4093994415964287,0.5787874850917528,0.5889678702610625,0.3660435512317958,0.41749760958305826,0.5744101117906026,0.5879537986804074,0.486476267821466,7.0,8.0,1.0,1.0,-0.01805116015564212
COG,刚果（布）,178,2015,0.5029898660645234,0.31238738431821444,0.41756197556856633,0.5820154781830343,0.5956969351927377,0.3119563216584723,0.4252636613734331,0.5774079985130371,0.5939830752390363,0.47715276419599467,7.0,8.0,1.0,1.0,-0.025837101868528778
COG,刚果（布）,178,2016,0.5032252733539365,0.31415029931794847,0.420031389386353,0.5733787694124578,0.598671876564472,0.312827982259253,0.42754919017573345,0.5691752645466849,0.597294445972087,0.4767117207384396,10.0,10.0,0.0,0.0,-0.026513552615496927
COG,刚果（布）,178,2017,0.5098107638413407,0.3696704024979646,0.41609340955056134,0.5580719294047916,0.6086543836188515,0.36687070669251726,0.42516534001802087,0.5548225898481358,0.6082545840586552,0.4887783051543323,9.0,8.0,-1.0,1.0,-0.021032458687008426
COG,刚果（布）,178,2018,0.5096194679996805,0.3782763339404381,0.4183100971675134,0.547441371750379,0.6093318412895944,0.3749565381722303,0.42702796486241146,0.5447512264101468,0.6081745073945118,0.48872755920982514,9.0,9.0,0.0,0.0,-0.020891908789855362
COG,刚果（布）,178,2019,0.508039261380613,0.35007084151514006,0.4288131733802224,0.5458555796346836,0.6076080657346555,0.3501439648313731,0.4371038723542651,0.5432079564609342,0.6062883998206103,0.4841860483667957,13.0,9.0,-4.0,4.0,-0.023853213013817265
COG,刚果（布）,178,2020,0.5145906992006292,0.34597961177451847,0.4583985365382661,0.5477479102386948,0.6020416139975694,0.34520849052413766,0.4648920975295069,0.5448444606582379,0.6001821181054992,0.4887817917043454,13.0,11.0,-2.0,2.0,-0.025808907496283784
COG,刚果（布）,178,2021,0.5196669089517315,0.36289468543480724,0.4686748231302825,0.543619380445422,0.6039155249565044,0.3616886602143798,0.47425978596755924,0.5409486657595876,0.6022328218222648,0.4947824834409479,12.0,10.0,-2.0,2.0,-0.024884425510783625
COD,刚果（金）,180,2001,0.3570792550852858,0.23336973323107016,0.2706981726567645,0.4274315336504492,0.4313357751691914,0.235779098938051,0.2889914058186168,0.4285566208787115,0.4354601353943586,0.34719681525743445,40.0,43.0,3.0,3.0,-0.009882439827851364
COD,刚果（金）,180,2002,0.3590577863799178,0.24544635547400095,0.27284189276965404,0.4255701120389956,0.4317337809397894,0.24838936604598344,0.2910915497471079,0.42671771526830476,0.4359518795560829,0.35053762765436974,40.0,43.0,3.0,3.0,-0.008520158725548066
COD,刚果（金）,180,2003,0.3593312069644752,0.2547206966657418,0.2783183405160658,0.401093943286782,0.4387670557340573,0.2577398539039586,0.29645410832126473,0.4024137960025266,0.4436737604374231,0.3500703796662933,39.0,42.0,3.0,3.0,-0.009260827298181895
COD,刚果（金）,180,2004,0.3623292805646051,0.2620209787762591,0.2847738078526096,0.41901621985055504,0.42882839304307074,0.2648460916664336,0.3033802315905714,0.420113856291697,0.43288972598021364,0.3553074763822289,40.0,43.0,3.0,3.0,-0.00702180418237619
COD,刚果（金）,180,2005,0.3629979351203295,0.2576646739904208,0.28217369402971615,0.426828201952012,0.42985496870257467,0.26011479932892195,0.300683325712102,0.4277735178140792,0.4340605493723901,0.3556580480568733,41.0,43.0,2.0,2.0,-0.00733988706345623
COD,刚果（金）,180,2006,0.3726982040238861,0.26375262763252644,0.2826389844306672,0.4319128624065593,0.4509929319967284,0.26634184491126844,0.30029821110151744,0.432881341867493,0.4564781821780217,0.36399989501457514,41.0,42.0,1.0,1.0,-0.008698309009310956
COD,刚果（金）,180,2007,0.3767359720120455,0.27082392319589116,0.29162934153400144,0.42699794658821755,0.4550705528375568,0.2734797242822793,0.30907835666352124,0.42784243297580854,0.4593085691468604,0.36742727076711734,40.0,42.0,2.0,2.0,-0.009308701244928164
COD,刚果（金）,180,2008,0.38195737434616467,0.26678759186471235,0.29280031876123164,0.4225461755528735,0.47248317793645117,0.2692833862805687,0.3098456417161061,0.42346337802359296,0.4751884321599841,0.369445209545063,40.0,40.0,0.0,0.0,-0.012512164801101677
COD,刚果（金）,180,2009,0.37955484077323653,0.24960381896226183,0.2920814323202104,0.41824193101967305,0.4751603664065662,0.2521169951795722,0.3090803934614411,0.4192061748578772,0.4781556764869268,0.36463980999645434,41.0,44.0,3.0,3.0,-0.01491503077678219
COD,刚果（金）,180,2010,0.3800047959986681,0.2540797362234688,0.29612692985203104,0.4289089215310039,0.46536808982640837,0.2566446097054037,0.31282473195668625,0.42983462058704114,0.46751692655259663,0.36670522220043195,41.0,44.0,3.0,3.0,-0.013299573798236153
COD,刚果（金）,180,2011,0.3847529108583959,0.27155312411736005,0.3015516101332923,0.4206649140750364,0.4724328924684389,0.27386812372253916,0.3180271426743181,0.4218762591135297,0.47520530813216194,0.3722442084106372,41.0,42.0,1.0,1.0,-0.012508702447758702
COD,刚果（金）,180,2012,0.381482971735844,0.26835031805788384,0.30825011008963693,0.411540446244364,0.46443425108362957,0.2710701114016705,0.32389131881834193,0.412974407870485,0.46651023329481267,0.3686115178463275,41.0,43.0,2.0,2.0,-0.012871453889516493
COD,刚果（金）,180,2013,0.380755316073045,0.2553241105170501,0.31543837498517185,0.41237477199720446,0.46085072496890234,0.2586332527413125,0.33030248411802077,0.4137759021197089,0.46267681535772165,0.366347113584191,42.0,43.0,1.0,1.0,-0.01440820248885405
COD,刚果（金）,180,2014,0.39108406985288996,0.2667768205406155,0.3264987506849158,0.41647923358180694,0.47375903209377035,0.2694670522376587,0.3407359658922224,0.41769666878964967,0.47683051468988624,0.37618255040235427,41.0,44.0,3.0,3.0,-0.014901519450535694
COD,刚果（金）,180,2015,0.39175923635243165,0.26965985115099944,0.32912676386877693,0.4344247992307116,0.46212456051709394,0.27215241055375905,0.34291398188569994,0.4350872003101693,0.4642545555908818,0.3786020370851275,41.0,44.0,3.0,3.0,-0.013157199267304132
COD,刚果（金）,180,2016,0.39288180724550825,0.25774224427300746,0.3228561234837945,0.43514033221696247,0.47418602322603465,0.26020063523944265,0.3367835764461549,0.4357584093223395,0.47706607359972836,0.37745217365191636,41.0,44.0,3.0,3.0,-0.015429633593591896
COD,刚果（金）,180,2017,0.4082753722533513,0.2807065164869195,0.3239099280503084,0.4417132307161067,0.5035206010476473,0.2815942657673315,0.3376276764698228,0.4421443831886509,0.5069679950017573,0.3920835801068906,40.0,40.0,0.0,0.0,-0.016191792146460715
COD,刚果（金）,180,2018,0.4120694907867804,0.2990315163702947,0.3322798530494773,0.4413757323453448,0.5007267937866643,0.2990487574932476,0.34561202528179386,0.4422563938535549,0.503997864637824,0.3977287603166051,41.0,41.0,0.0,0.0,-0.014340730470175311
COD,刚果（金）,180,2019,0.4126643204093662,0.27462559806909104,0.33971749825255604,0.4680857905691428,0.4898147120474061,0.2760873873776705,0.35250365821936974,0.46815000163318055,0.4921603891917517,0.3972253591054931,41.0,40.0,-1.0,1.0,-0.015438961303873067
COD,刚果（金）,180,2020,0.41452402147077533,0.2797736809267141,0.35353133806860987,0.4496675170426709,0.49246502249459945,0.2808664846204382,0.3658337100392014,0.45024435504329396,0.4951311690139967,0.3980189296792326,41.0,40.0,-1.0,1.0,-0.016505091791542748
COD,刚果（金）,180,2021,0.403988771155284,0.2952223183933504,0.36453047270511146,0.37846120537379446,0.4899744741433396,0.29579106252979986,0.37549538474882505,0.38136263737232573,0.49249610228850965,0.3862862967348651,43.0,44.0,1.0,1.0,-0.01770247442041889
BEN,贝宁,204,2001,0.45513076359263344,0.2589297654597068,0.32513554716725085,0.5241886921812092,0.5916765932934752,0.2631254853966797,0.3434711195934941,0.5226448584434985,0.5972594788071263,0.4316252355601996,7.0,8.0,1.0,1.0,-0.02350552803243383
BEN,贝宁,204,2002,0.45509575555723464,0.2553127414387037,0.3261233853509535,0.5266109941141663,0.5906970173639714,0.259492588897374,0.344696765398221,0.5250178460139534,0.5961982708043103,0.43135136777846467,7.0,9.0,2.0,2.0,-0.02374438777876997
BEN,贝宁,204,2003,0.45737823950197964,0.24881147948875426,0.3318065112969833,0.527156864777966,0.5944036919494022,0.25311562388907655,0.35042975637966456,0.5255303811714971,0.6002801776911818,0.43233898478285504,7.0,12.0,5.0,5.0,-0.025039254719124604
BEN,贝宁,204,2004,0.457334132349705,0.25152402695705955,0.34113175092620285,0.5273843646950562,0.585620347334418,0.2559353987372617,0.3597791428209083,0.5257324974197777,0.5906907374537633,0.43303444410792774,7.0,11.0,4.0,4.0,-0.02429968824177725
BEN,贝宁,204,2005,0.45860692235565403,0.25015478293462406,0.34225743646777257,0.5281173258729703,0.5882787744675257,0.2543456072050938,0.3609871420408797,0.5264693203477617,0.5936653248660216,0.4338668486149392,8.0,10.0,2.0,2.0,-0.024740073740714852
BEN,贝宁,204,2006,0.4624709772933808,0.25633071917783135,0.35099873334669335,0.5238337383763824,0.5920419949620591,0.26050153631783657,0.36935253554461955,0.522216054931848,0.5978091218871469,0.43746981217036274,11.0,13.0,2.0,2.0,-0.025001165123018088
BEN,贝宁,204,2007,0.4667993625902909,0.2564437669557121,0.36736933660339277,0.5229883836064051,0.5911211797726365,0.26072012761475777,0.3856742617019575,0.5213186295470787,0.5958051851365779,0.440879551000093,9.0,10.0,1.0,1.0,-0.025919811590197905
BEN,贝宁,204,2008,0.47062002433550704,0.25818936271318066,0.3788455166670676,0.5242506391090458,0.590965858349976,0.2622950389119362,0.39612007557668033,0.5225321823462546,0.5954174648245799,0.4440911904148628,11.0,12.0,1.0,1.0,-0.026528833920644257
BEN,贝宁,204,2009,0.47705539557053983,0.25248369642349594,0.39372398976869266,0.5232301736714915,0.5992463196189236,0.25661237809056564,0.40972157405951637,0.5214953987179202,0.6044380124577566,0.44806684083143966,10.0,12.0,2.0,2.0,-0.02898855473910017
BEN,贝宁,204,2010,0.4832062014358841,0.25563149452765177,0.4125153163978984,0.5224458301849677,0.6002375072062132,0.259589016148524,0.4270281889930613,0.5206736296447045,0.6055585547085024,0.4532123473736981,8.0,12.0,4.0,4.0,-0.02999385406218602
BEN,贝宁,204,2011,0.4831489213662756,0.2581161706998211,0.4141074387282312,0.5241402537291492,0.5969177832209497,0.26209723024438414,0.42766372490156307,0.5223614791755533,0.6020530166360345,0.45354386273938374,11.0,15.0,4.0,4.0,-0.029605058626891834
BEN,贝宁,204,2012,0.48563999692469156,0.2580756767592699,0.4216039618979285,0.5260867483475773,0.5965857416641187,0.26215328683909017,0.4347558451769913,0.5242735460149226,0.6018058932603184,0.4557471428228306,11.0,15.0,4.0,4.0,-0.02989285410186099
BEN,贝宁,204,2013,0.49018455132366134,0.2656544788069313,0.42692430726597813,0.526273162729638,0.6019098045906012,0.2696443590559793,0.4392610340775687,0.5244352824633978,0.6076894233200218,0.4602575247292419,11.0,14.0,3.0,3.0,-0.029927026594419426
BEN,贝宁,204,2014,0.48716237682451924,0.2682215761471851,0.41527310249398436,0.5277843124481996,0.6012444825510352,0.2719273247890136,0.4285301640447412,0.525863127708216,0.6070314931441848,0.45833802742153884,13.0,15.0,2.0,2.0,-0.028824349402980398
BEN,贝宁,204,2015,0.48077885144516835,0.2574687516250592,0.41746972434368457,0.5262774710268958,0.5866919041359769,0.26130736226170304,0.429550300646681,0.5243652352066397,0.5912150289638596,0.4516094817697208,19.0,20.0,1.0,1.0,-0.029169369675447532
BEN,贝宁,204,2016,0.48478582848997576,0.26506688019463115,0.42547481180234353,0.523555324587478,0.590031242501195,0.2688450552610913,0.4375317796271561,0.5216275791766859,0.5948851056890829,0.45572237993850406,20.0,20.0,0.0,0.0,-0.029063448551471693
BEN,贝宁,204,2017,0.4852794165255034,0.26937517630249114,0.4250240376226272,0.5246720420976494,0.5895505540635346,0.2731325290692302,0.43670037114582105,0.5226699621600932,0.5944355141880558,0.4567345941408001,20.0,21.0,1.0,1.0,-0.028544822384703294
BEN,贝宁,204,2018,0.49050634040989,0.27948309139415056,0.4320057461519451,0.5254909535315844,0.5941247191262109,0.28273901584914835,0.44330950469173525,0.5233935203811709,0.5994843606191764,0.4622316003853077,19.0,22.0,3.0,3.0,-0.0282747400245823
BEN,贝宁,204,2019,0.4926467642263903,0.27773174919567645,0.4359812735316128,0.5289605021183953,0.5954237187871938,0.28121604440153153,0.4467896057991135,0.5267888184979388,0.6010425578260056,0.46395925663114734,18.0,21.0,3.0,3.0,-0.028687507595242967
BEN,贝宁,204,2020,0.4919152211833917,0.27661080427422335,0.4448414237214501,0.5289514740653952,0.5866522549019141,0.2800084512980839,0.4551220463173345,0.5267547417746582,0.5915454944140222,0.4633576834510247,19.0,22.0,3.0,3.0,-0.028557537732367022
BEN,贝宁,204,2021,0.49868683735990593,0.2784029338229381,0.46038411638849,0.5369379784666719,0.587426412514204,0.2819722738352014,0.46936165188764195,0.5346155685299347,0.59260726086858,0.4696391887803395,19.0,22.0,3.0,3.0,-0.029047648579566432
GNQ,赤道几内亚,226,2001,0.4912688182458025,0.8004456767835456,0.1505557172044141,0.5054221769086706,0.5997870452334892,0.7825886551398562,0.15667003394435663,0.504346062636823,0.6031677648266465,0.5116931291369206,2.0,1.0,-1.0,1.0,0.02042431089111807
GNQ,赤道几内亚,226,2002,0.4669226702236528,0.7430703649846008,0.15365832250608488,0.44937680420161846,0.586704929728907,0.7237363935147015,0.15972321493593153,0.44155167140552287,0.5865271195914524,0.4778845998619021,6.0,3.0,-3.0,3.0,0.010961929638249324
GNQ,赤道几内亚,226,2003,0.47438804839149595,0.7221805401473282,0.15735660917915306,0.457275867727871,0.6047444772051421,0.7037815331435068,0.16336206394591254,0.44889522080160865,0.6046461775039221,0.4801712488487375,6.0,4.0,-2.0,2.0,0.005783200457241566
GNQ,赤道几内亚,226,2004,0.503267296485195,0.7245035835971472,0.19282774801533287,0.5306728533645763,0.6119447779496011,0.7090395098093072,0.20283334932024488,0.5270677950659304,0.6147820673924849,0.5134306803969918,4.0,3.0,-1.0,1.0,0.01016338391179683
GNQ,赤道几内亚,226,2005,0.48548289563484526,0.6535417203023596,0.2049739913891296,0.48380796983831376,0.6084387603580822,0.6395759310410611,0.2150617863068019,0.47741761472142263,0.6090541189694142,0.4852773627596749,5.0,4.0,-1.0,1.0,-0.00020553287517033336
GNQ,赤道几内亚,226,2006,0.48891294136528185,0.5739998333935822,0.21613501328019785,0.5176936062404762,0.6145023094342545,0.5610542480642791,0.22626467780258214,0.5086695144927086,0.6158237021775428,0.4779530356342781,5.0,4.0,-1.0,1.0,-0.01095990573100375
GNQ,赤道几内亚,226,2007,0.49052976064648457,0.6031730195786619,0.21886454071594263,0.5325168016458551,0.5995738894502951,0.5917401500714753,0.22874069319757073,0.5222463600620397,0.5993759843016154,0.4855257969081753,5.0,4.0,-1.0,1.0,-0.005003963738309247
GNQ,赤道几内亚,226,2008,0.4888791084824913,0.6327399225692405,0.19133863539974952,0.5497360153606949,0.5936118120297281,0.6213965934423061,0.19716032789616358,0.5388882301574149,0.5929729305357859,0.4876045205079176,6.0,4.0,-2.0,2.0,-0.0012745879745736932
GNQ,赤道几内亚,226,2009,0.4949626072314621,0.583614655924541,0.20911104036027503,0.5699862085966237,0.6009308981343225,0.5733614214881558,0.21596513613579407,0.5581421799158254,0.6009074510094816,0.4870940471373142,5.0,4.0,-1.0,1.0,-0.007868560094147936
GNQ,赤道几内亚,226,2010,0.49397723480856315,0.5987973366667871,0.2310180064629526,0.5432744829276892,0.5958144540816337,0.588244731920866,0.23623916324807048,0.5332997472427488,0.5953213725487033,0.4882762537400971,6.0,5.0,-1.0,1.0,-0.00570098106846606
GNQ,赤道几内亚,226,2011,0.5037471414509366,0.632125255595617,0.24587411835014972,0.5514794115000238,0.5962892148540622,0.6224523816839285,0.250153008769745,0.5408240224236833,0.5959174237274397,0.5023367091511991,6.0,4.0,-2.0,2.0,-0.001410432299737474
GNQ,赤道几内亚,226,2012,0.5073163250222025,0.6368603450734388,0.25435178270359315,0.5578001542413784,0.5949094911837828,0.6283917962434907,0.25832895034588926,0.5471803134518599,0.5946271428307152,0.5071320507179888,6.0,4.0,-2.0,2.0,-0.00018427430421363855
GNQ,赤道几内亚,226,2013,0.5029612786725012,0.5917209419673286,0.26153369059046905,0.5585335424115075,0.5927748927512844,0.5860024811936513,0.2660226432072845,0.5480073462380692,0.5925706590818172,0.49815078243020555,6.0,6.0,0.0,0.0,-0.0048104962422956254
GNQ,赤道几内亚,226,2014,0.513963210534031,0.5718195539326839,0.29492451909044326,0.5687817488457203,0.5997210761185436,0.5673589296488517,0.30303919018226727,0.5584882224042587,0.6003812807532826,0.507316905747165,6.0,6.0,0.0,0.0,-0.0066463047868660086
GNQ,赤道几内亚,226,2015,0.5060538815845905,0.504445295718215,0.3020321659017323,0.5797297026037687,0.5895819104480408,0.5020783886531247,0.30983037132282454,0.5699626233970623,0.5896509946969037,0.4928805945174788,6.0,7.0,1.0,1.0,-0.013173287067111739
GNQ,赤道几内亚,226,2016,0.4990905202771117,0.4678269035942195,0.3116140867798582,0.5698413775198167,0.5830284659704316,0.46696361229833483,0.3189743230677231,0.5607756891831002,0.5814245331197758,0.48203453941723345,12.0,8.0,-4.0,4.0,-0.01705598085987825
GNQ,赤道几内亚,226,2017,0.4919161031705697,0.45955225497286584,0.30286115780788686,0.5445469553444733,0.5875724833754218,0.45861642169561184,0.3088561023499974,0.5349025555580843,0.586232810935786,0.47215197263486985,17.0,14.0,-3.0,3.0,-0.019764130535699864
GNQ,赤道几内亚,226,2018,0.4983618441430286,0.455595921041055,0.3201970843371218,0.5478580768187962,0.5922478009330211,0.45476414346937544,0.32498524408134627,0.5400898061097832,0.5917831415460962,0.47790558380165027,16.0,12.0,-4.0,4.0,-0.02045626034137832
GNQ,赤道几内亚,226,2019,0.5033933840076649,0.44754415018847504,0.34454332213983696,0.5510449857012354,0.5903934931431142,0.44711070615421217,0.3479746537620225,0.543439107949552,0.5900603900193169,0.48214621447127587,14.0,10.0,-4.0,4.0,-0.021247169536389
GNQ,赤道几内亚,226,2020,0.5028157198649124,0.41365333424280093,0.3704030242903683,0.5493326615505648,0.5842137165675807,0.4153747176629419,0.37272037305500905,0.541304225904073,0.5831597388260515,0.47813976386201884,17.0,16.0,-1.0,1.0,-0.024675956002893518
GNQ,赤道几内亚,226,2021,0.504545273131011,0.4239975937315295,0.3902964904283601,0.5355797091637315,0.5810953147002937,0.4260687647182023,0.3925980870024533,0.5274814067383495,0.5794812426441581,0.4814073752757908,17.0,16.0,-1.0,1.0,-0.023137897855220246
ETH,埃塞俄比亚,231,2001,0.35190839491909165,0.23641710873431052,0.2728940777363138,0.3927135927015124,0.4342145699958996,0.24086549470865404,0.2872071926217973,0.39473848969761777,0.4469987912766039,0.34245249207616824,41.0,44.0,3.0,3.0,-0.009455902842923414
ETH,埃塞俄比亚,231,2002,0.3512386273162654,0.23679999207399047,0.28129050205583145,0.37847198493826134,0.4336269440725272,0.24070060792945175,0.29594530039211286,0.38065384910694466,0.44636260593275656,0.3409155908403165,41.0,44.0,3.0,3.0,-0.010323036475948899
ETH,埃塞俄比亚,231,2003,0.34474512131860163,0.23262486063653756,0.28992863408005604,0.33980397493701325,0.4325424740212515,0.23626846140112595,0.30470149117986556,0.34246156430295344,0.4451634826729381,0.3321487498892207,42.0,44.0,2.0,2.0,-0.012596371429380915
ETH,埃塞俄比亚,231,2004,0.3485747730238959,0.2411291780716713,0.28095140922508666,0.37004555465460004,0.42986331710371856,0.24587115513034294,0.29678197901270453,0.3722246731352427,0.44271744765494303,0.33939881373330827,42.0,44.0,2.0,2.0,-0.00917595929058762
ETH,埃塞俄比亚,231,2005,0.36217213521923003,0.2290457873845127,0.31746214955951196,0.3911696480529932,0.4298765409641557,0.23392030805624064,0.3359806552923729,0.39293570470499906,0.44260052364357555,0.35135929792429704,42.0,44.0,2.0,2.0,-0.010812837294932987
ETH,埃塞俄比亚,231,2006,0.3681382923543835,0.22953357211247002,0.32024131768096814,0.4102672338143406,0.43285565965852624,0.23435825620118156,0.3397223968510685,0.41169774927079755,0.4454235989557261,0.3578005003196934,42.0,44.0,2.0,2.0,-0.010337792034690096
ETH,埃塞俄比亚,231,2007,0.3725519628243851,0.24391160543402265,0.33171720549214595,0.4097579657624588,0.4307760238372937,0.24839047971880596,0.35140052021217716,0.4110281885561368,0.44299535827546943,0.36345363669064734,41.0,43.0,2.0,2.0,-0.009098326133737733
ETH,埃塞俄比亚,231,2008,0.37338287837844014,0.23688094936325463,0.3261058571128015,0.42378506076797123,0.4320806389486334,0.24141089977307212,0.3467095608690852,0.42478912713084604,0.44442717738713416,0.36433419129003436,42.0,42.0,0.0,0.0,-0.009048687088405782
ETH,埃塞俄比亚,231,2009,0.3802689127300801,0.23506087082137314,0.3411586765534485,0.4347684957655575,0.43314984449185595,0.23966285729788095,0.36158373728123,0.4355594604711114,0.44559694325155474,0.3706007495754443,40.0,43.0,3.0,3.0,-0.009668163154635812
ETH,埃塞俄比亚,231,2010,0.3900903186901582,0.25565964492018384,0.3596620519244278,0.4414771974082276,0.4338315709185192,0.26016394950210925,0.38110709273452326,0.44210258678405223,0.4459064741801321,0.3823200258002042,40.0,40.0,0.0,0.0,-0.007770292889954011
ETH,埃塞俄比亚,231,2011,0.3939374759099499,0.25209294233206453,0.35650492650707694,0.441962543942184,0.4479653840347436,0.25630636639888055,0.3778855437003196,0.44250228597483304,0.4593545380349107,0.384012183527236,39.0,39.0,0.0,0.0,-0.00992529238271389
ETH,埃塞俄比亚,231,2012,0.4031928888370711,0.23927399206077407,0.38453895604097016,0.45166615382839437,0.4497487751167867,0.24355393114346335,0.4048679063484018,0.45202413668682073,0.4612299944135682,0.3904189921480635,39.0,39.0,0.0,0.0,-0.01277389668900758
ETH,埃塞俄比亚,231,2013,0.4089431531207029,0.2442929048062302,0.39736689002625936,0.4573512502756317,0.45007110316580595,0.2490657644514499,0.41736808879213855,0.45755454634699105,0.46142334488154974,0.3963529361180323,38.0,37.0,-1.0,1.0,-0.0125902170026706
ETH,埃塞俄比亚,231,2014,0.41131105885536495,0.23559539025486323,0.3984566494754934,0.46234828403521655,0.45596682841017894,0.24054473106138624,0.4182544949606576,0.46241230537850747,0.4678180541639254,0.3972573963911192,38.0,38.0,0.0,0.0,-0.014053662464245775
ETH,埃塞俄比亚,231,2015,0.4238392867301564,0.23091292122119886,0.4437450053265311,0.46916898573263305,0.45148262359925806,0.23608686053962225,0.46412399159678186,0.4690744832587461,0.4627603500083278,0.40801142135086954,36.0,37.0,1.0,1.0,-0.015827865379286876
ETH,埃塞俄比亚,231,2016,0.4328685419017954,0.23099523225818738,0.4665345291313947,0.4735657628923874,0.4552729432925977,0.23614165727132008,0.4863470037543116,0.47337252653488027,0.46666464720021716,0.41563145869018225,33.0,36.0,3.0,3.0,-0.017237083211613158
ETH,埃塞俄比亚,231,2017,0.4433067349839933,0.2389832125699011,0.45737576315440037,0.48042374411668975,0.48452202469352534,0.24397616079790813,0.47794978787861153,0.4800909408960929,0.4941819545752319,0.42404971103696115,31.0,35.0,4.0,4.0,-0.01925702394703216
ETH,埃塞俄比亚,231,2018,0.4463120386856177,0.23933273302783062,0.4568919007944537,0.4910148193760357,0.4869518823774385,0.24407774781230046,0.4770044744555722,0.49053273773070005,0.4968141986528615,0.42710728966285855,31.0,36.0,5.0,5.0,-0.01920474902275915
ETH,埃塞俄比亚,231,2019,0.4479098385969633,0.24149328564151726,0.4557263954171966,0.4954861056100696,0.48893108817843567,0.2463362737207402,0.47575251334907187,0.49489160768431223,0.4989513077106095,0.42898292561618345,32.0,33.0,1.0,1.0,-0.018926912980779864
ETH,埃塞俄比亚,231,2020,0.45075112844007204,0.24637562634407154,0.4639321247370619,0.4979051075002167,0.48693345000405075,0.25087549493771344,0.483259801675241,0.4972684349802674,0.4968043822908422,0.432052028471016,32.0,33.0,1.0,1.0,-0.018699099969056054
ETH,埃塞俄比亚,231,2021,0.4583835201613747,0.2443101999980445,0.49063663238897615,0.4980910802236772,0.4869160462649963,0.24878966033583208,0.5092226308656309,0.49742094005426213,0.49678066482388933,0.4380534740199036,31.0,33.0,2.0,2.0,-0.020330046141471103
ERI,厄立特里亚,232,2001,0.34341597824443887,0.3265863264646969,0.3047966330136941,0.4982771197272453,0.2848066454910787,0.3492876052968624,0.3226310641134767,0.4975351427157938,0.3065075844214206,0.3689903491368884,43.0,36.0,-7.0,7.0,0.025574370892449516
ERI,厄立特里亚,232,2002,0.35063821683854296,0.3290219799265464,0.32494825219266793,0.5052880882709129,0.28335408723023653,0.34950710869960555,0.3442063677926979,0.5044558359271293,0.3049621691585617,0.3757828703944986,42.0,35.0,-7.0,7.0,0.02514465355595563
ERI,厄立特里亚,232,2003,0.3395358919312744,0.283502086603084,0.3079551695659394,0.4950158912711148,0.2806660273281775,0.3043415610641753,0.32782781443853903,0.4943936549542778,0.301994037394393,0.35713926696284626,43.0,40.0,-3.0,3.0,0.017603375031571833
ERI,厄立特里亚,232,2004,0.3443871979425115,0.2940349238334025,0.30972994167696954,0.5045057787495295,0.2843372720720695,0.31542378968448925,0.3296809658427996,0.5036282403806761,0.30523874286558333,0.36349293469338706,43.0,41.0,-2.0,2.0,0.019105736750875568
ERI,厄立特里亚,232,2005,0.34602698921810565,0.3077070748412437,0.3138565964557043,0.50443331603425,0.2835411100751051,0.3300455551071449,0.33452354579631993,0.5035477363803648,0.30440139063743943,0.3681295569803173,43.0,41.0,-2.0,2.0,0.022102567762211645
ERI,厄立特里亚,232,2006,0.3513080536917343,0.2990834426000581,0.3246316414299251,0.5091297560561954,0.2870046709972729,0.3208645524501834,0.3453759902742819,0.5082528168374351,0.3081842638034829,0.3706694058413458,43.0,41.0,-2.0,2.0,0.019361352149611488
ERI,厄立特里亚,232,2007,0.3550051181241018,0.30724506806527246,0.33678912481212503,0.5089375303334753,0.2861682412775134,0.3295641158756438,0.35715241673949466,0.5080562636909163,0.3072877761810487,0.37551514312177586,43.0,40.0,-3.0,3.0,0.02051002499767407
ERI,厄立特里亚,232,2008,0.3510542865322319,0.2705245102208829,0.337249973361002,0.5029619722387855,0.28453512731316116,0.29058448320468927,0.3571644155746224,0.5023794995676069,0.30551350789056364,0.3639104765593706,43.0,43.0,0.0,0.0,0.01285619002713867
ERI,厄立特里亚,232,2009,0.35301303713780824,0.3013204647845218,0.33015208663563045,0.509453225227815,0.2866486813357197,0.3233459845444492,0.3504920646622592,0.5087283123845467,0.30786361010165053,0.3726074929232264,43.0,42.0,-1.0,1.0,0.019594455785418186
ERI,厄立特里亚,232,2010,0.3547164801575655,0.30553603286301645,0.33707946989584453,0.5119917991941603,0.2837246486343896,0.32780815535632557,0.3574781869686312,0.5111928573083732,0.30458924211319566,0.3752671104366314,43.0,42.0,-1.0,1.0,0.020550630279065896
ERI,厄立特里亚,232,2011,0.3419869227365175,0.40561558965928585,0.3371367608527264,0.43896448887875317,0.2812783053859071,0.4238669209879108,0.35759488913901394,0.4405660484620722,0.30196793832719027,0.3809989492290468,45.0,40.0,-5.0,5.0,0.03901202649252933
ERI,厄立特里亚,232,2012,0.3525454880838922,0.331688352142534,0.34502974522544294,0.4900017481885447,0.28178313121847215,0.35247058302626866,0.36551312328094393,0.4899513435862968,0.3025187359461588,0.377613446459917,44.0,41.0,-3.0,3.0,0.025067958376024824
ERI,厄立特里亚,232,2013,0.3519805316301123,0.33484544391549054,0.3491496864062507,0.48335882740571223,0.280797265533745,0.35552700096049833,0.36954636771754834,0.4835406761714077,0.3014410107556748,0.3775137639012823,44.0,41.0,-3.0,3.0,0.025533232271169992
ERI,厄立特里亚,232,2014,0.3571077328093247,0.3380025356884465,0.3517213618461611,0.48987922957568597,0.28725120556959194,0.3585834188947274,0.3722757162002865,0.49001343869780667,0.30846142016733646,0.3823334984900393,45.0,43.0,-2.0,2.0,0.025225765680714607
ERI,厄立特里亚,232,2015,0.35554079096105523,0.3411596274614022,0.36263781151368785,0.47910258194205113,0.281239402890774,0.3616398368289565,0.3829934201686348,0.4795987987400152,0.3019135524057506,0.3815364020358393,45.0,43.0,-2.0,2.0,0.025995611074784042
ERI,厄立特里亚,232,2016,0.35624555005947783,0.34431671923435886,0.36244212135223297,0.47826403450172017,0.2831613191056677,0.3646962547631862,0.3826954699682669,0.4788311172791725,0.30398146270885595,0.3825510761798704,45.0,43.0,-2.0,2.0,0.026305526120392553
ERI,厄立特里亚,232,2017,0.35662665260085036,0.3474738110073147,0.3752243406092743,0.4715985848364769,0.2781738568232249,0.36775267269741524,0.39465799157373266,0.47241986508308265,0.29853484160398797,0.3833413427395546,45.0,44.0,-1.0,1.0,0.026714690138704256
ERI,厄立特里亚,232,2018,0.3596171329523547,0.3506309027802706,0.37770126224592704,0.47249386424498246,0.2827214956836463,0.3708090906316443,0.39620112582484557,0.4733228101687282,0.3032707130862818,0.3859009349278749,45.0,44.0,-1.0,1.0,0.026283801975520216
ERI,厄立特里亚,232,2019,0.3662536036418076,0.35378799455322707,0.3967398780867317,0.4704938928927046,0.28573750271447057,0.3738655085658739,0.41362922918176614,0.47141722667455566,0.3064558905701398,0.3913419637480839,45.0,42.0,-3.0,3.0,0.025088360106276297
ERI,厄立特里亚,232,2020,0.3739792789454922,0.356945086326183,0.41919374699380163,0.469467050917381,0.288357403236707,0.37692192650010303,0.4346399613648132,0.47067573589379574,0.3093209876870935,0.3978896528614514,45.0,41.0,-4.0,4.0,0.023910373915959182
ERI,厄立特里亚,232,2021,0.3752747387481455,0.3600996430117766,0.4238511634673926,0.46684451117050557,0.28920408461330877,0.3799756104400052,0.4388700121589469,0.4681364435609129,0.31016900044304,0.39928776665072624,45.0,41.0,-4.0,4.0,0.024013027902580752
DJI,吉布提,262,2001,0.3112989016423163,0.39023021550144427,0.29836618307624485,0.5795647711956171,0.17292827854667633,0.3978575124047517,0.31219622701433314,0.5732468910380946,0.1937828888722818,0.3692708798323653,45.0,35.0,-10.0,10.0,0.05797197819004901
DJI,吉布提,262,2002,0.3106359776973098,0.39129295174595874,0.2960869787111077,0.5790464993471001,0.1732666175750052,0.39885907911860446,0.30984899096332336,0.5727810989102128,0.1941501198194042,0.3689098222028862,45.0,38.0,-7.0,7.0,0.05827384450557643
DJI,吉布提,262,2003,0.3247588095462327,0.3952085135795083,0.3391417372415231,0.5782611675374058,0.17302272580125613,0.4028835561245868,0.3552197959236253,0.5719975477372715,0.19392201908894993,0.3810057297186084,45.0,33.0,-12.0,12.0,0.0562469201723757
DJI,吉布提,262,2004,0.3250573674012234,0.3314788631852819,0.351005915066897,0.5798864259318289,0.1719106381054057,0.33781166408796215,0.36751580022491365,0.5736180539634574,0.19269060110910313,0.3679090298463591,45.0,39.0,-6.0,6.0,0.04285166244513572
DJI,吉布提,262,2005,0.32856995026469243,0.3433639702235391,0.3581652232974177,0.5808882233996409,0.17263492420735363,0.3499649115316133,0.3750104914462331,0.5746675595199919,0.19350211986656918,0.37328627059110187,45.0,40.0,-5.0,5.0,0.04471632032640943
DJI,吉布提,262,2006,0.3316356523102593,0.3240979342255668,0.36646679025288564,0.5823763927499762,0.17528649131755505,0.33002644878550513,0.3835075043434347,0.5761896278107581,0.19658828569730694,0.37157796665925125,45.0,40.0,-5.0,5.0,0.039942314348991925
DJI,吉布提,262,2007,0.3320470538815704,0.23022984054191775,0.3801680216341434,0.5821464938308955,0.17798550910981215,0.23417378036462522,0.39787210371576043,0.5759544023601377,0.20021389547856122,0.3520535454797712,45.0,44.0,-1.0,1.0,0.020006491598200782
DJI,吉布提,262,2008,0.33241248695492953,0.21845922132263046,0.3912669741548833,0.5805580738718535,0.1723045354992546,0.22213658144610757,0.4087591897690915,0.5743098059172249,0.19339202763375105,0.34964940119154375,44.0,44.0,0.0,0.0,0.01723691423661422
DJI,吉布提,262,2009,0.34148844032076137,0.3011833091283863,0.3977256370672787,0.5832347085849197,0.17686210521345988,0.3065830915549438,0.41478774190859063,0.5770604575635978,0.19881710932649713,0.3743121000884074,45.0,40.0,-5.0,5.0,0.03282365976764601
DJI,吉布提,262,2010,0.3462940403126404,0.35966519001217595,0.40495115899948153,0.5809121785566576,0.17614049704632678,0.36630194639912417,0.42162738394198207,0.5747055375630716,0.19805134424886,0.39017155303825946,44.0,37.0,-7.0,7.0,0.04387751272561907
DJI,吉布提,262,2011,0.34435635422856675,0.26553056176837053,0.41421276198028495,0.5876181771877139,0.17311896224860618,0.2701286128572633,0.43060715051176474,0.5814401443323399,0.19524225011783855,0.3693545394548016,44.0,43.0,-1.0,1.0,0.02499818522623487
DJI,吉布提,262,2012,0.34351705604449123,0.28568101278951336,0.4144098043727878,0.586689049194398,0.16865575496116975,0.29051212304297525,0.43071390033732926,0.580322183302094,0.1902135396966052,0.3729404365947509,45.0,42.0,-3.0,3.0,0.02942338055025967
DJI,吉布提,262,2013,0.33785600515173675,0.20894002329450143,0.4251104066580975,0.5413974954520848,0.18905590361938235,0.2142063288008684,0.44095324654965623,0.5384473999308884,0.2102720583732074,0.3509697584136551,45.0,45.0,0.0,0.0,0.013113753261918326
DJI,吉布提,262,2014,0.3657741404103173,0.40104003223462037,0.43633045684504695,0.541868155599311,0.1946439564702152,0.40813510311685924,0.4515780788683116,0.5387695393305362,0.2163670973900323,0.40371245467643485,44.0,37.0,-7.0,7.0,0.037938314266117545
DJI,吉布提,262,2015,0.36965399947900984,0.41586492149584503,0.4468584518083797,0.5440281752105839,0.19016922651290225,0.42287622435723565,0.46148211175572457,0.5409728583338812,0.21158580356208556,0.4092292495022317,44.0,36.0,-8.0,8.0,0.039575250023221875
DJI,吉布提,262,2016,0.37928353389950115,0.4571691824551777,0.4536499155682234,0.5478029769829336,0.1939993539172512,0.4594961488806493,0.46751370010638665,0.5446621966414263,0.21582001005088636,0.4218730139198371,43.0,34.0,-9.0,9.0,0.04258948002033597
DJI,吉布提,262,2017,0.3964911280775509,0.5359513036699782,0.4791569398959089,0.5501041104612574,0.19077396557167386,0.534925821727367,0.4895670053802361,0.5469492680816485,0.2123638651587349,0.4459514900869967,43.0,26.0,-17.0,17.0,0.04946036200944581
DJI,吉布提,262,2018,0.41705340009541303,0.5911753146263483,0.5177723938181353,0.551592283894935,0.19514268612913255,0.5891882636785983,0.5308077072698429,0.5484032001664396,0.2169102797869704,0.47132736272546283,39.0,16.0,-23.0,23.0,0.0542739626300498
DJI,吉布提,262,2019,0.4229012605745005,0.6218752398933226,0.5228743780998621,0.5517449807028781,0.1958747165472815,0.6197152374389538,0.5358101666195815,0.5484265224846168,0.2175925738934341,0.4803861251091466,40.0,14.0,-26.0,26.0,0.057484864534646074
DJI,吉布提,262,2020,0.42114035262110017,0.5973815501266454,0.5235874383632858,0.5541938118683922,0.19791763439056587,0.6080618331507539,0.5363296222975671,0.5508948060497498,0.21988151739941925,0.47879194472437253,40.0,15.0,-25.0,25.0,0.057651592103272364
DJI,吉布提,262,2021,0.42271611791078056,0.5942392012552982,0.5249026642840056,0.5545946995786089,0.2020873393756652,0.6021431538976478,0.5374268847946194,0.5511634837721036,0.22427094437831413,0.4787511167106712,40.0,18.0,-22.0,22.0,0.056034998799890656
GAB,加蓬,266,2001,0.48731284115127754,0.54398274260643,0.39717054228895865,0.6235731590761525,0.46144037997900816,0.5382351598385511,0.4142996364247084,0.6190547460613721,0.4685559077606905,0.5100363625213306,3.0,3.0,0.0,0.0,0.022723521370053013
GAB,加蓬,266,2002,0.5379943376386271,0.5172541093003598,0.40290286069313064,0.6177296418877248,0.6090268617669806,0.5123476001693688,0.41914973418333573,0.6133650689230222,0.6122586092576207,0.5392802531333368,1.0,1.0,0.0,0.0,0.0012859154947096885
GAB,加蓬,266,2003,0.5401800816172592,0.528218468072094,0.40709004553400296,0.6153762472110169,0.6090249711522807,0.5230461742270933,0.42297986611848387,0.6110797031974119,0.612228757869194,0.5423336253530457,2.0,2.0,0.0,0.0,0.0021535437357865783
GAB,加蓬,266,2004,0.5388422596956801,0.5205263232411699,0.4166303117329574,0.6101100589068282,0.6034385160255292,0.515276323016446,0.4314122698096254,0.6061292369598421,0.6061637325162017,0.5397453905755287,2.0,1.0,-1.0,1.0,0.0009031308798486126
GAB,加蓬,266,2005,0.5447844863349312,0.538791759198975,0.43079977084178683,0.5917472501264942,0.6122342473028922,0.5329166607266962,0.4441243583842329,0.5882185207102115,0.6157921309626145,0.5452629176959388,2.0,1.0,-1.0,1.0,0.0004784313610076696
GAB,加蓬,266,2006,0.5444698226185882,0.5140978614379935,0.44435714952806105,0.5821076511950289,0.6148731113469298,0.5097512474230026,0.45748235219806255,0.5788112275206276,0.6185476089874885,0.5411481090322953,2.0,1.0,-1.0,1.0,-0.0033217135862929625
GAB,加蓬,266,2007,0.5540668447677222,0.5369278683869944,0.46485394768563865,0.5770598179279268,0.6192765958370294,0.5330881163450654,0.4777271447381524,0.5739303497425279,0.6213530658249288,0.5515246691626686,2.0,1.0,-1.0,1.0,-0.0025421756050535427
GAB,加蓬,266,2008,0.5500998438635147,0.53898175529423,0.4704716455386999,0.5666788680593878,0.6090585065881998,0.534082845923569,0.4827671677814151,0.5638651710887461,0.610059917813054,0.5476937756516961,2.0,1.0,-1.0,1.0,-0.002406068211818657
GAB,加蓬,266,2009,0.5642244896497441,0.4714574007484264,0.48317790114580694,0.5723192908929835,0.65875872993513,0.4696340659062337,0.4938785251332107,0.5693305053118654,0.6588657267640047,0.5479272057788286,1.0,1.0,0.0,0.0,-0.016297283870915558
GAB,加蓬,266,2010,0.5710439649740621,0.5266065751621586,0.4992510060427334,0.5584709232324847,0.6524785779096675,0.5226311873176667,0.5092331905990787,0.5557208006582997,0.6517620488435091,0.5598368068546385,2.0,1.0,-1.0,1.0,-0.011207158119423521
GAB,加蓬,266,2011,0.5820703279627412,0.5111279202369124,0.5384198595766009,0.5668013399957154,0.6518631200971837,0.5080413559116645,0.5445872270935499,0.5638009654950507,0.6510613670216391,0.566872728880476,2.0,2.0,0.0,0.0,-0.015197599082265145
GAB,加蓬,266,2012,0.5876587149852641,0.5323135418420252,0.5518521483135166,0.5654354973979442,0.6494546643282988,0.5280502353497147,0.5574373589956165,0.561897559636243,0.6482031161165652,0.5738970675245348,2.0,2.0,0.0,0.0,-0.013761647460729276
GAB,加蓬,266,2013,0.5886256801345016,0.5327533960405603,0.5670953400345298,0.5581207496332408,0.6438159043794319,0.528573949038097,0.5712278743032062,0.5547083408028601,0.6420568026453233,0.5741417416973716,2.0,2.0,0.0,0.0,-0.014483938437129917
GAB,加蓬,266,2014,0.5949928422494803,0.5310978741716185,0.5752715986025856,0.5663386234905141,0.6505578166798308,0.5271335004372276,0.5781375503543901,0.5624625750097432,0.649431109718139,0.579291183879875,2.0,1.0,-1.0,1.0,-0.015701658369605354
GAB,加蓬,266,2015,0.5935835494247765,0.5162097162172573,0.576395224709801,0.5756998834844906,0.6457834513600148,0.5129096793493757,0.5788634821631516,0.5715718140717323,0.6442995549376026,0.5769111326304656,2.0,2.0,0.0,0.0,-0.016672416794310974
GAB,加蓬,266,2016,0.5974754331837782,0.5190148478384022,0.5898172694020261,0.5759472159150612,0.6444484400569507,0.5162288084870357,0.5914344373495752,0.5718647355775159,0.6428961699914301,0.5806060378513892,2.0,1.0,-1.0,1.0,-0.01686939533238896
GAB,加蓬,266,2017,0.5898793662549345,0.4706779968590374,0.5790235585762094,0.5702913843282533,0.6530699889559755,0.4714122437671687,0.5822279651927007,0.5662499799653168,0.6522231882481712,0.5680283442933394,2.0,2.0,0.0,0.0,-0.021851021961595163
GAB,加蓬,266,2018,0.5950987310831762,0.4852304856467925,0.5905538873070937,0.5696457270802054,0.6531743604039638,0.48500756333376205,0.5925667983942431,0.5660838542402888,0.6525944585996342,0.574063168641982,2.0,2.0,0.0,0.0,-0.0210355624411942
GAB,加蓬,266,2019,0.5976529693847938,0.4806228712637281,0.6002242931571088,0.5729969842197284,0.6521010196236712,0.48125043847134896,0.6018443317895776,0.5693684717142244,0.6516025534630018,0.5760164488595382,2.0,2.0,0.0,0.0,-0.021636520525255665
GAB,加蓬,266,2020,0.5972846646875651,0.48423492826075154,0.6015507427697384,0.5735181393732943,0.6484087313921265,0.4845887483461192,0.6019747249959941,0.5698346637297629,0.6476771250066927,0.5760188155196423,3.0,2.0,-1.0,1.0,-0.021265849167922846
GAB,加蓬,266,2021,0.5975478114075577,0.4730256600654314,0.6085323872884523,0.5686042273506151,0.6503610521765524,0.47460004199475264,0.608378244320048,0.5651937834672827,0.6498452989180451,0.5745043421750321,3.0,2.0,-1.0,1.0,-0.02304346923252565
GMB,冈比亚,270,2001,0.4263596218658548,0.2489148602332462,0.32042649225469316,0.5278018204809193,0.5180175236424377,0.25472380332077493,0.3374810861826095,0.5263059189641626,0.530502684911496,0.41225337334476075,15.0,16.0,1.0,1.0,-0.014106248521094045
GMB,冈比亚,270,2002,0.42571090854427585,0.2395285668676634,0.32577527200413053,0.5241644954865452,0.5173937147343218,0.24436794198780262,0.3432072418305434,0.522730128670806,0.5299005053166733,0.4100514544514564,17.0,19.0,2.0,2.0,-0.015659454092819436
GMB,冈比亚,270,2003,0.4309754847130408,0.252425180332008,0.3383486354302687,0.5186763998163825,0.5201612348600669,0.2579833325896719,0.35665763683524304,0.5172736004235867,0.5325054672203011,0.4161050092672007,16.0,18.0,2.0,2.0,-0.014870475445840137
GMB,冈比亚,270,2004,0.43555236850159057,0.23727018995380653,0.3528230744426621,0.5287807401121224,0.5206881398738595,0.24223620257224887,0.3708533588703773,0.5272709917649414,0.5329799678221412,0.4183351302574272,16.0,18.0,2.0,2.0,-0.01721723824416338
GMB,冈比亚,270,2005,0.4354158713699588,0.23465261822555086,0.35400253474484583,0.5279209824366712,0.5207999956629309,0.24003268823173857,0.3717258492573208,0.5264442672353744,0.5331718296920732,0.41784365860412676,16.0,19.0,3.0,3.0,-0.01757221276583204
GMB,冈比亚,270,2006,0.44129818159977585,0.23301198068355713,0.37569944878105827,0.5266792271545117,0.5206973588374606,0.23838974279546976,0.39272894482625553,0.5252243422006633,0.5331089180225949,0.42236298696124586,15.0,19.0,4.0,4.0,-0.018935194638529995
GMB,冈比亚,270,2007,0.4458279840244194,0.23618081356651696,0.38796470982547593,0.5259259916394643,0.5224945428108312,0.24167448420229154,0.4029076246683275,0.5244877029339831,0.5345292396720416,0.4258997628691609,17.0,19.0,2.0,2.0,-0.019928221155258496
GMB,冈比亚,270,2008,0.4557314979676267,0.25057424086886043,0.4098032371749009,0.5263990104465672,0.5265325771345655,0.25617322589170455,0.42333185517071603,0.5249378661172549,0.5385420586958329,0.4357462514688771,16.0,18.0,2.0,2.0,-0.01998524649874961
GMB,冈比亚,270,2009,0.46018022415808824,0.26146168873749126,0.41853386314238106,0.5261114898681848,0.5279075563193416,0.26669974392767093,0.43124813176040516,0.5246426432718063,0.5401211276997222,0.44067791166490117,17.0,15.0,-2.0,2.0,-0.01950231249318707
GMB,冈比亚,270,2010,0.46342815685843086,0.2592465109222719,0.43179823648804655,0.5277193345363467,0.5259662709383602,0.26459525318300403,0.44385354341855227,0.5262013817614719,0.5380882413124884,0.4431846049188791,18.0,18.0,0.0,0.0,-0.02024355193955174
GMB,冈比亚,270,2011,0.45800764557010704,0.23114324542697542,0.4311893289407118,0.5220238056482898,0.5250174290343482,0.23552391693377794,0.4435762338367203,0.5206002131225698,0.5371661600298143,0.4342166309807206,21.0,20.0,-1.0,1.0,-0.023791014589386428
GMB,冈比亚,270,2012,0.4615929783979497,0.2493175669112934,0.43987094759926987,0.519509077289076,0.5227041784891764,0.2542217076602165,0.4515377081816972,0.5181028987811418,0.5347604422831561,0.43965568922655296,22.0,20.0,-2.0,2.0,-0.021937289171396757
GMB,冈比亚,270,2013,0.46581743007723747,0.2469065442983354,0.45229171576568267,0.5199138487629552,0.5248904221202385,0.2515554879558985,0.4627290448411543,0.5184930799394383,0.5372433855994769,0.442505249583992,22.0,23.0,1.0,1.0,-0.02331218049324546
GMB,冈比亚,270,2014,0.47869126862084566,0.24274438189388228,0.4733015875815306,0.5195099404055336,0.5449767631764609,0.24696956578674245,0.482490783660535,0.5181202771794253,0.5563697334563991,0.45098759002077543,18.0,20.0,2.0,2.0,-0.027703678600070225
GMB,冈比亚,270,2015,0.4828584393955966,0.24994955924290854,0.48888766503740116,0.5179607092819358,0.5420863397161944,0.25444187959554665,0.4966222247665197,0.5166001163493125,0.5533228885124851,0.45524677730596597,16.0,18.0,2.0,2.0,-0.027611662089630618
GMB,冈比亚,270,2016,0.4856060302555582,0.24307488944086178,0.501957144347161,0.5156994057299031,0.5428395301703695,0.24761292434324728,0.5089782635228757,0.5143566743337831,0.5542265480608155,0.45629360256518037,18.0,19.0,1.0,1.0,-0.02931242769037784
GMB,冈比亚,270,2017,0.4858172258686669,0.24654205192320153,0.5025604707565711,0.5168320373769277,0.5410251251077376,0.2511994290601342,0.5093413440351718,0.5154560019092023,0.5523620829670989,0.4570897144929018,19.0,20.0,1.0,1.0,-0.02872751137576507
GMB,冈比亚,270,2018,0.4922300758873866,0.24621356550818838,0.5173714249541026,0.5271625075605126,0.5408261701702852,0.25108609170977103,0.5230857796157649,0.5257234495203881,0.552270664935023,0.46304149644523673,18.0,20.0,2.0,2.0,-0.029188579442149865
GMB,冈比亚,270,2019,0.4893794242376079,0.25582467210000925,0.5034911607095311,0.5271364137322232,0.540771140354921,0.26044641608944186,0.5105218815577098,0.5256981762190263,0.5523526082938047,0.46225477053999564,19.0,22.0,3.0,3.0,-0.027124653697612244
GMB,冈比亚,270,2020,0.49024233237045706,0.23906260658718745,0.5149575823948043,0.5270433959447396,0.539977630142614,0.2439744029394572,0.5204739567804691,0.5256188025486426,0.5516203031368236,0.46042186635134813,20.0,24.0,4.0,4.0,-0.029820466019108927
GMB,冈比亚,270,2021,0.48938750725577657,0.2416974669861757,0.5119688940637704,0.5277657657443348,0.5386806392130015,0.24703361437667554,0.5171751055911785,0.5262999136367184,0.5503004345769331,0.46020226704537637,21.0,25.0,4.0,4.0,-0.0291852402104002
GHA,加纳,288,2001,0.44455984100168927,0.2793214650220523,0.3457796610931624,0.4926524946188382,0.5566823351410958,0.2810181443363625,0.36471289386284284,0.4917241833495737,0.5659004142156457,0.4258389089411062,10.0,10.0,0.0,0.0,-0.018720932060583062
GHA,加纳,288,2002,0.4460301902529013,0.2906120952825444,0.34829922295251947,0.49180928238119537,0.5550793989107491,0.2923783109347249,0.36741385120398057,0.4908917469714686,0.5642181847709724,0.42872552347028664,12.0,11.0,-1.0,1.0,-0.017304666782614664
GHA,加纳,288,2003,0.4513520823957473,0.29787036184505744,0.3583614902361596,0.4898341598253994,0.5600580959386877,0.29945056641413226,0.3771738032374812,0.488759044601517,0.5694488745868328,0.43370807220999075,9.0,10.0,1.0,1.0,-0.017644010185756565
GHA,加纳,288,2004,0.4523658468108075,0.2812607709646943,0.3705771080871646,0.49966301320560014,0.5533126193025903,0.2837284249729074,0.38948016914640615,0.4984153061378594,0.5621616929774194,0.43344639830864806,11.0,10.0,-1.0,1.0,-0.01891944850215943
GHA,加纳,288,2005,0.4555782164547397,0.27298412596962895,0.38021908148003897,0.5027800936835136,0.5555323085115788,0.2758334532593849,0.3981853596619641,0.5015282550346932,0.5646585759478499,0.435051410975973,12.0,9.0,-3.0,3.0,-0.02052680547876673
GHA,加纳,288,2006,0.46491972911260365,0.26525069371435256,0.404296809199059,0.5123933981986258,0.5589666336617114,0.2681505945502014,0.4216950225811531,0.5110979675080547,0.5684723007658273,0.44235397135130916,9.0,8.0,-1.0,1.0,-0.02256575776129449
GHA,加纳,288,2007,0.46492371703331864,0.2610044456142146,0.4175769164052632,0.5111007948221001,0.5505059268973024,0.2647322464739288,0.43421973985273943,0.509768608119884,0.5593246302982804,0.44201130618620815,11.0,9.0,-2.0,2.0,-0.022912410847110487
GHA,加纳,288,2008,0.46837004367866286,0.26333010033142756,0.4320311244614249,0.5107762645813911,0.5476138901030867,0.2672584912732199,0.4470226734995886,0.5094176234860378,0.5562232245279222,0.44498050319669213,12.0,11.0,-1.0,1.0,-0.023389540481970728
GHA,加纳,288,2009,0.4781754929255948,0.27335319476371184,0.45485494221370404,0.5059850049663069,0.5551932362677533,0.2764882199316153,0.46856850202558636,0.5046662953652886,0.5645549450014751,0.4535694905809914,8.0,9.0,1.0,1.0,-0.024606002344603417
GHA,加纳,288,2010,0.48473071945163604,0.2775567918789645,0.4721903078282838,0.5064998286412921,0.55734484039935,0.2807275381363243,0.48489813525702835,0.5052562827071654,0.5669186451467556,0.4594501503118184,7.0,9.0,2.0,2.0,-0.025280569139817632
GHA,加纳,288,2011,0.48830395955988404,0.296702454713949,0.48551561424394407,0.4999209170737592,0.5532240036367139,0.29941414486469836,0.4969548386745262,0.49880654324884993,0.5623883247358042,0.4643909628809697,8.0,10.0,2.0,2.0,-0.023912996678914333
GHA,加纳,288,2012,0.48918301941030357,0.28836993612765277,0.48989540464075676,0.5011676082633315,0.5543912273471213,0.2909527561946701,0.5006244186514004,0.4999418907524475,0.5636811317742242,0.4638000493431855,9.0,10.0,1.0,1.0,-0.025382970067118038
GHA,加纳,288,2013,0.49801854340747603,0.27178843152059634,0.5139458188630632,0.5122997774166955,0.5587868941708884,0.27496066210046965,0.523749641740216,0.5108051747996911,0.5684772439834445,0.46949818065595533,8.0,10.0,2.0,2.0,-0.0285203627515207
GHA,加纳,288,2014,0.5013363898791394,0.28107535868419736,0.5242180378400265,0.5068971641370701,0.5593280376770707,0.2839768462334718,0.5334052049092667,0.5055036081599275,0.5690809631195914,0.4729916556055644,8.0,10.0,2.0,2.0,-0.028344734273575034
GHA,加纳,288,2015,0.5019650827670601,0.279869116281334,0.5391320730154662,0.5077819840385428,0.5489081250165588,0.28315738279892344,0.5464248114869578,0.5062422318735783,0.5576816955024341,0.47337653041547334,8.0,10.0,2.0,2.0,-0.02858855235158675
GHA,加纳,288,2016,0.5087950218503308,0.2802146366744245,0.5543950620679091,0.514180573729509,0.551505416186245,0.2836192356834909,0.5605195046943302,0.5124562193730008,0.5604401043339932,0.47925876602120376,7.0,9.0,2.0,2.0,-0.029536255829127
GHA,加纳,288,2017,0.5162965592605672,0.294153946261311,0.5705785086920462,0.5143079012910928,0.5538879907550915,0.29746662859379325,0.5762584211019672,0.5126281305814866,0.5630311081194453,0.48734607209917313,7.0,9.0,2.0,2.0,-0.028950487161394034
GHA,加纳,288,2018,0.5227986728676468,0.2918559432350222,0.5873473057342281,0.5180487007807502,0.5568506183738453,0.29514292100907785,0.5917416964458326,0.516434464861947,0.5662015581986592,0.4923801601288792,6.0,8.0,2.0,2.0,-0.03041851273876761
GHA,加纳,288,2019,0.5211651159465797,0.29550151735673064,0.5784670662043845,0.5186528419529731,0.5578868709328855,0.2987986879824941,0.5852524487629934,0.5169990239857998,0.5673743000965803,0.4921061152069669,8.0,8.0,0.0,0.0,-0.02905900073961276
GHA,加纳,288,2020,0.5352926530136255,0.2859864548365672,0.6382221209664676,0.5169474696960181,0.552733838554208,0.289270829870194,0.639760775917695,0.515258292040272,0.5616852988475779,0.5014937991689347,6.0,8.0,2.0,2.0,-0.033798853844690835
GHA,加纳,288,2021,0.5352783564261454,0.28931751619222984,0.6430655538368906,0.5067942516978794,0.5534053643208122,0.29316321090937403,0.6443816116023613,0.5054871315901464,0.5623735805308427,0.5013513836581811,6.0,9.0,3.0,3.0,-0.0339269727679643
GIN,几内亚,324,2001,0.39877762827524993,0.2781996626902221,0.31509192941256037,0.5052015237531462,0.44897934882075097,0.28094216893566964,0.33447276809560833,0.5044960690462494,0.46254414557157214,0.3956137879122749,24.0,22.0,-2.0,2.0,-0.0031638403629750123
GIN,几内亚,324,2002,0.4525644795961905,0.27167496115191797,0.33433731978140807,0.5026096820725667,0.5849728878264997,0.2747865988682651,0.35498270608256177,0.5019329327609765,0.5924673098641304,0.43104238689398344,8.0,10.0,2.0,2.0,-0.021522092702207063
GIN,几内亚,324,2003,0.44887971818121347,0.2588418365551786,0.33313090436993925,0.4936482078966843,0.585626336944365,0.26198574833685107,0.3544511856885759,0.4930278649796133,0.5932095898234433,0.4256685972071209,11.0,13.0,2.0,2.0,-0.02321112097409256
GIN,几内亚,324,2004,0.4497135351139545,0.26349258207143494,0.33310133647053813,0.501365677761349,0.5818200420377415,0.26648994021194977,0.35453499693620266,0.5005880894594874,0.5890782754391329,0.42767282551169317,12.0,13.0,1.0,1.0,-0.022040709602261344
GIN,几内亚,324,2005,0.45401932450072924,0.2701667711717291,0.33468385628939606,0.4886760261066008,0.5972449403067551,0.2725612567979466,0.3560979410452579,0.4880887077650938,0.604249528106526,0.43024935842870604,13.0,13.0,0.0,0.0,-0.023769966072023196
GIN,几内亚,324,2006,0.46249072386352374,0.26960841413926756,0.35089324326754634,0.5037492967449061,0.5989238548675085,0.27142997893169035,0.3709029734997608,0.5029941420265087,0.6061067551093599,0.4378584623918299,10.0,12.0,2.0,2.0,-0.02463226147169384
GIN,几内亚,324,2007,0.463003381256936,0.26580622127259845,0.35093584632113745,0.506913617369936,0.5998540716027754,0.26881725210411667,0.37079561748400575,0.5060897528030306,0.6063590205284666,0.4380154107299049,13.0,13.0,0.0,0.0,-0.02498797052703111
GIN,几内亚,324,2008,0.4636714762588298,0.2640172877227248,0.35601119148380644,0.5050659072388752,0.5992897240761511,0.26679990624996963,0.3751045605567982,0.504310643194512,0.6057720727853024,0.43799679569664557,14.0,16.0,2.0,2.0,-0.02567468056218425
GIN,几内亚,324,2009,0.4649596421759529,0.25533691946132336,0.3620887351465885,0.5037085129450699,0.60182913829738,0.25836141303947474,0.3806685380101743,0.5030117314838134,0.6085589892280823,0.4376501679403862,15.0,18.0,3.0,3.0,-0.027309474235566733
GIN,几内亚,324,2010,0.46781671842380596,0.27060691435236306,0.3696696443456492,0.4986560282006373,0.6009170694778927,0.2732246908173863,0.3879531201522274,0.4981984750135997,0.6075931856584521,0.44174236791041643,17.0,19.0,2.0,2.0,-0.02607435051338952
GIN,几内亚,324,2011,0.46867840186066256,0.24856616428384817,0.38250777094801164,0.5007155602703461,0.5996824472772112,0.2520148449472398,0.40017548027893096,0.5001011453360035,0.6061652724946806,0.4396141857642136,16.0,19.0,3.0,3.0,-0.029064216096448936
GIN,几内亚,324,2012,0.4728561383997826,0.2619152431236405,0.38816390410368207,0.5032230005940435,0.6003044418089603,0.26479114288986455,0.40548853030535487,0.5024983368028133,0.6068916201870521,0.4449174075462712,16.0,18.0,2.0,2.0,-0.027938730853511395
GIN,几内亚,324,2013,0.48104152546382084,0.25624187492943296,0.4111518998376785,0.5084054324139937,0.6032477383664466,0.25945640157676414,0.4273899941995928,0.5075180411033231,0.6101500010580705,0.4511286094844376,13.0,16.0,3.0,3.0,-0.029912915979383226
GIN,几内亚,324,2014,0.48613027179233803,0.26339316636012655,0.428620050593916,0.50521933617157,0.6023252655137027,0.26636877233659617,0.4442173515384765,0.5043755873085616,0.6091685834575269,0.4560325736602903,15.0,16.0,1.0,1.0,-0.030097698132047712
GIN,几内亚,324,2015,0.4884608197861509,0.2588065293070392,0.44318878048597654,0.5058684341840285,0.5982178919074899,0.2621871945966586,0.45735819731633576,0.5049189348243621,0.6046976638131465,0.45729049763762575,14.0,17.0,3.0,3.0,-0.031170322148525165
GIN,几内亚,324,2016,0.4871625626580449,0.23934922097986996,0.45041873129691923,0.5009982099765501,0.5986407571284658,0.24331843605550432,0.46385823901304774,0.5001197841605329,0.6051740817229762,0.4531176352380153,17.0,22.0,5.0,5.0,-0.034044927420029625
GIN,几内亚,324,2017,0.5037423830905522,0.3354755094672977,0.45993046667747745,0.5068934922214205,0.5982976052297854,0.33583507808757973,0.4725481631188239,0.5059277875411338,0.6048415564932799,0.4797881463102043,11.0,10.0,-1.0,1.0,-0.023954236780347915
GIN,几内亚,324,2018,0.5065631970779545,0.30317263511676623,0.4752219351871234,0.5175927804652336,0.5992039364767433,0.30481794235101795,0.487579260771592,0.5164055321627536,0.6058714219368979,0.4786685393055654,11.0,10.0,-1.0,1.0,-0.027894657772389087
GIN,几内亚,324,2019,0.5103137183191716,0.29487614328066275,0.4851207706470152,0.5250396870312257,0.600211438585457,0.2970025698781634,0.49710721161565147,0.5235954844102298,0.6069371823535911,0.48116061206440897,11.0,13.0,2.0,2.0,-0.02915310625476264
GIN,几内亚,324,2020,0.5207572562468341,0.3893773331542693,0.4808982596662491,0.5229171124155734,0.5993325013028679,0.3868916960824703,0.49151796451576973,0.5214661952819599,0.6059845857333431,0.5014651104033858,11.0,9.0,-2.0,2.0,-0.019292145843448294
GIN,几内亚,324,2021,0.5265029819214013,0.3999307548962715,0.4929311534534017,0.5251020527173842,0.600295463132946,0.3973766729044735,0.5049429403088883,0.5236397474599503,0.6069752433063651,0.5082336509949192,10.0,8.0,-2.0,2.0,-0.018269330926482086
CIV,科特迪瓦,384,2001,0.43919893046463504,0.30868251629750204,0.32166824759715185,0.5308052174088721,0.5289176982770185,0.3111995548034065,0.3385549938708172,0.5291290022522351,0.5385320349991969,0.429353896481414,13.0,9.0,-4.0,4.0,-0.009845033983221063
CIV,科特迪瓦,384,2002,0.44105524251146333,0.3172830858768679,0.3280119129303898,0.5283989434595566,0.527151022704174,0.3192247356003512,0.3449348832972701,0.5268257520355972,0.5366740176574467,0.4319148471476663,14.0,8.0,-6.0,6.0,-0.009140395363797016
CIV,科特迪瓦,384,2003,0.44239255543668654,0.3122622840717187,0.33215899589487075,0.5294205645254499,0.5286960907194941,0.3143310439269276,0.34915120294371477,0.5278808085487728,0.538427295607559,0.4324475877567435,14.0,11.0,-3.0,3.0,-0.009944967679943018
CIV,科特迪瓦,384,2004,0.44234267451200326,0.3233650481179491,0.3387012902559453,0.5211090090040833,0.5240230013397853,0.32565921102832823,0.355729804431005,0.5199144954707109,0.5333781125064011,0.4336704058591113,14.0,9.0,-5.0,5.0,-0.008672268652891946
CIV,科特迪瓦,384,2005,0.4463549396917171,0.32006320717431613,0.3506851520373043,0.5184316171917517,0.5280746787787701,0.32214477644903833,0.3677197589223892,0.5172928504745281,0.5375268030721311,0.4361710472295217,14.0,8.0,-6.0,6.0,-0.010183892462195365
CIV,科特迪瓦,384,2006,0.4510223104334696,0.32801205930304833,0.3616257297223214,0.5175770104178536,0.5296505174898247,0.3299446785574047,0.37810645385658165,0.5165564332624766,0.5393160768131823,0.4409809106224113,14.0,9.0,-5.0,5.0,-0.010041399811058282
CIV,科特迪瓦,384,2007,0.4512433272021806,0.31676731806835845,0.3741727497527436,0.5171215123032142,0.5244308834632867,0.31905721515222735,0.389465694781557,0.5160936223857854,0.5337006705684109,0.4395793007219952,15.0,12.0,-3.0,3.0,-0.011664026480185385
CIV,科特迪瓦,384,2008,0.45737950175436537,0.3264884134365257,0.3928468191563672,0.5168731950844034,0.5227897154648671,0.3289028207290728,0.40724613687796646,0.5158222598457148,0.5319637917932819,0.445983752311509,15.0,10.0,-5.0,5.0,-0.011395749442856373
CIV,科特迪瓦,384,2009,0.4641576026821414,0.33701913671410416,0.40274936224273356,0.522019689569134,0.5266182579259047,0.3388892270421804,0.4162170262565942,0.5207572240343553,0.5361972777327052,0.45301518876645874,16.0,10.0,-6.0,6.0,-0.011142413915682658
CIV,科特迪瓦,384,2010,0.4691150579304874,0.3326413227393441,0.41479591642755576,0.5270891225197463,0.5291504840968787,0.3349270856301967,0.4276143357455074,0.5256377923717647,0.539012860858015,0.45679801865137093,16.0,10.0,-6.0,6.0,-0.012317039279116482
CIV,科特迪瓦,384,2011,0.466945511099191,0.3298193733274259,0.4196713482744988,0.5185836980196122,0.5251562246479838,0.33088427260182884,0.4327536895008565,0.5174445017795506,0.534737565127747,0.4539550072524957,17.0,14.0,-3.0,3.0,-0.012990503846695312
CIV,科特迪瓦,384,2012,0.46998478801226073,0.33047501918900085,0.427447673204951,0.5203188818892862,0.5259728206710167,0.33288042372235077,0.44016343715891326,0.519024546151385,0.5356356774021557,0.4569260211087012,17.0,14.0,-3.0,3.0,-0.01305876690355956
CIV,科特迪瓦,384,2013,0.47416741237141147,0.3233346184810727,0.43937758518769565,0.5233775303630636,0.528627335335711,0.3263848382960898,0.4516079070820456,0.5219237162214201,0.5385543859334422,0.4596177118832494,18.0,15.0,-3.0,3.0,-0.014549700488162065
CIV,科特迪瓦,384,2014,0.4785805781984399,0.3272527238883519,0.4496952673371464,0.5271586125642859,0.5288027821234106,0.33026763542784854,0.46069683369017483,0.5255512250819669,0.5388025223218027,0.46382955413044824,19.0,13.0,-6.0,6.0,-0.01475102406799167
CIV,科特迪瓦,384,2015,0.4874714205993527,0.3154074164609124,0.49125073353268545,0.5325959482201901,0.5207384518501527,0.31822203844863445,0.49800069343938425,0.5308425649913737,0.5300693978934435,0.469283673693209,15.0,11.0,-4.0,4.0,-0.01818774690614372
CIV,科特迪瓦,384,2016,0.4919379486111787,0.31456234053574156,0.5046218869747219,0.5330386437302154,0.5222315847438479,0.3176962637042754,0.5108820968517493,0.5312596897600256,0.5317421470484778,0.472895049341132,13.0,11.0,-2.0,2.0,-0.019042899270046654
CIV,科特迪瓦,384,2017,0.49905307199367055,0.31353349892473786,0.5265790491571491,0.5339192888694289,0.5238624340586128,0.3168806161076602,0.5318541773571145,0.532079194551005,0.5335952133472394,0.4786023003407548,13.0,11.0,-2.0,2.0,-0.020450771652915756
CIV,科特迪瓦,384,2018,0.4987015496601631,0.30327820093956587,0.5273209760028623,0.5356671527415009,0.525002853938189,0.30692154225149315,0.5332306678437279,0.5337479022623982,0.5348997633089955,0.4771999689166536,15.0,13.0,-2.0,2.0,-0.021501580743509496
CIV,科特迪瓦,384,2019,0.5031299756130324,0.3099224751474429,0.5387083735232183,0.5359490219871108,0.52537941675814,0.31345453718463534,0.5441861239008909,0.5339895703906763,0.5353531022619756,0.4817458334345446,15.0,11.0,-4.0,4.0,-0.02138414217848783
CIV,科特迪瓦,384,2020,0.5050035570252951,0.3015611010237601,0.5531409955957657,0.5354986763163028,0.5221254209081106,0.3050549008756329,0.5580556676293701,0.5335654211939201,0.5318863626268686,0.48214058808144794,15.0,14.0,-1.0,1.0,-0.02286296894384715
CIV,科特迪瓦,384,2021,0.5110500798227521,0.30990239108273004,0.5743169733502287,0.5295126799642585,0.5220107064938941,0.3137116780204735,0.5786423630751636,0.5276878036195402,0.5317661129389419,0.4879519894135298,15.0,12.0,-3.0,3.0,-0.023098090409222283
KEN,肯尼亚,404,2001,0.3969515333231863,0.27525557959666486,0.254347217287477,0.5117521542729448,0.4904422242550595,0.27894582385957284,0.26741283253565673,0.5105721666998374,0.5014675439755514,0.38959959176765463,26.0,25.0,-1.0,1.0,-0.007351941555531649
KEN,肯尼亚,404,2002,0.4016358665194017,0.2773891195087937,0.2595995321758183,0.5138174263959392,0.49709568931942816,0.2806889092704037,0.2724565209216255,0.5128543236284531,0.5086278519138733,0.3936569014335889,25.0,24.0,-1.0,1.0,-0.007978965085812806
KEN,肯尼亚,404,2003,0.4038260484800542,0.2833070999257821,0.26664505182115833,0.5111732584022366,0.4967853722976194,0.28658773886090544,0.27992678018299044,0.5102478799235972,0.5082500324759502,0.3962531078608608,27.0,25.0,-2.0,2.0,-0.007572940619193391
KEN,肯尼亚,404,2004,0.41030783876203436,0.2833832617824758,0.28208241685218977,0.5127942236799661,0.5011296796847153,0.2868121609867251,0.2957353775305243,0.5118430861354719,0.5128003062739241,0.40179773273166136,24.0,24.0,0.0,0.0,-0.008510106030373
KEN,肯尼亚,404,2005,0.4152519191549507,0.28669444015712836,0.29712043887056216,0.5132352469018809,0.5010816786276018,0.2900870856653249,0.3108744909785138,0.51224797197749,0.5127089443234089,0.40647962323618436,22.0,23.0,1.0,1.0,-0.008772295918766326
KEN,肯尼亚,404,2006,0.41885227727470137,0.27859443151213004,0.31189119150565214,0.5161749006968004,0.500252783441067,0.2823920151452447,0.32540086903336324,0.5151255984715245,0.511752505706569,0.4086677470891754,25.0,25.0,0.0,0.0,-0.010184530185525953
KEN,肯尼亚,404,2007,0.4202164186515782,0.2779452639820952,0.3244624514671414,0.5157927839927792,0.49427627150970366,0.28207183913337597,0.33698837416649047,0.5147219421054823,0.5052503360224833,0.409758122856958,24.0,25.0,1.0,1.0,-0.01045829579462021
KEN,肯尼亚,404,2008,0.42584628470046615,0.267267233621716,0.3447250866952042,0.5148711250911137,0.49772814947222205,0.2709279932978369,0.35677810222821116,0.5138264425211224,0.5090172859653896,0.41263745600314006,25.0,25.0,0.0,0.0,-0.013208828697326092
KEN,肯尼亚,404,2009,0.42842876835990157,0.26675175509324917,0.34997847440977137,0.5135234325509588,0.5015290841379036,0.2707119900644954,0.36159850950498673,0.5124825174023265,0.5130914902952234,0.414471126816758,25.0,27.0,2.0,2.0,-0.01395764154314355
KEN,肯尼亚,404,2010,0.43284648859801084,0.27495106683972764,0.36426458414863466,0.5165359501318857,0.4973966884375769,0.2794333126166371,0.37503579290325295,0.5154208493561295,0.5084418564578731,0.41958295283347313,27.0,28.0,1.0,1.0,-0.013263535764537704
KEN,肯尼亚,404,2011,0.44086096142285996,0.26713794032962096,0.39516297802819733,0.5163909993679945,0.4973036715103738,0.27144687381992794,0.40564305332614115,0.5152552423722678,0.508312691756271,0.425164465318652,26.0,26.0,0.0,0.0,-0.01569649610420798
KEN,肯尼亚,404,2012,0.4459214224153947,0.265790827800653,0.4055764431719988,0.517789452980345,0.5024547392495485,0.27019090230440657,0.41567739328868125,0.5166361352008678,0.5135409683461856,0.4290113497850353,25.0,27.0,2.0,2.0,-0.016910072630359374
KEN,肯尼亚,404,2013,0.4525812250856672,0.2622474690188888,0.43052171528000216,0.5180311947622795,0.5016932507184558,0.2667912399689548,0.442032521859513,0.5168563145924424,0.5127009807253468,0.43459526428656425,26.0,26.0,0.0,0.0,-0.017985960799102974
KEN,肯尼亚,404,2014,0.45601242812508197,0.2602400413522991,0.4376430659312574,0.5172696067118067,0.5065158165037955,0.26498827517271456,0.4485125038003894,0.5161064740384784,0.5179641578556036,0.4368928527167965,26.0,26.0,0.0,0.0,-0.01911957540828546
KEN,肯尼亚,404,2015,0.4603813981899096,0.265746152678966,0.45146976875647943,0.5157992091079244,0.5061735931742237,0.2704077543934044,0.4617498627277047,0.5146333296191343,0.5175890691976086,0.441095003984463,24.0,25.0,1.0,1.0,-0.01928639420544659
KEN,肯尼亚,404,2016,0.4643198926154897,0.2662731561858981,0.46592748381921006,0.5165910053713828,0.504639546850064,0.2709730540157479,0.47603193588270654,0.5154360112544449,0.5159313822590665,0.4445930958529915,24.0,24.0,0.0,0.0,-0.019726796762498222
KEN,肯尼亚,404,2017,0.4675000526888408,0.26333277775669334,0.4730782020679425,0.5188074590027449,0.5073742814783955,0.26816726923729134,0.4831296422657784,0.5176851510215719,0.5189216975706037,0.44697594002381136,24.0,24.0,0.0,0.0,-0.02052411266502946
KEN,肯尼亚,404,2018,0.47367754013094393,0.2702755599819058,0.4949959962493451,0.5197829006940962,0.5035223473892992,0.27528348736654035,0.504067432869077,0.5185307659981903,0.5147414076096378,0.45315577346086133,23.0,25.0,2.0,2.0,-0.020521766670082597
KEN,肯尼亚,404,2019,0.48073424005234827,0.2717746739521736,0.5192515922515231,0.5211639534013712,0.5019293357621797,0.27688642627579585,0.527157347302625,0.5198744466317683,0.5131037996041601,0.4592555049535873,21.0,24.0,3.0,3.0,-0.02147873509876097
KEN,肯尼亚,404,2020,0.4821885823734071,0.2707118955850365,0.5305148071642863,0.5216586151884908,0.4969051371258393,0.2754118210488247,0.5372409923587967,0.5204245624420428,0.5076422025297133,0.4601798945948443,22.0,25.0,3.0,3.0,-0.022008687778562797
KEN,肯尼亚,404,2021,0.48635567050960754,0.2787022308502634,0.5349188276992015,0.5237660191784193,0.5006809587876436,0.2838980777280034,0.5405531327082056,0.5225203338683061,0.5117525881582421,0.4646810331156893,23.0,24.0,1.0,1.0,-0.021674637393918228
LSO,莱索托,426,2001,0.3781947284050013,0.30181495602489516,0.19937305089403082,0.4747333110282112,0.48082472217542926,0.302822281813179,0.20306415880721046,0.47476771789242145,0.4889115818235988,0.36739143508410244,33.0,38.0,5.0,5.0,-0.010803293320898855
LSO,莱索托,426,2002,0.38423240888396415,0.3270658742586678,0.21842642963979203,0.4741021357701733,0.47424525666947154,0.3263598154376644,0.22414245581908102,0.47411260402690275,0.48176627444408515,0.3765952874319333,32.0,34.0,2.0,2.0,-0.007637121452030826
LSO,莱索托,426,2003,0.3801703643770072,0.3072490272750856,0.2156058952416426,0.4812739784503589,0.46852010205401246,0.30790074488385377,0.22091004752638582,0.4810209939057382,0.47555769498137307,0.37134737032433773,35.0,38.0,3.0,3.0,-0.008822994052669453
LSO,莱索托,426,2004,0.3865449062603076,0.31960299284273436,0.2197782800414652,0.48380162804546817,0.4765494052101608,0.31930993706643956,0.22484779313955466,0.4835122207354773,0.4843162806027609,0.3779965578860581,33.0,36.0,3.0,3.0,-0.008548348374249448
LSO,莱索托,426,2005,0.38168229804808673,0.3175409625405336,0.21407233123091182,0.4848524088554689,0.46788877720053534,0.31804200989125836,0.21940289586613423,0.48451091976577915,0.4748692329752072,0.3742062646245947,36.0,38.0,2.0,2.0,-0.007476033423492012
LSO,莱索托,426,2006,0.38734831311023965,0.3319715067140258,0.23001818364357945,0.4870192611063084,0.4648931413829014,0.33200834925666617,0.23406812624939574,0.4866044669231877,0.47160012497030296,0.38107026684988815,36.0,37.0,1.0,1.0,-0.0062780462603515
LSO,莱索托,426,2007,0.40991421440503506,0.35899816146605884,0.28697521164311235,0.4848886336231625,0.47494749214031456,0.3577499900096277,0.2919521321608562,0.4843885232819503,0.48254669374355413,0.40415933479899707,30.0,31.0,1.0,1.0,-0.005754879606037988
LSO,莱索托,426,2008,0.40843438563067996,0.3560592380766869,0.28875257296005524,0.48553080775854923,0.4703987948516721,0.3548631053569781,0.29358320942446364,0.4850362342549731,0.47760367189843933,0.40277155523371355,34.0,32.0,-2.0,2.0,-0.005662830396966412
LSO,莱索托,426,2009,0.40262814525654383,0.3033506850568736,0.2979928950406835,0.4818916057011866,0.4693408579914779,0.3036998711265931,0.3018375563229574,0.48143597609702676,0.47646274001725963,0.3908590358909592,35.0,37.0,2.0,2.0,-0.011769109365584618
LSO,莱索托,426,2010,0.3979141300335358,0.2906316708270374,0.29518465680397976,0.48827941611006853,0.4597502222185651,0.2920224574248327,0.29824525398978285,0.4876725505948413,0.4658471381538935,0.3859468500408376,37.0,39.0,2.0,2.0,-0.011967279992698199
LSO,莱索托,426,2011,0.4117015878003379,0.29865374653419036,0.33316585613817257,0.4836237523961231,0.46857303025538877,0.2994014982813292,0.3342414831046404,0.4831533316336842,0.4754777042600011,0.39806850431991375,35.0,35.0,0.0,0.0,-0.013633083480424135
LSO,莱索托,426,2012,0.42192540900697584,0.28003570173941167,0.3661656024193779,0.4854529400458603,0.47744099647710164,0.2819688700602629,0.36568837223074885,0.48484429679491464,0.48513846965127727,0.4044100021843009,34.0,34.0,0.0,0.0,-0.01751540682267494
LSO,莱索托,426,2013,0.43346504877768494,0.28607535189474925,0.3982645367244055,0.49416547229877034,0.4775937316041243,0.28769399325834605,0.3960867638316657,0.4932649073710318,0.4853102397925888,0.4155889760634081,31.0,33.0,2.0,2.0,-0.017876072714276825
LSO,莱索托,426,2014,0.4403980440762914,0.28877345073039273,0.41721068018306773,0.4936662220883148,0.4815661062525897,0.29044849928646566,0.4132470348649896,0.4927381049887863,0.48965378982833974,0.4215218572421453,30.0,32.0,2.0,2.0,-0.018876186834146103
LSO,莱索托,426,2015,0.4429620996353418,0.30628409164284337,0.42034466818893856,0.4971659217978256,0.47776705696236865,0.30740043746835977,0.4160334411772929,0.49611100165521416,0.48551767821665487,0.4262656396293804,29.0,29.0,0.0,0.0,-0.016696460005961367
LSO,莱索托,426,2016,0.45094645180069537,0.30394325646934117,0.44132574828889004,0.49654909093184674,0.4849492272717553,0.305290814981658,0.4358899952713178,0.49541850937710935,0.49331230204174814,0.4324779054179583,29.0,29.0,0.0,0.0,-0.018468546382737094
LSO,莱索托,426,2017,0.4504170091381907,0.30387782862511753,0.4572943995138115,0.49503866398223784,0.4727766442777705,0.3044168293390931,0.4500755961214012,0.4939806309120562,0.48003236777453406,0.4321263560367712,29.0,31.0,2.0,2.0,-0.01829065310141953
LSO,莱索托,426,2018,0.4488772597497252,0.3154192462718221,0.4365968617885016,0.5020996186203817,0.475537883609586,0.31542458924495465,0.4330933971615592,0.5009713219550989,0.48310135005028326,0.433147664602974,30.0,32.0,2.0,2.0,-0.015729595146751207
LSO,莱索托,426,2019,0.45658029684459084,0.3000425215738426,0.46947163678000225,0.5006497080260236,0.4784874095096567,0.30121704597461246,0.4651714943375848,0.49955154098716176,0.486393394522456,0.43808336895545374,30.0,30.0,0.0,0.0,-0.018496927889137094
LSO,莱索托,426,2020,0.44631073057376486,0.29929170863605337,0.4376836509055161,0.49981171484592146,0.47505301845329534,0.29973022220211804,0.43545884524747946,0.49878267733827714,0.48271404903019555,0.42917144845451755,33.0,34.0,1.0,1.0,-0.017139282119247312
LSO,莱索托,426,2021,0.44737912086628834,0.3019394435609583,0.4497002464449658,0.4876625644097271,0.4751599457059208,0.3033343492260373,0.44719240636609936,0.4869771225460249,0.48281847306262465,0.43008058780019653,33.0,35.0,2.0,2.0,-0.017298533066091804
LBR,利比里亚,430,2001,0.3669676090653568,0.19372365424033586,0.2387472008756534,0.5075151480029721,0.45266548682758384,0.1985888039471938,0.2553016932734789,0.5065937450383619,0.46735037352060227,0.3569586539449092,36.0,40.0,4.0,4.0,-0.010008955120447582
LBR,利比里亚,430,2002,0.36462822997678906,0.20458133552200597,0.2426835512284288,0.4855661599430662,0.451743674440222,0.20897021464960755,0.2591465056960184,0.48485932238551166,0.4664003057744585,0.35484408712639903,37.0,42.0,5.0,5.0,-0.009784142850390032
LBR,利比里亚,430,2003,0.3589694203970599,0.1634950189409856,0.2576112663772752,0.42074679499307044,0.4762536471085149,0.16626120308733475,0.27431858157629674,0.4212762682346168,0.4901300028429327,0.33799651393529523,40.0,43.0,3.0,3.0,-0.020972906461764695
LBR,利比里亚,430,2004,0.3735492161865425,0.2131512231414522,0.2561271364070409,0.46536715599908396,0.4738726930626963,0.21735956131176862,0.2722204734632766,0.4655109373346384,0.4875664186616452,0.3606643476928322,38.0,42.0,4.0,4.0,-0.012884868493710344
LBR,利比里亚,430,2005,0.3713477215607519,0.21524079886262804,0.2501655991721398,0.4629490135095321,0.47328692770485264,0.21941401615110323,0.26724959243890317,0.4631197897680646,0.4869901117569662,0.3591933775287593,39.0,42.0,3.0,3.0,-0.012154344031992614
LBR,利比里亚,430,2006,0.37509063276041027,0.2238041428231109,0.2485433890728112,0.4724844176648308,0.4762985206193257,0.22774733364783661,0.26529298434148113,0.4725115228128404,0.49017510025048927,0.36393173526316186,39.0,43.0,4.0,4.0,-0.01115889749724841
LBR,利比里亚,430,2007,0.37969328055895873,0.2249264296918044,0.2712857031749049,0.4685306722866064,0.47239432632444195,0.22896046538883363,0.28749167069850873,0.46845853913605406,0.4859469686340244,0.3677144109643552,38.0,41.0,3.0,3.0,-0.011978869594603536
LBR,利比里亚,430,2008,0.38235850231342067,0.21379164857868596,0.2852472327287854,0.47065814347924084,0.4712175343138991,0.21798807580158933,0.30089452021680724,0.47054087404602013,0.48473620365185544,0.368539918429068,39.0,41.0,2.0,2.0,-0.013818583884352642
LBR,利比里亚,430,2009,0.38905502143021725,0.22096372880570173,0.3038882522751216,0.4702968958423866,0.47212951708913503,0.2258251870360895,0.31889721826054673,0.4701786797461053,0.48581090165236007,0.3751779966737754,39.0,39.0,0.0,0.0,-0.01387702475644187
LBR,利比里亚,430,2010,0.39016035891967293,0.1745725273783612,0.3202470987799535,0.47707173572775097,0.47481522355393385,0.18060049578289186,0.33433686230903,0.4768657021665791,0.488814273501488,0.37015433343999726,39.0,43.0,4.0,4.0,-0.02000602547967567
LBR,利比里亚,430,2011,0.3868223690122525,0.16317045316565718,0.3180714436418619,0.479463995538406,0.47016005470420497,0.16928117867717768,0.3305466297370091,0.47920875941532104,0.48371573602476564,0.3656880759635684,40.0,44.0,4.0,4.0,-0.021134293048684083
LBR,利比里亚,430,2012,0.38996536529238074,0.15161410791271426,0.3337406513207787,0.47645337815732947,0.4720196092952275,0.15806513642184167,0.3459318871108358,0.47617663677334654,0.4857919472095026,0.36649140187888163,40.0,44.0,4.0,4.0,-0.02347396341349911
LBR,利比里亚,430,2013,0.397243462916539,0.20849237879185462,0.32669908226313893,0.48392289582406617,0.4728302579834477,0.2135894052993495,0.33974326190212717,0.4834981161480414,0.4867508253957368,0.3808954021863137,40.0,40.0,0.0,0.0,-0.016348060730225322
LBR,利比里亚,430,2014,0.4044426110698941,0.2197723346254792,0.3497833538282479,0.47843068284351387,0.4729888001477472,0.2241843835073473,0.3611187795694141,0.47798223337719115,0.4869297283628916,0.387553781204211,40.0,41.0,1.0,1.0,-0.016888829865683075
LBR,利比里亚,430,2015,0.4145028276722525,0.2592873112299866,0.3758539106621696,0.47615914983673524,0.46651729115542634,0.2628858031332742,0.38588901858698393,0.47575262364597215,0.47993190954101184,0.40111483872681053,39.0,39.0,0.0,0.0,-0.013387988945441964
LBR,利比里亚,430,2016,0.411418831244737,0.22989045378417747,0.3797018428187744,0.47186516686825464,0.46803966368559474,0.23410934948591172,0.3899883272056964,0.4715224524039483,0.48162066153151056,0.3943101976567667,39.0,39.0,0.0,0.0,-0.017108633587970268
LBR,利比里亚,430,2017,0.4097834707713639,0.2217492526513762,0.3775705304952126,0.4693341408148145,0.4696752897144983,0.226431540788243,0.3884401592346732,0.469090910796617,0.48349704075110816,0.39186491289266034,39.0,41.0,2.0,2.0,-0.017918557878703556
LBR,利比里亚,430,2018,0.4156369852214776,0.22331824719687315,0.38662943609692335,0.48425861576546164,0.46926898527227895,0.22754191909138616,0.3976106247428582,0.4840097754128933,0.4830893104010124,0.3980629074120375,40.0,40.0,0.0,0.0,-0.017574077809440092
LBR,利比里亚,430,2019,0.4076023804735751,0.21951825447697457,0.36675399891450006,0.47547510890369227,0.46971877204975643,0.22347547258639766,0.37898261031660074,0.4754217327878479,0.4837187411081262,0.3903996391997431,42.0,43.0,1.0,1.0,-0.017202741273832034
LBR,利比里亚,430,2020,0.40795137500695483,0.24374389625543688,0.3650695645212113,0.46633781635605714,0.4685270463214232,0.24678773612894142,0.37767957607717945,0.4664676503344838,0.482512376550699,0.39336183477282594,43.0,43.0,0.0,0.0,-0.014589540234128895
LBR,利比里亚,430,2021,0.40806864735685333,0.27144320406321193,0.3622139664669246,0.45086425948041503,0.4700329597176138,0.2739549727698664,0.37455133249296463,0.4515461626440613,0.4842187014150913,0.39606779233049594,42.0,43.0,1.0,1.0,-0.012000855026357393
MDG,马达加斯加,450,2001,0.41703744023952755,0.27480824179100294,0.3076276804188322,0.5223362227772268,0.49654796564778403,0.27808868345487714,0.32443156210868984,0.5214041117317535,0.5106187785819066,0.4086357839693068,16.0,19.0,3.0,3.0,-0.00840165627022077
MDG,马达加斯加,450,2002,0.4082328507924411,0.22836896816887634,0.29950741389553287,0.5120741786023233,0.5016475270018302,0.23168324523210349,0.31579077457647636,0.5114431219578105,0.5161862007464373,0.3937758356282069,21.0,23.0,2.0,2.0,-0.0144570151642342
MDG,马达加斯加,450,2003,0.41882603254995177,0.2668038912023259,0.3092351737531166,0.5087087676707648,0.510890719021245,0.27078105634122523,0.3246442449695838,0.5080562478025553,0.5250305801086057,0.40712803230549255,19.0,20.0,1.0,1.0,-0.011698000244459217
MDG,马达加斯加,450,2004,0.4186047532826925,0.2648138798197259,0.3120596612941699,0.5064164357738866,0.5100344468370709,0.26790935880823397,0.32819114071654115,0.5057709182913092,0.5241387431309812,0.4065025402367664,20.0,22.0,2.0,2.0,-0.012102213045926069
MDG,马达加斯加,450,2005,0.4156255958862819,0.2465651818959152,0.3121394939698917,0.5086541424223695,0.5071054452849519,0.250293539248831,0.32855635259560473,0.5079760510066853,0.5209366604769275,0.40194065083201214,21.0,25.0,4.0,4.0,-0.01368494505426976
MDG,马达加斯加,450,2006,0.4193621825073577,0.25471890641893585,0.31799324988284067,0.5090433372071484,0.5094539564142627,0.2582972546020745,0.3344824349068414,0.5083428076630387,0.5235120734870014,0.406158642664739,24.0,28.0,4.0,4.0,-0.013203539842618683
MDG,马达加斯加,450,2007,0.4201040873573516,0.25112399783863815,0.3261149283325562,0.5074425910361438,0.5071376132555473,0.2548487541712604,0.34231238355694715,0.506739755762313,0.5209756259177859,0.40621912985207664,25.0,27.0,2.0,2.0,-0.013884957505274964
MDG,马达加斯加,450,2008,0.4203834932676523,0.23642389394443256,0.3299624247345603,0.5094060868102545,0.5089812029410449,0.2407362491280765,0.3455252992133221,0.5086675378337654,0.5229949277012564,0.4044810034691051,27.0,31.0,4.0,4.0,-0.015902489798547192
MDG,马达加斯加,450,2009,0.41948400041712386,0.2175465954986012,0.33988590678165514,0.5033099154595632,0.5088135179105238,0.22156967844217945,0.35582718893130627,0.5027106127153663,0.5228728932225217,0.40074509332784347,30.0,33.0,3.0,3.0,-0.018738907089280388
MDG,马达加斯加,450,2010,0.42675812851833267,0.23858635082011612,0.35236500057568904,0.5030646713489504,0.5112150841851697,0.24227890696447824,0.36775197918327734,0.5025290187329063,0.5247242620048105,0.40932104172136813,31.0,32.0,1.0,1.0,-0.01743708679696454
MDG,马达加斯加,450,2011,0.42981614095054915,0.24563376293623143,0.35600287034948364,0.5015070399961805,0.5150136089802418,0.2490226866441198,0.37133801892958673,0.501010497554128,0.5288469328709162,0.41255453399968767,29.0,31.0,2.0,2.0,-0.017261606950861486
MDG,马达加斯加,450,2012,0.43266113762271835,0.24395857320617492,0.3654813120082487,0.4982031705506973,0.517659323358612,0.24756785990002425,0.3818304666867418,0.49773536273536134,0.5316895293384121,0.4147058046651349,30.0,32.0,2.0,2.0,-0.017955332957583447
MDG,马达加斯加,450,2013,0.4297526442440766,0.2502535539299488,0.3531605151721267,0.49991417146008776,0.5163842759457078,0.25354010938519933,0.36953023106545346,0.4994009157860109,0.5302958126207715,0.4131917672143588,32.0,34.0,2.0,2.0,-0.016560877029717813
MDG,马达加斯加,450,2014,0.4401502862761694,0.2673027622857545,0.3782187189974995,0.4993005348292374,0.5188363853824471,0.2701531429767099,0.3942598260070749,0.498750001609567,0.5329650155587626,0.4240319965380286,31.0,31.0,0.0,0.0,-0.016118289738140834
MDG,马达加斯加,450,2015,0.44052241904822254,0.26662265734435364,0.38443784236854706,0.49530905606638975,0.5173644504975449,0.26951485813244136,0.39991180743640814,0.4947833460828851,0.5313464167278091,0.4238891070948859,31.0,33.0,2.0,2.0,-0.016633311953336616
MDG,马达加斯加,450,2016,0.4397531430082796,0.2730812503483912,0.37857763391804733,0.49574940867838235,0.5174055134708748,0.2757550660013421,0.3943960802321482,0.49519567755864874,0.5314061446431445,0.4241882421088209,31.0,33.0,2.0,2.0,-0.015564900899458722
MDG,马达加斯加,450,2017,0.4418907888067073,0.2759692860147566,0.3776824116281512,0.49832589944027395,0.5214746873181961,0.27843409302369915,0.3928574450123974,0.49778092239270666,0.5355243445962754,0.42614920125626965,32.0,34.0,2.0,2.0,-0.01574158755043764
MDG,马达加斯加,450,2018,0.4444107985495595,0.2770104273638017,0.3829188009833102,0.5021551535365639,0.5215779793921116,0.2792353814579626,0.3979445047865952,0.5017058125150113,0.5356581687744253,0.4286359668834986,32.0,33.0,1.0,1.0,-0.015774831666060918
MDG,马达加斯加,450,2019,0.4365395762399187,0.2669638091713888,0.36295212912715225,0.5020701003793413,0.519809889199614,0.26976405934625547,0.3769957628610431,0.5015955098662649,0.5337318645847389,0.42052179916457555,34.0,38.0,4.0,4.0,-0.01601777707534313
MDG,马达加斯加,450,2020,0.43682123347876733,0.24458717327197363,0.3753229903275883,0.4947395710531127,0.5228809016025531,0.24729811543134517,0.3886107432261418,0.49445018486065195,0.5371224316332238,0.4168703687878407,35.0,38.0,3.0,3.0,-0.019950864690926662
MDG,马达加斯加,450,2021,0.44083051289468556,0.2608491846093646,0.3826847085783655,0.49505409448341303,0.5218659981619262,0.26381487420968436,0.3957749602336398,0.4947319329733963,0.5359917380035397,0.42257837635506507,36.0,38.0,2.0,2.0,-0.01825213653962049
MWI,马拉维,454,2001,0.4117753015314643,0.2510420504451007,0.23222437955974137,0.49740693684596077,0.5660764517286733,0.25332476683402405,0.24516774429483298,0.4967219616469549,0.5703390205942769,0.3913883733425222,17.0,24.0,7.0,7.0,-0.02038692818894211
MWI,马拉维,454,2002,0.41393751750433844,0.22775736575124853,0.2371556826286637,0.5069943541019812,0.5709370990888782,0.2306755967080858,0.2501477465676568,0.5062415907865232,0.5757551105909502,0.39070501116330403,18.0,28.0,10.0,10.0,-0.02323250634103441
MWI,马拉维,454,2003,0.41693177878558746,0.24783173601734101,0.24347491716555056,0.5011373586895722,0.5701470740917762,0.25163195880591177,0.25650275380765786,0.5004043699309827,0.5749860754596986,0.3958812895010627,20.0,26.0,6.0,6.0,-0.021050489284524743
MWI,马拉维,454,2004,0.42083019052238774,0.24010988310824394,0.25241770284251586,0.5078387752109612,0.5725554213799321,0.24415244668300978,0.2668926275662895,0.5070149490533893,0.5776582894028353,0.398929578176381,19.0,26.0,7.0,7.0,-0.021900612346006765
MWI,马拉维,454,2005,0.4208549986119045,0.23538788725194745,0.2607680368617036,0.5073672422938432,0.5678431465909292,0.2394491013148036,0.27531463868140177,0.5065282452158918,0.5725820542667005,0.3984685098696994,19.0,28.0,9.0,9.0,-0.022386488742205113
MWI,马拉维,454,2006,0.42488331485065306,0.24805767667873976,0.2621559040768392,0.5088085533643062,0.5723691626272541,0.25164771519895357,0.2770775983876578,0.5079241531971149,0.5775945358110647,0.4035610006486977,21.0,29.0,8.0,8.0,-0.02132231420195535
MWI,马拉维,454,2007,0.4239294510711313,0.255638351566345,0.269894385006036,0.5074293107252249,0.561533841868562,0.25952868979716803,0.2848930718503739,0.5065293469933242,0.5658781713096149,0.4042073199876203,23.0,30.0,7.0,7.0,-0.019722131083511008
MWI,马拉维,454,2008,0.42783092536424094,0.24519955397822402,0.28560258685058865,0.5063632293020889,0.5639224984049365,0.24927288942362807,0.3002073415864051,0.5054487414537779,0.5685551214263085,0.4058710234725299,23.0,30.0,7.0,7.0,-0.021959901891711042
MWI,马拉维,454,2009,0.4373786806573118,0.2554432811671513,0.3035734065325044,0.5119649994109665,0.5686677946155679,0.2592421204757733,0.319612101853509,0.5109585593689724,0.5738198193256238,0.4159081502559696,24.0,25.0,1.0,1.0,-0.02147053040134217
MWI,马拉维,454,2010,0.43758105903603295,0.24373817989094773,0.31198356267628563,0.5159799266610289,0.5643425252390165,0.24784557309970656,0.3276551494199156,0.5148868454112175,0.5691700920426986,0.4148894149933846,25.0,30.0,5.0,5.0,-0.02269164404264834
MWI,马拉维,454,2011,0.4422205482069652,0.24392546585937405,0.32073937469270103,0.5165845371851722,0.5695805600533634,0.24780236914392656,0.3362533431347062,0.5154799942382533,0.574944469930444,0.4186200441118325,25.0,28.0,3.0,3.0,-0.0236005040951327
MWI,马拉维,454,2012,0.4414870232903726,0.2456748963774504,0.3224812827868017,0.5089620159815202,0.5699051381412453,0.2491580012409979,0.3377656607042208,0.5079210193592786,0.5753650080933335,0.4175524223494577,27.0,31.0,4.0,4.0,-0.023934600940914874
MWI,马拉维,454,2013,0.44370812990841235,0.23722278144265757,0.33624358961188233,0.5066218504749403,0.5692676787156773,0.24105482294396297,0.3508600445952652,0.5055867264642873,0.5747273037219224,0.4180572244313595,27.0,31.0,4.0,4.0,-0.025650905477052843
MWI,马拉维,454,2014,0.44633349431728964,0.24569282741832466,0.333018694838512,0.5095039342410914,0.5743665901801189,0.24935976817289374,0.34629710565814587,0.5084261274898605,0.5803578770212843,0.42111021958554606,28.0,33.0,5.0,5.0,-0.025223274731743572
MWI,马拉维,454,2015,0.453641920361817,0.23913097240436273,0.34196549515614594,0.5111037325787128,0.5886504872417255,0.24305282937645506,0.35465500796467436,0.510011979340017,0.5935186800052374,0.42530962417159596,27.0,31.0,4.0,4.0,-0.02833229619022104
MWI,马拉维,454,2016,0.45497480703966536,0.23921195725055794,0.34548920504106145,0.5065813694979829,0.5920292145113918,0.2430454485985868,0.3579752461970551,0.5055192588274311,0.5972724265742644,0.4259530950493344,28.0,31.0,3.0,3.0,-0.02902171199033099
MWI,马拉维,454,2017,0.45808530137055137,0.22791224564206772,0.3478643236834242,0.51698913956868,0.5967546591551215,0.23253427758234446,0.36027550544996356,0.5158282656457261,0.6019659628415694,0.4276510028799009,27.0,33.0,6.0,6.0,-0.03043429849065049
MWI,马拉维,454,2018,0.45711903746415883,0.22770081313198057,0.3518591163586449,0.5213108794261637,0.5884584187474201,0.2324562144104152,0.3645223890001809,0.5201385139778125,0.5929610264349038,0.42751953595582814,28.0,35.0,7.0,7.0,-0.029599501508330683
MWI,马拉维,454,2019,0.46185534990913024,0.23870013941967125,0.3637394111737982,0.5256790350881569,0.5853560079508996,0.24328170975718316,0.3767985896717676,0.5245516490370709,0.5896655599676993,0.4335743771084303,28.0,32.0,4.0,4.0,-0.028280972800699966
MWI,马拉维,454,2020,0.4657913599019575,0.22625079235599674,0.372982809183377,0.5243161237526265,0.5939717151356193,0.23081165737339293,0.385390432151197,0.5230444013246042,0.5991408745283454,0.4345968413443849,28.0,31.0,3.0,3.0,-0.031194518557572604
MWI,马拉维,454,2021,0.47127102974866275,0.23132456064594067,0.3863058412242125,0.5259621133468714,0.5954524582809128,0.2360238523264661,0.397866125981504,0.5247827898485541,0.6008224519537569,0.43987380502757034,28.0,31.0,3.0,3.0,-0.03139722472109241
MLI,马里,466,2001,0.3603824265226344,0.2855943732188031,0.3190907267532985,0.5165290445401539,0.33110234359657603,0.29001616187948276,0.33877517033620363,0.5156882044853649,0.3538185992159773,0.3745745339792571,38.0,32.0,-6.0,6.0,0.014192107456622693
MLI,马里,466,2002,0.3593183309002607,0.2818572219218791,0.3200113833379761,0.5052360684178226,0.3352798560260448,0.2851875510909031,0.3393764537084318,0.5047474319602123,0.3577233008157919,0.37175868439383475,39.0,37.0,-2.0,2.0,0.01244035349357403
MLI,马里,466,2003,0.36424791299248355,0.2825502970796907,0.3279753718028922,0.5149552072127824,0.33653225488878313,0.2865974480398773,0.34699495785604634,0.514097309515392,0.3590730226748654,0.3766906845215453,38.0,37.0,-1.0,1.0,0.012442771529061758
MLI,马里,466,2004,0.3875027755639217,0.26955048895324435,0.3351079657744012,0.5172397443684056,0.39801733434271824,0.2733572320580481,0.3540267938133151,0.5163598303235384,0.41869696515612614,0.3906102053377569,32.0,31.0,-1.0,1.0,0.003107429773835213
MLI,马里,466,2005,0.38933487347412515,0.2647139048274457,0.3376517482912727,0.5214289528740741,0.4003314733775045,0.26827301926345337,0.35663802601117245,0.5204224315846111,0.4212097120148881,0.39163579721853126,33.0,31.0,-2.0,2.0,0.0023009237444061026
MLI,马里,466,2006,0.38979445629820925,0.2793314782583783,0.34048614023004853,0.5072391384277454,0.40216718205784857,0.28234490457701444,0.3593203959459664,0.5066932340095626,0.42305839006982887,0.3928542311505931,35.0,33.0,-2.0,2.0,0.0030597748523838453
MLI,马里,466,2007,0.3900094894323791,0.2641274104613481,0.3497652134007085,0.5052200531951386,0.4019087303034618,0.26738692742295145,0.36841764077540784,0.5046844640999012,0.4225348291299789,0.39075596535705986,36.0,34.0,-2.0,2.0,0.0007464759246807451
MLI,马里,466,2008,0.39202198657394577,0.2629675955743248,0.353921934745797,0.5089392907508326,0.4023520551577391,0.26629257341466755,0.37240429037745265,0.5082582322586944,0.42302470016017224,0.39249494905274673,37.0,34.0,-3.0,3.0,0.00047296247880096454
MLI,马里,466,2009,0.39355492909246054,0.265765786606765,0.3601961558911692,0.5024131086438607,0.40422212881881525,0.2693376120939238,0.3783138169957106,0.5019154774972422,0.42504254831051674,0.39365236372434836,38.0,34.0,-4.0,4.0,9.74346318878272e-05
MLI,马里,466,2010,0.39838594423868157,0.26089308803158734,0.37980973373119126,0.49952570510187433,0.40503469212100845,0.2646219371659599,0.39664875026928714,0.4991352434247391,0.4256608425923605,0.39651669336308665,36.0,35.0,-1.0,1.0,-0.0018692508755949189
MLI,马里,466,2011,0.40338654696942233,0.2668933512983103,0.3975516767726404,0.49362839101056494,0.4056238465616477,0.2701578116861133,0.41299571871211455,0.4934117436538086,0.42614861298279305,0.4006784717587074,37.0,34.0,-3.0,3.0,-0.002708075210714922
MLI,马里,466,2012,0.40694782061641227,0.27020081080430125,0.41135150087026157,0.48516539799223196,0.4079011638980237,0.2730189567330089,0.42535071530390295,0.48519837475389466,0.42827709575818323,0.4029612856372474,37.0,35.0,-2.0,2.0,-0.003986534979164846
MLI,马里,466,2013,0.4226846918047887,0.2702782252081445,0.4532696308834753,0.4939735109033824,0.41209259929609837,0.27365844941555206,0.46538913138228605,0.4937031583903146,0.43270699167291243,0.4163644327152663,35.0,32.0,-3.0,3.0,-0.006320259089522384
MLI,马里,466,2014,0.42780228330490266,0.2720683114045147,0.46811583209065255,0.498672917935704,0.4107785819663032,0.27559188019252046,0.4778494942482976,0.49822549648049785,0.4312662640062817,0.4207332837318994,35.0,34.0,-1.0,1.0,-0.007068999573003276
MLI,马里,466,2015,0.42686940938559786,0.2703027731640271,0.46826470538477727,0.49842090291668295,0.40887981307541127,0.27372898798185596,0.4781174221857106,0.49793613032109457,0.4291891922704197,0.4197429331897702,34.0,34.0,0.0,0.0,-0.00712647619582768
MLI,马里,466,2016,0.4252784917942499,0.2684713410118403,0.46574928646664426,0.49203589721910107,0.4108807649349937,0.2719992509495011,0.47629376330120066,0.49171286976065975,0.4311832649667961,0.4177972872445394,35.0,35.0,0.0,0.0,-0.007481204549710518
MLI,马里,466,2017,0.42719810782302176,0.2648776368269557,0.4713015043009047,0.4954523931581915,0.410994101187814,0.2685814791496917,0.48074894348673863,0.49501344328387065,0.4312520144222769,0.4188989700856445,37.0,37.0,0.0,0.0,-0.008299137737377282
MLI,马里,466,2018,0.43383786478217984,0.27252251061591815,0.4889276249868767,0.4942463796986903,0.41288644109313954,0.2758773190305652,0.49854729855654534,0.49390597735399683,0.43321127837415346,0.42538546832881524,37.0,37.0,0.0,0.0,-0.008452396453364597
MLI,马里,466,2019,0.43418656794245,0.2673385274508178,0.4921981559050595,0.49274226064808757,0.4139372191256624,0.2708392713562013,0.5013910824745682,0.4924440451122575,0.43426886486540833,0.4247358159521088,36.0,35.0,-1.0,1.0,-0.009450751990341177
MLI,马里,466,2020,0.45153024921300605,0.28655261943618077,0.5457825845990326,0.48772786713025573,0.41411818026097935,0.28904401055906176,0.5572597576010264,0.48768136897613124,0.4344498747432414,0.44210875296986524,31.0,29.0,-2.0,2.0,-0.009421496243140814
MLI,马里,466,2021,0.4424740985016064,0.27639843675964304,0.5418998612063286,0.4566046830215145,0.41395839072264706,0.2794676692022401,0.5530321544048026,0.4576029947620327,0.4342213016844451,0.4310810300133801,34.0,34.0,0.0,0.0,-0.011393068488226299
MUS,毛里求斯,480,2001,0.44209448202709273,0.40242398154285575,0.39897993325006803,0.6274290152015378,0.37983826378067964,0.4062877421997584,0.41052144913110866,0.6282232390163988,0.3931704456979745,0.45955071901131006,12.0,5.0,-7.0,7.0,0.017456236984217333
MUS,毛里求斯,480,2002,0.44465513163735476,0.39973109203342644,0.4138726275214859,0.6213403651461201,0.38070809900414104,0.403089380807428,0.4244411364304268,0.6219059867758588,0.39434291508723324,0.4609448547752368,13.0,6.0,-7.0,7.0,0.016289723137882017
MUS,毛里求斯,480,2003,0.4445889368953508,0.3919570882138068,0.42004986247516846,0.6196952969076209,0.380002916736604,0.3962600912709951,0.4300742051149857,0.6201673566594403,0.39352446513724887,0.4600065295456675,13.0,7.0,-6.0,6.0,0.015417592650316725
MUS,毛里求斯,480,2004,0.4483822267681307,0.38636495800155995,0.43474679503771824,0.6238973156141994,0.37938492420932246,0.391731003448245,0.44376339299011464,0.6244673299870865,0.39274343770805575,0.46317629103337554,13.0,6.0,-7.0,7.0,0.014794064265244822
MUS,毛里求斯,480,2005,0.4558891989580542,0.3859168566867868,0.4719106547408536,0.6171056915443589,0.3773941810897245,0.3911006421239038,0.4828371142546707,0.6173156881211286,0.3905033650218146,0.4704392023803794,10.0,5.0,-5.0,5.0,0.014550003422325208
MUS,毛里求斯,480,2006,0.4575304588245842,0.3920408223313666,0.4786559067855183,0.6133724112423935,0.3769583171826777,0.39755513910979196,0.48906150462357056,0.613382165252734,0.38984016955026357,0.47245974463409,13.0,6.0,-7.0,7.0,0.01492928580950581
MUS,毛里求斯,480,2007,0.46238320469070243,0.39607073228767,0.490687691465475,0.6181171190087494,0.37718489894654983,0.40215182256581045,0.4998826794304972,0.61818521891403,0.3897906267727698,0.47750258692077685,14.0,5.0,-9.0,9.0,0.015119382230074419
MUS,毛里求斯,480,2008,0.4644365461093147,0.38490203233781933,0.503371249653399,0.6216131777125606,0.37581086818784465,0.39165352485222493,0.5115740980744209,0.6217822782681148,0.38818245593432726,0.47829808928227197,13.0,5.0,-8.0,8.0,0.013861543172957291
MUS,毛里求斯,480,2009,0.4685242526357962,0.3844881024848987,0.5144184631200107,0.6235550551090044,0.3779278853981764,0.3915008433612257,0.521968395087668,0.6237733169206817,0.39090834171656064,0.482037724271534,13.0,5.0,-8.0,8.0,0.013513471635737795
MUS,毛里求斯,480,2010,0.47806659909881216,0.38412990083717063,0.5434099134420786,0.6360845390549017,0.3758278345699086,0.3912716948081613,0.5497258719028097,0.6366883699552278,0.38828711036667063,0.4914932617582174,11.0,4.0,-7.0,7.0,0.01342666265940523
MUS,毛里求斯,480,2011,0.47746891636503536,0.38334654354147485,0.5506201128556802,0.6225017490043732,0.37734028259028835,0.3911984077670819,0.555933914714839,0.6224381754858774,0.3893674215102165,0.4897344798695037,14.0,6.0,-8.0,8.0,0.012265563504468335
MUS,毛里求斯,480,2012,0.48711895437781955,0.3991267827183509,0.5763995284890802,0.6246218450916077,0.37789872215816095,0.40665297567373865,0.5794923769133947,0.6246261002012143,0.3899866654901696,0.5001895295696293,10.0,5.0,-5.0,5.0,0.013070575191809708
MUS,毛里求斯,480,2013,0.4902032391010109,0.40222952876175916,0.5882221009008126,0.6229434522894255,0.3776455979440781,0.40976820557336574,0.5902918989635443,0.6228622491296394,0.38963757368655766,0.5031399818382768,10.0,5.0,-5.0,5.0,0.012936742737265916
MUS,毛里求斯,480,2014,0.4973794857657479,0.4087680523523709,0.6136462333574403,0.6183766583539735,0.37913053839673466,0.4163247630958958,0.6141037299547123,0.6180391796952382,0.39103393048779994,0.5098754008084115,9.0,5.0,-4.0,4.0,0.012495915042663619
MUS,毛里求斯,480,2015,0.5005033271411349,0.41150192955622017,0.6108897349518717,0.6359436535379517,0.3781755367690623,0.4190160971630337,0.6081999779194904,0.6363990303285559,0.38989280690609174,0.513376978079293,10.0,4.0,-6.0,6.0,0.012873650938158065
MUS,毛里求斯,480,2016,0.5043314719380193,0.41348537683667114,0.627514013284725,0.6345932296154848,0.3767613743104538,0.42178903656962957,0.6236016853629137,0.634946207365971,0.3882490011129373,0.5171464826028629,8.0,5.0,-3.0,3.0,0.012815010664843585
MUS,毛里求斯,480,2017,0.5037833417962118,0.4113793624163639,0.6363771277415369,0.6257112937354422,0.3750321456364461,0.4199266857387615,0.6316554792151641,0.6255438246536094,0.38594798485382725,0.5157684936153406,10.0,5.0,-5.0,5.0,0.011985151819128848
MUS,毛里求斯,480,2018,0.5087928011792402,0.41768144073002583,0.6410820194448834,0.6411774533874361,0.3737732764672059,0.4267488421927193,0.6360592450962258,0.6421399293901918,0.3843674006592547,0.522328854334598,10.0,5.0,-5.0,5.0,0.013536053155357775
MUS,毛里求斯,480,2019,0.5221685742942447,0.41793390652623513,0.6804562889255726,0.6501075065272806,0.37639773088337986,0.427684294844362,0.6757139648570376,0.6516096878099796,0.38760666542816546,0.5356536532348861,6.0,4.0,-2.0,2.0,0.013485078940641437
MUS,毛里求斯,480,2020,0.5219372439006452,0.38759508211485827,0.6919383440023927,0.6471157076700571,0.3805142916573869,0.39680603485845106,0.6865912798320678,0.6489998296331155,0.3926570278726022,0.5312635430490592,9.0,4.0,-5.0,5.0,0.009326299148413986
MUS,毛里求斯,480,2021,0.5281533227443074,0.41143729555385333,0.7099125265581437,0.6390587120675149,0.38039125981889493,0.42226675885608256,0.7033808211410254,0.6406572943224477,0.392540458423583,0.5397113331857847,8.0,5.0,-3.0,3.0,0.011558010441477307
MOZ,莫桑比克,508,2001,0.4001668154750458,0.2519488987328235,0.2858483053516328,0.39981943360147154,0.5465598207429766,0.2559774913405389,0.303293024257544,0.4022077906110297,0.5520476448415643,0.3783814877626692,22.0,30.0,8.0,8.0,-0.021785327712376568
MOZ,莫桑比克,508,2002,0.4069418955478307,0.24912899993794002,0.28664443575065995,0.40894055324298373,0.5602990924406318,0.25297614400559026,0.30412016111399054,0.4110755439852383,0.5662152849782279,0.38359678352076176,23.0,30.0,7.0,7.0,-0.02334511202706896
MOZ,莫桑比克,508,2003,0.4092023942120923,0.2489098014212643,0.2883376800186393,0.4111881296001674,0.5639236875426327,0.25250216787707025,0.30578010771897485,0.4132162643815453,0.5695089945410378,0.385251883629657,23.0,30.0,7.0,7.0,-0.023950510582435303
MOZ,莫桑比克,508,2004,0.425627393246772,0.2526993068462077,0.3019054487680111,0.4222927048621645,0.5902937273347897,0.2560685468372597,0.3202743144022819,0.4241133572218608,0.5952925888851228,0.3989372018366313,18.0,25.0,7.0,7.0,-0.02669019141014073
MOZ,莫桑比克,508,2005,0.42876048501047753,0.25775443700500295,0.31254381209031246,0.4303210101871267,0.5838404594137396,0.2607846831086887,0.3304293515786683,0.4319498738366948,0.5883017930382863,0.40286642539058454,17.0,24.0,7.0,7.0,-0.025894059619892995
MOZ,莫桑比克,508,2006,0.4338403497302344,0.2710859914758543,0.3139570587863117,0.4388917497658983,0.5868954137956335,0.2737995381947085,0.33188235325606075,0.4403112303128287,0.5916847733490211,0.4094194737781548,18.0,24.0,6.0,6.0,-0.02442087595207959
MOZ,莫桑比克,508,2007,0.43812671560802663,0.26646863321100606,0.31820532889326686,0.46711973309924804,0.5806697599266337,0.26932500376163115,0.33597372404333825,0.46764111946919795,0.5849438752343015,0.4144709306271172,19.0,23.0,4.0,4.0,-0.023655784980909422
MOZ,莫桑比克,508,2008,0.44165984529902214,0.26083095815278556,0.32628500871986443,0.4706955565493786,0.5838164232389045,0.26395099533184785,0.3435746465338357,0.4711290990922996,0.588338750075077,0.41674837275826504,19.0,23.0,4.0,4.0,-0.024911472540757096
MOZ,莫桑比克,508,2009,0.44739221441563526,0.25396327494019094,0.3448538326981535,0.46919182991587516,0.587876802383547,0.2574455974465957,0.3624202903720922,0.46965596081351274,0.5928117324587322,0.42058339527273325,19.0,23.0,4.0,4.0,-0.026808819142902007
MOZ,莫桑比克,508,2010,0.45801979630426476,0.25955846626996587,0.35508044371983166,0.4810190568478189,0.5999605300117243,0.2623954594073127,0.37225316522938934,0.48112407200077656,0.6039095711819361,0.4299205669548537,20.0,23.0,3.0,3.0,-0.02809922934941106
MOZ,莫桑比克,508,2011,0.45709295089101076,0.24328905413648277,0.356830771979912,0.47159628945791987,0.607303520088035,0.24679277933280408,0.37366730126224285,0.4719286373009229,0.6117423117067551,0.4260327574006812,22.0,25.0,3.0,3.0,-0.03106019349032957
MOZ,莫桑比克,508,2012,0.4536626247595442,0.2085921269207183,0.35670645251664623,0.47523054831885375,0.6084504550888362,0.21323274574335946,0.37306730884362116,0.4753721575075298,0.6126107379962985,0.41857073752270224,23.0,30.0,7.0,7.0,-0.03509188723684198
MOZ,莫桑比克,508,2013,0.4586776353774171,0.2161657770433392,0.36569770495084175,0.4745525242442037,0.6125935074976878,0.2204954765357827,0.3801832638175821,0.4746773031974781,0.6165147193858069,0.42296769073416246,24.0,30.0,6.0,6.0,-0.035709944643254665
MOZ,莫桑比克,508,2014,0.46727613804322504,0.2283521062492008,0.3807716827434561,0.47851374338180497,0.617317200943613,0.23244841246386774,0.3925974422693504,0.47846295565267355,0.6216976439794921,0.43130161359134594,23.0,30.0,7.0,7.0,-0.0359745244518791
MOZ,莫桑比克,508,2015,0.4625438599622317,0.2138919382170637,0.37473831957054626,0.4806632645158433,0.6132021906087867,0.218515712970182,0.38539531169381497,0.4805259716955148,0.6172418923620016,0.4254197221803783,23.0,30.0,7.0,7.0,-0.03712413778185336
MOZ,莫桑比克,508,2016,0.45950450683430405,0.2261819066819682,0.3560866477424545,0.48101589692414015,0.6153045908044168,0.22977822087941466,0.36811861016687214,0.480834481568406,0.6195831902800413,0.4245786257236835,26.0,32.0,6.0,6.0,-0.03492588111062056
MOZ,莫桑比克,508,2017,0.4636817601281614,0.2672884666162513,0.34977496536758435,0.4842744257905284,0.6151369712542539,0.26914451928608796,0.3630411986881361,0.48408469466391757,0.6194340953209772,0.43392612698977967,25.0,30.0,5.0,5.0,-0.029755633138381754
MOZ,莫桑比克,508,2018,0.4682764550144975,0.2532479233750833,0.37580302273721444,0.4872884899297708,0.6100321901018959,0.2553258518348795,0.38881962348029037,0.4872018741733897,0.6139991503169882,0.4363366249513869,25.0,30.0,5.0,5.0,-0.031939830063110575
MOZ,莫桑比克,508,2019,0.4741478864812308,0.2627547353368644,0.3876534833302265,0.4881185915071726,0.6126458306628431,0.2650244721695184,0.40116677225316866,0.48797979289227905,0.6164551506782378,0.4426565469983009,24.0,29.0,5.0,5.0,-0.03149133948292987
MOZ,莫桑比克,508,2020,0.47921408289433964,0.2351478312968056,0.4072589460754887,0.48870603356171016,0.6203406705971087,0.23818869803022016,0.42059215400783523,0.4885732365520545,0.6249224378248132,0.44306913160373074,23.0,28.0,5.0,5.0,-0.03614495129060891
MOZ,莫桑比克,508,2021,0.48170001920590283,0.26012205979895775,0.40868274162496193,0.4850650458341556,0.6190705278931896,0.262212029521785,0.4227487727758596,0.4849971096935707,0.6235469337398223,0.44837621143275935,24.0,30.0,6.0,6.0,-0.03332380777314348
NAM,纳米比亚,516,2001,0.4767463343437123,0.36548804644840166,0.4065715017477115,0.5198277993750839,0.5490553765851358,0.36853429659098613,0.4192999003702886,0.5173127722184039,0.5594776733270144,0.46615616062667325,5.0,4.0,-1.0,1.0,-0.01059017371703902
NAM,纳米比亚,516,2002,0.4843995679246419,0.3748257450351856,0.41261709997193247,0.5245546668493992,0.5590830414286674,0.3784775141816967,0.425042387295182,0.5220668713532339,0.5694883473268693,0.4737687800392455,4.0,4.0,0.0,0.0,-0.010630787885396398
NAM,纳米比亚,516,2003,0.49858351919078575,0.37433640560399467,0.4239063944524696,0.5233078939445699,0.5897927171279338,0.37862390605483504,0.4359308200147715,0.5207841671968431,0.5984475673789847,0.48344661516135856,3.0,3.0,0.0,0.0,-0.01513690402942719
NAM,纳米比亚,516,2004,0.5048327745432338,0.3957265681298853,0.41887427602675736,0.5232722356318297,0.6033092881666241,0.40035833032616003,0.4307958609072994,0.5206656045275492,0.612017969733799,0.49095944137370184,3.0,4.0,1.0,1.0,-0.013873333169531987
NAM,纳米比亚,516,2005,0.5102442595194564,0.38409091104868004,0.42392639716919944,0.5208806257942972,0.6196675477113014,0.38843917900806585,0.43562479040925206,0.5182378829902421,0.6263030106840047,0.4921512157728912,3.0,3.0,0.0,0.0,-0.018093043746565174
NAM,纳米比亚,516,2006,0.5207909562940496,0.4153270473877702,0.42353378389853163,0.5178840497352544,0.6393697534839737,0.41885491772065,0.4347538197073886,0.5153627953675417,0.6457896086226658,0.5036902853545615,3.0,3.0,0.0,0.0,-0.017100670939488083
NAM,纳米比亚,516,2007,0.5216659268710513,0.4065506346242906,0.4381279751480807,0.5080553553675999,0.6387845756814791,0.4100340847858,0.44813729086800214,0.5057908530413765,0.6445580911507978,0.5021300799614941,3.0,3.0,0.0,0.0,-0.01953584690955723
NAM,纳米比亚,516,2008,0.5266644047995744,0.38950843460449225,0.4343475289529791,0.5181463722923925,0.655939186387252,0.3920816478087918,0.4436077211643983,0.5154386531626238,0.6598207544714881,0.5027371941518255,3.0,3.0,0.0,0.0,-0.023927210647748942
NAM,纳米比亚,516,2009,0.5327748893360178,0.38022665940124334,0.4469404543739011,0.5183796081220611,0.665751144726681,0.38329049247158,0.45423647641827825,0.5156270451170024,0.6703901728508465,0.5058860467144267,3.0,3.0,0.0,0.0,-0.02688884262159108
NAM,纳米比亚,516,2010,0.5377009544102653,0.38935828482171053,0.4681537165242081,0.5182426788805017,0.6588800254694831,0.39280139393914,0.47267609817185474,0.5154301199806678,0.6627054139522852,0.5109032565109869,3.0,3.0,0.0,0.0,-0.02679769789927844
NAM,纳米比亚,516,2011,0.544052067664188,0.3820551120135291,0.4805573602353502,0.5201056457528326,0.6678530241375058,0.3856056930332304,0.48412278838016326,0.5172606880757228,0.6720998353515728,0.5147722512101722,3.0,3.0,0.0,0.0,-0.029279816454015783
NAM,纳米比亚,516,2012,0.5448171960101366,0.37257228146504817,0.47919605600925486,0.5225464053065483,0.6730851114096627,0.37632003764679145,0.483375647999938,0.5196676795053198,0.6777041893000773,0.5142668886130316,3.0,3.0,0.0,0.0,-0.03055030739710496
NAM,纳米比亚,516,2013,0.5586559932056779,0.3965552827245504,0.510124707313055,0.525505121328741,0.6756721814479835,0.3989808303766259,0.5121605108420239,0.52252256665897,0.6802877241244585,0.5284879080005196,3.0,3.0,0.0,0.0,-0.030168085205158346
NAM,纳米比亚,516,2014,0.5663247337253289,0.40007239808541456,0.5269501071032979,0.525354987645712,0.6819256266243175,0.40273521895101977,0.531694807936367,0.5223289121542951,0.68707121917256,0.5359575395535605,3.0,3.0,0.0,0.0,-0.030367194171768364
NAM,纳米比亚,516,2015,0.5729330315885443,0.3985580164494538,0.5565721306363214,0.5258491915255887,0.6763569307563859,0.4015611000077971,0.5616102191659442,0.5228002415138724,0.6809314658182138,0.541725756626457,3.0,3.0,0.0,0.0,-0.031207274962087306
NAM,纳米比亚,516,2016,0.5785169758811283,0.3978252665751371,0.5708890604650191,0.5268488094483635,0.6797924424421127,0.40092372617061284,0.5751047181695896,0.52407388242143,0.6847429754419818,0.5462113255509036,3.0,3.0,0.0,0.0,-0.0323056503302247
NAM,纳米比亚,516,2017,0.5805411380211538,0.39528769939990965,0.5748419486226409,0.5334827000106789,0.6792556724714081,0.39780610143919765,0.5789282515970645,0.5312991083556089,0.6842178879406959,0.5480628373331418,3.0,3.0,0.0,0.0,-0.03247830068801205
NAM,纳米比亚,516,2018,0.5902961136994734,0.416627285483224,0.5936031123138933,0.5443701177072382,0.676875598889222,0.41759165634426854,0.5978583892917801,0.5423054996156094,0.6816335984839045,0.5598472859338907,3.0,3.0,0.0,0.0,-0.030448827765582775
NAM,纳米比亚,516,2019,0.5912833712908899,0.3862085763062722,0.5994013005729613,0.5547823758089596,0.6799150526457972,0.3887360703073238,0.6023375687228484,0.5534197242144497,0.6849895532430252,0.5573707291219119,3.0,3.0,0.0,0.0,-0.03391264216897805
NAM,纳米比亚,516,2020,0.6022764378374098,0.38319601762001876,0.6347682678211296,0.5537965735856231,0.6831309383084375,0.385402054942434,0.6358180108958091,0.5525462961701627,0.6886127785534244,0.5655947851404576,2.0,3.0,1.0,1.0,-0.03668165269695223
NAM,纳米比亚,516,2021,0.6038858370553463,0.38405636063243703,0.6430388576566147,0.5499631141185815,0.6827478803915988,0.3871879017730105,0.6441127051699091,0.548737969639129,0.6882400803614497,0.5670696642358746,2.0,3.0,1.0,1.0,-0.03681617281947169
NER,尼日尔,562,2001,0.34421123911274204,0.25423821666058943,0.28495985418107145,0.5189684153073589,0.3242667636875768,0.2580551387467783,0.3018498813074453,0.5180486914886019,0.3460880273374595,0.35601043472007127,42.0,41.0,-1.0,1.0,0.011799195607329227
NER,尼日尔,562,2002,0.345439385159996,0.24629006757583288,0.2884014824934926,0.5193579074136012,0.32750601191917,0.25022892549978126,0.3053580575581632,0.5184236940804234,0.34913467312070257,0.35578633756476763,43.0,40.0,-3.0,3.0,0.010346952404771625
NER,尼日尔,562,2003,0.3456438287070806,0.24310583167392377,0.2883465552732958,0.5186404933952118,0.3296768453985119,0.246905609044131,0.3055031363501437,0.5177242774060213,0.35148549640270743,0.3554046298007509,41.0,41.0,0.0,0.0,0.00976080109367028
NER,尼日尔,562,2004,0.3609738513761331,0.2441209175639121,0.31465278456764806,0.5171145356456577,0.35099249180358616,0.24766824193352563,0.33405270632385153,0.5162421460054215,0.37170894090849466,0.3674180087928233,41.0,40.0,-1.0,1.0,0.006444157416690244
NER,尼日尔,562,2005,0.37122370722528697,0.24765064984317534,0.3270300263037739,0.5186490766685545,0.36696291684047816,0.2516141824030304,0.3459354179022886,0.517737226381785,0.38745491221205564,0.3756854347247899,40.0,36.0,-4.0,4.0,0.00446172749950291
NER,尼日尔,562,2006,0.3733584657752776,0.24732919426701358,0.33409978247315353,0.5193486202584284,0.36681639087855455,0.25131229841080427,0.35292256707739394,0.5184188546056614,0.3873030872365453,0.3774892018326012,40.0,38.0,-2.0,2.0,0.004130736057323614
NER,尼日尔,562,2007,0.37157685380715,0.2461464125890637,0.3303354096811428,0.5186955422865318,0.3657744549320317,0.24982317729163045,0.3494617296268922,0.5177831713244992,0.38598509477573184,0.3757632932546885,42.0,39.0,-3.0,3.0,0.0041864394475384925
NER,尼日尔,562,2008,0.3750804311050091,0.24587790470651352,0.3390010190817024,0.5198129273195227,0.36783592419426037,0.24983752898866507,0.35771375024745644,0.518860447403464,0.3882031537396644,0.37865372009481246,41.0,39.0,-2.0,2.0,0.003573288989803358
NER,尼日尔,562,2009,0.3728969216353281,0.2257531722035547,0.33933330291786945,0.518542128168879,0.3695839034354723,0.22977631610516913,0.3572942328264834,0.5176179312760959,0.3901155044781087,0.37370099617146435,42.0,41.0,-1.0,1.0,0.0008040745361362345
NER,尼日尔,562,2010,0.3765730775968775,0.24033824171122548,0.34514976972116246,0.5184640865363863,0.3697377277294246,0.2444330147216166,0.3631566231591347,0.517527795330423,0.3902538250441717,0.3788428145638365,42.0,41.0,-1.0,1.0,0.0022697369669589795
NER,尼日尔,562,2011,0.378200218571247,0.23031679461936058,0.3524952102064648,0.5220830289761853,0.36980584353486085,0.23420952313848237,0.3704827634183918,0.52105008015442,0.3902793827339468,0.37900543736131026,42.0,41.0,-1.0,1.0,0.0008052187900632335
NER,尼日尔,562,2012,0.380446324298276,0.25096976613028094,0.350342381426026,0.5197007733146118,0.3716128380294645,0.2548806317322911,0.36825603227423587,0.5187213509822071,0.39219652410498296,0.38351363477342926,42.0,40.0,-2.0,2.0,0.00306731047515324
NER,尼日尔,562,2013,0.38293876742708194,0.2469307824237579,0.36350755285894204,0.5132429253222166,0.37297434550111747,0.2506218805288314,0.3806640445088012,0.5124720915032771,0.3936579179449061,0.3843539836214539,41.0,39.0,-2.0,2.0,0.0014152161943719599
NER,尼日尔,562,2014,0.3846090374990409,0.24416624224827518,0.36916289435517813,0.5162783561855516,0.3722383885458809,0.24822730206927707,0.3860468657558801,0.515413759083976,0.392847312993714,0.3856338099757118,42.0,42.0,0.0,0.0,0.0010247724766708766
NER,尼日尔,562,2015,0.382317969414933,0.23289000554756065,0.3719790589976815,0.518276633319984,0.3665981406334415,0.2372164233632999,0.3887824537150116,0.5173362954700815,0.38669723759891594,0.3825081025368272,42.0,42.0,0.0,0.0,0.00019013312189419818
NER,尼日尔,562,2016,0.3837879209708893,0.2400888858634808,0.37126809156947416,0.5191972361014934,0.36807627813710964,0.24446265338795314,0.3889145923738928,0.5182434810961057,0.38828506538828167,0.38497644806155834,42.0,42.0,0.0,0.0,0.0011885270906690226
NER,尼日尔,562,2017,0.4031658530064983,0.24125518342159422,0.4025007975773389,0.5204083287292534,0.3948924588564426,0.24552966866123016,0.4190189324039619,0.5194246186250486,0.41461508125206326,0.39964707523557597,42.0,39.0,-3.0,3.0,-0.0035187777709223544
NER,尼日尔,562,2018,0.40557991817186306,0.23887256591228742,0.40840089267426705,0.5200817852301407,0.3977958869997501,0.24347427810670974,0.42441875349539976,0.5191727459480262,0.4177272501827802,0.40119825693322897,43.0,39.0,-4.0,4.0,-0.004381661238634094
NER,尼日尔,562,2019,0.434579052709583,0.2386733898538289,0.42597498740969963,0.5214684231792603,0.46248752027357587,0.24328085697274124,0.44081897824695787,0.5204698357828837,0.47951681752353204,0.4210216221315287,35.0,37.0,2.0,2.0,-0.013557430578054308
NER,尼日尔,562,2020,0.4361691633558982,0.2338517524268431,0.43680400139627684,0.5212279393691099,0.45997075626528117,0.23846405949722116,0.45073806459633475,0.5202086274434761,0.4767767362432672,0.4215468719450748,37.0,37.0,0.0,0.0,-0.01462229141082344
NER,尼日尔,562,2021,0.4394599759316217,0.22927117604857264,0.4512126027065252,0.5180872282997507,0.4608070932996071,0.23377093873285953,0.4668110910114293,0.5171833324611161,0.47767569189810705,0.423860263525878,38.0,37.0,-1.0,1.0,-0.015599712405743704
NGA,尼日利亚,566,2001,0.3988957889011121,0.3004474676887158,0.34462091119343413,0.48187783886984326,0.43075547349482024,0.3024417535637965,0.36327326859876735,0.48176303302587253,0.44009154866340067,0.3968924009629593,23.0,21.0,-2.0,2.0,-0.002003387938152801
NGA,尼日利亚,566,2002,0.3975795772325793,0.29796094320352645,0.3410010094127871,0.4912619160042986,0.42557576924247764,0.301313072351901,0.35977825371940786,0.49081210625504473,0.43448273439985535,0.3965965416815523,27.0,22.0,-5.0,5.0,-0.0009830355510270228
NGA,尼日利亚,566,2003,0.407016343048618,0.3023183839285726,0.35945623873741694,0.492217463653728,0.43442567628549844,0.3048316884454825,0.378102158917365,0.49173173675413995,0.44416861942834995,0.4047085508863343,24.0,21.0,-3.0,3.0,-0.002307792162283717
NGA,尼日利亚,566,2004,0.40897049198794494,0.33212777942122984,0.36161421501678065,0.49477514347099044,0.42578682634188225,0.333707861485715,0.37957357793153734,0.4942210624200023,0.4347871757131396,0.4105724193875986,26.0,20.0,-6.0,6.0,0.0016019273996536465
NGA,尼日利亚,566,2005,0.4142418053590666,0.34813895023553093,0.37289323731045393,0.49234703836188043,0.426734238046653,0.3492182910467659,0.39043644460826105,0.4918319696627821,0.4358245665830244,0.4168278179752083,23.0,21.0,-2.0,2.0,0.0025860126161417196
NGA,尼日利亚,566,2006,0.4165524349753094,0.3328001867699854,0.3789696829593255,0.49898157461903686,0.4298974634878031,0.33462664844708423,0.3956869777629233,0.49831284426087546,0.4393331432254285,0.4169899034240778,28.0,21.0,-7.0,7.0,0.00043746844876840774
NGA,尼日利亚,566,2007,0.4157629295662731,0.32677425938274846,0.3868430389657034,0.501604321176263,0.42202772811537104,0.32925422908803176,0.4033305586747924,0.5008904236958233,0.4308228011430355,0.4160745031504207,28.0,21.0,-7.0,7.0,0.0003115735841476286
NGA,尼日利亚,566,2008,0.4216349042766135,0.32952766073718326,0.39745919328551294,0.5017523189958282,0.4284784294903973,0.3320500512590195,0.41280476716788506,0.5009556492055841,0.4368744121157538,0.42067121993706064,26.0,21.0,-5.0,5.0,-0.0009636843395528505
NGA,尼日利亚,566,2009,0.4273736499954427,0.3176581212566409,0.40235027819614555,0.5109869474470994,0.4392660372394135,0.32125597229782016,0.41703609027696464,0.5100471362451712,0.44879764583528875,0.4242842111638112,26.0,22.0,-4.0,4.0,-0.003089438831631486
NGA,尼日利亚,566,2010,0.42872391819273165,0.3226995506687204,0.40544978981072033,0.5070605745082439,0.44089805534661336,0.3259511776817087,0.41936489828362067,0.5062039727995583,0.45059029207429196,0.42552758520979495,29.0,25.0,-4.0,4.0,-0.0031963329829367004
NGA,尼日利亚,566,2011,0.4310582471849926,0.3276792480324702,0.41908244991912974,0.5024193775185466,0.4371384365381522,0.33039587034061185,0.4324147133694801,0.5015768592559775,0.4464454843391182,0.4277082318262969,27.0,24.0,-3.0,3.0,-0.0033500153586956682
NGA,尼日利亚,566,2012,0.4333209485943606,0.3241507359362095,0.42524729730343014,0.5055328951916817,0.43784865902708436,0.3271774182719517,0.4375313724926923,0.5045820467632891,0.44725258303506504,0.42913585514074953,29.0,26.0,-3.0,3.0,-0.004185093453611066
NGA,尼日利亚,566,2013,0.43852968314732593,0.3175380172957772,0.43713081427190714,0.5080725298662233,0.4434663339729715,0.3216029901028241,0.448704298137104,0.5068783192901659,0.45332036755301547,0.4326264937707774,30.0,27.0,-3.0,3.0,-0.0059031893765485455
NGA,尼日利亚,566,2014,0.4392734692927989,0.3129943166345076,0.44215835115201385,0.5111439223390477,0.441317315289056,0.3172301538929124,0.453178250127675,0.5097870618112982,0.45098154924783845,0.43279425376993097,32.0,29.0,-3.0,3.0,-0.006479215522867954
NGA,尼日利亚,566,2015,0.43235592329137373,0.2917173480928237,0.447756311666777,0.5155060302798006,0.42297876161194325,0.2967898699727371,0.458024356573902,0.5140330858150141,0.4310415678298641,0.42497222004787927,32.0,32.0,0.0,0.0,-0.007383703243494466
NGA,尼日利亚,566,2016,0.43584012258137517,0.2898734558395814,0.45568711303173415,0.5139062131640054,0.4277143007387564,0.29465198828824435,0.4658653568156894,0.51249151360383,0.43624537282292125,0.4273135578826713,32.0,30.0,-2.0,2.0,-0.008526564698703887
NGA,尼日利亚,566,2017,0.435275542513306,0.30046422103894094,0.4481395505152841,0.5129952597922128,0.4289651064680702,0.304855439869374,0.4584476176082804,0.5116585291696442,0.43766585543874453,0.42815686052151075,34.0,32.0,-2.0,2.0,-0.007118681991795273
NGA,尼日利亚,566,2018,0.4419551025002678,0.3014362226948067,0.4627475945334449,0.51237190767642,0.435490152848602,0.30573433060534033,0.47181408775337513,0.5110422635611819,0.4447988437496431,0.4333473814173851,33.0,31.0,-2.0,2.0,-0.008607721082882713
NGA,尼日利亚,566,2019,0.43989200897436687,0.28028368451498986,0.46186370290488216,0.5116176243390299,0.4386284647783386,0.28488582459762146,0.46967493805121124,0.5102861427381264,0.4482571928406705,0.4282760245569074,33.0,34.0,1.0,1.0,-0.01161598441745948
NGA,尼日利亚,566,2020,0.4407377348622873,0.26887286620415374,0.477980754429688,0.5127713680624442,0.4313691410834931,0.2739061317786561,0.48544703843441966,0.5114478398248767,0.4404128566556767,0.4278034666734073,34.0,35.0,1.0,1.0,-0.012934268188879994
NGA,尼日利亚,566,2021,0.4410045594625869,0.28170491482508264,0.4740947287194897,0.5117365459281383,0.4311990635900282,0.2869142384613408,0.48059938566488863,0.5104304602895285,0.44024625823028035,0.42954758566150963,35.0,36.0,1.0,1.0,-0.011456973801077242
GNB,几内亚（比绍）,624,2001,0.451267701415828,0.2662252426135852,0.2788031658367482,0.4751664128557938,0.6441225498288871,0.2697630912806616,0.29691308694377727,0.4750100240808469,0.6505850879755181,0.4230678225702009,8.0,12.0,4.0,4.0,-0.02819987884562708
GNB,几内亚（比绍）,624,2002,0.45080216682004376,0.26375595127171164,0.28009196334447717,0.4726704397349188,0.6441292743359078,0.26741266411779774,0.2980570852779041,0.47251331027901466,0.6506593689841798,0.42216060716472403,10.0,13.0,3.0,3.0,-0.028641559655319726
GNB,几内亚（比绍）,624,2003,0.4485675298899882,0.2596935201726602,0.28688323636203467,0.45635873763852897,0.6433423196987014,0.26310960528877225,0.3051398731034959,0.45637916446531124,0.6498831192981331,0.41862794053892816,12.0,16.0,4.0,4.0,-0.02993958935106006
GNB,几内亚（比绍）,624,2004,0.4541109931985365,0.2676495736324386,0.2979962213699221,0.4651150586691441,0.6416563400313623,0.2708870542647199,0.31633325837166243,0.46506700401711815,0.6481241757858005,0.42510287310982525,10.0,16.0,6.0,6.0,-0.02900812008871123
GNB,几内亚（比绍）,624,2005,0.4582141304073164,0.2664012757207859,0.30082141343449587,0.46955600688475074,0.6485365952724838,0.270100965534521,0.3188702053596434,0.4694096691088269,0.6549306619161855,0.42832787547979423,9.0,14.0,5.0,5.0,-0.02988625492752217
GNB,几内亚（比绍）,624,2006,0.45960726259717494,0.25008685397298996,0.3124014976987243,0.47027699094021075,0.6484772864651221,0.2540302596104047,0.3301729441054201,0.47011380662202196,0.6549272899685558,0.4273110750766006,12.0,18.0,6.0,6.0,-0.03229618752057434
GNB,几内亚（比绍）,624,2007,0.47152802614445427,0.2580039073173291,0.3143152845604714,0.46188942900593566,0.6816248913999442,0.261536610817743,0.3311133226262632,0.4617920175177799,0.6865414092646829,0.4352458400566172,7.0,16.0,9.0,9.0,-0.036282186087837065
GNB,几内亚（比绍）,624,2008,0.47294081307485236,0.2602860152239898,0.31695293686731896,0.46512137050229485,0.6806854958210773,0.26391371155809734,0.3320335429912942,0.46496314615742185,0.6855183054297269,0.43660717653413506,8.0,17.0,9.0,9.0,-0.03633363654071731
GNB,几内亚（比绍）,624,2009,0.4712073721674657,0.2547991600774208,0.31342604465724966,0.46220523733050267,0.6824424031783072,0.25847890662789147,0.3282024669157765,0.46206647909819976,0.6875838787340429,0.4340829328439777,12.0,20.0,8.0,8.0,-0.03712443932348802
GNB,几内亚（比绍）,624,2010,0.47352852244105137,0.253870298708252,0.3176472977772521,0.4699829471037916,0.6812641927183801,0.2578316282197863,0.33190026416386975,0.4697310374448833,0.6864006275514741,0.4364658893450034,14.0,21.0,7.0,7.0,-0.03706263309604796
GNB,几内亚（比绍）,624,2011,0.48075397900234745,0.28053734957992643,0.32703324863293837,0.47757315583323,0.6794947685497482,0.28357476695391537,0.34105515426181743,0.4771840141811996,0.6847292432293074,0.4466357946565599,12.0,16.0,4.0,4.0,-0.03411818434578756
GNB,几内亚（比绍）,624,2012,0.48016786026448033,0.2450706721573235,0.3506605069810239,0.46617303633496354,0.6781464551679567,0.24884488505258004,0.3638674661962623,0.46592412167889713,0.6833861538171108,0.44050565668621255,14.0,19.0,5.0,5.0,-0.039662203578267774
GNB,几内亚（比绍）,624,2013,0.47981453623838577,0.25811061138859914,0.3407624287571489,0.466294730902119,0.6804003553606355,0.26184179579747924,0.3541639763034705,0.46602541067254927,0.6859030163836123,0.4419835497892778,15.0,24.0,9.0,9.0,-0.037830986449107984
GNB,几内亚（比绍）,624,2014,0.48696160074509126,0.2675358996065513,0.3494356112263885,0.46349161365148667,0.6912082034303536,0.2707382312811948,0.36201087808354904,0.4632569140751141,0.6959595639936944,0.44799139685838807,14.0,21.0,7.0,7.0,-0.03897020388670319
GNB,几内亚（比绍）,624,2015,0.5019229463826457,0.28547976791451574,0.36258317829940423,0.46197149034340457,0.7160345718097587,0.28808082114867806,0.3748119167304744,0.46171331602689347,0.7194945578339814,0.4610251529350068,9.0,15.0,6.0,6.0,-0.040897793447638886
GNB,几内亚（比绍）,624,2016,0.5105615569799276,0.2866456098413988,0.38787097085531846,0.4660878480616658,0.7164984946379832,0.2893337919999164,0.40004991814853974,0.4657574835398318,0.7201031897848829,0.4688110958682927,6.0,13.0,7.0,7.0,-0.04175046111163483
GNB,几内亚（比绍）,624,2017,0.5174300555203702,0.2845455629880232,0.40933635204314384,0.4736084859439458,0.7144201745820996,0.2871061093049675,0.42161846940613656,0.4732158237674016,0.7179941029277661,0.47498362635156793,6.0,13.0,7.0,7.0,-0.04244642916880231
GNB,几内亚（比绍）,624,2018,0.5211937694169467,0.27562967710916897,0.41618598625607445,0.489346968096126,0.7133894861680937,0.2784837908938068,0.4285135747138783,0.4888608476065046,0.7170819366806502,0.47823503747371,7.0,11.0,4.0,4.0,-0.04295873194323674
GNB,几内亚（比绍）,624,2019,0.522029432791571,0.2606102062334263,0.42331497546169694,0.4919418061718238,0.7138567053782462,0.26449455754480344,0.435115188687885,0.4913698397571752,0.7177865715881109,0.47719153939449366,7.0,15.0,8.0,8.0,-0.04483789339707733
GNB,几内亚（比绍）,624,2020,0.5289819253048879,0.26520478903954964,0.44874796029585795,0.48883072489750284,0.7124867507772209,0.2689966753860038,0.4582185090335656,0.4882593931089933,0.7163497535820457,0.4829560827776521,8.0,13.0,5.0,5.0,-0.04602584252723574
GNB,几内亚（比绍）,624,2021,0.5348506100783064,0.2740961867286493,0.4618088428508038,0.4922631308167258,0.7128394231717495,0.27761068670994926,0.4697748450199301,0.4916208257327499,0.7167140849948562,0.4889301106143714,7.0,11.0,4.0,4.0,-0.04592049946393495
RWA,卢旺达,646,2001,0.3573941751997877,0.25002792482957586,0.29669744796480446,0.4999956935246011,0.36340237927841995,0.25488369526306087,0.3156625858983849,0.49933524000880924,0.3680429092338924,0.35948110760103685,39.0,39.0,0.0,0.0,0.002086932401249131
RWA,卢旺达,646,2002,0.3646393803281709,0.25134798708240563,0.30186712122602644,0.5023057629968785,0.3773097249281611,0.2565440824857951,0.3211633173258613,0.5015206499809183,0.38325631841173413,0.3656210920510772,36.0,39.0,3.0,3.0,0.0009817117229062866
RWA,卢旺达,646,2003,0.38709714832045095,0.236555093163582,0.36858768651330115,0.4967876786740838,0.393498196466876,0.24103486405913743,0.3912233750104566,0.4960459018267895,0.4009373048272423,0.38231036143090646,32.0,32.0,0.0,0.0,-0.004786786889544481
RWA,卢旺达,646,2004,0.37719918542811776,0.24386048933532736,0.35789084624963957,0.5039585572616199,0.3682073177309472,0.24859613573662087,0.380569872590561,0.5031054522143263,0.37337956775803804,0.3764127570748866,37.0,38.0,1.0,1.0,-0.0007864283532311722
RWA,卢旺达,646,2005,0.3766090413325048,0.24576561799133753,0.34842760730667893,0.49986348919986506,0.37591292864804293,0.2506500402887519,0.3711891097500913,0.4991925577113848,0.3814369833887562,0.37561717278474605,38.0,37.0,-1.0,1.0,-0.0009918685477587341
RWA,卢旺达,646,2006,0.38609596682459124,0.24647025689990473,0.357797332237756,0.5036107333117441,0.39197311777150373,0.25143473094248486,0.38035529133769364,0.502858337822774,0.3989550006580961,0.3834008401902621,37.0,36.0,-1.0,1.0,-0.002695126634329137
RWA,卢旺达,646,2007,0.3778128647706872,0.24317323784902325,0.36616278181597794,0.5027881400135458,0.36411744570481835,0.24800223468563126,0.3884326732518718,0.5020249276181411,0.3686246009468312,0.3767711091256189,39.0,38.0,-1.0,1.0,-0.0010417556450683096
RWA,卢旺达,646,2008,0.38526318281296834,0.24769394272555015,0.38311643709669463,0.5001386298339163,0.3707409730984351,0.25266448861693525,0.4059459621532519,0.4993489151169911,0.37586354402280286,0.3834557274774953,38.0,37.0,-1.0,1.0,-0.0018074553354730516
RWA,卢旺达,646,2009,0.3970910686458094,0.24129090796906197,0.40894516508113893,0.5041364329054309,0.38233353695398853,0.24621938479264854,0.43066377287415775,0.5032859521512061,0.38851419854765296,0.3921708270914163,36.0,35.0,-1.0,1.0,-0.004920241554393079
RWA,卢旺达,646,2010,0.39643236001146936,0.24646398307767506,0.41504678074426726,0.506598702561865,0.3722967100637496,0.2513857106138912,0.43580046719239685,0.5057146774297836,0.3775875599919129,0.39262210380699614,38.0,36.0,-2.0,2.0,-0.003810256204473228
RWA,卢旺达,646,2011,0.39951332648717763,0.24903892918025625,0.42567024554451105,0.5070604038834085,0.3709603380307347,0.2537996890357943,0.44593412825506623,0.5061547585904871,0.37613009505630524,0.3955046677344132,38.0,36.0,-2.0,2.0,-0.00400865875276446
RWA,卢旺达,646,2012,0.4045218754430987,0.24721982950974844,0.44118546481031246,0.5092494324864771,0.3715547249796149,0.25212756152366395,0.4606829086073645,0.5082602741893405,0.3767733281460782,0.39946101811661183,38.0,36.0,-2.0,2.0,-0.005060857326486867
RWA,卢旺达,646,2013,0.41095580169834933,0.25012523040541285,0.46282529721716875,0.5092822923362863,0.370635214014664,0.25460167384056986,0.4829072836829387,0.5082866185672659,0.3757582651991606,0.40538846032248377,37.0,36.0,-1.0,1.0,-0.005567341375865564
RWA,卢旺达,646,2014,0.4183710638457231,0.24409185660119195,0.4749414524314731,0.5108838996496943,0.38245431964787624,0.24887467120490417,0.49411319645016594,0.5098804487888352,0.3886386105754667,0.41037673175484296,37.0,36.0,-1.0,1.0,-0.00799433209088013
RWA,卢旺达,646,2015,0.4205649166514221,0.24444466467197154,0.4874878009394071,0.5134859621558912,0.3766983729038793,0.24958608519922687,0.5061405322213751,0.5124163584540634,0.3821371016783604,0.41257001938825644,38.0,35.0,-3.0,3.0,-0.007994897263165657
RWA,卢旺达,646,2016,0.42131061125819724,0.23726345592013284,0.49203597967723944,0.5142520487560794,0.3772226442684248,0.24231453081448293,0.5111294455215134,0.5131522601017015,0.38268209361908506,0.4123195825141957,37.0,37.0,0.0,0.0,-0.008991028744001539
RWA,卢旺达,646,2017,0.43093859958770486,0.25062408896344385,0.49666519071783377,0.5150021596481958,0.39465109211287225,0.2549718875560578,0.5154305717036204,0.5138980978152913,0.4016780565796367,0.42149465341365155,35.0,36.0,1.0,1.0,-0.009443946174053308
RWA,卢旺达,646,2018,0.43718686224560016,0.25626135352498997,0.5092526322240963,0.519727617253734,0.39686380935494,0.26097301336415357,0.527206410065141,0.51856143487803,0.40407584222423343,0.4277041751328895,35.0,34.0,-1.0,1.0,-0.009482687112710664
RWA,卢旺达,646,2019,0.4321446845036642,0.25499270928787804,0.5187191933346821,0.5233539486040036,0.37372574724799523,0.25983845250729254,0.5362695803789386,0.5221139003632373,0.3788368511822482,0.42426469610792916,37.0,36.0,-1.0,1.0,-0.00787998839573506
RWA,卢旺达,646,2020,0.43670096519084234,0.24316815351217305,0.5340504334723054,0.5218040035870595,0.3789976982391028,0.2470569751583104,0.5506213620125354,0.5205956027575851,0.38456195345509964,0.42570897334588265,36.0,36.0,0.0,0.0,-0.010991991844959692
RWA,卢旺达,646,2021,0.44803748398828164,0.2687514794802406,0.5551417985949695,0.523742556205806,0.38268402064066215,0.273494457237349,0.5716437591673718,0.5224585769338033,0.3885897755679684,0.4390466422266231,32.0,32.0,0.0,0.0,-0.008990841761658541
STP,圣多美和普林西比,678,2001,0.38308644110028756,0.2526084187880073,0.33041992613742843,0.5289220270179672,0.38303797665901224,0.26336614389507307,0.34137016497091976,0.5273337820461186,0.3977365102338186,0.3824516502864825,30.0,28.0,-2.0,2.0,-0.0006347908138050751
STP,圣多美和普林西比,678,2002,0.3845159487513605,0.2636004614566167,0.32696623728690044,0.5269242194371254,0.38636880612973595,0.2738781875918192,0.33707587734504446,0.5253378016270449,0.40136835185943165,0.384415054605835,31.0,29.0,-2.0,2.0,-0.00010089414552549858
STP,圣多美和普林西比,678,2003,0.40193975827979583,0.2769290601052831,0.386320293314778,0.5240748373866647,0.3878088353850475,0.287164453314757,0.39530230150942697,0.5224865664610929,0.4029610657884817,0.4019785967684396,28.0,22.0,-6.0,6.0,3.883848864377759e-05
STP,圣多美和普林西比,678,2004,0.39632217375969947,0.2603985467180611,0.3774597334594773,0.5248366991347069,0.3847252077734672,0.27086677503279355,0.386818507380594,0.5232104449911608,0.39976161661327336,0.3951643360044554,30.0,30.0,0.0,0.0,-0.0011578377552440844
STP,圣多美和普林西比,678,2005,0.3998419279881639,0.275975084968905,0.37970672960947277,0.5260185098933053,0.3861097047599325,0.2861983887669138,0.3890904513564147,0.5243433976787956,0.4012724921317556,0.4002261824834699,29.0,27.0,-2.0,2.0,0.0003842544953059912
STP,圣多美和普林西比,678,2006,0.43968270747258664,0.25403465541744613,0.2947221981493228,0.5276709773896993,0.5569608794273887,0.26509954117771095,0.30594185806879953,0.5259362726891454,0.5628560803819465,0.4149584380794006,17.0,22.0,5.0,5.0,-0.02472426939318606
STP,圣多美和普林西比,678,2007,0.4399842657554635,0.24356255755889777,0.31192040566732,0.5257592338910069,0.5506987636230682,0.2546212904135798,0.32032489481390525,0.5240261307601403,0.5559156132372985,0.4137219823062309,18.0,24.0,6.0,6.0,-0.026262283449232593
STP,圣多美和普林西比,678,2008,0.442741885171152,0.23591614798500996,0.3245195039792557,0.5258904762698865,0.5518964742890189,0.2468719174945933,0.3335980223120599,0.5241060384315979,0.5573659019144124,0.4154854700381659,18.0,24.0,6.0,6.0,-0.0272564151329861
STP,圣多美和普林西比,678,2009,0.4512447128160167,0.24966881033689323,0.34614278770112605,0.5252820933818851,0.5546252510952366,0.2603898686259643,0.35311259000558687,0.5234817867284414,0.5603614614186256,0.42433642669465454,18.0,21.0,3.0,3.0,-0.026908286121362146
STP,圣多美和普林西比,678,2010,0.461688199277847,0.23646836337268795,0.39795303925516184,0.5213578820316322,0.5531557644630619,0.24731375273522882,0.40609588510980327,0.5196050617190096,0.5587712789524267,0.43294649462911705,19.0,22.0,3.0,3.0,-0.028741704648729938
STP,圣多美和普林西比,678,2011,0.46253054429555224,0.23550885420835796,0.4060015801066943,0.5231345519375481,0.5491080925689015,0.24651133460140268,0.413580175954933,0.5213244848469404,0.5543016852451473,0.4339294201621059,19.0,21.0,2.0,2.0,-0.028601124133446343
STP,圣多美和普林西比,678,2012,0.4624551767054631,0.24582725272779415,0.40621057399940697,0.5221069233649893,0.5456211604294307,0.25692653046026703,0.41328174280114777,0.5202921483696233,0.5506081416407116,0.43527714081793745,21.0,23.0,2.0,2.0,-0.027178035887525653
STP,圣多美和普林西比,678,2013,0.4737731644746908,0.2766225656202316,0.4312577299115243,0.5250084953822572,0.545193842515739,0.2874642909299131,0.43793985872003915,0.5231742890156629,0.5502408767905143,0.44970482886403235,19.0,18.0,-1.0,1.0,-0.024068335610658464
STP,圣多美和普林西比,678,2014,0.4764056864573764,0.27237937862737394,0.4350989238129893,0.5242579883343024,0.5514203282621485,0.28350212795316854,0.44158411164301486,0.5224719212760214,0.5571486126184347,0.45117669337265986,21.0,19.0,-2.0,2.0,-0.025228993084716544
STP,圣多美和普林西比,678,2015,0.47576149164720366,0.28226212598356903,0.447124975441169,0.521622713643062,0.5393112490189075,0.29277375937458205,0.4517028946397699,0.5198777728161165,0.5440404956973403,0.45209873063195216,20.0,19.0,-1.0,1.0,-0.0236627610152515
STP,圣多美和普林西比,678,2016,0.484956321304898,0.30013973325334414,0.4684918863076847,0.521680911092992,0.5421629175961438,0.3105850453374368,0.47269823320757853,0.5199484482618897,0.5472521004741349,0.46262095682026,19.0,17.0,-2.0,2.0,-0.02233536448463802
STP,圣多美和普林西比,678,2017,0.4909284561209607,0.29519604010092376,0.4860713383539918,0.5240157997860186,0.5461151328716705,0.30570522680829915,0.4899562374238473,0.5222377200337152,0.5516800317096594,0.4673948039938802,18.0,17.0,-1.0,1.0,-0.023533652127080473
STP,圣多美和普林西比,678,2018,0.48512195725674645,0.2977950072336171,0.4596170596771395,0.5274550921880944,0.5462913368856541,0.3078111980765028,0.46282759126437223,0.5256621961993995,0.5520064337617765,0.46207685482551275,21.0,23.0,2.0,2.0,-0.0230451024312337
STP,圣多美和普林西比,678,2019,0.4858378320918633,0.28994256783625283,0.4695915569767101,0.5274436639417917,0.5440958911161108,0.2997620550303701,0.47231183414714345,0.5256349129866529,0.5497237753251654,0.46185814437233297,20.0,23.0,3.0,3.0,-0.02397968771953035
STP,圣多美和普林西比,678,2020,0.49970260150533186,0.30719328614763314,0.5169640044743944,0.5290999899327508,0.5404823367866335,0.3165053671726917,0.5205399985177832,0.527286860151511,0.5459282497894814,0.4775651189078668,18.0,17.0,-1.0,1.0,-0.022137482597465064
STP,圣多美和普林西比,678,2021,0.5057920027124813,0.298368384014141,0.5438332852407828,0.5290657449123218,0.5410578055802011,0.30801447926749037,0.5454702874034827,0.5272508884624516,0.5466622715614647,0.4818494816737223,16.0,15.0,-1.0,1.0,-0.023942521038758935
SEN,塞内加尔,686,2001,0.48610256281938896,0.27639857112166233,0.36842929900427696,0.5278059533954766,0.6332867721343483,0.2800968587530829,0.3880443157011951,0.5263030533186297,0.6408694245746772,0.45882841308689626,4.0,6.0,2.0,2.0,-0.027274149732492703
SEN,塞内加尔,686,2002,0.4863626476224781,0.27036420944845263,0.37320515513453323,0.5275829795251394,0.6324466177605955,0.2738227100827923,0.39326096239486596,0.52610574298631,0.6399755193314299,0.4582912336988496,3.0,7.0,4.0,4.0,-0.028071413923628497
SEN,塞内加尔,686,2003,0.4915660990722793,0.27392261605512824,0.38830246147309105,0.5293056653307432,0.6322366086660367,0.27790076061273383,0.4080284486011474,0.5277604535579508,0.6397942159230339,0.4633709696737165,4.0,6.0,2.0,2.0,-0.02819512939856278
SEN,塞内加尔,686,2004,0.49199943560249093,0.27421736422132864,0.3911404656119236,0.528153021675958,0.6316851364596314,0.2781354233443638,0.4105122549566731,0.52659488882708,0.6392074751803097,0.4636125105771066,5.0,5.0,0.0,0.0,-0.028386925025384313
SEN,塞内加尔,686,2005,0.49696054415972246,0.2704012243845131,0.4091381272793074,0.5286350082716116,0.6318436443881397,0.2744662729848414,0.4282397572829641,0.5270669370463978,0.639358664892529,0.46728290805168304,4.0,6.0,2.0,2.0,-0.029677636108039418
SEN,塞内加尔,686,2006,0.5015075220353882,0.2652133054533381,0.42628492903945153,0.5291365452686269,0.6320388326991059,0.2693053077947668,0.4446156107551761,0.5275710369662951,0.6396048137573697,0.47027419231840195,4.0,7.0,3.0,3.0,-0.031233329716986225
SEN,塞内加尔,686,2007,0.501509275031436,0.25942890796062085,0.4320701815982796,0.5275155463869594,0.6303853015169171,0.26375175885065466,0.4509257976341035,0.5259427921127631,0.6378163795368759,0.4696091820335993,4.0,7.0,3.0,3.0,-0.03190009299783675
SEN,塞内加尔,686,2008,0.5059090625497207,0.2586316826238556,0.4484657989690917,0.5268129897327323,0.6298876697108087,0.2630927708663736,0.46632738649152666,0.5252671097725661,0.6373129680286939,0.47300005878979,4.0,7.0,3.0,3.0,-0.032909003759930666
SEN,塞内加尔,686,2009,0.5114400510371686,0.2692625054116154,0.4639969372085133,0.5221939011876807,0.6313126328997798,0.273524593877862,0.48121105186318786,0.5208425006890887,0.6389195413317595,0.4786244219404745,4.0,6.0,2.0,2.0,-0.03281562909669411
SEN,塞内加尔,686,2010,0.5141532181115998,0.2746831992075587,0.4716103428410108,0.5226361697027457,0.6303843416957766,0.27882749796368683,0.4881532125825611,0.5213023560410442,0.6379289464483137,0.4815530032589015,4.0,6.0,2.0,2.0,-0.03260021485269826
SEN,塞内加尔,686,2011,0.5155546530216698,0.2679764132220818,0.4810436719217769,0.5211984605971945,0.629849923967875,0.27190126544880633,0.49664128600328744,0.519904371770523,0.6373647296288323,0.48145291321286227,5.0,8.0,3.0,3.0,-0.03410173980880754
SEN,塞内加尔,686,2012,0.5280311176198257,0.2674852956503643,0.5278255589800127,0.5180172262682051,0.6282481030398306,0.27172572574433035,0.5461322432473952,0.5168034745710257,0.6356820331556647,0.492585869179604,4.0,7.0,3.0,3.0,-0.03544524844022168
SEN,塞内加尔,686,2013,0.532557056793923,0.26646900754770614,0.5363528102865269,0.524691788936034,0.6303049976620239,0.27063087350107096,0.5536459326372001,0.5232809239597613,0.6379510213280972,0.4963771878565324,5.0,7.0,2.0,2.0,-0.03617986893739056
SEN,塞内加尔,686,2014,0.537454044435678,0.2734674099041404,0.5498966981809702,0.5250599349245603,0.6300447822509915,0.27778960344491477,0.5664082893805608,0.5236097545851128,0.6375890638795405,0.5013491778225322,5.0,7.0,2.0,2.0,-0.036104866613145825
SEN,塞内加尔,686,2015,0.5402139872272546,0.2785623167791133,0.5562056838072261,0.5240508246473807,0.6312533883621932,0.28279059163392,0.5721180308247561,0.5225617513836546,0.6383997468043336,0.5039675301616661,4.0,6.0,2.0,2.0,-0.03624645706558849
SEN,塞内加尔,686,2016,0.5438626639922322,0.27732290504969254,0.5660008217650057,0.5244990160837522,0.633535026919314,0.2814533567324331,0.5817026809229608,0.5231174736720563,0.6408128227685608,0.5067715835240028,5.0,6.0,1.0,1.0,-0.0370910804682294
SEN,塞内加尔,686,2017,0.5461781021630487,0.2762168972741054,0.5677019428213506,0.5306207923084856,0.6353976138171379,0.2808185499658928,0.5828187850872532,0.5292714988478803,0.6425156340665784,0.5088561169919011,5.0,6.0,1.0,1.0,-0.0373219851711476
SEN,塞内加尔,686,2018,0.5508271661961632,0.27112932924717864,0.5851067449455035,0.5309015876008928,0.635754897144231,0.27580069207429075,0.5993574517514252,0.5296622699269672,0.642953958058626,0.5119435929528273,4.0,6.0,2.0,2.0,-0.03888357324333591
SEN,塞内加尔,686,2019,0.5566758750106232,0.2742427805547709,0.6048657882245276,0.530035239129548,0.6351925040704032,0.27867709795333634,0.6179492228921287,0.5288976298895373,0.6423960244411018,0.516979993794026,5.0,6.0,1.0,1.0,-0.03969588121659717
SEN,塞内加尔,686,2020,0.5667656478413547,0.2637859116703955,0.6289464717444238,0.5312712388967563,0.646481637069169,0.26834882918565395,0.6402362008989585,0.5301352862422668,0.6534435259894193,0.5230409605790747,4.0,6.0,2.0,2.0,-0.04372468726228007
SEN,塞内加尔,686,2021,0.5672085252625574,0.2726358394197775,0.6309839210092424,0.5266289069546376,0.6455147146703372,0.2771411036248361,0.6420852101711972,0.5257361018234472,0.6523763716151115,0.524334696808648,5.0,6.0,1.0,1.0,-0.04287382845390941
SYC,塞舌尔,690,2001,0.5359268417752542,0.4283513353292917,0.5091745074865855,0.5117681031653999,0.5876001096962358,0.4381909281507443,0.5221985313656655,0.49782096571044715,0.5871342543646889,0.5113361698978864,1.0,2.0,1.0,1.0,-0.024590671877367742
SYC,塞舌尔,690,2002,0.5358763891720016,0.45794939386614547,0.5146315755123303,0.5274142328300364,0.5700832224210812,0.46774788138613405,0.5269679978993447,0.5149103929655287,0.5653573976237212,0.5187459174686821,2.0,2.0,0.0,0.0,-0.017130471703319494
SYC,塞舌尔,690,2003,0.557490623010198,0.5125063243907,0.5752576442869561,0.5274782367377369,0.5689475440097936,0.5204125779457687,0.5869738520352935,0.5151833861755769,0.5640024635352606,0.546643069922975,1.0,1.0,0.0,0.0,-0.010847553087223072
SYC,塞舌尔,690,2004,0.5452505839368298,0.4814290870257687,0.5670023049040482,0.4883997325323199,0.571042663079677,0.4900991200578271,0.5782912617556112,0.47298604141987305,0.5660370147335021,0.5268533594917033,1.0,2.0,1.0,1.0,-0.01839722444512648
SYC,塞舌尔,690,2005,0.5471519101099825,0.4749225790957952,0.5636907894680735,0.5046171799551524,0.5710460486069793,0.48570190775986866,0.5746344331893206,0.49025330807430056,0.5660808680193657,0.5291676292607139,1.0,2.0,1.0,1.0,-0.01798428084926862
SYC,塞舌尔,690,2006,0.5475827525898662,0.492485402005006,0.5860579926073735,0.5019923707504707,0.5544238613646653,0.5027575314447863,0.5937045949261592,0.48696005979347495,0.545310127251227,0.5321830783539119,1.0,2.0,1.0,1.0,-0.015399674235954341
SYC,塞舌尔,690,2007,0.5587386862557329,0.46734552134597124,0.5962328440545277,0.5272090383990609,0.5663170197697724,0.47809627880499217,0.6010363505258082,0.5141625615716842,0.5604109901658908,0.5384265452670938,1.0,2.0,1.0,1.0,-0.020312140988639094
SYC,塞舌尔,690,2008,0.5506172324531877,0.43695856429387675,0.5816781678234044,0.5177774873952201,0.5676673622488914,0.44441225076519825,0.5853238694558787,0.5040936539429272,0.561888565592375,0.5239295849390947,1.0,2.0,1.0,1.0,-0.026687647514093027
SYC,塞舌尔,690,2009,0.5511200036931687,0.46514263261405664,0.5996227516934698,0.5074301927973559,0.5560769497813635,0.4723344456486916,0.6035016493582225,0.49306912667371133,0.5474617498356285,0.5290917428790635,2.0,2.0,0.0,0.0,-0.02202826081410525
SYC,塞舌尔,690,2010,0.585949853977311,0.46483359840381167,0.6175079956011537,0.5222650929310229,0.6195388303006004,0.473980270581649,0.6181949443617816,0.5089517553275525,0.6096593717061046,0.5526965854942719,1.0,2.0,1.0,1.0,-0.03325326848303911
SYC,塞舌尔,690,2011,0.6211545270133155,0.4758287558195251,0.7077589958023783,0.543286613993285,0.6283341692584838,0.48596516870707135,0.7148998670662106,0.5312758348202654,0.6207361427663164,0.5882192533399659,1.0,1.0,0.0,0.0,-0.032935273673349585
SYC,塞舌尔,690,2012,0.6192413039930992,0.5027445702898841,0.7088333655510115,0.5331390629134425,0.6228342123114189,0.5107104486654438,0.7134226955114246,0.5201391720972827,0.6138369620307816,0.5895273195762332,1.0,1.0,0.0,0.0,-0.029713984416866013
SYC,塞舌尔,690,2013,0.6235302138524635,0.5026224343532472,0.7057407563601136,0.5486322973474066,0.6275072470429286,0.5105443276859843,0.7088623440444537,0.5367828403363409,0.6197861451048187,0.5939939142928995,1.0,1.0,0.0,0.0,-0.02953629955956405
SYC,塞舌尔,690,2014,0.6141906944311075,0.4581285988868438,0.7015705292784202,0.5409569705463853,0.6206107478750339,0.46759512907704076,0.7056895633785584,0.5282858654380296,0.6111322472588228,0.5781757012881128,1.0,2.0,1.0,1.0,-0.03601499314299472
SYC,塞舌尔,690,2015,0.6193853398819995,0.45397199462362503,0.7187287238377518,0.5440277266013672,0.6203849305917748,0.46536462376049065,0.7208636516839155,0.53130275759031,0.6107480612893613,0.5820697735810194,1.0,1.0,0.0,0.0,-0.037315566300980096
SYC,塞舌尔,690,2016,0.6051193217406529,0.5163864239645987,0.6652580036278695,0.5411903433195628,0.6126558920908947,0.5275050794418709,0.6630575851165684,0.5277073477105896,0.6013658530937477,0.5799089663406941,1.0,2.0,1.0,1.0,-0.02521035539995875
SYC,塞舌尔,690,2017,0.6113586193464947,0.5182517900376558,0.6844751225819141,0.5453758157085727,0.61176316920127,0.5282072162841902,0.6808545876370965,0.5318672786076508,0.6002524510830393,0.5852953834029941,1.0,1.0,0.0,0.0,-0.026063235943500573
SYC,塞舌尔,690,2018,0.6250861024883893,0.5121141511522284,0.6978209794381277,0.5789480017319233,0.619709664383682,0.5219478894585122,0.6932134691952152,0.5680442778960999,0.6102319143429265,0.5983593877231884,1.0,1.0,0.0,0.0,-0.026726714765200832
SYC,塞舌尔,690,2019,0.6380033896299088,0.5002255033695585,0.7156005954370507,0.5988625951417729,0.6305946743607576,0.510864506889577,0.709526187760278,0.5892153476207033,0.6239551405216065,0.6083902956980412,1.0,1.0,0.0,0.0,-0.029613093931867618
SYC,塞舌尔,690,2020,0.6612611232853398,0.44327022427002455,0.7970349603537729,0.609057260751148,0.6356462248875899,0.4515312814539412,0.7865521727594769,0.6008082506514867,0.6300297383460508,0.6172303608027389,1.0,1.0,0.0,0.0,-0.04403076248260096
SYC,塞舌尔,690,2021,0.6623019087709361,0.4726593713752563,0.7570766996925259,0.6529429848574365,0.6381960237259678,0.48247069754550004,0.7483594626574283,0.64761313195843,0.6332757891080251,0.6279297703173459,1.0,1.0,0.0,0.0,-0.03437213845359022
SLE,塞拉利昂,694,2001,0.3843679623444648,0.20940197795676346,0.2278908877981246,0.4991388350575377,0.5083858941327672,0.2122148120096757,0.24303959845058912,0.49876498125356084,0.5209598168309678,0.36874480213619837,29.0,37.0,8.0,8.0,-0.015623160208266429
SLE,塞拉利昂,694,2002,0.4008963961023546,0.2697719993438928,0.24031795962327557,0.5091186900816642,0.5161333468418449,0.2756898175753534,0.2563729808954886,0.5083841756504955,0.5284858136192806,0.39223319693515457,26.0,26.0,0.0,0.0,-0.008663199167200042
SLE,塞拉利昂,694,2003,0.4041227188985753,0.2575633439724329,0.25913497415383496,0.5010796520177829,0.5188004408656338,0.26240983144701435,0.2758145949997023,0.5003330614763954,0.5313119342808834,0.3924673555509989,26.0,28.0,2.0,2.0,-0.011655363347576442
SLE,塞拉利昂,694,2004,0.4095054324660385,0.25867765899539225,0.2772985786194945,0.5074191295829532,0.5148304089859208,0.2632727452216298,0.29419462694345533,0.5065528632669312,0.5270102769372427,0.39775762809231474,25.0,28.0,3.0,3.0,-0.011747804373723747
SLE,塞拉利昂,694,2005,0.41361249668500155,0.25734014184585946,0.28714069458238967,0.5123930637277263,0.515766394605686,0.26181666067410453,0.3041060417689035,0.5114330611029227,0.5280862407180882,0.40136050106600474,24.0,26.0,2.0,2.0,-0.012251995618996814
SLE,塞拉利昂,694,2006,0.419858274261405,0.2602008894406432,0.30250236324653773,0.5151326492188493,0.5178728814875098,0.264449955264339,0.31961855816857543,0.5141490813584779,0.5304473374943189,0.40716623307142785,23.0,26.0,3.0,3.0,-0.012692041189977132
SLE,塞拉利昂,694,2007,0.41810043439625416,0.25834376451026864,0.30334244503147895,0.5142720023049592,0.5135318559880914,0.2628491859900657,0.3209118210799618,0.5132238741441655,0.5257518393554318,0.40568418014240615,27.0,29.0,2.0,2.0,-0.012416254253848014
SLE,塞拉利昂,694,2008,0.41955949799579073,0.2536148397656623,0.30929787075482973,0.5173019564338281,0.5126869532762646,0.25831080449816907,0.32694200956735164,0.5161790378268296,0.5248456057447568,0.40656936440927677,28.0,29.0,1.0,1.0,-0.012990133586513963
SLE,塞拉利昂,694,2009,0.42201399927031374,0.24730664759154278,0.3202850591829824,0.5169924114522148,0.5129938399596435,0.2520213833029137,0.3379855609792737,0.5158561587754934,0.5252158300350608,0.40776973327318544,28.0,31.0,3.0,3.0,-0.014244265997128303
SLE,塞拉利昂,694,2010,0.43478835868036636,0.2441361311471764,0.3344366767400677,0.5207179854280443,0.5356262938824422,0.2490478828472096,0.35118025405040404,0.5195182906286123,0.5475774340881718,0.4168309654035995,26.0,29.0,3.0,3.0,-0.017957393276766875
SLE,塞拉利昂,694,2011,0.4286499428235378,0.19794743082347388,0.3385698491581001,0.519721549542529,0.5327100658176576,0.20438550063135308,0.3553238611777093,0.5184965453113064,0.5444344432908287,0.40566008760279937,30.0,33.0,3.0,3.0,-0.02298985522073843
SLE,塞拉利昂,694,2012,0.449269018008812,0.25638146426926856,0.34208919336989135,0.52654344505211,0.5614202844858605,0.26076240531814654,0.35855716018727546,0.5251372979237845,0.5722558503686029,0.4291781784494524,24.0,25.0,1.0,1.0,-0.02009083955935964
SLE,塞拉利昂,694,2013,0.46094723061724635,0.2938317111831481,0.35896369301016545,0.534262882469232,0.5618406140206195,0.29714446268317724,0.37315038947911405,0.532635844024971,0.5727404894971129,0.4439177964210938,23.0,21.0,-2.0,2.0,-0.01702943419615255
SLE,塞拉利昂,694,2014,0.4635777862799603,0.2654317106693265,0.38245054565669373,0.5317728476911066,0.5617601174920088,0.2679915416116952,0.3952759486413163,0.5301726799337827,0.572683368031861,0.4415308845546638,24.0,25.0,1.0,1.0,-0.022046901725296497
SLE,塞拉利昂,694,2015,0.4568681488664447,0.2324486222909288,0.3896255180444057,0.5195782358956353,0.5564715858363216,0.23717646430243206,0.4016712082608521,0.5183080492862838,0.5669958491373192,0.4310378927467218,26.0,28.0,2.0,2.0,-0.02583025611972295
SLE,塞拉利昂,694,2016,0.4628549925973801,0.2653013917796866,0.39930025762723376,0.5115310916286635,0.5578185734142054,0.26987444820031403,0.41018521717235285,0.5103352368837247,0.5684984607867469,0.4397233407607847,25.0,25.0,0.0,0.0,-0.023131651836595435
SLE,塞拉利昂,694,2017,0.46240346775057206,0.24681615219762723,0.40175528309383124,0.5161917895898974,0.5586011542374917,0.25168760092861026,0.4122102218677536,0.5149519918272911,0.5694023762305412,0.4370630477135491,26.0,28.0,2.0,2.0,-0.02534042003702297
SLE,塞拉利昂,694,2018,0.4634582717890906,0.24772444358574192,0.39915982288579144,0.5259989616828615,0.557632085518657,0.25259103499314595,0.40985389575311004,0.5245894306786026,0.5683894324215992,0.43885594846161446,26.0,29.0,3.0,3.0,-0.02460232332747614
SLE,塞拉利昂,694,2019,0.46689809238282654,0.25581944155491926,0.4038059775152861,0.5295346233064484,0.5583554171801369,0.26073248623781137,0.41379885932487054,0.5280219262206636,0.569214519250298,0.4429419477584109,27.0,28.0,1.0,1.0,-0.023956144624415643
SLE,塞拉利昂,694,2020,0.46693313568151695,0.2467081248898497,0.41099093037198176,0.5261824144162657,0.5578595052327348,0.2514644674464582,0.4207965379857008,0.5247225823049713,0.5687191007431052,0.44142567212005884,27.0,30.0,3.0,3.0,-0.02550746356145811
SLE,塞拉利昂,694,2021,0.4749737978672267,0.2580782878593189,0.4340302785240514,0.524152870899917,0.5583420973028682,0.26299381926375115,0.4423983090630449,0.522744717616696,0.569262320396971,0.4493497915851158,27.0,29.0,2.0,2.0,-0.025624006282110923
ZAF,南非,710,2001,0.40529781907862616,0.3703759757907177,0.4526253616803589,0.44504704357592445,0.3567661250383592,0.37512569780969135,0.4670076323877253,0.43947411445883333,0.35784835993395736,0.4098639511475518,20.0,18.0,-2.0,2.0,0.0045661320689256435
ZAF,南非,710,2002,0.4092787419318272,0.3771011279989496,0.46108944454288664,0.4468997556911305,0.35734793569706946,0.3816411282656204,0.4747319853780014,0.44103894532073695,0.35826039473237764,0.4139181134241841,20.0,17.0,-3.0,3.0,0.004639371492356936
ZAF,南非,710,2003,0.4108640676410084,0.36862166517448197,0.4743568429603428,0.4435576401483471,0.3559509773714239,0.37387101694530206,0.4870349035977097,0.4375000075345322,0.3564172725518554,0.4137058001573498,22.0,19.0,-3.0,3.0,0.0028417325163414
ZAF,南非,710,2004,0.41464242569819737,0.36991740970493264,0.4900017623084373,0.439470811622934,0.355542703905772,0.3756090001640615,0.5022140424386935,0.43349602562058337,0.35597716098275095,0.41682405730152233,21.0,19.0,-2.0,2.0,0.0021816316033249628
ZAF,南非,710,2005,0.4201265990375747,0.3745975158135405,0.5105858995281711,0.4425835862995386,0.3504563656590493,0.3809430791059853,0.5206717305436992,0.4364415224684146,0.3502738708439843,0.42208255074052087,20.0,17.0,-3.0,3.0,0.001955951702946157
ZAF,南非,710,2006,0.4264105769834231,0.3784421973515769,0.5286995059911219,0.44309018942984596,0.3513675539546368,0.3846983417678726,0.5372879912632572,0.4369218735763684,0.35117849969066894,0.42752167657454176,20.0,17.0,-3.0,3.0,0.0011110995911186583
ZAF,南非,710,2007,0.4278360428138454,0.38436114482021905,0.534519909770347,0.4370967040654627,0.35187416536336386,0.39058609014606294,0.542553200054194,0.4307425322554919,0.3517274923622768,0.42890232870450645,20.0,18.0,-2.0,2.0,0.001066285890661045
ZAF,南非,710,2008,0.42794763874448216,0.3947860854513124,0.5396169044634795,0.42952359616769714,0.34863541981212987,0.40103309607086673,0.5469867079661338,0.4234372739579519,0.34813622158715474,0.4298983248955268,22.0,19.0,-3.0,3.0,0.001950686151044656
ZAF,南非,710,2009,0.4395317668799425,0.3889396674783959,0.5725350786397854,0.4371151046969037,0.3515512602549491,0.39588369866885437,0.5810324958623256,0.4309850790503743,0.3514436674532895,0.4398362352587109,22.0,17.0,-5.0,5.0,0.0003044683787684077
ZAF,南非,710,2010,0.444588419256903,0.40801513900408365,0.5972243933433055,0.43793224552853505,0.3380773011268103,0.4151299719472059,0.6030070864694523,0.43171048295736614,0.3365458818470678,0.4465983558052731,22.0,15.0,-7.0,7.0,0.0020099365483700615
ZAF,南非,710,2011,0.4594384251076282,0.41255270924614446,0.6274401389873154,0.4392334382199035,0.3520091856160712,0.4197315308580594,0.629198274173345,0.43318769532737783,0.3520363814680041,0.4585384704566966,20.0,12.0,-8.0,8.0,-0.0008999546509316225
ZAF,南非,710,2012,0.46409082726054424,0.40386542209360005,0.6425383386957375,0.44415871503606924,0.3528754903001364,0.4109918041308877,0.6425394854606817,0.4379543522089661,0.35287038677734645,0.4610890071444705,20.0,12.0,-8.0,8.0,-0.00300182011607375
ZAF,南非,710,2013,0.4700119307464329,0.4028342626949423,0.6587589803081363,0.44835785892479185,0.35396418491489173,0.409783687616149,0.6567443059762296,0.4423235729772367,0.35397319650406944,0.4657061907684211,20.0,11.0,-9.0,9.0,-0.004305739978011758
ZAF,南非,710,2014,0.4785393175202019,0.40669583894118755,0.6662898815421093,0.4586318621249784,0.36398269903701697,0.4141622376454388,0.6631445277649838,0.45330285309058704,0.364766189729023,0.4738439520575082,20.0,9.0,-11.0,11.0,-0.004695365462693724
ZAF,南非,710,2015,0.4818658992191007,0.3974394352631867,0.6826043091517645,0.4676980189573628,0.3580482180995466,0.4039526613199731,0.6776994935286982,0.4624062551887723,0.3582785335568097,0.47558423589856336,17.0,9.0,-8.0,8.0,-0.006281663320537367
ZAF,南非,710,2016,0.49043306994122937,0.4024463382585229,0.6849844378960758,0.4738132532515391,0.37432263813835537,0.4087613591545307,0.6804419666687325,0.4691919927497952,0.374964745027573,0.48334001590015785,15.0,7.0,-8.0,8.0,-0.007093054041071523
ZAF,南非,710,2017,0.4956496001823964,0.407666093832965,0.7009843279839026,0.48495061254997857,0.3674036217414794,0.41480457980172153,0.6952019948198531,0.480944382786846,0.3673340490247984,0.4895712516083047,14.0,7.0,-7.0,7.0,-0.006078348574091674
ZAF,南非,710,2018,0.5034281828186326,0.40538158572691557,0.707259606075003,0.5018293479677853,0.37480906340201137,0.4125673464593775,0.700303839604141,0.49884648703366263,0.3753311506636527,0.4967622059402085,12.0,7.0,-5.0,5.0,-0.006665976878424074
ZAF,南非,710,2019,0.5094105182472927,0.4023525918129234,0.7348814273241335,0.49689023687467676,0.3728125734950391,0.40907512867427237,0.7266452989598643,0.49362652238739213,0.3727682982413234,0.500528812065713,12.0,7.0,-5.0,5.0,-0.008881706181579685
ZAF,南非,710,2020,0.5217305582217089,0.4156312839179418,0.7575256453457557,0.5067268958295327,0.37785502564647944,0.4223555330520328,0.7484080154533955,0.5044512230301735,0.3783916428238579,0.513401603589865,10.0,7.0,-3.0,3.0,-0.00832895463184391
ZAF,南非,710,2021,0.527837980741573,0.4450525145340334,0.7582528611424753,0.5070315985686733,0.3832171178486231,0.4520014817965863,0.7485833501806022,0.505455144100059,0.38467742558188933,0.5226793504147842,9.0,7.0,-2.0,2.0,-0.00515863032678876
ZWE,津巴布韦,716,2001,0.39820916848387855,0.23059698337355772,0.27711598582342734,0.46185504939684824,0.5203130869600409,0.23527455802419564,0.28258639327350904,0.4615567046039099,0.5247118413000089,0.37603237430040587,25.0,31.0,6.0,6.0,-0.02217679418347268
ZWE,津巴布韦,716,2002,0.42846551710214253,0.24480054058409187,0.28004384092473233,0.45059808249771227,0.6023721769382838,0.24726340057605697,0.2863263584238807,0.45066145346795394,0.6043391938185966,0.39714760157162204,16.0,21.0,5.0,5.0,-0.03131791553052049
ZWE,津巴布韦,716,2003,0.4234412521729434,0.2328419789524357,0.2841419027496686,0.4366019674587207,0.5976303785241293,0.23493407599396568,0.29094985209886676,0.4370657305587591,0.5992906175947008,0.3905600690615731,17.0,29.0,12.0,12.0,-0.03288118311137034
ZWE,津巴布韦,716,2004,0.4294496059611877,0.2526930159793788,0.2901691118275753,0.4290767186393132,0.6063948278018186,0.2549517796778654,0.297758575371413,0.4298894904786387,0.6089919572594303,0.39789795069683687,17.0,27.0,10.0,10.0,-0.03155165526435083
ZWE,津巴布韦,716,2005,0.42862116337781586,0.25447085727212754,0.3086585635197768,0.4177498433294272,0.5950194265667555,0.25670232642915847,0.3179482007413515,0.41885906607812046,0.5965649608945923,0.3975186385358057,18.0,29.0,11.0,11.0,-0.03110252484201015
ZWE,津巴布韦,716,2006,0.4306187433612267,0.2672098740147037,0.3134787830815944,0.39515229446957856,0.6049853137493219,0.26902307301567263,0.32329186837013685,0.3971276020541652,0.6075131523290145,0.3992389239422473,19.0,31.0,12.0,12.0,-0.03137981941897938
ZWE,津巴布韦,716,2007,0.4240681090666746,0.2832277318364694,0.3169142996360159,0.3670858699148127,0.5945526637483173,0.2840702980287231,0.326817305817366,0.36962400285898084,0.5962077474717856,0.3941798385442139,22.0,32.0,10.0,10.0,-0.02988827052246068
ZWE,津巴布韦,716,2008,0.4186346048910866,0.2779700406390431,0.32077654368844805,0.33113020392925735,0.5990783306537525,0.27745330059874335,0.3308459705190987,0.3342158293728368,0.6013377703199896,0.3859632177026671,29.0,35.0,6.0,6.0,-0.0326713871884195
ZWE,津巴布韦,716,2009,0.44394097389271864,0.28723288341431896,0.33811280534576277,0.41403757565325744,0.6035259977504611,0.2899863196857363,0.3469926698708485,0.4156389271895882,0.6062269736241074,0.4147112225925701,20.0,26.0,6.0,6.0,-0.029229751300148543
ZWE,津巴布韦,716,2010,0.4519599451164232,0.3007829892709909,0.3567468497325916,0.4304115067279823,0.5961455861720786,0.30467295846519404,0.3631727573028126,0.43155440519006677,0.5981434448717806,0.4243858914574635,21.0,26.0,5.0,5.0,-0.027574053658959652
ZWE,津巴布韦,716,2011,0.4536580400649709,0.2874111060778303,0.35362376886519703,0.4346698115084092,0.6057288370339358,0.2915266509631579,0.3595285089767967,0.4356384767663447,0.6085435581090377,0.4238092987038342,23.0,27.0,4.0,4.0,-0.029848741361136688
ZWE,津巴布韦,716,2012,0.4672800782934282,0.3054132779805983,0.3874357253131578,0.44973919154388636,0.6005877652537169,0.30966246628826233,0.39132792681950634,0.45021437658404795,0.6029120382628299,0.43852920198866163,19.0,21.0,2.0,2.0,-0.02875087630476658
ZWE,津巴布韦,716,2013,0.4792406319060112,0.2885808142427901,0.4246696408151327,0.45114905790417587,0.6085734506660518,0.29225913010536875,0.430789026479934,0.4515845061190991,0.6109406778566019,0.4463933351402509,17.0,20.0,3.0,3.0,-0.03284729676576026
ZWE,津巴布韦,716,2014,0.47892096068681966,0.29332688783917915,0.4162047215021722,0.4485630578407401,0.6143178728513752,0.29710743166674347,0.42256978108390614,0.4489338963515652,0.6172529196100361,0.44646600717806273,17.0,23.0,6.0,6.0,-0.032454953508756934
ZWE,津巴布韦,716,2015,0.47532157126488833,0.29494409469199184,0.4107175198577007,0.4516884339994733,0.6064925522220479,0.29884438134075714,0.41681463291769805,0.45196853838929113,0.6087208249921905,0.4440870944099842,21.0,23.0,2.0,2.0,-0.03123447685490416
ZWE,津巴布韦,716,2016,0.4833881718778295,0.30343336439726126,0.42191954167156226,0.4579052918437818,0.6129312528199395,0.3070368607557332,0.4284448367524202,0.4583396691326659,0.6158520237421435,0.45241834759574073,21.0,23.0,2.0,2.0,-0.030969824282088776
ZWE,津巴布韦,716,2017,0.4844050881603414,0.26983648036514163,0.4408470479870768,0.45614423919392866,0.6135718759239074,0.27250595574890013,0.44715031699595403,0.45658027128150025,0.6166572127566305,0.44822343919574625,21.0,23.0,2.0,2.0,-0.03618164896459514
ZWE,津巴布韦,716,2018,0.4856329823857183,0.29683873105627145,0.43674979413272924,0.46405727640489947,0.6059395113461987,0.3009979651801117,0.4435786020243386,0.46439908185786916,0.6082935937821712,0.45431731071112263,20.0,24.0,4.0,4.0,-0.031315671674595646
ZWE,津巴布韦,716,2019,0.47573915120122584,0.24505318620946184,0.42633057052797646,0.4562778980410907,0.6104162023434586,0.244497812446753,0.4341436015607058,0.45691264125757236,0.613254875481224,0.4372022326865638,23.0,31.0,8.0,8.0,-0.038536918514662066
ZWE,津巴布韦,716,2020,0.4779682190863888,0.20852185787812874,0.44283015966202416,0.4516527743160818,0.6190602706716063,0.2060082285732838,0.4506753117220444,0.4524022891620732,0.622800236483084,0.43297151648512133,24.0,32.0,8.0,8.0,-0.04499670260126748
ZWE,津巴布韦,716,2021,0.4916417968614803,0.28304667499634906,0.46335693597239636,0.44905476303614517,0.6145183750789525,0.28581605971575474,0.4701263585583719,0.4499406375184326,0.6178593833650076,0.45593560978939174,20.0,26.0,6.0,6.0,-0.03570618707208856
SWZ,斯威士兰,748,2001,0.40102769004396205,0.4039588267382264,0.2556934476650657,0.6399809166994543,0.38024400316859774,0.4035076694481314,0.2632834160231507,0.6435972112166398,0.39219015467929014,0.425644612841803,21.0,11.0,-10.0,10.0,0.024616922797840946
SWZ,斯威士兰,748,2002,0.40274996410365443,0.41759745430059886,0.2567078900159642,0.6330874795242867,0.38318031976992684,0.41688521348424373,0.2637757102559887,0.6365166869018231,0.3953676955356165,0.428136326544418,24.0,12.0,-12.0,12.0,0.025386362440763588
SWZ,斯威士兰,748,2003,0.41479768399838934,0.4298692468174124,0.2826341294313932,0.6365856416767378,0.3888264372468727,0.42913137724423445,0.2906533229895415,0.640022069721378,0.401547704466021,0.4403386186052937,21.0,8.0,-13.0,13.0,0.025540934606904375
SWZ,斯威士兰,748,2004,0.4129406532963215,0.42221404851562594,0.2916929450980952,0.6280497861623019,0.38407029753190547,0.42174750190895594,0.2988168196805771,0.631000189149903,0.3963367064280354,0.4369753042918678,23.0,8.0,-15.0,15.0,0.024034650995546303
SWZ,斯威士兰,748,2005,0.4112929054974433,0.389494416486339,0.30650074730165,0.627381753964147,0.37978194550479805,0.3918839652282403,0.3124509790964246,0.6302139766596193,0.391686604100785,0.4315588812712673,26.0,12.0,-14.0,14.0,0.020265975773823997
SWZ,斯威士兰,748,2006,0.41750199294740153,0.3868427762184612,0.30390275953810486,0.6493555708723302,0.38726410404094724,0.389494708015371,0.3093944622676413,0.6529155378705337,0.39974116572015955,0.4378864684684264,27.0,11.0,-16.0,16.0,0.020384475521024847
SWZ,斯威士兰,748,2007,0.4198069731539343,0.3939846861398673,0.31809664451844144,0.6472451184893206,0.38073194912707775,0.3962332717377271,0.3221511887515552,0.6507147540134671,0.39255052309732225,0.4404124344000179,26.0,11.0,-15.0,15.0,0.020605461246083645
SWZ,斯威士兰,748,2008,0.42646878294351825,0.37831494046022585,0.3464736227887055,0.6430570243705175,0.38413319771983434,0.38117450051103546,0.34871952505054976,0.6463866626834478,0.3963260273958379,0.4431516789102177,24.0,14.0,-10.0,10.0,0.016682895966699418
SWZ,斯威士兰,748,2009,0.4224583637521308,0.36816087059074204,0.3482027483291991,0.6254804777851485,0.3854992757809432,0.37164113066555954,0.34870267819477,0.628150855731196,0.3978016666030501,0.4365740827986439,27.0,19.0,-8.0,8.0,0.014115719046513098
SWZ,斯威士兰,748,2010,0.4242290918138355,0.36605457836867256,0.3568584151593788,0.6380729227339752,0.37687715179459214,0.36972964684523124,0.35648283734907493,0.6411619039314328,0.38846254454627327,0.43895923316800306,32.0,20.0,-12.0,12.0,0.014730141354167559
SWZ,斯威士兰,748,2011,0.41910368628768785,0.3688616206772738,0.36315222249827994,0.5855504679289323,0.3868867611046621,0.37247183126459593,0.36206299512933254,0.5866043624926583,0.39936851295891657,0.4301269254613759,33.0,23.0,-10.0,10.0,0.011023239173688026
SWZ,斯威士兰,748,2012,0.42118393204325527,0.3938997805080052,0.37155841770275533,0.5723619531470648,0.3843156436106563,0.39733804156332003,0.3704154314158982,0.572994140698409,0.3965766446710895,0.4343310645871792,35.0,24.0,-11.0,11.0,0.013147132543923912
SWZ,斯威士兰,748,2013,0.42570054406689267,0.4107266887591202,0.37305771309886443,0.5738458894760519,0.3885635356239828,0.41386189430757514,0.36961425886563937,0.5746190789771958,0.40118069458317474,0.4398189816833963,33.0,25.0,-8.0,8.0,0.01411843761650361
SWZ,斯威士兰,748,2014,0.42810210076174204,0.41682120674887296,0.37273814845244513,0.5740085773143943,0.393118840630768,0.4191882126573561,0.3697961386166711,0.5744649891924096,0.4061137772835611,0.4423907794374995,34.0,24.0,-10.0,10.0,0.014288678675757449
SWZ,斯威士兰,748,2015,0.4292725771389707,0.41869081196636343,0.378593380041439,0.5726399057262209,0.39170339477836097,0.4208915863552213,0.3752417737587543,0.5731813041199917,0.40432295569690574,0.4434094049827182,33.0,24.0,-9.0,9.0,0.01413682784374748
SWZ,斯威士兰,748,2016,0.4280523037809591,0.40288073459830714,0.38485929641597283,0.5606725912212551,0.3958814211759804,0.40511321369918396,0.3809357340955061,0.5608520945708056,0.4088136994234165,0.4389286854472281,34.0,26.0,-8.0,8.0,0.010876381666268975
SWZ,斯威士兰,748,2017,0.4371260037549562,0.39978168126162544,0.4216617036845618,0.5602149807593879,0.3923913422267164,0.4028853151308001,0.4163943509899476,0.5603069312386173,0.4049586285596769,0.4461363064797605,33.0,25.0,-8.0,8.0,0.009010302724804298
SWZ,斯威士兰,748,2018,0.43861593557703077,0.388883345767177,0.43061883829078085,0.5609043118231929,0.392779515040066,0.39246740861750945,0.4254741421884305,0.5609316889127671,0.40531354340997083,0.4460466957821695,34.0,27.0,-7.0,7.0,0.00743076020513872
SWZ,斯威士兰,748,2019,0.4497357025213221,0.4137172471375901,0.4632473121948034,0.5630035732048884,0.386708911706682,0.41740277873311754,0.45698303042640276,0.5631189919527254,0.398606054579429,0.45902771392291863,31.0,25.0,-6.0,6.0,0.009292011401596523
SWZ,斯威士兰,748,2020,0.457150599697215,0.41297470716748524,0.4765950521057641,0.5674623443301818,0.39397241950093415,0.4159128384484528,0.47000558641427065,0.567761169737213,0.406193930137237,0.4649683811842934,30.0,21.0,-9.0,9.0,0.007817781487078401
SWZ,斯威士兰,748,2021,0.4637157176438193,0.4134837073693535,0.5022719199562398,0.5675181634367893,0.39099890610224447,0.4164503323261039,0.4941579418482515,0.5676580123701734,0.4029508326225757,0.47030427979177614,30.0,21.0,-9.0,9.0,0.0065885621479568335
TGO,多哥,768,2001,0.3796190675982989,0.2520793301208161,0.27644182357986113,0.480243513631662,0.4514550388900367,0.25531702099163006,0.292701046100697,0.48003854227690457,0.4630402858093359,0.3727742237946419,32.0,33.0,1.0,1.0,-0.006844843803656964
TGO,多哥,768,2002,0.38125971982882456,0.258765095642749,0.28063017854589795,0.4794512636161719,0.45060600394484335,0.26191909151450016,0.29685909491449364,0.47923474971454044,0.4620974242154225,0.3750275900897392,33.0,36.0,3.0,3.0,-0.006232129739085379
TGO,多哥,768,2003,0.3858572083749318,0.2670674938765026,0.2914138901247531,0.47350780666597003,0.4549147846046177,0.2701540601099871,0.30811743589785334,0.4733039339871664,0.46659870613153315,0.379543534031635,33.0,35.0,2.0,2.0,-0.006313674343296827
TGO,多哥,768,2004,0.384258161736126,0.25589254352038276,0.29618479734134445,0.478614970899514,0.44776847817923765,0.258767727409784,0.31267091603892705,0.4784190639264385,0.4588180051553228,0.3771689281326181,35.0,37.0,2.0,2.0,-0.007089233603507883
TGO,多哥,768,2005,0.3895725090286023,0.2535933962632711,0.3055943482706999,0.47192422177960636,0.45942501654514506,0.25604901550439946,0.3223180674104058,0.471954692442835,0.4703402771879844,0.3801655131364062,32.0,35.0,3.0,3.0,-0.009406995892196124
TGO,多哥,768,2006,0.39458430882187306,0.2616349598501207,0.3149900383968919,0.46952042597834404,0.46405470508651286,0.2646148755704292,0.3316868530047089,0.46969745776795424,0.47540019120829174,0.385349844387846,34.0,35.0,1.0,1.0,-0.00923446443402709
TGO,多哥,768,2007,0.3938668387698553,0.25451372817970536,0.33101386593279325,0.4638990959327757,0.454920494375999,0.2574342035903705,0.34780542207798965,0.4641637516300084,0.4654151230577163,0.3837046250890212,35.0,36.0,1.0,1.0,-0.010162213680834087
TGO,多哥,768,2008,0.432327183188381,0.26191727842315266,0.34100649562097074,0.4576291727335807,0.5533855118485589,0.26500000485272046,0.35755364421424196,0.45806741283485103,0.5592773663347047,0.4099746070591296,21.0,26.0,5.0,5.0,-0.0223525761292514
TGO,多哥,768,2009,0.43826108250706564,0.26662417930043986,0.3540963790347194,0.4467288487208769,0.563648775992545,0.2698121585024918,0.3700144738347489,0.4473129764009919,0.5706453912306763,0.41444624999222723,23.0,28.0,5.0,5.0,-0.023814832514838402
TGO,多哥,768,2010,0.4444616723215693,0.26854578367668364,0.3651029131673602,0.45599432426502007,0.5657449131124327,0.27169646100952427,0.38028718717054555,0.45637030719916144,0.5728064754285145,0.4202901077019364,23.0,27.0,4.0,4.0,-0.02417156461963288
TGO,多哥,768,2011,0.44284257735034566,0.26753973156845084,0.3735065530952598,0.44410774311211876,0.5616928088548696,0.27062847857611644,0.38868666657921136,0.44494710742766375,0.5684323899108651,0.41817366062346417,24.0,29.0,5.0,5.0,-0.024668916726881485
TGO,多哥,768,2012,0.44490828872269855,0.2734363088930368,0.38312106334686835,0.43544752298611544,0.5624274431811523,0.27634785793492767,0.3976313938444512,0.43656433519142646,0.5692865541869264,0.4199575352894329,26.0,29.0,3.0,3.0,-0.024950753433265638
TGO,多哥,768,2013,0.45603111901328935,0.26698018554231606,0.40179986724414324,0.4569782315630024,0.5678108990195794,0.2699304104187611,0.41637817272230426,0.45744759428518905,0.5751616352386515,0.42972945316622646,25.0,29.0,4.0,4.0,-0.026301665847062894
TGO,多哥,768,2014,0.4613928488923925,0.263942540604098,0.4152256758355085,0.4657936850969442,0.5676980213530273,0.2672864005070092,0.42989012689006867,0.466007278201954,0.5750313648034281,0.434553792600615,25.0,28.0,3.0,3.0,-0.02683905629177752
TGO,多哥,768,2015,0.45863822149447186,0.25765799295457376,0.4172041404981038,0.4755980503886171,0.5551682180500042,0.26135032293251625,0.4315673613380735,0.4755813453537059,0.561366286324199,0.43246632898712367,25.0,27.0,2.0,2.0,-0.026171892507348193
TGO,多哥,768,2016,0.4654104072446457,0.2581396267211912,0.430412760901837,0.4807679218279583,0.5599272984655982,0.2618332653738835,0.44371699573745965,0.48054467657813194,0.566638660573015,0.4381833995656226,23.0,27.0,4.0,4.0,-0.02722700767902314
TGO,多哥,768,2017,0.4711156328337715,0.26744206949262317,0.4388999856145427,0.4890031498658316,0.5606237430013913,0.27099437401775106,0.4516515217831484,0.48852605727913884,0.5674343333697097,0.44465157161243696,22.0,27.0,5.0,5.0,-0.026464061221334545
TGO,多哥,768,2018,0.4758829999668121,0.26626997473035835,0.4458490030865754,0.49344891898972193,0.5659592739831093,0.2699295732657757,0.45838439688016924,0.49287596618845786,0.5731062706119008,0.4485740517365759,22.0,26.0,4.0,4.0,-0.02730894823023622
TGO,多哥,768,2019,0.47944144013260037,0.27083864755927595,0.4527402406304388,0.49570945575650893,0.5672000968116181,0.2744259131228577,0.464783954092171,0.49509085564109245,0.5744874209079915,0.45219703594102817,22.0,26.0,4.0,4.0,-0.027244404191572202
TGO,多哥,768,2020,0.48220251365490585,0.2706049337855827,0.4738213419113311,0.4920571407975678,0.5599004602641187,0.2738780739248406,0.48543651636948487,0.4915513553497166,0.5665323839550327,0.4543495823997687,21.0,26.0,5.0,5.0,-0.02785293125513716
TGO,多哥,768,2021,0.48024296391628585,0.26608294713654074,0.4712055572866741,0.4854640996723592,0.5620635743402647,0.2697435552872676,0.4835013531531013,0.4854424772300478,0.5688826875447917,0.4518925183038021,25.0,27.0,2.0,2.0,-0.028350445612483732
UGA,乌干达,800,2001,0.38278626267139776,0.2508367653761649,0.3037144771366889,0.44840203362438624,0.456830512479704,0.2553801553884264,0.3220421661979852,0.44885452417807764,0.46204976816664006,0.3720816534827823,31.0,34.0,3.0,3.0,-0.010704609188615433
UGA,乌干达,800,2002,0.39443704421388354,0.2598141004153748,0.30821421418218303,0.4466062583573697,0.4829693840002761,0.2644491049626048,0.3266633605313364,0.4470216112402249,0.48854322084304175,0.38166932439430196,28.0,32.0,4.0,4.0,-0.01276771981958158
UGA,乌干达,800,2003,0.3936564251854148,0.26208627238559695,0.3154873083578229,0.43091040867538133,0.4831391262059981,0.266413487659753,0.3340677354778784,0.4314540445990388,0.48876806023702185,0.380175831993423,30.0,34.0,4.0,4.0,-0.013480593191991852
UGA,乌干达,800,2004,0.3970618159469064,0.26399075928054827,0.31765161119088714,0.44589427705721335,0.4814354715490809,0.2682231919998618,0.3360822481644238,0.4462933894759831,0.48686199110510764,0.3843652051863441,29.0,33.0,4.0,4.0,-0.012696610760562332
UGA,乌干达,800,2005,0.39767351526032063,0.2700216167946918,0.31053484059696507,0.4519742066543651,0.4831989724391301,0.2742975295316897,0.32900684821456894,0.45224738119235175,0.4888229423053981,0.3860936753110021,30.0,33.0,3.0,3.0,-0.011579839949318549
UGA,乌干达,800,2006,0.40829887422327066,0.27014770820522316,0.32326255397555687,0.4554258654446543,0.500046513544133,0.27476323883446097,0.3426503460303386,0.45563344789379445,0.5058408528514825,0.3947219714025191,30.0,32.0,2.0,2.0,-0.01357690282075158
UGA,乌干达,800,2007,0.4060875923266373,0.26927139555101914,0.3396036580412773,0.4499569146248592,0.48420506615288805,0.27365105013330565,0.35842513870882303,0.45016013565576424,0.4886054453518763,0.3927104424624423,33.0,33.0,0.0,0.0,-0.013377149864195026
UGA,乌干达,800,2008,0.41361368451968744,0.26116074587243027,0.3508779642827491,0.4537130616083518,0.4965231541738254,0.2656231340471129,0.36872484380477744,0.4538116924602597,0.5012060118688569,0.3973414205452518,30.0,33.0,3.0,3.0,-0.016272263974435652
UGA,乌干达,800,2009,0.418787752313392,0.2503082395580744,0.34775731688440464,0.47413307511003716,0.505447122550753,0.2543266249697211,0.36571252639533885,0.47400397350424966,0.5109478819835064,0.40124775171320404,31.0,32.0,1.0,1.0,-0.017540000600187955
UGA,乌干达,800,2010,0.42105145965918267,0.250375011753122,0.36476853953216587,0.4790143182951074,0.49506137263807193,0.2550471712860849,0.38178427089349665,0.47878184481627206,0.4996834363626514,0.40382418083962623,33.0,33.0,0.0,0.0,-0.017227278819556435
UGA,乌干达,800,2011,0.4249566086185877,0.2545321630115691,0.3805658004747477,0.4781988111201368,0.4919615902996741,0.2592178130942515,0.39764555968562715,0.477893412622648,0.4963318080816967,0.40777214837105585,31.0,32.0,1.0,1.0,-0.01718446024753184
UGA,乌干达,800,2012,0.42595875520572873,0.2578732865782117,0.3829428288559929,0.47411884567232393,0.49392608974924157,0.2622194255378939,0.39999588098614525,0.47387463069112934,0.4985210210886591,0.4086527395759569,32.0,33.0,1.0,1.0,-0.017306015629771854
UGA,乌干达,800,2013,0.4230411085874105,0.2568334393974522,0.37804323116890715,0.47391009506251724,0.4903759717167109,0.26113289418788554,0.39456577324150294,0.4736923215072413,0.4946842692316505,0.40601881454207006,34.0,35.0,1.0,1.0,-0.017022294045340447
UGA,乌干达,800,2014,0.4289934707654216,0.2571509378855041,0.3852975177435265,0.47626787918403685,0.49938028012368296,0.26158886622177513,0.40122259053106796,0.4760022458704239,0.5045294009937121,0.4108357759042448,33.0,35.0,2.0,2.0,-0.0181576948611768
UGA,乌干达,800,2015,0.4242916336661533,0.2611240442085268,0.3684980056937357,0.4778599351808209,0.49771455406321774,0.26546896189733005,0.38391710639267174,0.4775697709970805,0.5027529288934802,0.4074271920451406,35.0,38.0,3.0,3.0,-0.016864441621012694
UGA,乌干达,800,2016,0.4242406548273307,0.2686379090149033,0.37113091981262536,0.47132269803927546,0.4964821897817049,0.27268895353146305,0.3854523270484085,0.4711186031308649,0.5014608307261623,0.4076801786092247,36.0,38.0,2.0,2.0,-0.016560476218106024
UGA,乌干达,800,2017,0.42983159245521524,0.2639317427672138,0.3795922737343814,0.4729067751663381,0.5057795554186739,0.2678787929079737,0.39382866330698385,0.47260091170941876,0.5116369074758079,0.41148631885004605,36.0,38.0,2.0,2.0,-0.018345273605169188
UGA,乌干达,800,2018,0.4340720836234141,0.2588774679160594,0.38945818505590124,0.4824266963345294,0.5057941403430424,0.26303810259809585,0.40396677213917,0.4820470336349651,0.511704447964572,0.41518908908420077,36.0,38.0,2.0,2.0,-0.018882994539213327
UGA,乌干达,800,2019,0.43112198439303573,0.25378183509918617,0.39452224739694924,0.48702838132696513,0.4927903739296511,0.25791393130257767,0.40948015658830533,0.4865398002787457,0.49757459242963714,0.4128771201498165,38.0,39.0,1.0,1.0,-0.01824486424321925
UGA,乌干达,800,2020,0.4327314724038179,0.2496877398566244,0.4101176887386663,0.4797025465326433,0.49027833010514577,0.25365316683540756,0.4245121082422119,0.4794234272910374,0.49488318862326947,0.41311797274798157,38.0,39.0,1.0,1.0,-0.01961349965583631
UGA,乌干达,800,2021,0.44058742816951674,0.25025396561916624,0.4310024204983599,0.48315772272008056,0.4927545969706131,0.2543460602238074,0.4454516128745083,0.48279033707440655,0.497641233643528,0.42005731095406257,37.0,39.0,2.0,2.0,-0.02053011721545417
TZA,坦桑尼亚,834,2001,0.44390770073426966,0.24534811410491578,0.29149826784438804,0.48194546208025896,0.6172886465815123,0.24972198523235065,0.3093534252827787,0.48217602796631137,0.6183849115280314,0.414909087502368,11.0,15.0,4.0,4.0,-0.02899861323190167
TZA,坦桑尼亚,834,2002,0.4509287186730752,0.2549838725424283,0.2981464126351147,0.4813315620961535,0.6280549295669435,0.25913474821737104,0.3157472551456178,0.48157665971043195,0.6301636428130122,0.42165557647160823,9.0,15.0,6.0,6.0,-0.029273142201466984
TZA,坦桑尼亚,834,2003,0.45216566492585425,0.25491074007001296,0.30453337152648313,0.4831600440319168,0.6252564464836277,0.2589545484793203,0.32187828095519244,0.48334905062480105,0.6271846146523279,0.42284162367791045,8.0,14.0,6.0,6.0,-0.0293240412479438
TZA,坦桑尼亚,834,2004,0.4554648814723423,0.25438991973886804,0.31634336290286114,0.4865371157530346,0.6230030672955418,0.25848801536449595,0.3333557928177007,0.48658757438773964,0.6246445152897485,0.42576897446492123,9.0,15.0,6.0,6.0,-0.029695907007421085
TZA,坦桑尼亚,834,2005,0.46374543335133306,0.24944829284049377,0.3489728633219596,0.48790327065017286,0.6203313000967671,0.25367690008447674,0.36766300234476906,0.487896291385084,0.621676391183531,0.4327281462494652,7.0,11.0,4.0,4.0,-0.031017287101867852
TZA,坦桑尼亚,834,2006,0.46951967984188975,0.2505068172422582,0.3596979718153043,0.487294449109789,0.6274739036514663,0.2545984848837529,0.3780011060883223,0.4873039328801611,0.6293742829170361,0.4373194516923181,7.0,14.0,7.0,7.0,-0.03220022814957163
TZA,坦桑尼亚,834,2007,0.4668174048307798,0.24681873651708205,0.3610475582532411,0.4923313576397502,0.6173983842941771,0.25101503279250037,0.3793356702886524,0.49218411762004693,0.6181836079573548,0.43517960716463866,8.0,17.0,9.0,9.0,-0.031637797666141165
TZA,坦桑尼亚,834,2008,0.4722414037210674,0.24476705623434067,0.3729669120996016,0.4970098873926329,0.6206978396103905,0.24878387514550906,0.3902784791425313,0.49670876955714244,0.6218578611918586,0.43940724625926036,9.0,15.0,6.0,6.0,-0.03283415746180701
TZA,坦桑尼亚,834,2009,0.4743204887055459,0.2501760479011326,0.3715594211010727,0.49668624447236664,0.6257759873639933,0.25420945695492053,0.38881715777478815,0.4964052039945585,0.6273666725621774,0.4416996228216111,11.0,14.0,3.0,3.0,-0.03262086588393476
TZA,坦桑尼亚,834,2010,0.47713831788634053,0.2545447046217417,0.3831212598223708,0.4949818283330807,0.6235534620362877,0.2584180415654523,0.4000133080983206,0.49473587501059424,0.624839241782499,0.4445016166142165,13.0,16.0,3.0,3.0,-0.032636701272124036
TZA,坦桑尼亚,834,2011,0.47830637788874975,0.24671040146466322,0.39613029494887625,0.4906903506288811,0.6215320199208167,0.25080575338657274,0.41342056682896716,0.49057822441506993,0.622675662516966,0.444370051786894,13.0,18.0,5.0,5.0,-0.03393632610185576
TZA,坦桑尼亚,834,2012,0.4805779730332814,0.24889376142884587,0.3990822364078803,0.49405574751800524,0.6226558606023186,0.2527667722510267,0.41639032395789893,0.4937928978542459,0.6239454632101296,0.4467238643183253,13.0,17.0,4.0,4.0,-0.033854108714956144
TZA,坦桑尼亚,834,2013,0.48071194578200926,0.24408888589707786,0.39966072747724507,0.49720594450196665,0.6224831794199086,0.24843229020177132,0.41704807720945863,0.49683915861139777,0.6238175637569537,0.4465342724448954,14.0,19.0,5.0,5.0,-0.034177673337113856
TZA,坦桑尼亚,834,2014,0.4893587477171323,0.24584548881353138,0.41668443125852295,0.5030607737739691,0.6284468798251021,0.2502616598652427,0.4332006036871238,0.5025147890789095,0.6303977612756174,0.4540937034767234,11.0,17.0,6.0,6.0,-0.03526504424040888
TZA,坦桑尼亚,834,2015,0.4948847632477534,0.25524197331377585,0.4331463482733393,0.5039615348298561,0.6263777167041419,0.2592765729206328,0.44823322713417796,0.5033799302858553,0.6282169772082937,0.45977667688723994,12.0,16.0,4.0,4.0,-0.035108086360513435
TZA,坦桑尼亚,834,2016,0.5002273478660416,0.2601962068789975,0.4483439775987985,0.5045172858089747,0.626634377015919,0.264210531559564,0.46298497251889265,0.5039034277496733,0.6286080678719159,0.4649267499250115,11.0,16.0,5.0,5.0,-0.03530059794103013
TZA,坦桑尼亚,834,2017,0.5013582465493214,0.25827799658298445,0.44635523377739234,0.5078726514306017,0.6301154789654176,0.26247601791883657,0.4611523249390209,0.5071844439099893,0.6325185432507804,0.4658328325046568,12.0,18.0,6.0,6.0,-0.03552541404466458
TZA,坦桑尼亚,834,2018,0.5030027092426971,0.25376148282321126,0.45638568566511184,0.5105758990925143,0.6265915894250915,0.25801543434234925,0.47074971367475377,0.5097711635073694,0.6287717391532502,0.4668270126694306,13.0,18.0,5.0,5.0,-0.03617569657326647
TZA,坦桑尼亚,834,2019,0.5147277892060397,0.25970301452414907,0.46642888780720976,0.5102931046786255,0.6486753170286647,0.26376321874763997,0.48024151528462905,0.5094863118703399,0.6497435182019482,0.4758086410261393,10.0,16.0,6.0,6.0,-0.03891914817990039
TZA,坦桑尼亚,834,2020,0.5123107118715187,0.2574860880921373,0.4607775699367756,0.5114401021114231,0.6467550906546822,0.2612089271719984,0.47477432394081953,0.5106150014752989,0.6477690690714476,0.47359183041489106,14.0,18.0,4.0,4.0,-0.03871888145662761
TZA,坦桑尼亚,834,2021,0.5144922463611791,0.25792320315882555,0.4697700635601328,0.502243048365587,0.6505958762627799,0.261874952341304,0.4834760409812134,0.5016903077611035,0.6520120393318509,0.4747633351038679,14.0,19.0,5.0,5.0,-0.03972891125731115
BFA,布基纳法索,854,2001,0.4298458809248973,0.2353318182937549,0.29627619890806844,0.5222030896622062,0.5552792243072937,0.23995645920643008,0.3141947789267918,0.521157319899272,0.5677433339537206,0.4107629729965536,14.0,17.0,3.0,3.0,-0.019082907928343662
BFA,布基纳法索,854,2002,0.43267896272811646,0.2337347636686836,0.3088940660283189,0.5224720693157119,0.5532680563722343,0.23823516089841795,0.3277029372506068,0.5214167245311487,0.5655576620080803,0.4132281211720634,15.0,18.0,3.0,3.0,-0.019450841556053033
BFA,布基纳法索,854,2003,0.4356423545590046,0.23755030912766104,0.31344088488103794,0.5234698289490592,0.5557712407317431,0.24222561086825173,0.3324661471469014,0.5223770530807001,0.5683216155215115,0.41634760665434123,15.0,17.0,2.0,2.0,-0.019294747904663345
BFA,布基纳法索,854,2004,0.438088293838823,0.23855695606030689,0.32754889253555647,0.5244191803165408,0.5501569118351866,0.24283069894117737,0.34611397103088515,0.5233119455239768,0.562227714064147,0.4186210823900466,15.0,17.0,2.0,2.0,-0.01946721144877639
BFA,布基纳法索,854,2005,0.4365193896133769,0.2382304555874172,0.32246850408141275,0.5202392007600092,0.5524825048323042,0.2428988465324059,0.34134449265862554,0.5192548225466901,0.564801937221711,0.41707502473985814,15.0,20.0,5.0,5.0,-0.01944436487351875
BFA,布基纳法索,854,2006,0.44011413301737157,0.2425524268520944,0.33056943100640357,0.5202219324543553,0.554242568876473,0.24688783755109556,0.3491383618830038,0.519239328119595,0.5667560677391008,0.4205053988231988,16.0,20.0,4.0,4.0,-0.01960873419417275
BFA,布基纳法索,854,2007,0.4470598777243968,0.24062289946432677,0.34396649761515674,0.5191082254735623,0.5638110964157385,0.24484377116633912,0.3628711066568101,0.5181270464468521,0.5756765747908267,0.42537962476520697,16.0,20.0,4.0,4.0,-0.02168025295918985
BFA,布基纳法索,854,2008,0.44859831138869466,0.2345680362738797,0.3516699650592489,0.5176032671579068,0.5648561662735473,0.23908682632081912,0.3701436606153964,0.5166612115358074,0.5768122910937084,0.4256759973914328,17.0,20.0,3.0,3.0,-0.022922313997261856
BFA,布基纳法索,854,2009,0.46698881887297894,0.2480832578240806,0.36127164791362787,0.5153204142892225,0.604012603048384,0.25194941210129684,0.3791968979546422,0.5144673219626092,0.6149299680735237,0.44013590002301795,14.0,16.0,2.0,2.0,-0.026852918849960994
BFA,布基纳法索,854,2010,0.4696344696873367,0.26694069853295466,0.3670500666174986,0.5082414253018767,0.6038459765041003,0.2703519082805632,0.3842808080370709,0.5076135231543979,0.6147846184879442,0.44425771448999407,15.0,17.0,2.0,2.0,-0.025376755197342615
BFA,布基纳法索,854,2011,0.47174263755269596,0.2722158167614656,0.3799081186170205,0.49824402560087516,0.6030649605217635,0.2750481381632283,0.3962298196399252,0.49793248907724347,0.613949187848556,0.4457899086822382,15.0,17.0,2.0,2.0,-0.025952728870457742
BFA,布基纳法索,854,2012,0.47498232948188224,0.268623788379529,0.38828857268254613,0.5041291513579467,0.6030941440505367,0.2717344684551181,0.40393936827250143,0.5035992849044534,0.6139968974281885,0.4483175047650654,15.0,16.0,1.0,1.0,-0.02666482471681686
BFA,布基纳法索,854,2013,0.47924913277080305,0.25206170003203615,0.40443124713553347,0.5083842542402512,0.6052910647631956,0.2556162901930304,0.41920274312318495,0.5076839253663168,0.6164002410709474,0.4497257999383699,16.0,17.0,1.0,1.0,-0.029523332832433136
BFA,布基纳法索,854,2014,0.4808805402905353,0.25651637556796675,0.40736876794618776,0.5109182005174091,0.6043243721975282,0.2598606245462377,0.4209056957541909,0.5101520764455717,0.6153909920702672,0.4515773472040669,16.0,18.0,2.0,2.0,-0.029303193086468393
BFA,布基纳法索,854,2015,0.4811813460814289,0.25642157408063443,0.4047613243023738,0.5104023259490376,0.6075924191552756,0.2596609296006691,0.41722698034607564,0.5096091409850018,0.6180604742489682,0.45113938129517867,18.0,21.0,3.0,3.0,-0.030041964786250208
BFA,布基纳法索,854,2016,0.4882609177114188,0.26319342718753275,0.42349479508019144,0.5083655744174079,0.61058976089956,0.2663582283481814,0.4349386063000257,0.5076611280408763,0.6212469190777485,0.457551220441708,16.0,18.0,2.0,2.0,-0.03070969726971079
BFA,布基纳法索,854,2017,0.49546806541505867,0.26441310425020276,0.44236301534904554,0.5071486819424529,0.6153663812514261,0.26753617434876154,0.45305143593104996,0.5065476301568431,0.6259914167308029,0.4632816642918644,15.0,19.0,4.0,4.0,-0.032186401123194264
BFA,布基纳法索,854,2018,0.4969935720421717,0.2693203443658356,0.4353856934916203,0.5087480503838633,0.6225094455796872,0.2723714041430017,0.44597066653450834,0.5081551932187014,0.6332108031594345,0.46492701676391146,17.0,19.0,2.0,2.0,-0.032066555278260245
BFA,布基纳法索,854,2019,0.5017817571650435,0.27051097059777707,0.44960396904075645,0.5100988040637764,0.6229413458023703,0.2735206909313714,0.4603307340145006,0.509456996553403,0.6337170590152618,0.4692563701286342,17.0,18.0,1.0,1.0,-0.03252538703640928
BFA,布基纳法索,854,2020,0.5043753077952524,0.28756872048952964,0.4544709249334394,0.5085246555550946,0.6208558738184146,0.2894693292334034,0.46273614723329737,0.507972548015309,0.631482985125094,0.47291525240177595,16.0,19.0,3.0,3.0,-0.03146005539347646
BFA,布基纳法索,854,2021,0.4996300395112719,0.2891346827249904,0.4646816679781145,0.47067099334536955,0.6207537279966157,0.29145710050077045,0.47210831722663843,0.47131212398284683,0.6314112614897411,0.4665722007999992,18.0,23.0,5.0,5.0,-0.03305783871127266
ZMB,赞比亚,894,2001,0.44833296743453904,0.2817021283872772,0.23087859755279141,0.46929459671180074,0.6726369996427343,0.28471346908276723,0.2409022654707643,0.46935855591078285,0.6704316583784826,0.41635148721069926,9.0,14.0,5.0,5.0,-0.03198148022383979
ZMB,赞比亚,894,2002,0.45065069514583933,0.28716220898290234,0.23278726565737934,0.4674491679937186,0.6765422622208762,0.29021632613412524,0.24327020229834428,0.4675016433566782,0.6746996700282689,0.41892196045435415,11.0,16.0,5.0,5.0,-0.03172873469148518
ZMB,赞比亚,894,2003,0.4500894422406885,0.29332708157362264,0.228850648574908,0.4623934060965839,0.6788635872412646,0.29673277812539606,0.2396886270462785,0.4624291680985034,0.6772325957260391,0.4190207922490543,10.0,15.0,5.0,5.0,-0.031068649991634167
ZMB,赞比亚,894,2004,0.45585663557361744,0.31698807011740227,0.23187295764013677,0.46229661165641767,0.6837486531140563,0.31952613285539005,0.24285002226823613,0.4624923726600547,0.6825149811936051,0.4268458772443215,8.0,14.0,6.0,6.0,-0.02901075832929595
ZMB,赞比亚,894,2005,0.45578906629995625,0.32431649546091135,0.2391926257871248,0.46281339816374945,0.6746877438871594,0.32705653469664847,0.25008522888636375,0.46307519154505217,0.672607627104091,0.4282061455580389,11.0,15.0,4.0,4.0,-0.02758292074191737
ZMB,赞比亚,894,2006,0.46496755975221177,0.35289937244772906,0.25218207639201284,0.4529877117609534,0.6846847272628785,0.35448620155855265,0.26312841656444336,0.4537154870950063,0.6834752949896136,0.438701350051904,8.0,10.0,2.0,2.0,-0.02626620970030774
ZMB,赞比亚,894,2007,0.46424012625934746,0.3492801907366577,0.25842025642226274,0.45081851281232993,0.6801934102338213,0.35086134891893184,0.2689336394841381,0.4516290844799128,0.6782023353749697,0.4374066020644881,12.0,14.0,2.0,2.0,-0.02683352419485935
ZMB,赞比亚,894,2008,0.47146719133296794,0.34001324093019647,0.27524627605645224,0.4693640604635276,0.6791109069240505,0.3421788898123967,0.2853164009961264,0.4696159877146403,0.6770240021840169,0.4435338201767951,10.0,13.0,3.0,3.0,-0.027933371156172837
ZMB,赞比亚,894,2009,0.4777356309243047,0.3563383437363322,0.2812619356854349,0.4739095193397722,0.6829350537606863,0.35810468025942443,0.29069735615933623,0.47404951914906557,0.6812196831633806,0.4510178096828017,9.0,11.0,2.0,2.0,-0.026717821241503015
ZMB,赞比亚,894,2010,0.4772579937613647,0.37105626421147436,0.2824768523664191,0.4685353512524821,0.6784030085979486,0.3719903542074489,0.2915153801748183,0.46894240117175884,0.6762951922461844,0.45218583195005263,12.0,13.0,1.0,1.0,-0.025072161811312055
ZMB,赞比亚,894,2011,0.4851024738622305,0.35792037123252113,0.3027655254588874,0.4756543013861263,0.6841827290743511,0.3584383039597952,0.31005161945730814,0.47586349791485516,0.6826364669585243,0.4567474720726207,9.0,13.0,4.0,4.0,-0.028355001789609813
ZMB,赞比亚,894,2012,0.4910002940107556,0.3542705297185832,0.3182581036428318,0.48800102819444025,0.6820602018446454,0.35508730934076405,0.32456815581892895,0.48777496798883213,0.6803457733520011,0.4619440516251315,8.0,11.0,3.0,3.0,-0.029056242385624098
ZMB,赞比亚,894,2013,0.490660142676578,0.3431647833841612,0.3170690449139584,0.490916058364658,0.6844319015328127,0.3440780594267659,0.3239096551039724,0.4905875591496605,0.6829701808506967,0.46038636363277385,9.0,13.0,4.0,4.0,-0.030273779043804128
ZMB,赞比亚,894,2014,0.4952964728953735,0.33839280841088015,0.324451940142746,0.4982541519308562,0.6886961615927264,0.3396221518297659,0.33094045734572597,0.497749081797301,0.6876492030282473,0.46399022350026004,10.0,12.0,2.0,2.0,-0.03130624939511345
ZMB,赞比亚,894,2015,0.49832907092986517,0.3233425867459644,0.3471698976220347,0.5028757385533488,0.6814221793760656,0.3250212397173387,0.3532957238474661,0.5022178976463633,0.6797486401892534,0.46507087535010533,11.0,13.0,2.0,2.0,-0.03325819557975984
ZMB,赞比亚,894,2016,0.50350440036737,0.31934153579203134,0.36097710410939604,0.5031316720123182,0.685758518804053,0.32109494486520257,0.3684153156742984,0.5024624593061523,0.6845168515468862,0.46912239284813484,9.0,12.0,3.0,3.0,-0.03438200751923515
ZMB,赞比亚,894,2017,0.5125229529750832,0.3243634660292077,0.3897482583943922,0.49672924549313313,0.6890980108296146,0.3259121191037175,0.3960775118978852,0.49620569975947965,0.6881451922324374,0.47658513074837994,8.0,12.0,4.0,4.0,-0.035937822226703275
ZMB,赞比亚,894,2018,0.5120645346131012,0.3316196733741661,0.39391132554278036,0.4923010914160551,0.6843884557018209,0.3328347997424122,0.39967920289787007,0.4918819626796655,0.6829982198811845,0.47684854630028306,8.0,14.0,6.0,6.0,-0.035215988312818136
ZMB,赞比亚,894,2019,0.5179962844974609,0.32100413879105,0.41091834051330245,0.5087453665123588,0.6812980772511805,0.322316807475487,0.41553904517135054,0.5080780262896862,0.6797043831855766,0.48140956553052505,9.0,12.0,3.0,3.0,-0.03658671896693588
ZMB,赞比亚,894,2020,0.5314082800514327,0.3555810646267042,0.4457275544722975,0.4884172144875163,0.6891259726098651,0.3546156326361835,0.44777250803581764,0.4883886648547593,0.6882678554187197,0.49476116523637004,7.0,10.0,3.0,3.0,-0.036647114815062665
ZMB,赞比亚,894,2021,0.5193816542315415,0.37335509729894384,0.44387246973957073,0.42417629728602,0.6880999014771331,0.37223800785000954,0.4448657080708304,0.42621534780467285,0.6871855866159501,0.4826261625853657,13.0,14.0,1.0,1.0,-0.03675549164617575
