Alpha-3 code,CountryName_CN,Numeric,Year,SDI_Economy,SDI_Society,SDI_Resource,SDI_Ecology,SDI,SDI_Economy_TwoStage,SDI_Society_TwoStage,SDI_Resource_TwoStage,SDI_Ecology_TwoStage,SDI_TwoStage,SDI_Economy_Equal,SDI_Society_Equal,SDI_Resource_Equal,SDI_Ecology_Equal,SDI_Equal,SDI_Average
AGO,安哥拉,24,2001,0.352061782498473,0.2651053679790753,0.5001035366250627,0.4307810913586525,0.3860822289012725,0.3491853234152681,0.2792617066040633,0.4995912220679936,0.4392157890102576,0.3918135102743957,0.3743554840419368,0.2397576769158648,0.4966638033772713,0.4684711703358533,0.3948120336677316,0.3892884926627787
BWA,博茨瓦纳,72,2001,0.410457235081697,0.285807554531769,0.5155723252046308,0.6195842788869728,0.4718623267565704,0.4108968758068333,0.2905007410845059,0.5124478399718841,0.6207577795103529,0.458650809093394,0.4369176668422681,0.2977041494375642,0.5194084898052977,0.6050194342898731,0.4647624350937508,0.4573616777893585
BDI,布隆迪,108,2001,0.2508088650310225,0.2405491751405467,0.4430914935942944,0.3364488073627645,0.3192192990431159,0.2551504277033051,0.2538790552489531,0.4435107267152856,0.3431913062252421,0.3239328789731965,0.3100811520401678,0.2252235447509608,0.4565609500068301,0.3770900757594884,0.3422389306393618,0.3396639019978872
CMR,喀麦隆,120,2001,0.2800152183849453,0.313130282000594,0.5278893133591026,0.3691749037387543,0.3741308487834888,0.2835098835253072,0.3289810949337425,0.5265988109522832,0.3799722570548169,0.3797655116165375,0.3353774178882478,0.297081834203655,0.530834050719766,0.4140520225819054,0.3943363313483935,0.3943642030702182
CPV,佛得角,132,2001,0.2711637368141677,0.4192940553727572,0.5306050135479143,0.323349982107164,0.3881428443522506,0.2774226722560486,0.4374030144302114,0.5284040575785024,0.3457562187143955,0.3972464907447895,0.3281319222070645,0.3903365724268891,0.5339666265167382,0.3799419700802836,0.4080942728077438,0.4131036640885663
CAF,中非,140,2001,0.1504005599973338,0.2576561444490375,0.5509016851657665,0.5157104924302789,0.3988704872797481,0.1569341046467462,0.2715078467450688,0.5493965111891428,0.5223095387542116,0.3750370003337923,0.2310859791399683,0.2518296906636052,0.5528403661516896,0.5302634525448711,0.3915048721250336,0.3927520493041178
TCD,乍得,148,2001,0.1800579240680449,0.2617190339211033,0.4954223203305883,0.4072151122142143,0.3528582089998014,0.1866341668426945,0.2767305254880382,0.4948852215628215,0.4249442238177684,0.3457985344278307,0.2566827264739881,0.2468510631150197,0.5031651994477027,0.4363522749687327,0.3607628160013608,0.3613116091543323
COM,科摩罗,174,2001,0.2960741991171701,0.31692449727105,0.5410326925638678,0.3566794803704264,0.3755672355828975,0.302359238074431,0.3341421506242799,0.5390043596904759,0.3750596204311108,0.3876413422050744,0.3497237237309208,0.2985933614803017,0.5440733334643978,0.4130966251460554,0.4013717609554189,0.4010421377431613
COG,刚果（布）,178,2001,0.3823715455496451,0.3057540026952227,0.559398944931177,0.4152991836090671,0.4088345778410244,0.3795212245481799,0.3227860592342525,0.5575689140856482,0.4223013704863383,0.4205443920886048,0.406478079852948,0.2836143907954088,0.5446430146119315,0.4506613162694242,0.4213492003824282,0.4173108273113971
COD,刚果（金）,180,2001,0.2333697332310703,0.2706981726567643,0.4274315336504495,0.4313357751691914,0.3570792550852857,0.235779098938051,0.2889914058186167,0.4285566208787116,0.4354601353943585,0.3471968152574345,0.2847982526215999,0.2554499909798358,0.4454505288801063,0.4622515614902016,0.3619875834929359,0.3604457332350625
BEN,贝宁,204,2001,0.258929765459707,0.3251355471672508,0.5241886921812094,0.5916765932934751,0.4551307635926332,0.2631254853966797,0.3434711195934941,0.5226448584434986,0.5972594788071262,0.4316252355601996,0.3217946446683722,0.3056857795282352,0.5296301766501963,0.5913666137187714,0.4371193036413938,0.4355007296342028
GNQ,赤道几内亚,226,2001,0.6636384112518598,0.1143050182905242,0.5054221769086709,0.5997870452334894,0.4453358387337376,0.6524277968797749,0.1159947537359908,0.504346062636823,0.6031677648266464,0.4689840945198088,0.6698608845424421,0.1137354433800937,0.4898419366285423,0.6082183404927509,0.4704141512609572,0.4441383758587329
ETH,埃塞俄比亚,231,2001,0.2364171087343106,0.2728940777363137,0.3927135927015127,0.4342145699958996,0.3519083949190916,0.2408654947086541,0.2872071926217971,0.3947384896976179,0.4469987912766038,0.3424524920761682,0.3057019618730267,0.2554837010440817,0.415803784072815,0.4674713298240718,0.3611151942034988,0.3581398658470563
ERI,厄立特里亚,232,2001,0.1204217467915479,0.2747287851579584,0.4982771197272456,0.2848066454910787,0.304862831574298,0.1278189122094867,0.288547622469266,0.4975351427157938,0.3065075844214206,0.3051023154539918,0.2087738132059977,0.2515297419699839,0.5060353589941275,0.3442179696863106,0.3276392209641049,0.3319051794288075
DJI,吉布提,262,2001,0.1454395689716917,0.2983661830762448,0.5192768760001217,0.1729282785466763,0.2787878786201438,0.1412321619762285,0.312196227014333,0.5172596135700487,0.1937828888722818,0.291117722858223,0.1205630851385819,0.2758122284930262,0.5230428737545698,0.227183958748726,0.286650536533726,0.2978506298435668
GAB,加蓬,266,2001,0.54398274260643,0.3971705422889585,0.6235731590761526,0.4614403799790082,0.4873128411512774,0.5382351598385511,0.4142996364247082,0.6190547460613722,0.4685559077606904,0.5100363625213304,0.5497755605511169,0.3705643070586461,0.6046587687618351,0.4927433281835859,0.504435491138796,0.4981749276108672
GMB,冈比亚,270,2001,0.2489148602332463,0.3204264922546931,0.5278018204809195,0.5180175236424378,0.4263596218658546,0.254723803320775,0.3374810861826094,0.5263059189641627,0.530502684911496,0.4122533733447608,0.3182214651286134,0.3047856686358869,0.5309378107738199,0.5733170739328519,0.431815504617793,0.4305995244319516
GHA,加纳,288,2001,0.2793214650220524,0.3457796610931622,0.4926524946188384,0.5566823351410957,0.4445598410016892,0.2810181443363625,0.3647128938628428,0.4917241833495738,0.5659004142156456,0.4258389089411062,0.327661447716531,0.3243350394847799,0.4968219532487881,0.5690466164983117,0.4294662642371026,0.4282573835320325
GIN,几内亚,324,2001,0.2781996626902222,0.3150919294125602,0.5052015237531465,0.4489793488207509,0.3987776282752499,0.2809421689356697,0.3344727680956083,0.5044960690462494,0.4625441455715721,0.3956137879122748,0.3352454454642176,0.3038742391195542,0.5108757426375319,0.4842791432584453,0.4085686426199373,0.4075757452720709
CIV,科特迪瓦,384,2001,0.3086825162975021,0.3216682475971518,0.5308052174088724,0.5289176982770184,0.4391989304646348,0.3111995548034065,0.3385549938708172,0.5291290022522352,0.5385320349991969,0.429353896481414,0.3519492184858365,0.3044166599083794,0.5342746469298398,0.5403672056162354,0.4327519327350728,0.4305653116406793
KEN,肯尼亚,404,2001,0.275255579596665,0.254347217287477,0.5117521542729451,0.4904422242550596,0.3969515333231862,0.2789458238595729,0.2674128325356567,0.5105721666998374,0.5014675439755514,0.3895995917676546,0.3322173863286588,0.2471114319123582,0.5178824314211548,0.520148624147616,0.404339968452447,0.4005519676292798
LSO,莱索托,426,2001,0.3018149560248954,0.1797051218177073,0.4747333110282115,0.4808247221754291,0.367196921838857,0.302822281813179,0.1816120229883794,0.4747677178924215,0.4889115818235988,0.3620284011293947,0.3521939687712088,0.2012342851051779,0.488789202013335,0.5108245039357169,0.3882604899563596,0.381276455354588
LBR,利比里亚,430,2001,0.193723654240336,0.2387472008756532,0.5075151480029723,0.4526654868275838,0.3669676090653567,0.1985888039471939,0.2553016932734788,0.506593745038362,0.4673503735206022,0.3569586539449092,0.2665494662207429,0.2298367742803509,0.511377942043715,0.5005764978878676,0.3770851701081691,0.3756243372895613
MDG,马达加斯加,450,2001,0.274808241791003,0.307627680418832,0.522336222777227,0.496547965647784,0.4170374402395274,0.2780886834548772,0.3244315621086898,0.5214041117317536,0.5106187785819065,0.4086357839693068,0.3308587628768063,0.2858818599287885,0.5270191083375808,0.5385741770656638,0.4205834770522099,0.4184292744408549
MWI,马拉维,454,2001,0.2510420504451008,0.2322243795597414,0.4974069368459611,0.5660764517286733,0.4117753015314642,0.2533247668340241,0.245167744294833,0.496721961646955,0.5703390205942769,0.3913883733425222,0.3027790557817847,0.2383412970646257,0.5035543919678027,0.5732096396830997,0.4044710961243282,0.4006039119498168
MLI,马里,466,2001,0.2855943732188032,0.3190907267532983,0.5165290445401541,0.331102343596576,0.3603824265226343,0.2900161618794828,0.3387751703362036,0.5156882044853649,0.3538185992159773,0.3745745339792571,0.3473034916299893,0.3012228715193868,0.5189181923926345,0.3787996098630415,0.386561041351263,0.3865886402071128
MUS,毛里求斯,480,2001,0.4024239815428558,0.3422727529804798,0.6274290152015378,0.3798382637806796,0.423571942902369,0.4062877421997585,0.3473086541497495,0.6282232390163988,0.3931704456979745,0.4437475202659703,0.4309180129653235,0.3525180596951232,0.605787093647951,0.4159008770228837,0.4512810108328203,0.4506146337271507
MOZ,莫桑比克,508,2001,0.2519488987328236,0.2858483053516327,0.3998194336014719,0.5465598207429765,0.4001668154750456,0.2559774913405389,0.303293024257544,0.4022077906110297,0.5520476448415643,0.3783814877626692,0.319161993811123,0.2762058897948928,0.4263152390292774,0.5627006628187795,0.3960959463635182,0.3921951561306035
NAM,纳米比亚,516,2001,0.3654880464484017,0.4065715017477114,0.519827799375084,0.5490553765851358,0.4767463343437122,0.3685342965909862,0.4192999003702885,0.517312772218404,0.5594776733270143,0.4661561606266733,0.4022455650597575,0.3916707131262236,0.5236468211966189,0.5670680051868161,0.4711577761423541,0.4700526917336659
NER,尼日尔,562,2001,0.2542382166605896,0.2849598541810714,0.5189684153073592,0.3242667636875768,0.3442112391127419,0.2580551387467784,0.3018498813074452,0.518048691488602,0.3460880273374594,0.3560104347200712,0.3173781753808417,0.2675857850918694,0.5246502008063038,0.3662882092824558,0.3689755926403677,0.3691077223559108
NGA,尼日利亚,566,2001,0.300447467688716,0.3446209111934339,0.4818778388698435,0.4307554734948201,0.398895788901112,0.3024417535637966,0.3632732685987673,0.4817630330258725,0.4400915486634007,0.3968924009629593,0.3526990335881807,0.3252757218561121,0.4911557068210102,0.4626768798096329,0.407951835518734,0.4071607898101336
GNB,几内亚（比绍）,624,2001,0.2662252426135853,0.278803165836748,0.4751664128557941,0.6441225498288872,0.4512677014158279,0.2697630912806618,0.2969130869437772,0.4750100240808469,0.6505850879755182,0.423067822570201,0.3262297746573883,0.2729475920904857,0.4854766036423783,0.6678544225451083,0.4381270982338401,0.4330943869602602
RWA,卢旺达,646,2001,0.250027924829576,0.2966974479648043,0.4999956935246014,0.3634023792784198,0.3573941751997876,0.254883695263061,0.3156625858983848,0.4993352400088093,0.3680429092338924,0.3594811076010369,0.3186441674047953,0.2885110467916199,0.5079557868540143,0.3971463953790031,0.3780643491073582,0.3783644966019976
STP,圣多美和普林西比,678,2001,0.2526084187880074,0.283457207577858,0.5289220270179675,0.3830379766590122,0.3670361760960833,0.2633661438950731,0.2888054030157709,0.5273337820461185,0.3977365102338187,0.3693104597976953,0.3226741336415051,0.2980945159517695,0.5318200712993074,0.4353956057583493,0.3969960816627328,0.3973296936108468
SEN,塞内加尔,686,2001,0.2763985711216624,0.3684292990042768,0.527805953395477,0.6332867721343481,0.4861025628193887,0.2800968587530829,0.3880443157011949,0.5263030533186298,0.6408694245746771,0.4588284130868962,0.3330713492055542,0.3435317235867822,0.5312429808673755,0.6417619049311916,0.4624019896477259,0.4612381984577238
SYC,塞舌尔,690,2001,0.2311566076547753,0.4368053275393239,0.4452063654454009,0.5876001096962358,0.4663705145330622,0.2332326628731652,0.4417895082253367,0.4341890549500706,0.587134254364689,0.4240863701033154,0.2904582098326597,0.4369128649735009,0.4504355978171536,0.6048197523556476,0.4456566062447404,0.4498474858165644
SLE,塞拉利昂,694,2001,0.2094019779567635,0.2278908877981245,0.4991388350575379,0.5083858941327671,0.3843679623444647,0.2122148120096757,0.243039598450589,0.4987649812535609,0.5209598168309678,0.3687448021361984,0.2478229464240394,0.2005437224994682,0.507601653155199,0.5436373154503698,0.3749014093822691,0.3722856250577266
ZAF,南非,710,2001,0.3703759757907177,0.4526253616803588,0.4450470435759248,0.3567661250383592,0.4052978190786261,0.3751256978096914,0.4670076323877253,0.4394741144588333,0.3578483599339574,0.4098639511475519,0.4060513013531845,0.4428704906235549,0.4534739620721746,0.3638214484820219,0.416554300632734,0.4194970959474584
ZWE,津巴布韦,716,2001,0.2305969833735578,0.2771159858234274,0.4618550493968484,0.520313086960041,0.3982091684838785,0.2352745580241957,0.282586393273509,0.4615567046039099,0.5247118413000088,0.3760323743004058,0.2953784543088847,0.2903529015475506,0.4747909347840902,0.5296001805655078,0.3975306178015083,0.3965028839181932
SWZ,斯威士兰,748,2001,0.4039588267382266,0.2556934476650658,0.6399809166994544,0.3802440031685978,0.401027690043962,0.4035076694481315,0.2632834160231507,0.6435972112166399,0.3921901546792901,0.425644612841803,0.430994731106569,0.2746038618557502,0.6168733866991523,0.4233577474702049,0.4364574317829191,0.432403652834044
TGO,多哥,768,2001,0.2520793301208162,0.276441823579861,0.4802435136316622,0.4514550388900367,0.3796190675982987,0.2553170209916301,0.2927010461006969,0.4800385422769046,0.463040285809336,0.372774223794642,0.3115287149928469,0.2638395665724588,0.4916936304389954,0.4798895165655698,0.3867378571424676,0.3848075140338244
UGA,乌干达,800,2001,0.250836765376165,0.3037144771366888,0.4484020336243866,0.4568305124797038,0.3827862626713976,0.2553801553884264,0.3220421661979851,0.4488545241780777,0.46204976816664,0.3720816534827823,0.314187930797921,0.2910009204163599,0.4641477959465456,0.4772376233555548,0.3866435676290953,0.3854281138268351
TZA,坦桑尼亚,834,2001,0.2453481141049159,0.2914982678443879,0.4819454620802592,0.6172886465815124,0.4439077007342696,0.2497219852323506,0.3093534252827787,0.4821760279663115,0.6183849115280313,0.414909087502368,0.3110250953148435,0.2774150141955055,0.4938802220093213,0.6224963503695382,0.4262041704723021,0.4228299591235046
BFA,布基纳法索,854,2001,0.2353318182937551,0.2962761989080683,0.5222030896622065,0.5552792243072938,0.4298458809248971,0.2399564592064301,0.3141947789267917,0.5211573198992722,0.5677433339537205,0.4107629729965536,0.3023607781458723,0.2800154807543208,0.5273504435243317,0.5785319159427712,0.4220646545918241,0.4203261639360433
ZMB,赞比亚,894,2001,0.2817021283872774,0.2308785975527912,0.4692945967118011,0.6726369996427344,0.4483329674345389,0.2847134690827673,0.2409022654707642,0.4693585559107829,0.6704316583784826,0.4163514872106992,0.3304054376443447,0.2260595744805801,0.4820379006398109,0.6608210296917849,0.4248309856141302,0.4175983279884939
AGO,安哥拉,24,2002,0.3287194725606115,0.267101373737874,0.5168844060227927,0.4379797904007623,0.3897287719467691,0.3271855823404661,0.2821449208759773,0.5156905649502532,0.4471394497492367,0.3930401294789833,0.3483679976532682,0.2416820240219024,0.5153961882950644,0.4758789307970291,0.395331285191816,0.3912056872006975
BWA,博茨瓦纳,72,2002,0.4086885503374917,0.2969087889695045,0.5169953055206966,0.6208952530672305,0.4756769110223646,0.4090000206554866,0.3014008931552855,0.5137666486382891,0.6222827478739443,0.4616125775807513,0.4377959351952682,0.3092005077116903,0.5207663098695671,0.6065970968632148,0.468589962409935,0.461654417271047
BDI,布隆迪,108,2002,0.2565824026595413,0.245072070892486,0.4303824990656342,0.3560079969914369,0.3257744429599123,0.2610033954645435,0.2593855485107775,0.4308949917146562,0.3642628519999412,0.3288866969224796,0.3187850316560854,0.227213606142815,0.4442162724407764,0.3967099611056014,0.3467312178363196,0.3433899242303689
CMR,喀麦隆,120,2002,0.2758496312987919,0.3232578180929051,0.5276523258629844,0.3670589579217633,0.3757472988891014,0.2794463998225962,0.3396567506895551,0.526348450947626,0.3776906152696595,0.3807855541823592,0.3324973897305439,0.3062215570925796,0.5307955551655181,0.4119147528119113,0.3953573137001382,0.3959463328830752
CPV,佛得角,132,2002,0.2733736180519049,0.4210202434202715,0.5291744755750842,0.3236916819297258,0.3887678348198978,0.279924558852877,0.4388669674702079,0.5269746269236576,0.346091643737888,0.3979644492461576,0.332568865229067,0.3919770071099475,0.5325932429609781,0.3802918044731981,0.4093577299432977,0.4142184044158038
CAF,中非,140,2002,0.1486641795449938,0.2568096209100218,0.5504483183068348,0.5146080197157483,0.3978958169399951,0.1551689156851108,0.2707510155076091,0.5489470420053684,0.5211172821388144,0.3739960638342257,0.228768769301481,0.2506088131818861,0.5524538700459876,0.5291419274197562,0.3902433449872777,0.3915496990206225
TCD,乍得,148,2002,0.1749114886377628,0.2667239260429629,0.4986124816423959,0.4048920693866422,0.3534773963561074,0.1816413387993597,0.2816949127824555,0.4979958114709288,0.4224224219967558,0.345938621262375,0.2520252904067142,0.2506904744764745,0.5058764526444327,0.4339750349766376,0.3606418131260647,0.3616402979771981
COM,科摩罗,174,2002,0.2969600223916642,0.3338156721976911,0.5416119300269548,0.3558250906159444,0.3804733179290571,0.3032764842682895,0.351250667745568,0.539550979618965,0.3741639371861772,0.39206051720475,0.350288861035042,0.3135813977995166,0.5446148082812896,0.412261397521918,0.4051866161594415,0.4055135429396298
COG,刚果（布）,178,2002,0.3894301713151078,0.3038917331218466,0.5597432767037446,0.4157987338420951,0.409469719647412,0.3866828443651149,0.3205362044912718,0.5577683404685903,0.4228655973504328,0.4219632466688524,0.4149765514595332,0.2887020736910136,0.54627531298265,0.4512740448692295,0.4253069957506066,0.4211331403801339
COD,刚果（金）,180,2002,0.2454463554740012,0.2728418927696539,0.4255701120389958,0.4317337809397893,0.3590577863799178,0.2483893660459835,0.2910915497471078,0.426717715268305,0.4359518795560829,0.3505376276543698,0.3039450877867476,0.2574381955786184,0.443862907899502,0.4627112769817754,0.3669893670616608,0.3646604105071512
BEN,贝宁,204,2002,0.2553127414387038,0.3261233853509534,0.5266109941141667,0.5906970173639713,0.4550957555572346,0.259492588897374,0.3446967653982209,0.5250178460139535,0.5961982708043102,0.4313513677784647,0.3180055140280564,0.3066552171247277,0.5320589435576923,0.590305119534381,0.4367561985612144,0.4353988887569986
GNQ,赤道几内亚,226,2002,0.6160693358333561,0.1166605804859754,0.4493768042016187,0.5867049297289071,0.4232660230916732,0.6033638970374879,0.1182552560689061,0.441551671405523,0.5865271195914523,0.4374244860258423,0.6003500437244714,0.1161959951205679,0.4358560521662092,0.5827121898761434,0.433778570221848,0.4102591836994708
ETH,埃塞俄比亚,231,2002,0.2367999920739906,0.2812905020558313,0.3784719849382616,0.4336269440725272,0.3512386273162653,0.2407006079294518,0.2959453003921128,0.3806538491069447,0.4463626059327564,0.3409155908403164,0.3011428770586254,0.2632172347630846,0.4024438638133121,0.4668648719140108,0.3584172118872583,0.3557966540197976
ERI,厄立特里亚,232,2002,0.1213198420903617,0.2928924695834243,0.5052880882709131,0.2833540872302366,0.3112742749770174,0.1278992376654704,0.3078436645221231,0.5044558359271294,0.3049621691585618,0.3112902268183212,0.2038294894086529,0.2633395015595239,0.5123513917231366,0.342938752608643,0.3306147838249891,0.3357315878774466
DJI,吉布提,262,2002,0.145835652860619,0.2960869787111077,0.5188125161911886,0.1732666175750052,0.2781941882494427,0.141587699896088,0.3098489909633233,0.516839313940275,0.1941501198194042,0.2906065311547726,0.1207939944412956,0.2745902613434966,0.5226987556898658,0.2275797463849818,0.28641568946491,0.29754080431802
GAB,加蓬,266,2002,0.5172541093003598,0.4029028606931306,0.617729641887725,0.6090268617669805,0.5379943376386268,0.5123476001693688,0.4191497341833355,0.6133650689230223,0.6122586092576207,0.5392802531333368,0.5260767484690826,0.3737212757961246,0.6004696092345472,0.6125040754515955,0.5281929272378375,0.5212943848226033
GMB,冈比亚,270,2002,0.2395285668676635,0.3257752720041304,0.5241644954865454,0.5173937147343219,0.4257109085442757,0.2443679419878027,0.3432072418305433,0.522730128670806,0.5299005053166733,0.4100514544514564,0.3014564995249708,0.3074774760759555,0.5276020361167726,0.5727842384695785,0.4273300625468193,0.426931249712998
GHA,加纳,288,2002,0.2906120952825445,0.3482992229525193,0.4918092823811955,0.5550793989107492,0.4460301902529011,0.292378310934725,0.3674138512039805,0.4908917469714686,0.5642181847709724,0.4287255234702866,0.339598831474998,0.3262862920210242,0.4956385832538642,0.5674162361336081,0.4322349857208736,0.4305921140849666
GIN,几内亚,324,2002,0.2716749611519181,0.3343373197814079,0.5026096820725668,0.5849728878264997,0.4525644795961904,0.2747865988682652,0.3549827060825617,0.5019329327609765,0.5924673098641304,0.4310423868939834,0.3311697538506058,0.3189788884418228,0.507688273914811,0.5893871558699935,0.4368060180193083,0.4350667315754622
CIV,科特迪瓦,384,2002,0.317283085876868,0.3280119129303897,0.528398943459557,0.5271510227041741,0.4410552425114633,0.3192247356003512,0.3449348832972701,0.5268257520355974,0.5366740176574466,0.4319148471476663,0.3579690954724051,0.3097406431936801,0.5321811828591015,0.538630052692832,0.4346302435545047,0.4324076813975943
KEN,肯尼亚,404,2002,0.2773891195087938,0.2595995321758182,0.5138174263959395,0.4970956893194282,0.4016358665194015,0.2806889092704038,0.2724565209216253,0.5128543236284531,0.5086278519138732,0.3936569014335888,0.331283795433665,0.2506122366674111,0.5191655818373537,0.5268758051608298,0.4069843547748149,0.4033119297803703
LSO,莱索托,426,2002,0.3270658742586679,0.1968789060036443,0.4741021357701735,0.4742452566694715,0.3730590281042503,0.3263598154376643,0.200463563230447,0.4741126040269028,0.4817662744440852,0.3706755642847749,0.3682481965617514,0.2157381580630022,0.4880338174078177,0.5040575907472529,0.3940194406949561,0.3870554129179607
LBR,利比里亚,430,2002,0.2045813355220062,0.2426835512284286,0.4855661599430663,0.451743674440222,0.364628229976789,0.2089702146496076,0.2591465056960183,0.4848593223855117,0.4664003057744585,0.354844087126399,0.2752347151287523,0.2341611100960093,0.4906881051252645,0.499681218139159,0.3749412871222963,0.3729969646500592
MDG,马达加斯加,450,2002,0.2283689681688765,0.2995074138955327,0.5120741786023235,0.5016475270018302,0.408232850792441,0.2316832452321035,0.3157907745764762,0.5114431219578106,0.5161862007464372,0.3937758356282068,0.2795284906955412,0.2788730422360991,0.5184662017593465,0.5437787129473536,0.4051616119095851,0.4047604522541977
MWI,马拉维,454,2002,0.2277573657512486,0.2371556826286637,0.5069943541019815,0.5709370990888784,0.4139375175043382,0.2306755967080858,0.2501477465676567,0.5062415907865232,0.5757551105909502,0.390705011163304,0.2784699493158206,0.242009870532828,0.5128024014541999,0.5782159694800201,0.4028745476957172,0.4003040505725583
MLI,马里,466,2002,0.2818572219218793,0.3200113833379759,0.5052360684178229,0.3352798560260448,0.3593183309002606,0.2851875510909031,0.3393764537084318,0.5047474319602123,0.3577233008157919,0.3717586843938347,0.3347900077991626,0.3017231370931024,0.5065297798901534,0.3819258414630928,0.3812421915613778,0.3816157698894496
MUS,毛里求斯,480,2002,0.3997310920334265,0.3550487425548225,0.6213403651461201,0.380708099004141,0.4260253083584082,0.403089380807428,0.3590849641874927,0.6219059867758588,0.3943429150872333,0.4446058117145032,0.426147293587531,0.3654351350965489,0.6011092897554177,0.4177847130262591,0.4526191078664392,0.4526365799437365
MOZ,莫桑比克,508,2002,0.2491289999379401,0.2866444357506598,0.4089405532429841,0.5602990924406317,0.4069418955478305,0.2529761440055903,0.3041201611139905,0.4110755439852384,0.5662152849782278,0.3835967835207617,0.3149348833679655,0.2770601421394565,0.4338324131468659,0.5752784287715685,0.4002764668564641,0.3965254339254314
NAM,纳米比亚,516,2002,0.3748257450351857,0.4126170999719324,0.5245546668493993,0.5590830414286674,0.4843995679246418,0.3784775141816968,0.4250423872951819,0.5220668713532338,0.5694883473268693,0.4737687800392455,0.4149021745386024,0.3979464485046783,0.5279262923954733,0.575742387308426,0.479129325686795,0.4776781010836372
NER,尼日尔,562,2002,0.246290067575833,0.2884014824934925,0.5193579074136015,0.32750601191917,0.3454393851599959,0.2502289254997813,0.3053580575581632,0.5184236940804234,0.3491346731207026,0.3557863375647676,0.3096129667194196,0.270488623287372,0.5249687433423195,0.3687058572959226,0.3684440476612584,0.3690159573046446
NGA,尼日利亚,566,2002,0.2979609432035265,0.341001009412787,0.4912619160042989,0.4255757692424775,0.3975795772325792,0.3013130723519011,0.3597782537194078,0.4908121062550449,0.4344827343998554,0.3965965416815523,0.3575913338317528,0.3218550248507651,0.499990889923135,0.457412845884035,0.409212523622422,0.4082620694620711
GNB,几内亚（比绍）,624,2002,0.2637559512717117,0.2800919633444771,0.4726704397349191,0.6441292743359078,0.4508021668200436,0.2674126641177978,0.298057085277904,0.4725133102790146,0.6506593689841798,0.422160607164724,0.3242283283957055,0.2738682967273239,0.4829768003157727,0.6679208763386252,0.4372485754443568,0.4323070435174744
RWA,卢旺达,646,2002,0.2513479870824058,0.3018671212260262,0.5023057629968787,0.377309724928161,0.3646393803281708,0.2565440824857951,0.3211633173258612,0.5015206499809183,0.3832563184117341,0.3656210920510772,0.3225009658581653,0.2912824460563586,0.509494431213767,0.411459656189946,0.3836843748295592,0.3837487750592416
STP,圣多美和普林西比,678,2002,0.2636004614566167,0.2804943929290638,0.5269242194371256,0.3863688061297359,0.368405791320373,0.2738781875918192,0.2851723571444007,0.5253378016270449,0.4013683518594316,0.3714391745556741,0.3303868302217481,0.2923281907759388,0.5300328148884537,0.4387997324755092,0.3978868920904125,0.3975494974444642
SEN,塞内加尔,686,2002,0.2703642094484528,0.3732051551345331,0.5275829795251397,0.6324466177605954,0.4863626476224779,0.2738227100827923,0.3932609623948659,0.52610574298631,0.6399755193314299,0.4582912336988496,0.3251796241316499,0.3476316071873094,0.5310249289916213,0.6408333416666967,0.4611673754943193,0.4605430745603767
SYC,塞舌尔,690,2002,0.2471289794912888,0.4414867802659268,0.4588175234644247,0.5700832224210811,0.4663266100209081,0.2489647250100976,0.4458245641434389,0.4490940966831614,0.5653573976237212,0.4273101958651047,0.304922633528453,0.4275302344078761,0.4639441032861345,0.5734077903232548,0.4424511903864296,0.4462505891452701
SLE,塞拉利昂,694,2002,0.2697719993438928,0.2403179596232754,0.5091186900816645,0.5161333468418448,0.4008963961023545,0.2756898175753535,0.2563729808954884,0.5083841756504957,0.5284858136192804,0.3922331969351544,0.3436627948212261,0.2116286736685096,0.515616058402511,0.5498243640258781,0.4051829727295312,0.398854874654803
ZAF,南非,710,2002,0.3771011279989496,0.4610894445428866,0.4468997556911307,0.3573479356970695,0.4092787419318271,0.3816411282656204,0.4747319853780012,0.441038945320737,0.3582603947323776,0.4139181134241841,0.4103553050627369,0.4495617607356275,0.4546177804656938,0.3634337529075126,0.4194921497928927,0.4225627879484347
ZWE,津巴布韦,716,2002,0.2448005405840921,0.2800438409247323,0.4505980824977126,0.6023721769382838,0.4284655171021424,0.247263400576057,0.2863263584238806,0.450661453467954,0.6043391938185965,0.397147601571622,0.2952408915762458,0.2919784675646708,0.4637052526073173,0.5953252315289013,0.4115624608192838,0.4094829424228675
SWZ,斯威士兰,748,2002,0.4175974543005989,0.2567078900159643,0.6330874795242868,0.3831803197699269,0.4027499641036542,0.4168852134842438,0.2637757102559886,0.6365166869018231,0.3953676955356165,0.428136326544418,0.4438325881970938,0.2777834636473469,0.6110536172581287,0.4264349888799304,0.4397761644956249,0.4351654476534037
TGO,多哥,768,2002,0.2587650956427492,0.2806301785458979,0.4794512636161722,0.4506060039448433,0.3812597198288245,0.2619190915145002,0.2968590949144936,0.4792347497145405,0.4620974242154225,0.3750275900897392,0.3189659769568572,0.2674453496365394,0.4909402035582732,0.4788218787287144,0.389043352220096,0.3869485940269873
UGA,乌干达,800,2002,0.2598141004153749,0.308214214182183,0.44660625835737,0.482969384000276,0.3944370442138835,0.2644491049626049,0.3266633605313364,0.447021611240225,0.4885432208430417,0.381669324394302,0.3244725482445619,0.2947553087967766,0.4621568734546768,0.5002632678928776,0.3954119995972232,0.3935405567622004
TZA,坦桑尼亚,834,2002,0.2549838725424285,0.2981464126351146,0.4813315620961539,0.6280549295669436,0.4509287186730751,0.2591347482173711,0.3157472551456177,0.481576659710432,0.6301636428130121,0.4216555764716082,0.3194370894742989,0.2833291636179604,0.4926475672053491,0.6335252976806178,0.4322347794945565,0.4285700514350818
BFA,布基纳法索,854,2002,0.2337347636686838,0.3088940660283187,0.5224720693157122,0.5532680563722343,0.4326789627281164,0.2382351608984179,0.3277029372506068,0.5214167245311488,0.5655576620080802,0.4132281211720635,0.2994954176259553,0.2907487512109411,0.5275353959924766,0.5764514805161076,0.4235577613363702,0.4224525248103601
ZMB,赞比亚,894,2002,0.2871622089829024,0.2327872656573792,0.4674491679937189,0.6765422622208763,0.4506506951458393,0.2902163261341253,0.2432702022983442,0.4675016433566782,0.6746996700282689,0.4189219604543541,0.3349233956367004,0.2274922085355199,0.4801794934182262,0.6648691766250615,0.426866068553877,0.419410432605195
AGO,安哥拉,24,2003,0.3309510408175325,0.280210017398419,0.5190354894744449,0.4401420626557503,0.3951246076258016,0.3305272589844812,0.2957522018501366,0.5176739511060364,0.4495860701780125,0.3983848705296667,0.3621512353641724,0.2546318199516047,0.5184679367071539,0.4781194613420496,0.4033426133412451,0.3991924696519422
BWA,博茨瓦纳,72,2003,0.4119426113181399,0.3077590657194882,0.5148053789816226,0.6177560847709018,0.477702720465424,0.4125363100148174,0.3120933507352517,0.5116359651463308,0.6190275055533678,0.4638232828624419,0.4396208326677228,0.3174933722308521,0.5177691393605097,0.6039831512302047,0.4697166238723224,0.4630607945608472
BDI,布隆迪,108,2003,0.2434644658108675,0.2411289656549837,0.3913086967927779,0.3661698731270618,0.318403735287389,0.2474465488894672,0.2555862525044606,0.3921222630166163,0.3753513877962059,0.3176266130516875,0.3020102676829131,0.2217681014927028,0.4068675762416534,0.4071692380394823,0.3344537958641879,0.3309092640940634
CMR,喀麦隆,120,2003,0.27611637540663,0.3299667765893729,0.526898347775098,0.3707396939325382,0.3789424554270726,0.2798000224976774,0.3464747221437894,0.5255636985208961,0.3817253000584945,0.3833909358052143,0.3335675371350443,0.3120295288534345,0.5302784732839774,0.4156912581319809,0.3978916993511093,0.3986265992085676
CPV,佛得角,132,2003,0.2736671804535192,0.4316771268875132,0.5290448643722979,0.3238738803317963,0.391987163715755,0.280166581703181,0.4494321912211077,0.5268731262341749,0.3462686535515418,0.4006851381775013,0.3314004509057875,0.4017022776903063,0.532396424178916,0.380479224613213,0.4114945943470557,0.4168302219929272
CAF,中非,140,2003,0.134261410030909,0.2636751115350399,0.5478804361332124,0.51152186159529,0.396360491728768,0.1406286847737372,0.2779439480680351,0.5464613700665547,0.5177628010467721,0.3706992009887748,0.2107212199689363,0.2555012232360955,0.5502841714241076,0.525980600736748,0.3856218038414718,0.38795479767219
TCD,乍得,148,2003,0.1996929041376737,0.2652102298867198,0.4968878116970453,0.4053912678650167,0.3561174034881638,0.2054856825202145,0.2809488749009571,0.4962784147257267,0.4229806919249742,0.3514234160179681,0.2746100543253217,0.2464292269373892,0.5035610249153407,0.4345025605840011,0.3647757166905132,0.3645480105459181
COM,科摩罗,174,2003,0.2976771509696564,0.3411935379125153,0.5393391627663449,0.3559126602685802,0.3822987643194974,0.3037137100734396,0.3590759945545801,0.537274501256037,0.3743029096707905,0.3935917788887118,0.3489140748283297,0.3214442547749221,0.542645313513592,0.412393443488525,0.4063492716513422,0.4070528365022957
COG,刚果（布）,178,2003,0.417422007733976,0.3083670387958452,0.5669571823068414,0.4282389265048358,0.4205172133856295,0.4135241566694306,0.3247988272240365,0.5645062208940616,0.4364011133111845,0.4348075795246783,0.4347030286324607,0.2903850055963076,0.5564330685952036,0.463866237453331,0.4363468350693258,0.4313411403933465
COD,刚果（金）,180,2003,0.2547206966657419,0.2783183405160657,0.4010939432867822,0.4387670557340573,0.359331206964475,0.2577398539039586,0.2964541083212647,0.4024137960025266,0.443673760437423,0.3500703796662933,0.315606059811288,0.2628235289097028,0.4201489191661104,0.469986147443323,0.3671411638326061,0.364079622347577
BEN,贝宁,204,2003,0.2488114794887544,0.3318065112969832,0.5271568647779662,0.5944036919494022,0.4573782395019796,0.2531156238890766,0.3504297563796644,0.5255303811714971,0.6002801776911818,0.432338984782855,0.3118095294549937,0.3119230295788468,0.5326805176363991,0.5939983619231218,0.4376028596483403,0.4367061340025293
GNQ,赤道几内亚,226,2003,0.5987498717292528,0.1194683963142824,0.4572758677278712,0.604744477205142,0.4300333983541868,0.5867279472271814,0.1209493730239398,0.4488952208016087,0.604646177503922,0.440304679639163,0.5824009201787153,0.1193040063118429,0.4449017975323256,0.5986453146779407,0.4363130096752061,0.4136213293995263
ETH,埃塞俄比亚,231,2003,0.2326248606365377,0.2899286340800559,0.3398039749370135,0.4325424740212515,0.3447451213186016,0.236268461401126,0.3047014911798655,0.3424615643029534,0.445163482672938,0.3321487498892207,0.2936191433631839,0.2710728112512097,0.3666864670150743,0.4657118099023286,0.3492725578829492,0.3468216117179023
ERI,厄立特里亚,232,2003,0.1045353516705865,0.2775757356025729,0.4950158912711151,0.2806660273281775,0.3014183380879115,0.1113712788127652,0.2931953768787289,0.4943936549542779,0.301994037394393,0.3002385870100412,0.185712025403895,0.246246124809278,0.5035331380082548,0.3400615296136712,0.3188882044587747,0.323962820732462
DJI,吉布提,262,2003,0.1472949904586102,0.339141737241523,0.5181088767206247,0.1730227258012561,0.2908420784620275,0.1430163158469168,0.3552197959236251,0.5161322898233296,0.19392201908895,0.3020726051707054,0.1220422248463971,0.3151871530452826,0.5220495534460112,0.2275375984757058,0.2967041324533492,0.3095562903881574
GAB,加蓬,266,2003,0.5282184680720939,0.4070900455340029,0.615376247211017,0.6090249711522808,0.540180081617259,0.5230461742270933,0.4229798661184838,0.611079703197412,0.6122287578691941,0.5423336253530457,0.5368783778862146,0.3764632135968176,0.6000475719262042,0.6123598690067148,0.5314372581039878,0.5241790553106246
GMB,冈比亚,270,2003,0.2524251803320081,0.3383486354302686,0.5186763998163827,0.5201612348600669,0.4309754847130406,0.2579833325896719,0.356657636835243,0.5172736004235868,0.532505467220301,0.4161050092672007,0.3202441550261924,0.3180077239724937,0.52227851872869,0.57499702860426,0.433881856582909,0.4330079183029581
GHA,加纳,288,2003,0.2978703618450575,0.3583614902361595,0.4898341598253996,0.5600580959386876,0.4513520823957472,0.2994505664141323,0.377173803237481,0.488759044601517,0.5694488745868328,0.4337080722099908,0.3454686599975613,0.335213489085991,0.4947401014217878,0.5720507453681907,0.4368682489683827,0.4352788937230722
GIN,几内亚,324,2003,0.2588418365551788,0.3331309043699391,0.4936482078966844,0.585626336944365,0.4488797181812133,0.2619857483368511,0.3544511856885758,0.4930278649796134,0.5932095898234432,0.4256685972071209,0.3159457153052933,0.3143379638706118,0.4994083909879677,0.5900928333296437,0.4299462258733791,0.4285417009227067
CIV,科特迪瓦,384,2003,0.3122622840717188,0.3321589958948706,0.5294205645254503,0.5286960907194941,0.4423925554366864,0.3143310439269277,0.3491512029437147,0.5278808085487728,0.5384272956075589,0.4324475877567435,0.3529807618102674,0.3135137912981528,0.5329762006387709,0.54029237426791,0.4349407820037753,0.433092001339577
KEN,肯尼亚,404,2003,0.2833070999257822,0.2666450518211582,0.5111732584022367,0.4967853722976194,0.403826048480054,0.2865877388609055,0.2799267801829904,0.5102478799235972,0.5082500324759501,0.3962531078608607,0.3371875166024623,0.2564256518827563,0.5165678906495883,0.5265409665517509,0.4091805064216394,0.4054708200972087
LSO,莱索托,426,2003,0.3072490272750857,0.1943366141776549,0.4812739784503592,0.4685201020540124,0.3691151068189972,0.3079007448838538,0.1975726335232595,0.4810209939057382,0.4755576949813731,0.3655130168235562,0.357195278059788,0.2143692272157408,0.4936849938762931,0.4981690562970129,0.3908546388622087,0.3844875474658432
LBR,利比里亚,430,2003,0.1634950189409858,0.257611266377275,0.4207467949930705,0.4762536471085148,0.3589694203970598,0.1662612030873347,0.2743185815762967,0.4212762682346168,0.4901300028429327,0.3379965139352952,0.2156977128766742,0.254145050884364,0.4330908715918676,0.519179528732269,0.3555282910212937,0.3559584874460387
MDG,马达加斯加,450,2003,0.266803891202326,0.3092351737531165,0.508708767670765,0.510890719021245,0.4188260325499516,0.2707810563412253,0.3246442449695837,0.5080562478025553,0.5250305801086057,0.4071280323054925,0.3289051844683536,0.2873287754877115,0.5150783082446329,0.5509642348355032,0.4205691257590502,0.4182071382070974
MWI,马拉维,454,2003,0.2478317360173411,0.2434749171655505,0.5011373586895725,0.5701470740917761,0.4169317787855873,0.2516319588059118,0.2565027538076578,0.5004043699309828,0.5749860754596985,0.3958812895010627,0.3112016755688631,0.2467334809760836,0.507059405135664,0.5774691352438175,0.4106159242311071,0.4067363019680704
MLI,马里,466,2003,0.2825502970796908,0.3279753718028921,0.5149552072127827,0.3365322548887831,0.3642479129924836,0.2865974480398774,0.3469949578560463,0.5140973095153921,0.3590730226748654,0.3766906845215453,0.3402443851461997,0.3081067480538227,0.5185913792976163,0.3832161015697781,0.3875396535168542,0.3881126294940705
MUS,毛里求斯,480,2003,0.3919570882138068,0.3603480045908382,0.619695296907621,0.380002916736604,0.4259618869934728,0.3962600912709952,0.3638506433199914,0.6201673566594404,0.3935244651372489,0.443450639096919,0.4237494834905514,0.3663822626810947,0.5997567081258673,0.4168205877344424,0.4516772605079889,0.4518365907721516
MOZ,莫桑比克,508,2003,0.2489098014212644,0.2883376800186392,0.4111881296001677,0.5639236875426327,0.4092023942120922,0.2525021678770703,0.3057801077189748,0.4132162643815454,0.5695089945410376,0.385251883629657,0.3133531455286499,0.2790695755126261,0.4356767851142232,0.577724610035794,0.4014560290478233,0.3978545800041521
NAM,纳米比亚,516,2003,0.3743364056039947,0.4239063944524696,0.52330789394457,0.5897927171279339,0.4985835191907856,0.3786239060548351,0.4359308200147715,0.5207841671968432,0.5984475673789847,0.4834466151613587,0.4161889594479558,0.4089986847047155,0.5266655362543262,0.5985536636918298,0.4876017110247068,0.4862273146766595
NER,尼日尔,562,2003,0.2431058316739238,0.2883465552732956,0.5186404933952121,0.3296768453985119,0.3456438287070806,0.246905609044131,0.3055031363501436,0.5177242774060216,0.3514854964027074,0.3554046298007509,0.3052665569075111,0.2705126308325489,0.5243838293864244,0.3709558280541917,0.367779711295169,0.3685027439879241
NGA,尼日利亚,566,2003,0.3023183839285727,0.3594562387374168,0.4922174636537283,0.4344256762854984,0.4070163430486179,0.3048316884454826,0.3781021589173649,0.4917317367541399,0.44416861942835,0.4047085508863343,0.3563334453867984,0.3373444896325203,0.5003190261508221,0.4665182484176003,0.4151288023969353,0.4147881246097351
GNB,几内亚（比绍）,624,2003,0.2596935201726603,0.2868832363620346,0.4563587376385291,0.6433423196987015,0.4485675298899881,0.2631096052887723,0.3051398731034958,0.4563791644653113,0.6498831192981331,0.4186279405389281,0.3184506292392118,0.2793672965563056,0.4678298515641409,0.6671603373168371,0.4332020286691238,0.4285464333191029
RWA,卢旺达,646,2003,0.2365550931635821,0.368587686513301,0.4967876786740841,0.393498196466876,0.3870971483204508,0.2410348640591375,0.3912233750104566,0.4960459018267896,0.4009373048272424,0.3823103614309065,0.2993180965882843,0.3442221139941344,0.5041139056372583,0.4281244457794855,0.3939446404997906,0.3970431921479571
STP,圣多美和普林西比,678,2003,0.2769290601052833,0.3314124328207752,0.5240748373866649,0.3878088353850475,0.3850995912992379,0.2871644533147571,0.3344329769129567,0.522486566461093,0.4029610657884817,0.3867612656193221,0.3443530961231189,0.3377429645058883,0.5273812711121177,0.440349117815674,0.4124566123891997,0.4134448735427991
SEN,塞内加尔,686,2003,0.2739226160551284,0.3883024614730909,0.5293056653307435,0.6322366086660366,0.4915660990722791,0.2779007606127339,0.4080284486011473,0.5277604535579509,0.6397942159230339,0.4633709696737165,0.3328034719292181,0.3611956765825812,0.5324806425295602,0.6406799573218049,0.4667899370907911,0.4664513679609065
SYC,塞舌尔,690,2003,0.2765702206967552,0.4934960412150714,0.4588732028765361,0.5689475440097936,0.4851355976860283,0.2769961757520107,0.4965906142126198,0.4493321956625998,0.5640024635352606,0.4467303622906227,0.3258258429240235,0.4990909033810966,0.464059196403074,0.571766220060294,0.465185540692122,0.4712456606585043
SLE,塞拉利昂,694,2003,0.2575633439724331,0.2591349741538348,0.5010796520177832,0.5188004408656339,0.4041227188985751,0.2624098314470144,0.2758145949997022,0.5003330614763956,0.5313119342808834,0.3924673555509989,0.3212884307220364,0.2360991800600501,0.5075661590114716,0.5523813431276309,0.4043337782302972,0.3999163821111485
ZAF,南非,710,2003,0.3686216651744819,0.4743568429603429,0.4435576401483472,0.3559509773714238,0.4108640676410082,0.3738710169453021,0.4870349035977096,0.4375000075345323,0.3564172725518553,0.4137058001573498,0.4049170966829827,0.4601847243994222,0.4525632832166453,0.3604098481040047,0.4195187381007637,0.4233122133693219
ZWE,津巴布韦,716,2003,0.2328419789524358,0.2841419027496686,0.436601967458721,0.5976303785241293,0.4234412521729433,0.2349340759939657,0.2909498520988667,0.4370657305587592,0.5992906175947008,0.3905600690615731,0.2784713771381507,0.2922878875704824,0.4524626478444003,0.590884485051356,0.4035265994010973,0.402100536078892
SWZ,斯威士兰,748,2003,0.4298692468174127,0.2826341294313932,0.6365856416767378,0.3888264372468726,0.4147976839983893,0.4291313772442345,0.2906533229895415,0.6400220697213779,0.401547704466021,0.4403386186052937,0.4548217870345807,0.2998540479096233,0.6144234661556279,0.4326019302699739,0.4504253078424515,0.4462623419381983
TGO,多哥,768,2003,0.2670674938765027,0.291413890124753,0.4735078066659702,0.4549147846046177,0.3858572083749317,0.2701540601099871,0.3081174358978533,0.4733039339871665,0.4665987061315331,0.379543534031635,0.3276794036138297,0.2766572360897251,0.4851761479609673,0.4824888581247243,0.3930004114473115,0.390788952436487
UGA,乌干达,800,2003,0.262086272385597,0.3154873083578228,0.4309104086753816,0.483139126205998,0.3936564251854146,0.266413487659753,0.3340677354778782,0.4314540445990389,0.4887680602370218,0.380175831993423,0.3238832256393875,0.3006323049647984,0.4470169935335458,0.5004560731250989,0.3929971493157077,0.3911855045860706
TZA,坦桑尼亚,834,2003,0.2549107400700131,0.3045333715264831,0.4831600440319171,0.6252564464836278,0.4521656649258541,0.2589545484793204,0.3218782809551924,0.4833490506248011,0.6271846146523278,0.4228416236779104,0.3186251724836717,0.2888168308345571,0.494121981729384,0.6306958006130824,0.4330649464151738,0.4297414340058938
BFA,布基纳法索,854,2003,0.2375503091276612,0.3134408848810378,0.5234698289490596,0.5557712407317431,0.4356423545590043,0.2422256108682517,0.3324661471469014,0.5223770530807001,0.5683216155215114,0.4163476066543412,0.3055385573184881,0.2948090140651338,0.5283780059590224,0.5790588237376064,0.4269461002700627,0.4257274319239061
ZMB,赞比亚,894,2003,0.2933270815736227,0.2288506485749079,0.4623934060965842,0.6788635872412647,0.4500894422406883,0.2967327781253961,0.2396886270462784,0.4624291680985034,0.6772325957260391,0.4190207922490543,0.3421653592089346,0.2232203618818934,0.4750674985855541,0.66724613775493,0.4269248393578281,0.4188511094879678
AGO,安哥拉,24,2004,0.3664926338338661,0.2944512503366722,0.5167256334555013,0.4371256172539208,0.4024241779867639,0.366364551459751,0.3102633622033934,0.5154746680221479,0.4464057485932737,0.4096270825696415,0.4052581462119393,0.2670499495086116,0.5148417515449113,0.4750775527071693,0.4155568499931579,0.4100441971803308
BWA,博茨瓦纳,72,2004,0.3955620003215135,0.3040309363149205,0.5107259031711661,0.623072173207737,0.4755268481576611,0.3957447287705795,0.3072294653749247,0.5077297331683605,0.6247183590064946,0.4588555715800898,0.4235742558715413,0.3146591436898606,0.512936380274665,0.6086009152788803,0.4649426737787367,0.4587307639030125
BDI,布隆迪,108,2004,0.2453135840290991,0.2558386697207601,0.4178861897585341,0.3461034128097543,0.3212409915540655,0.2495398977502624,0.2695116523830012,0.4184196537967408,0.353487797668028,0.3227397503995081,0.3076264514790666,0.232193120223695,0.4318828563551935,0.3865386119673961,0.3395602600063378,0.3368991460448919
CMR,喀麦隆,120,2004,0.2794775110782438,0.3361773651064488,0.5293156861476452,0.3693154777042615,0.3812036027638552,0.2833001871429176,0.3528739162567924,0.5279478944508934,0.3796855002565114,0.3859518745267787,0.3380816378159522,0.3173562255529666,0.5324168806392522,0.4132946967271851,0.400287360183839,0.4011248005827083
CPV,佛得角,132,2004,0.2791881273421139,0.4376177341770403,0.5284561766064559,0.3223955126142844,0.3938043251056013,0.2862974479562729,0.455399974373931,0.5262470018946059,0.3443109780291088,0.4030638505634797,0.3398976823899194,0.4070372867492561,0.531674139230678,0.3772968728626907,0.413976495308136,0.4192087905941066
CAF,中非,140,2004,0.1442123452846464,0.2671986604797358,0.5462475480834268,0.5054735111746229,0.3961663486763132,0.1512277227139743,0.2816707589513391,0.5448643036633402,0.5111762455102241,0.3722347577097194,0.2271725308600516,0.2593089828549472,0.5489647638355983,0.5197715484096486,0.3888044564900614,0.390651553128453
TCD,乍得,148,2004,0.2585761489532006,0.2676281529868984,0.487361155453251,0.411835134508784,0.3649412512067511,0.2624642703832484,0.2834325475980354,0.4876083698090078,0.4288281329996507,0.3655833301974855,0.3302502276423974,0.246677372555083,0.4869883497661992,0.4389101119557638,0.3757065154798609,0.3727265106643975
COM,科摩罗,174,2004,0.2965057705002143,0.3533490140522556,0.5402017593369404,0.35619672750016,0.3860116117365794,0.3028470334006318,0.3719690068584503,0.5381044260734673,0.3746548375084929,0.3968938259602605,0.3498598524904913,0.3319661479567039,0.5435373514707,0.4127270532183925,0.4095226012840719,0.410656853999527
COG,刚果（布）,178,2004,0.412574938475488,0.3043726644367512,0.5663482574471307,0.4168742840515214,0.4144356357953253,0.4089759232056182,0.3205106255305608,0.5641534146167329,0.4240123134550127,0.4294130692019811,0.4310179311741876,0.2836965118101229,0.5545643266293906,0.4521054797649352,0.4303460623446591,0.4253533357089569
COD,刚果（金）,180,2004,0.2620209787762592,0.2847738078526094,0.4190162198505553,0.4288283930430707,0.362329280564605,0.2648460916664337,0.3033802315905713,0.420113856291697,0.4328897259802136,0.3553074763822289,0.3227906635803019,0.2678204474153833,0.436668112737345,0.459770746659289,0.3717624925980798,0.3689975913860696
BEN,贝宁,204,2004,0.2515240269570596,0.3411317509262028,0.5273843646950566,0.5856203473344181,0.4573341323497048,0.2559353987372618,0.3597791428209082,0.5257324974197778,0.5906907374537633,0.4330344441079278,0.3153649664270181,0.3198141786948528,0.5329373012865799,0.5847869849210763,0.4382258578323818,0.4376596512613377
GNQ,赤道几内亚,226,2004,0.6006758748410465,0.14639881947417,0.5306728533645765,0.6119447779496012,0.4562124752549568,0.5911114124225724,0.1501729706154537,0.5270677950659305,0.6147820673924848,0.4707835613741103,0.5998596033329229,0.1423769883687057,0.5210599117237016,0.6172601984106025,0.4701391754589832,0.4485414088181074
ETH,埃塞俄比亚,231,2004,0.2411291780716714,0.2809514092250865,0.3700455546546003,0.4298633171037185,0.3485747730238958,0.245871155130343,0.2967819790127045,0.3722246731352427,0.4427174476549429,0.3393988137333082,0.3132648160568377,0.2632293508393565,0.3941496331714551,0.463152815304452,0.3584491538430253,0.35522695416971
ERI,厄立特里亚,232,2004,0.1084191108949125,0.2791754284245524,0.5045057787495298,0.2843372720720695,0.3057250185603221,0.1154267287789942,0.2948527573707292,0.5036282403806762,0.3052387428655833,0.3047866173489957,0.191505542320405,0.2473287318204679,0.5115086569255411,0.3434992758891177,0.3234605517388829,0.3283940657026566
DJI,吉布提,262,2004,0.1235428243887878,0.3510059150668969,0.5195650713406118,0.1719106381054057,0.2911094559265771,0.1199169807591662,0.3675158002249136,0.5175945261432282,0.1926906011091031,0.2994294770591028,0.1022378487870004,0.3292932694242866,0.5233147496550282,0.2265229211567523,0.2953421972557669,0.3097239338794453
GAB,加蓬,266,2004,0.5205263232411698,0.4166303117329573,0.6101100589068283,0.6034385160255292,0.5388422596956798,0.5152763230164461,0.4314122698096252,0.6061292369598422,0.6061637325162017,0.5397453905755287,0.5279621596034295,0.3828303087076154,0.5948691980956675,0.6067174801514593,0.5280947866395429,0.5215176714227308
GMB,冈比亚,270,2004,0.2372701899538066,0.352823074442662,0.5287807401121226,0.5206881398738595,0.4355523685015904,0.2422362025722489,0.3708533588703772,0.5272709917649415,0.5329799678221411,0.4183351302574272,0.2967078759550605,0.3304304868349928,0.5318475594292364,0.5758000027928316,0.4336964812530303,0.4345378840365038
GHA,加纳,288,2004,0.2812607709646945,0.3705771080871646,0.4996630132056003,0.5533126193025902,0.4523658468108074,0.2837284249729075,0.389480169146406,0.4984153061378594,0.5621616929774192,0.433446398308648,0.3345505806158709,0.3453941679235467,0.5040774244788558,0.5650783413639253,0.4372751285955497,0.4368564498461079
GIN,几内亚,324,2004,0.263492582071435,0.333101336470538,0.5013656777613492,0.5818200420377415,0.4497135351139544,0.2664899402119499,0.3545349969362027,0.5005880894594874,0.5890782754391329,0.4276728255116933,0.320293906715338,0.3148186027034766,0.5074800871863624,0.5861670136324012,0.4321899025593945,0.4307911843464294
CIV,科特迪瓦,384,2004,0.3233650481179492,0.3387012902559452,0.5211090090040836,0.5240230013397852,0.4423426745120031,0.3256592110283283,0.3557298044310049,0.5199144954707111,0.533378112506401,0.4336704058591113,0.3677922632736731,0.3193483933292459,0.5260061593704077,0.5354508034566873,0.4371494048575035,0.4348732834763335
KEN,肯尼亚,404,2004,0.2833832617824759,0.2820824168521897,0.5127942236799664,0.5011296796847153,0.4103078387620342,0.2868121609867251,0.2957353775305242,0.511843086135472,0.512800306273924,0.4017977327316613,0.3384755371523172,0.2691555358371121,0.5181993712576037,0.5307430789429998,0.4141433807975082,0.4109006791558756
LSO,莱索托,426,2004,0.3196029928427345,0.1980973978711391,0.4838016280454685,0.4765494052101608,0.375304278644719,0.3193099370664397,0.2010943871947195,0.4835122207354773,0.4843162806027609,0.3720582063998493,0.3632990624778179,0.2181411915826067,0.496092227443169,0.5063880487583174,0.3959801325654777,0.3894246997125251
LBR,利比里亚,430,2004,0.2131512231414524,0.2561271364070408,0.4653671559990842,0.4738726930626962,0.3735492161865423,0.2173595613117686,0.2722204734632765,0.4655109373346384,0.4875664186616452,0.3606643476928322,0.2814097304468344,0.2528948927641265,0.4756697001865234,0.5167738934870496,0.3816870542211334,0.3798245732454179
MDG,马达加斯加,450,2004,0.264813879819726,0.3120596612941698,0.5064164357738868,0.5100344468370709,0.4186047532826924,0.2679093588082341,0.3281911407165411,0.5057709182913092,0.5241387431309811,0.4065025402367663,0.3212118761028836,0.2901022021924007,0.5128614643486759,0.5500739929813028,0.4185623839063157,0.4166426552244911
MWI,马拉维,454,2004,0.2401098831082441,0.2524177028425158,0.5078387752109614,0.5725554213799321,0.4208301905223876,0.2441524466830098,0.2668926275662895,0.5070149490533894,0.5776582894028353,0.398929578176381,0.3042203812572616,0.2531325710384088,0.5132850341635202,0.5800010438330951,0.4126597575730714,0.4094247658035696
MLI,马里,466,2004,0.2695504889532444,0.3351079657744011,0.5172397443684057,0.3980173343427182,0.3875027755639217,0.2733572320580482,0.354026793813315,0.5163598303235385,0.4186969651561261,0.390610205337757,0.3240004245922167,0.3138964575759452,0.5212572083891199,0.4327564191074844,0.3979776274161916,0.3988333463607919
MUS,毛里求斯,480,2004,0.38636495800156,0.3729560561476555,0.6238973156141995,0.3793849242093225,0.4295962484856999,0.3917310034482451,0.3754319466291778,0.6244673299870867,0.3927434377080557,0.4460934294431413,0.4207636195317478,0.3786710529267355,0.602985734479294,0.4156951504112277,0.4545288893372513,0.4554261376350898
MOZ,莫桑比克,508,2004,0.2526993068462078,0.301905448768011,0.4222927048621649,0.5902937273347897,0.4256273932467719,0.2560685468372597,0.3202743144022819,0.4241133572218609,0.5952925888851228,0.3989372018366313,0.3163042508312138,0.2906735389292432,0.445440993634737,0.5992188871154879,0.4129094176276704,0.409517211316102
NAM,纳米比亚,516,2004,0.3957265681298854,0.4188742760267573,0.52327223563183,0.6033092881666241,0.5048327745432335,0.4003583303261601,0.4307958609072993,0.5206656045275493,0.6120179697337989,0.4909594413737019,0.4395271491947652,0.4037832435786416,0.5267231079596998,0.6102437868450287,0.4950693218945339,0.4922641396043323
NER,尼日尔,562,2004,0.2441209175639123,0.314652784567648,0.517114535645658,0.3509924918035862,0.3609738513761331,0.2476682419335257,0.3340527063238515,0.5162421460054216,0.3717089409084947,0.3674180087928234,0.3043812839950426,0.2925911996330415,0.5230961513475731,0.3873278364146056,0.3768491178475657,0.3783255599335505
NGA,尼日利亚,566,2004,0.33212777942123,0.3616142150167805,0.4947751434709906,0.4257868263418822,0.4089704919879449,0.3337078614857151,0.3795735779315371,0.4942210624200023,0.4347871757131396,0.4105724193875985,0.3794563247477012,0.3392416969778101,0.5018256600616432,0.4576731622612663,0.4195492110121053,0.4184243376957919
GNB,几内亚（比绍）,624,2004,0.2676495736324387,0.297996221369922,0.4651150586691443,0.6416563400313623,0.4541109931985364,0.2708870542647199,0.3163332583716624,0.4650670040171182,0.6481241757858005,0.4251028731098252,0.3250065130695375,0.2881974810979977,0.476243681574855,0.6654767751561596,0.4387311127246374,0.4343243452320502
RWA,卢旺达,646,2004,0.2438604893353275,0.3578908462496393,0.5039585572616202,0.3682073177309471,0.3771991854281175,0.2485961357366209,0.3805698725905609,0.5031054522143265,0.3733795677580381,0.3764127570748866,0.3099367098611377,0.3317165328898713,0.5105905165407637,0.4021299061728602,0.3885934163661582,0.391149299887542
STP,圣多美和普林西比,678,2004,0.2603985467180612,0.3238112279433326,0.5248366991347072,0.3847252077734672,0.3797173680724625,0.2708667750327936,0.3272555319165869,0.523210444991161,0.3997616166132735,0.3802735921384538,0.3273350208644237,0.3302491699697548,0.5282205945426642,0.4372494775500974,0.405763565731735,0.4072299416774492
SEN,塞内加尔,686,2004,0.2742173642213288,0.3911404656119235,0.5281530216759582,0.6316851364596314,0.4919994356024909,0.2781354233443638,0.410512254956673,0.5265948888270803,0.6392074751803096,0.4636125105771067,0.3324313669044882,0.3641053988687966,0.5315072070352107,0.6399563959208493,0.4670000921823362,0.4668026349324433
SYC,塞舌尔,690,2004,0.2597996210229212,0.4864140365779985,0.424877338896882,0.571042663079677,0.4744841563407085,0.2608614544469956,0.4892449840367723,0.4125285523794482,0.5660370147335021,0.4321680013991795,0.3118216923458533,0.482617942036501,0.4309706812554503,0.5733509793156532,0.4496903237383645,0.4551316244885371
SLE,塞拉利昂,694,2004,0.2586776589953923,0.2772985786194943,0.5074191295829534,0.5148304089859209,0.4095054324660384,0.2632727452216298,0.2941946269434553,0.5065528632669312,0.5270102769372427,0.3977576280923147,0.3200282564847323,0.2549122949410679,0.5132593159035348,0.548207931297166,0.4091019496566253,0.405715236420969
ZAF,南非,710,2004,0.3699174097049327,0.4900017623084371,0.4394708116229342,0.3555427039057719,0.4146424256981972,0.3756090001640616,0.5022140424386934,0.4334960256205834,0.3559771609827509,0.4168240573015223,0.4074472923445566,0.4746457481330245,0.4485975836608603,0.360022605067669,0.4226783073015276,0.426945518271507
ZWE,津巴布韦,716,2004,0.252693015979379,0.2901691118275753,0.4290767186393135,0.6063948278018185,0.4294496059611876,0.2549517796778655,0.2977585753714129,0.4298894904786388,0.6089919572594303,0.3978979506968368,0.3026520891015157,0.2972726907776329,0.4446749995568194,0.6004122609619335,0.4112530100994753,0.4087254298586406
SWZ,斯威士兰,748,2004,0.4222140485156261,0.2916929450980953,0.6280497861623019,0.3840702975319054,0.4129406532963215,0.421747501908956,0.2988168196805771,0.6310001891499031,0.3963367064280355,0.4369753042918679,0.4472940928521062,0.3079533250058808,0.6081028941639778,0.4277422946938437,0.4477731516789521,0.4442781266191206
TGO,多哥,768,2004,0.2558925435203829,0.2961847973413444,0.4786149708995143,0.4477684781792377,0.3842581617361258,0.258767727409784,0.312670916038927,0.4784190639264385,0.4588180051553227,0.3771689281326181,0.3129986458550921,0.2806757290095,0.4901094643130659,0.4751160242844122,0.3897249658655175,0.3885194465933393
UGA,乌干达,800,2004,0.2639907592805484,0.3176516111908871,0.4458942770572137,0.4814354715490808,0.3970618159469063,0.2682231919998618,0.3360822481644238,0.4462933894759832,0.4868619911051076,0.3843652051863441,0.3245443268354868,0.3035189645268253,0.4610767860132758,0.4985318842429229,0.3969179904046277,0.3954395906229273
TZA,坦桑尼亚,834,2004,0.2543899197388681,0.316343362902861,0.4865371157530349,0.6230030672955417,0.4554648814723422,0.258488015364496,0.3333557928177006,0.4865875743877397,0.6246445152897484,0.4257689744649212,0.3187585461288058,0.2986574945009848,0.4972532319795932,0.6282136261418338,0.4357207246878044,0.4329080254371322
BFA,布基纳法索,854,2004,0.238556956060307,0.3275488925355563,0.5244191803165411,0.5501569118351866,0.4380882938388228,0.2428306989411774,0.3461139710308852,0.5233119455239768,0.5622277140641467,0.4186210823900465,0.3036671536165156,0.3073199472196236,0.5291609723246244,0.5732871074541769,0.4283587951537351,0.4278710340607906
ZMB,赞比亚,894,2004,0.3169880701174023,0.2318729576401367,0.4622966116564179,0.6837486531140563,0.4558566355736173,0.3195261328553901,0.2428500222682361,0.4624923726600548,0.6825149811936051,0.4268458772443215,0.3601799088887648,0.2247176599101884,0.4725564996121301,0.6723383168313047,0.432448096310597,0.4235338527200836
AGO,安哥拉,24,2005,0.4048115722836247,0.3057265576977642,0.5118722573519122,0.4284655370750919,0.4066280831799994,0.4031767344091761,0.3221944427124286,0.5109901366956812,0.4370625429533813,0.4183559641926668,0.4362198843888483,0.2775603669055529,0.5076039288659189,0.4663100351856361,0.421923553836489,0.415531132383995
BWA,博茨瓦纳,72,2005,0.430320144023561,0.2998002419142174,0.513541093186131,0.611499904729799,0.4752356826959548,0.4289085089208265,0.3036960327305827,0.5103562823968469,0.6120329584874592,0.4637484456339289,0.4521810508375753,0.3092774833367386,0.5162450371293343,0.5961961222451853,0.4684749233872083,0.460994602981056
BDI,布隆迪,108,2005,0.2450990914143831,0.2742747958469581,0.4314127584298132,0.3480996557749163,0.3302058532647938,0.2488720720804044,0.2905122114837848,0.4317703782271243,0.3556719406170563,0.3317066506020925,0.3039797252265793,0.2466983911609019,0.4443235203200617,0.3885991597522126,0.3459001991149389,0.3441925573262744
CMR,喀麦隆,120,2005,0.2755757697423933,0.3449756291907239,0.5263339172761169,0.3862696879000731,0.3888319353472749,0.2789662968714806,0.3616375738059632,0.5250893430312824,0.3963907943855703,0.3905210020235741,0.3308101863149447,0.3255034130534947,0.5290727193586298,0.4273678854207682,0.4031885510369594,0.4044500880098051
CPV,佛得角,132,2005,0.2985986941175303,0.439857824168311,0.5239930517436123,0.3248366448504578,0.3969769428198239,0.3050486524507566,0.4575375908891345,0.521427327809975,0.3466318989512204,0.4076613675252716,0.3538306260041593,0.4086362221119192,0.5271082571874873,0.3792096790726091,0.4171961960940438,0.4217890691298991
CAF,中非,140,2005,0.1376999949644943,0.2669227040147982,0.545788516694682,0.5179466100943968,0.3996722899860303,0.1445226106180631,0.2822131278202567,0.5444122393355564,0.5243988108883895,0.3738866971655664,0.2180465985128004,0.2582546498339612,0.5485527544033141,0.5318908834761351,0.3891862215565527,0.3912051336872977
TCD,乍得,148,2005,0.2145069999120588,0.2692499240370442,0.4943873944633526,0.4380378445994172,0.3706236782965625,0.2184724715279435,0.285530843795419,0.4944611858650918,0.4542128754166021,0.3631693441512641,0.277289886062223,0.2499629550305211,0.4939425617330268,0.4598490529814247,0.3702611139517989,0.3695568891820415
COM,科摩罗,174,2005,0.2944355805000408,0.3558153785052947,0.5416433256093633,0.3539701576702397,0.3859569269509455,0.3011002137294011,0.374324676527363,0.5394974565971504,0.3722763986257463,0.3967996863699152,0.3505211500436355,0.3334651985878756,0.5448480119358904,0.4104756395182035,0.4098275000214013,0.4110510958750837
COG,刚果（布）,178,2005,0.4025063122467291,0.3071965561523831,0.5627181314208213,0.417424217851284,0.413381596474749,0.3993704405547379,0.3228756774296234,0.5605325596447774,0.4245486167308813,0.426831823590005,0.4241755029897579,0.2842955770220953,0.5505061998372413,0.4523374965763926,0.4278286941063717,0.4231011783028108
COD,刚果（金）,180,2005,0.257664673990421,0.282173694029716,0.4268282019520122,0.4298549687025747,0.3629979351203294,0.260114799328922,0.3006833257121019,0.4277735178140792,0.4340605493723901,0.3556580480568733,0.3144654530180858,0.2648930248874903,0.4431621580265172,0.4608669487337535,0.3708468961664617,0.3683995127091232
BEN,贝宁,204,2005,0.2501547829346242,0.3422574364677724,0.5281173258729707,0.5882787744675257,0.4586069223556537,0.2543456072050938,0.3609871420408797,0.5264693203477618,0.5936653248660216,0.4338668486149393,0.3116640794240474,0.320035565548769,0.5336076593514623,0.5875644039479788,0.4382179270680644,0.4377937758000886
GNQ,赤道几内亚,226,2005,0.541842377975076,0.1556204989745105,0.4838079698383141,0.6084387603580822,0.4400908921727087,0.5332010793740407,0.1592266134922756,0.4774176147214226,0.6090541189694141,0.4447248566392882,0.5335936895350847,0.1532610164224395,0.4709413350347701,0.6038727257146115,0.4404171916767265,0.4216829356470533
ETH,埃塞俄比亚,231,2005,0.2290457873845128,0.3174621495595118,0.3911696480529935,0.4298765409641557,0.3621721352192299,0.2339203080562407,0.3359806552923729,0.3929357047049991,0.4426005236435755,0.3513592979242971,0.3009167114817975,0.2944967980208066,0.4127733485240787,0.4629034328910332,0.367772572729429,0.3667521341301654
ERI,厄立特里亚,232,2005,0.1134604251611423,0.2828949933125187,0.5044333160342502,0.2835411100751051,0.3071807208081444,0.1207774429828885,0.2991837567307727,0.5035477363803649,0.3044013906374395,0.3069775816828664,0.2001017259969459,0.2580135334402819,0.511350473694243,0.3428607939733355,0.3280816317762016,0.3331143538651855
DJI,吉布提,262,2005,0.1279724271621285,0.3581652232974175,0.5204626591260064,0.1726349242073536,0.2942551963060572,0.124231161987326,0.375010491446233,0.5185415296893434,0.1935021198665692,0.3028213257473679,0.1059524084429334,0.3364413236922475,0.5241594106273494,0.2274080267150043,0.2984902923693837,0.3130229119232113
GAB,加蓬,266,2005,0.5387917591989749,0.4307997708417868,0.5917472501264943,0.6122342473028923,0.544784486334931,0.5329166607266962,0.4441243583842327,0.5882185207102115,0.6157921309626145,0.5452629176959387,0.54263282189109,0.3935429093253531,0.5767290477905449,0.615927551599115,0.5322080826515257,0.5250541379234996
GMB,冈比亚,270,2005,0.234652618225551,0.3540025347448457,0.5279209824366714,0.5207999956629309,0.4354158713699587,0.2400326882317386,0.3717258492573207,0.5264442672353744,0.5331718296920732,0.4178436586041267,0.2997784753878427,0.3313002100333339,0.53115254509312,0.5760314633188125,0.4345656734582773,0.4352963541304946
GHA,加纳,288,2005,0.272984125969629,0.3802190814800388,0.502780093683514,0.5555323085115788,0.4555782164547396,0.275833453259385,0.398185359661964,0.5015282550346932,0.5646585759478497,0.435051410975973,0.3282245461381435,0.3544319358810056,0.5063329703541846,0.5674402698022916,0.4391074305439063,0.4393650021583253
GIN,几内亚,324,2005,0.2701667711717292,0.334683856289396,0.488676026106601,0.5972449403067552,0.454019324500729,0.2725612567979467,0.3560979410452577,0.4880887077650938,0.604249528106526,0.430249358428706,0.3238655725837561,0.3167850943893985,0.4944038678341783,0.5988874600936503,0.4334854987252458,0.431636601271679
CIV,科特迪瓦,384,2005,0.3200632071743163,0.3506851520373042,0.5184316171917519,0.52807467877877,0.4463549396917169,0.3221447764490384,0.3677197589223891,0.5172928504745282,0.5375268030721311,0.4361710472295217,0.3631417728388658,0.3287138650210892,0.523165567403836,0.5390580028766969,0.438519802035122,0.436767211462678
KEN,肯尼亚,404,2005,0.2866944401571284,0.2971204388705621,0.5132352469018812,0.5010816786276017,0.4152519191549506,0.2900870856653249,0.3108744909785138,0.5122479719774901,0.5127089443234089,0.4064796232361843,0.3418102400120303,0.2819180255993304,0.5185635974212839,0.5305903053959292,0.4182205421071434,0.4154013751775442
LSO,莱索托,426,2005,0.3175409625405338,0.1929543345459402,0.4848524088554691,0.4678887772005353,0.3705830738432502,0.3180420098912584,0.1962247006158652,0.4845109197657792,0.4748692329752072,0.3684117158120275,0.3651231227476104,0.2142589026401806,0.4970078866060487,0.4974758916261841,0.393466450905006,0.386803794061735
LBR,利比里亚,430,2005,0.2152407988626282,0.2501655991721396,0.4629490135095321,0.4732869277048527,0.3713477215607517,0.2194140161511032,0.2672495924389031,0.4631197897680646,0.4869901117569662,0.3591933775287593,0.2843503280868564,0.2301426536017952,0.4736786241216416,0.516236742364666,0.3761020870437398,0.3730847173128838
MDG,马达加斯加,450,2005,0.2465651818959154,0.3121394939698916,0.5086541424223697,0.507105445284952,0.4156255958862817,0.2502935392488311,0.3285563525956047,0.5079760510066854,0.5209366604769274,0.4019406508320122,0.3061379668102476,0.2902561154479381,0.5148952216336596,0.5470465497445491,0.4145839634090986,0.413410479847366
MWI,马拉维,454,2005,0.2353878872519476,0.2607680368617036,0.5073672422938436,0.567843146590929,0.4208549986119044,0.2394491013148036,0.2753146386814017,0.5065282452158919,0.5725820542667005,0.3984685098696995,0.2989863822423615,0.259727469178192,0.5127753515753362,0.575195842619719,0.4116712614039021,0.4090213021357126
MLI,马里,466,2005,0.2647139048274458,0.3376517482912726,0.5214289528740743,0.4003314733775046,0.3893348734741251,0.2682730192634534,0.3566380260111723,0.5204224315846113,0.421209712014888,0.3916357972185312,0.3203932290509129,0.3156302927137221,0.5256955822908411,0.4351121594122007,0.3992078158669192,0.4003297954826115
MUS,毛里求斯,480,2005,0.385916856686787,0.4048378013481086,0.6171056915443588,0.3773941810897245,0.4367886992514732,0.3911006421239038,0.4084890294533236,0.6173156881211287,0.3905033650218146,0.4518521811800427,0.4176123148871088,0.4065908090152884,0.5972667099014455,0.4131661825913316,0.4586590040987935,0.4608801218884207
MOZ,莫桑比克,508,2005,0.257754437005003,0.3125438120903124,0.430321010187127,0.5838404594137396,0.4287604850104773,0.2607846831086887,0.3304293515786683,0.4319498738366949,0.5883017930382863,0.4028664253905846,0.3186080368536427,0.2999570579364485,0.4522504729962826,0.5926031686085437,0.4158546840987294,0.4129678365639669
NAM,纳米比亚,516,2005,0.3840909110486801,0.4239263971691994,0.5208806257942975,0.6196675477113014,0.5102442595194562,0.3884391790080659,0.435624790409252,0.5182378829902422,0.6263030106840047,0.4921512157728912,0.4229773078971116,0.4077049337580311,0.5242649284385315,0.6204000224111668,0.4938367981262102,0.4917492655322413
NER,尼日尔,562,2005,0.2476506498431754,0.3270300263037738,0.5186490766685548,0.3669629168404781,0.3712237072252868,0.2516141824030304,0.3459354179022886,0.5177372263817851,0.3874549122120556,0.37568543472479,0.3113310621723724,0.3037491045788024,0.5241722330354371,0.4007134064236897,0.3849914515525754,0.3864725244030318
NGA,尼日利亚,566,2005,0.3481389502355311,0.3728932373104538,0.4923470383618807,0.426734238046653,0.4142418053590664,0.3492182910467659,0.390436444608261,0.4918319696627821,0.4358245665830244,0.4168278179752084,0.3909546582351467,0.3482009111365031,0.4990275627783271,0.458519587769046,0.4241756799797557,0.4228851907696579
GNB,几内亚（比绍）,624,2005,0.2664012757207861,0.3008214134344958,0.4695560068847509,0.6485365952724839,0.4582141304073163,0.2701009655345211,0.3188702053596435,0.4694096691088268,0.6549306619161855,0.4283278754797942,0.3283052802500151,0.2891332551915667,0.4801042454394247,0.6711683531832142,0.4421777835160552,0.4376398396495973
RWA,卢旺达,646,2005,0.2457656179913377,0.3484276073066787,0.4998634891998653,0.375912928648043,0.3766090413325046,0.250650040288752,0.3711891097500912,0.4991925577113849,0.3814369833887562,0.375617172784746,0.3131517831063642,0.3228430376921602,0.507631670524296,0.4093999804820986,0.3882566179512298,0.3901287569776942
STP,圣多美和普林西比,678,2005,0.2759750849689051,0.32573885761616,0.5260185098933057,0.3861097047599325,0.3830896543092269,0.2861983887669138,0.3291776380725894,0.5243433976787957,0.4012724921317556,0.3852479791625136,0.3417656598993853,0.3312460515559422,0.5292441848792689,0.4386585273997097,0.4102286059335765,0.4110966475872417
SEN,塞内加尔,686,2005,0.2704012243845132,0.4091381272793072,0.5286350082716118,0.6318436443881396,0.4969605441597222,0.2744662729848414,0.428239757282964,0.527066937046398,0.6393586648925289,0.4672829080516831,0.3287409381062586,0.3788823846448864,0.5318589867870175,0.6399617887316046,0.4698610245674417,0.4704834001214314
SYC,塞舌尔,690,2005,0.2562884324804241,0.4835731881784926,0.4389855077711498,0.5710460486069794,0.4761387151284924,0.2585209825942359,0.4861512401885449,0.4275887019244905,0.5660808680193657,0.4345854481816592,0.3199419565088153,0.4748180859312079,0.4446437285313848,0.5735554936547452,0.4532398161565383,0.458176825320418
SLE,塞拉利昂,694,2005,0.2573401418458595,0.2871406945823896,0.5123930637277265,0.5157663946056861,0.4136124966850014,0.2618166606741046,0.3041060417689035,0.5114330611029229,0.5280862407180882,0.4013605010660047,0.317554061794178,0.2672393973843138,0.5176577371868669,0.5492274259254164,0.4129196555726938,0.4102356308378681
ZAF,南非,710,2005,0.3745975158135405,0.5105858995281711,0.4425835862995388,0.3504563656590492,0.4201265990375747,0.3809430791059853,0.5206717305436991,0.4364415224684147,0.3502738708439842,0.4220825507405208,0.4140762854836395,0.4897680276807689,0.4507256235308181,0.3540620192846971,0.4271579889949809,0.4319188541543561
ZWE,津巴布韦,716,2005,0.2544708572721277,0.3086585635197769,0.4177498433294275,0.5950194265667557,0.4286211633778158,0.2567023264291585,0.3179482007413515,0.4188590660781205,0.5965649608945923,0.3975186385358057,0.3047533906003893,0.312422421062848,0.4359172474560643,0.5884802625361771,0.4103933304138696,0.4084880962419177
SWZ,斯威士兰,748,2005,0.3894944164863391,0.30650074730165,0.6273817539641471,0.3797819455047981,0.4112929054974432,0.3918839652282404,0.3124509790964246,0.6302139766596194,0.3916866041007849,0.4315588812712673,0.4264589340167501,0.3208267694369677,0.6076822579457356,0.4235101167874825,0.444619519546734,0.4426676908323061
TGO,多哥,768,2005,0.2535933962632712,0.3055943482706998,0.4719242217796067,0.459425016545145,0.3895725090286022,0.2560490155043995,0.3223180674104057,0.471954692442835,0.4703402771879844,0.3801655131364062,0.3077666908043155,0.2887033724943414,0.4838128173086409,0.4848798209454726,0.3912906753881926,0.3904339554092697
UGA,乌干达,800,2005,0.2700216167946919,0.3105348405969649,0.4519742066543654,0.48319897243913,0.3976735152603205,0.2742975295316897,0.329006848214569,0.4522473811923518,0.488822942305398,0.3860936753110021,0.3306117795553569,0.2974499151937572,0.4663803747331716,0.5003616314010781,0.3987009252208409,0.39673817743036
TZA,坦桑尼亚,834,2005,0.249448292840494,0.3489728633219594,0.4879032706501731,0.620331300096767,0.4637454333513329,0.2536769000844768,0.3676630023447689,0.487896291385084,0.621676391183531,0.4327281462494652,0.3145631013593252,0.3261577112800594,0.498511924356859,0.6252396122099919,0.4411180873015589,0.4397659717413981
BFA,布基纳法索,854,2005,0.2382304555874173,0.3224685040814127,0.5202392007600094,0.5524825048323042,0.4365193896133767,0.242898846532406,0.3413444926586256,0.5192548225466902,0.5648019372217109,0.4170750247398581,0.3062271699750031,0.3024335116617825,0.525753511758632,0.5757409529521078,0.4275387865868814,0.4266363098790411
ZMB,赞比亚,894,2005,0.3243164954609114,0.2391926257871247,0.4628133981637496,0.6746877438871592,0.4557890662999561,0.3270565346966485,0.2500852288863636,0.4630751915450521,0.672607627104091,0.4282061455580388,0.3669152543729823,0.2297732183172194,0.4714929098031804,0.662934924971198,0.432779076866145,0.4239133691700376
AGO,安哥拉,24,2006,0.4162706689021809,0.3257078052228362,0.5124899676947312,0.4455954128913447,0.420394550879357,0.4147514428852487,0.3422302004192512,0.5114490125868405,0.4557985381507444,0.4310572985105212,0.4478837529988767,0.2952056338727387,0.5083952906700333,0.4838567032609914,0.43383534520066,0.4274604074069928
BWA,博茨瓦纳,72,2006,0.4512581012394983,0.3213533622160174,0.5005425517699496,0.624719867936622,0.4864404847221945,0.4494999280737876,0.3236652351809147,0.49766326385887,0.6264463750432481,0.4743187005392051,0.473599004838135,0.3297765313316597,0.5007898647038459,0.6096056428972726,0.4784427609427283,0.4704974197851864
BDI,布隆迪,108,2006,0.2311894294805126,0.2811939128293057,0.4411204730803323,0.3665756839254308,0.3391720272160735,0.2359266949992336,0.2972389131875431,0.4413457852485933,0.3758244702117602,0.3375839659117826,0.2980395548576712,0.2532431287032819,0.4530900108830187,0.4076117220347083,0.35299610411967,0.3516885895665104
CMR,喀麦隆,120,2006,0.2868986004101764,0.3562587054742827,0.5381614821566695,0.3897971415192455,0.3974103667112506,0.2899189174578209,0.3727918276294657,0.5372429375599619,0.4002370884878151,0.4000476927837659,0.3408638753967438,0.3353229206266904,0.5379722305886823,0.4309422748304026,0.4112753253606298,0.4126048414113374
CPV,佛得角,132,2006,0.2972803855991799,0.4599398169668383,0.5233706536763667,0.3255459404074878,0.4028509667535109,0.3040005339111945,0.4775711443431531,0.5207638751905619,0.347358377951334,0.4124234828490609,0.3526431713383968,0.4261661873719005,0.5264491808596838,0.3799504434092687,0.4213022457448124,0.4267003014146791
CAF,中非,140,2006,0.1438012413720993,0.2767561464640016,0.5460340929029834,0.5199576032078157,0.4041585927071059,0.1507094335355078,0.2922011468466902,0.5446347455858445,0.5265976225357242,0.3785357371259417,0.2259060293973362,0.2681258260512943,0.5487607063892057,0.5339609369690836,0.3941883747017299,0.3962686564573476
TCD,乍得,148,2006,0.2003650101409907,0.2731478709251743,0.4961454045245497,0.4551193203009526,0.3764966866980135,0.2040676883120745,0.289808591747767,0.4961230789655498,0.4705357226270665,0.3651337704131144,0.2607173495736126,0.2551590652144185,0.4962418181167959,0.473035300102489,0.371288383251829,0.3713844371479572
COM,科摩罗,174,2006,0.2814425040820897,0.3605240637115433,0.539681573336398,0.4061677992040887,0.4042276198260638,0.2875379580051002,0.3788608225396003,0.5375650824367703,0.4212281463082633,0.4062980023224334,0.3342213322122669,0.3367758580135119,0.5431674574563687,0.4488791968232011,0.4157609611263372,0.417260252862174
COG,刚果（布）,178,2006,0.395792555805612,0.3145862384010627,0.5581631482359364,0.4301102526320836,0.4183407546437507,0.3929169209768935,0.329243756592093,0.5560026012883204,0.4383575082300868,0.4291301967718484,0.4205185770695259,0.2882338453854055,0.5466676911606115,0.4652177542798501,0.4301594669738482,0.42552116905956
COD,刚果（金）,180,2006,0.2637526276325265,0.282638984430667,0.4319128624065596,0.4509929319967283,0.372698204023886,0.2663418449112685,0.3002982111015174,0.4328813418674931,0.4564781821780218,0.3639998950145752,0.321993879467894,0.2647908933949822,0.4469161844452511,0.4813513077068421,0.3787630662537423,0.3757330062319728
BEN,贝宁,204,2006,0.2563307191778315,0.3509987333466933,0.5238337383763826,0.5920419949620591,0.4624709772933806,0.2605015363178366,0.3693525355446195,0.5222160549318481,0.5978091218871467,0.4374698121703627,0.318524670820336,0.3274173002570786,0.5300673647410032,0.5912952678154366,0.4418261509084636,0.4413180624560487
GNQ,赤道几内亚,226,2006,0.4758953025055301,0.1640941779226659,0.5176936062404766,0.6145023094342545,0.4432002332005261,0.4677391942631727,0.1675209669654201,0.5086695144927087,0.6158237021775427,0.439938344474711,0.4856428410043007,0.1640824878730919,0.5116206564111865,0.6106467583111064,0.4429981858999213,0.4273554335279576
ETH,埃塞俄比亚,231,2006,0.2295335721124702,0.320241317680968,0.4102672338143409,0.432855659658526,0.3681382923543833,0.2343582562011816,0.3397223968510684,0.4116977492707976,0.4454235989557261,0.3578005003196934,0.3004908209248204,0.2973459776150172,0.4298232712998874,0.4651331029651068,0.373198293201208,0.3725402878836398
ERI,厄立特里亚,232,2006,0.1102806445824115,0.2926070921192566,0.5091297560561957,0.2870046709972729,0.3118689134699629,0.117417730943843,0.3088897255614561,0.5082528168374352,0.3081842638034829,0.3106861342865543,0.1949401622499709,0.2705454379491048,0.5156049966632049,0.3464430791216349,0.3318834189959789,0.3377066211230226
DJI,吉布提,262,2006,0.1207919376458629,0.3664667902528856,0.521796025075091,0.175286491317555,0.2970007266155315,0.1171533712901113,0.3835075043434347,0.5199149422070865,0.1965882856973069,0.3042910258844848,0.0996483217432367,0.3427687074020826,0.5253346866017785,0.231232973275548,0.2997461722556614,0.3147970968189374
GAB,加蓬,266,2006,0.5140978614379935,0.444357149528061,0.582107651195029,0.6148731113469298,0.544469822618588,0.5097512474230026,0.4574823521980624,0.5788112275206277,0.6185476089874885,0.5411481090322953,0.5164859640662532,0.4026315402550823,0.5688631514866462,0.6180139382252872,0.5264986485083172,0.5207528535351974
GMB,冈比亚,270,2006,0.2330119806835572,0.3756994487810581,0.5266792271545119,0.5206973588374606,0.4412981815997757,0.2383897427954698,0.3927289448262555,0.5252243422006634,0.5331089180225947,0.4223629869612458,0.2991537542852115,0.3492003568712539,0.5301066303663083,0.5760583302421183,0.438629767941223,0.4401619459983159
GHA,加纳,288,2006,0.2652506937143526,0.4042968091990589,0.5123933981986261,0.5589666336617114,0.4649197291126034,0.2681505945502014,0.421695022581153,0.5110979675080548,0.5684723007658272,0.4423539713513091,0.3144392754602514,0.3731605841635698,0.5152908129778967,0.5710159821583567,0.4434766636900186,0.4452478218801583
GIN,几内亚,324,2006,0.2696084141392676,0.3508932432675462,0.5037492967449063,0.5989238548675087,0.4624907238635234,0.2714299789316904,0.3709029734997607,0.5029941420265087,0.6061067551093597,0.4378584623918299,0.3199041648991813,0.3278173654037294,0.5089103369448158,0.600646068567903,0.4393194839539074,0.4383195408640628
CIV,科特迪瓦,384,2006,0.3280120593030484,0.3616257297223212,0.5175770104178539,0.5296505174898246,0.4510223104334695,0.3299446785574048,0.3781064538565815,0.5165564332624767,0.5393160768131822,0.4409809106224112,0.3708504196298993,0.3369149695958559,0.5217281855307107,0.5407705174828906,0.4425660230598391,0.4407888365590406
KEN,肯尼亚,404,2006,0.2785944315121301,0.3118911915056521,0.5161749006968006,0.500252783441067,0.4188522772747012,0.2823920151452447,0.3254008690333632,0.5151255984715247,0.511752505706569,0.4086677470891754,0.3335624757102225,0.2940645969736862,0.5213102058972443,0.529573243235022,0.4196276304540438,0.4177635617254056
LSO,莱索托,426,2006,0.331971506714026,0.2073271464051954,0.4870192611063087,0.4648931413829014,0.3760843226276784,0.3320083492566662,0.2093406644232616,0.4866044669231877,0.4716001249703029,0.3748884013933546,0.3765280480573456,0.2244608716811627,0.4988764225802886,0.4943930086706539,0.3985645877473627,0.391921674288261
LBR,利比里亚,430,2006,0.2238041428231111,0.248543389072811,0.472484417664831,0.4762985206193257,0.3750906327604102,0.2277473336478367,0.265292984341481,0.4725115228128405,0.4901751002504892,0.3639317352631618,0.2913731747348643,0.2228723194828007,0.4825397239222546,0.5190220343367937,0.3789518131191783,0.3753932119990205
MDG,马达加斯加,450,2006,0.2547189064189359,0.3179932498828406,0.5090433372071487,0.5094539564142626,0.4193621825073576,0.2582972546020745,0.3344824349068413,0.5083428076630387,0.5235120734870012,0.406158642664739,0.314398904880273,0.2953635451300552,0.5151372089993059,0.5494793663450387,0.4185947563386681,0.4172499293298978
MWI,马拉维,454,2006,0.2480576766787399,0.2621559040768391,0.5088085533643064,0.572369162627254,0.424883314850653,0.2516477151989537,0.2770775983876577,0.507924153197115,0.5775945358110647,0.4035610006486978,0.3087286232345973,0.2604711904819271,0.5139681733661428,0.5799166112908537,0.4157711495933802,0.412672315237752
MLI,马里,466,2006,0.2793314782583784,0.3404861402300484,0.5072391384277456,0.4021671820578485,0.3897944562982093,0.2823449045770145,0.3593203959459663,0.5066932340095627,0.4230583900698288,0.3928542311505931,0.3333184120435609,0.3178238086217537,0.5087736116946022,0.4367302482753805,0.3991615201588243,0.3995373959404979
MUS,毛里求斯,480,2006,0.3920408223313666,0.4106243479748222,0.6133724112423936,0.3769583171826778,0.4383611948575848,0.397555139109792,0.4137549775456847,0.613382165252734,0.3898401695502635,0.4536331128646186,0.4234311285714575,0.4091394936554411,0.594086158451712,0.4115263594184623,0.4595457850242682,0.4615999746461093
MOZ,莫桑比克,508,2006,0.2710859914758545,0.3139570587863116,0.4388917497658986,0.5868954137956336,0.4338403497302343,0.2737995381947085,0.3318823532560607,0.4403112303128287,0.5916847733490211,0.4094194737781548,0.3312681185494147,0.3008349832845562,0.4592398275255155,0.5957825354153513,0.4217813661937094,0.4184307468748209
NAM,纳米比亚,516,2006,0.4153270473877702,0.4235337838985316,0.5178840497352547,0.6393697534839736,0.5207909562940495,0.4188549177206501,0.4347538197073886,0.5153627953675417,0.6457896086226658,0.5036902853545615,0.4510789846394776,0.4043534496171777,0.5204000125415227,0.6366928883666723,0.5031313337912126,0.4993597237780942
NER,尼日尔,562,2006,0.2473291942670137,0.3340997824731534,0.5193486202584288,0.3668163908785545,0.3733584657752775,0.2513122984108043,0.3529225670773939,0.5184188546056615,0.3873030872365453,0.3774892018326012,0.3111404578798276,0.3098009450355221,0.5246653468010052,0.4005820033725866,0.3865471882722354,0.3883128471677575
NGA,尼日利亚,566,2006,0.3328001867699855,0.3789696829593253,0.4989815746190372,0.4298974634878031,0.4165524349753094,0.3346266484470842,0.3956869777629233,0.4983128442608754,0.4393331432254284,0.4169899034240778,0.3779366087159947,0.3523662762613965,0.5055728406060526,0.4619167712135383,0.4244481241992455,0.4239620223173149
GNB,几内亚（比绍）,624,2006,0.2500868539729901,0.3124014976987241,0.4702769909402109,0.6484772864651221,0.4596072625971747,0.2540302596104048,0.3301729441054201,0.470113806622022,0.6549272899685558,0.4273110750766007,0.3119978812127631,0.2977626107008166,0.4807405802490728,0.6711685143454691,0.4404173966270304,0.4369889591912622
RWA,卢旺达,646,2006,0.2464702568999048,0.3577973322377559,0.5036107333117444,0.3919731177715037,0.3860959668245911,0.251434730942485,0.3803552913376936,0.502858337822774,0.3989550006580961,0.3834008401902622,0.314449641559695,0.3305903614040657,0.5108711867041212,0.4259489236104588,0.3954650283195852,0.3974259757111553
STP,圣多美和普林西比,678,2006,0.2540346554174462,0.252833212195165,0.5276709773896995,0.5569608794273886,0.4212612150479732,0.265099541177711,0.2588324074146325,0.5259362726891456,0.5628560803819465,0.4031810754158589,0.3256279618374744,0.2663714121962919,0.530618429018639,0.5672290985516052,0.4224617254010027,0.419309073658995
SEN,塞内加尔,686,2006,0.2652133054533383,0.4262849290394513,0.529136545268627,0.632038832699106,0.5015075220353878,0.2693053077947669,0.4446156107551759,0.5275710369662953,0.6396048137573697,0.4702741923184019,0.3231263209349104,0.3920698541429125,0.5323025564531136,0.6401912015837853,0.4719224832786804,0.4733775120212295
SYC,塞舌尔,690,2006,0.2657660790515824,0.5027613316337263,0.4367020872946174,0.5544238613646654,0.4765136398632947,0.267599053986046,0.5022849457994403,0.4247163995160795,0.5453101272512269,0.4349776316381982,0.3266464241594372,0.4890283158802505,0.4421765140088778,0.5432165097649405,0.4502669409533765,0.4559449656505292
SLE,塞拉利昂,694,2006,0.2602008894406433,0.3025023632465375,0.5151326492188495,0.5178728814875098,0.4198582742614048,0.264449955264339,0.3196185581685753,0.514149081358478,0.5304473374943188,0.4071662330714278,0.3190330269268658,0.2830738850728806,0.5201593289944307,0.5515209280496567,0.4184467922609585,0.4163991595459999
ZAF,南非,710,2006,0.378442197351577,0.5286995059911218,0.4430901894298463,0.3513675539546368,0.426410576983423,0.3846983417678726,0.5372879912632571,0.4369218735763686,0.3511784996906689,0.4275216765745419,0.416316603398385,0.505903652925126,0.4507310610291593,0.3545459651589096,0.4318743206278949,0.4372411771639313
ZWE,津巴布韦,716,2006,0.2672098740147039,0.3134787830815944,0.3951522944695788,0.6049853137493219,0.4306187433612266,0.2690230730156727,0.3232918683701369,0.3971276020541652,0.6075131523290145,0.3992389239422473,0.3162391708494131,0.3146351486309974,0.4113473752037338,0.5989919767996916,0.410303417870959,0.4074731727496178
SWZ,斯威士兰,748,2006,0.3868427762184613,0.3039027595381049,0.6493555708723301,0.3872641040409472,0.4175019929474015,0.389494708015371,0.3093944622676413,0.6529155378705338,0.3997411657201595,0.4378864684684264,0.4248422902252416,0.3176965574948924,0.6249959256149819,0.4307317317706307,0.4495666262764367,0.447696435036044
TGO,多哥,768,2006,0.2616349598501208,0.3149900383968917,0.4695204259783443,0.4640547050865128,0.394584308821873,0.2646148755704293,0.3316868530047088,0.4696974577679543,0.4754001912082917,0.385349844387846,0.3204644309337513,0.2952177305325663,0.4800220746415981,0.4896953671981852,0.3963499008265252,0.3950938215065232
UGA,乌干达,800,2006,0.2701477082052232,0.3232625539755567,0.4554258654446546,0.500046513544133,0.4082988742232705,0.274763238834461,0.3426503460303386,0.4556334478937944,0.5058408528514824,0.3947219714025191,0.3334555290378254,0.3074950932911852,0.4694415048245453,0.5150791581199036,0.4063678213183648,0.4045513660163755
TZA,坦桑尼亚,834,2006,0.2505068172422583,0.3596979718153041,0.4872944491097893,0.6274739036514664,0.4695196798418896,0.254598484883753,0.3780011060883223,0.4873039328801611,0.6293742829170361,0.4373194516923182,0.3146634099646746,0.3348595776835844,0.4975840885076312,0.632333081029316,0.4448600392963015,0.443769443864464
BFA,布基纳法索,854,2006,0.2425524268520945,0.3305694310064034,0.5202219324543557,0.5542425688764732,0.4401141330173715,0.2468878375510956,0.3491383618830038,0.5192393281195951,0.5667560677391007,0.4205053988231988,0.3082101467702336,0.3094876720472969,0.5256671726938351,0.5775563915561002,0.4302303457668665,0.4295236304281741
ZMB,赞比亚,894,2006,0.3528993724477292,0.2521820763920128,0.4529877117609536,0.6846847272628785,0.4649675597522115,0.3544862015585527,0.2631284165644433,0.4537154870950063,0.6834752949896136,0.438701350051904,0.3897057066151644,0.2396225750951336,0.4575316551317688,0.6731835389714769,0.440010868953386,0.4302182030945652
AGO,安哥拉,24,2007,0.4272321620951399,0.3533833745228455,0.5070461281017752,0.4334528932984985,0.4244363965058301,0.4251332622242408,0.3697100974017353,0.5061249109951876,0.4426156519659081,0.435895980646768,0.4579277733884037,0.319015817499371,0.5018374259648991,0.4713005907181063,0.437520401892695,0.4318410043571022
BWA,博茨瓦纳,72,2007,0.4459797637713635,0.3414836679117485,0.5003576937218221,0.6195540900617614,0.4897593757475714,0.4442481173787271,0.3427341454829632,0.4974463072377066,0.6209600175255968,0.4763471469062484,0.4662926287275651,0.3423791025830592,0.5004434829337546,0.6048276406572041,0.4784857137253957,0.4714838793701462
BDI,布隆迪,108,2007,0.2335498354152761,0.2854624242794558,0.4216548823777569,0.3386807422004564,0.3265096632082482,0.2380354930675638,0.3014154927514387,0.4220062900077664,0.3454232922223709,0.326720142012285,0.2975837866972471,0.2561653558356704,0.4343727273671833,0.3790229552306561,0.3417862062826892,0.3407728898055098
CMR,喀麦隆,120,2007,0.2894201792602352,0.3738307977660024,0.529655274298377,0.4035010930086079,0.4061315312387646,0.2924445549817127,0.3910434492599874,0.5282854125058386,0.4129510523610844,0.4061811172771558,0.343353300302108,0.3491084261984156,0.5311309944979878,0.4407923446345287,0.4160962664082601,0.417678678578148
CPV,佛得角,132,2007,0.2887044274948975,0.4775374364336938,0.5242222958647346,0.3251548307144378,0.4069442048481217,0.2962027874073912,0.4946513450565674,0.5214266380251589,0.3467619246799217,0.4147606737922598,0.3512518343162751,0.4398724718906946,0.5270258566058499,0.3790639607851788,0.4243035308994997,0.4303891751427927
CAF,中非,140,2007,0.1434798374345788,0.2868124967691092,0.5460248961151949,0.5128233676317728,0.4044811121605048,0.15041915551582,0.3021421775441052,0.5446137096321685,0.5188178110768328,0.3789982134422316,0.225775539093721,0.2768581895020851,0.5487707053631274,0.5265854035982818,0.3944974593893038,0.3970773601685676
TCD,乍得,148,2007,0.2048023924666863,0.2802673520560624,0.4969897062235646,0.4546877176518589,0.3791996910942305,0.2090120905643103,0.296598845615335,0.496857502229331,0.4700619982512792,0.3681326091650639,0.2694782322218966,0.2622515686784796,0.4977098355557248,0.4725654834572553,0.3755012799783391,0.3755522264705188
COM,科摩罗,174,2007,0.279588414095715,0.3667933789888168,0.5423336934354622,0.4050917282918292,0.405994768764586,0.2857901470611459,0.3848157896482794,0.5402225673307448,0.4200719444865727,0.4077251121316857,0.3351600712111406,0.3421470470919333,0.545379276429306,0.4476704104024589,0.4175892012837097,0.4193343453082571
COG,刚果（布）,178,2007,0.3290573142434441,0.3195042680025963,0.5615912943164266,0.5796343316718437,0.4661568967133,0.3272502666494853,0.3329946941360345,0.5591189758646619,0.5814397570216875,0.4502009234179673,0.3550376841907022,0.2911508825285187,0.5516145006820008,0.581226317772563,0.4447573462934462,0.4415033430276062
COD,刚果（金）,180,2007,0.2708239231958912,0.2916293415340013,0.4269979465882178,0.4550705528375567,0.3767359720120454,0.2734797242822793,0.3090783566635212,0.4278424329758086,0.4593085691468604,0.3674272707671174,0.3298234920950614,0.2719254659418108,0.4424182362656527,0.4824470083354451,0.3816535506594925,0.3785105675634698
BEN,贝宁,204,2007,0.2564437669557122,0.3673693366033926,0.5229883836064054,0.5911211797726365,0.4667993625902907,0.2607201276147578,0.3856742617019574,0.5213186295470787,0.5958051851365779,0.440879551000093,0.3199753609655733,0.3408811349769837,0.5294238563884242,0.5883110324110876,0.4446478461855172,0.4447041718621578
GNQ,赤道几内亚,226,2007,0.5000823866419797,0.1661664916764086,0.5325168016458556,0.5995738894502951,0.4446658820345929,0.4933213890858741,0.1693541496663968,0.5222463600620398,0.5993759843016154,0.4460744707789815,0.5097370173096515,0.1651693740816468,0.527364752624302,0.5942490612280273,0.4491300513109069,0.432944944865499
ETH,埃塞俄比亚,231,2007,0.2439116054340228,0.3317172054921458,0.409757965762459,0.4307760238372937,0.372551962824385,0.248390479718806,0.3514005202121771,0.4110281885561369,0.4429953582754694,0.3634536366906473,0.3122303297061277,0.3080520348610577,0.4283688433697993,0.4626689722876824,0.3778300450561668,0.3771412948583272
ERI,厄立特里亚,232,2007,0.1132900700100426,0.3035652533270932,0.5089375303334756,0.2861682412775134,0.3151509317881728,0.1206012642753356,0.3194220649288957,0.5080562636909163,0.3072877761810487,0.3138418422690491,0.1998644686049109,0.2803331250160257,0.5153998967693627,0.3456222706374644,0.3353049402569409,0.3413517578358414
DJI,吉布提,262,2007,0.085807114474235,0.3801680216341433,0.521590040863439,0.1779855091098121,0.2973691627735831,0.0831274218730763,0.3978721037157602,0.5197026905096207,0.2002138954785612,0.3002290278942546,0.0704692377884247,0.353421302793608,0.5251738683320784,0.2374483103993687,0.29662817982837,0.3133426173717265
GAB,加蓬,266,2007,0.5369278683869942,0.4648539476856385,0.5770598179279268,0.6192765958370293,0.554066844767722,0.5330881163450654,0.4777271447381522,0.5739303497425279,0.6213530658249288,0.5515246691626686,0.5429393676394068,0.4164138579711781,0.5641968978829683,0.6187756747080234,0.5355814495503942,0.5291968126999568
GMB,冈比亚,270,2007,0.2361808135665171,0.3879647098254759,0.5259259916394644,0.5224945428108312,0.4458279840244193,0.2416744842022916,0.4029076246683274,0.5244877029339832,0.5345292396720416,0.4258997628691609,0.3037169031491523,0.3563351075831425,0.5295060589453856,0.5767803803711967,0.4415846125122192,0.443210793275104
GHA,加纳,288,2007,0.2610044456142147,0.417576916405263,0.5111007948221002,0.5505059268973025,0.4649237170333185,0.2647322464739289,0.4342197398527393,0.5097686081198841,0.5593246302982803,0.4420113061862082,0.3189768900099411,0.3839056312518589,0.5140688723054353,0.5623938170681285,0.4448363026588409,0.446990144996533
GIN,几内亚,324,2007,0.2658062212725987,0.3509358463211374,0.5069136173699361,0.5998540716027753,0.4630033812569358,0.2688172521041167,0.3707956174840056,0.5060897528030306,0.6063590205284665,0.4380154107299048,0.3249253011749602,0.3263775943776879,0.5115577246206274,0.6001624429729855,0.4407557657865653,0.4395168269815038
CIV,科特迪瓦,384,2007,0.3167673180683585,0.3741727497527435,0.5171215123032145,0.5244308834632867,0.4512433272021805,0.3190572151522274,0.3894656947815569,0.5160936223857855,0.5337006705684108,0.4395793007219951,0.36069440117692,0.346043245754147,0.5218464962838844,0.5355157164888024,0.4410249649259384,0.4401775724778026
KEN,肯尼亚,404,2007,0.2779452639820953,0.3244624514671413,0.5157927839927796,0.4942762715097037,0.4202164186515781,0.282071839133376,0.3369883741664904,0.5147219421054824,0.5052503360224831,0.4097581228569579,0.3355247875673743,0.3033695984078026,0.5207529834374071,0.5235027320359675,0.4207875253621378,0.4193284765962956
LSO,莱索托,426,2007,0.358998161466059,0.2586654271263492,0.4848886336231628,0.4749474921403145,0.397994013249,0.3577499900096277,0.2611096790736125,0.4843885232819503,0.4825466937435542,0.3964487215271862,0.3967445713373315,0.2644444275956464,0.4966896808063777,0.5046580734325615,0.4156341882929792,0.4096802350010492
LBR,利比里亚,430,2007,0.2249264296918046,0.2712857031749048,0.4685306722866064,0.4723943263244418,0.3796932805589586,0.2289604653888337,0.2874916706985087,0.4684585391360542,0.4859469686340244,0.3677144109643552,0.293379894755106,0.2440240866018177,0.4778280508269689,0.5149191535217246,0.3825377964264043,0.3798148769094245
MDG,马达加斯加,450,2007,0.2511239978386382,0.326114928332556,0.5074425910361441,0.5071376132555473,0.4201040873573515,0.2548487541712604,0.3423123835569471,0.506739755762313,0.5209756259177858,0.4062191298520766,0.3120052703426566,0.301946069596905,0.5135609242295273,0.547058306895005,0.4186426427660235,0.4177062459292186
MWI,马拉维,454,2007,0.2556383515663452,0.269894385006036,0.5074293107252252,0.5615338418685619,0.4239294510711311,0.2595286897971681,0.2848930718503738,0.5065293469933242,0.5658781713096148,0.4042073199876202,0.3204168427531941,0.2665060897539918,0.5124668789626814,0.5688949750731517,0.4170711966357547,0.4138629561194595
MLI,马里,466,2007,0.2641274104613482,0.3497652134007084,0.5052200531951389,0.4019087303034618,0.3900094894323791,0.2673869274229515,0.3684176407754078,0.5046844640999012,0.4225348291299788,0.3907559653570598,0.3201813490746485,0.3246842369223487,0.5070842443922952,0.4360468303995572,0.3969991651972124,0.398242489866857
MUS,毛里求斯,480,2007,0.39607073228767,0.420946050202127,0.6181171190087494,0.3771848989465499,0.443010624059909,0.4021518225658105,0.4229098893449768,0.6181852189140302,0.3897906267727697,0.4582593893993968,0.4284096581707009,0.4160554170124073,0.5977225597622132,0.4107580503549836,0.4632364213250762,0.4654408593534931
MOZ,莫桑比克,508,2007,0.2664686332110062,0.3182053288932667,0.4671197330992483,0.5806697599266336,0.4381267156080266,0.2693250037616312,0.3359737240433382,0.467641119469198,0.5849438752343015,0.4144709306271172,0.3262321317032998,0.3045866148544757,0.4821479779649174,0.589403116570453,0.4255924602732864,0.4230602295504628
NAM,纳米比亚,516,2007,0.4065506346242906,0.4381279751480807,0.5080553553676,0.6387845756814791,0.5216659268710512,0.4100340847858001,0.4481372908680021,0.5057908530413766,0.6445580911507978,0.5021300799614942,0.4413155638185598,0.4152918460929715,0.5089212648406667,0.6347775372270348,0.5000765529948081,0.4970776202659386
NER,尼日尔,562,2007,0.2461464125890639,0.3303354096811426,0.518695542286532,0.3657744549320317,0.3715768538071499,0.2498231772916305,0.3494617296268922,0.5177831713244994,0.3859850947757318,0.3757632932546885,0.3071873740200166,0.3057947931951221,0.5240506574245094,0.399219039259902,0.3840629659748875,0.3858372876762099
NGA,尼日利亚,566,2007,0.3267742593827486,0.3868430389657032,0.5016043211762633,0.4220277281153711,0.4157629295662731,0.3292542290880318,0.4033305586747923,0.5008904236958234,0.4308228011430355,0.4160745031504207,0.3754309836124188,0.3583882870998694,0.5080638992024391,0.454027581171036,0.4239776877714408,0.4240204558375255
GNB,几内亚（比绍）,624,2007,0.2580039073173292,0.3143152845604713,0.4618894290059357,0.6816248913999441,0.4715280261444541,0.261536610817743,0.3311133226262631,0.4617920175177799,0.6865414092646828,0.4352458400566171,0.3176901987274034,0.2983211982994994,0.4727716620044349,0.6967790393137675,0.4463905245862762,0.4422417837246138
RWA,卢旺达,646,2007,0.2431732378490234,0.3661627818159778,0.502788140013546,0.3641174457048183,0.377812864770687,0.2480022346856313,0.3884326732518717,0.5020249276181411,0.3686246009468311,0.3767711091256188,0.3090576097173047,0.3371994902734744,0.5098671332575089,0.3973839053850241,0.388377034658328,0.3912727533280486
STP,圣多美和普林西比,678,2007,0.2435625575588978,0.267587031480169,0.5257592338910071,0.5506987636230682,0.4215501388707515,0.2546212904135798,0.2710007195578885,0.5240261307601403,0.5559156132372984,0.4013909384922267,0.3136085206718779,0.2791699782054878,0.5287344767297711,0.5602061617856471,0.420429784348196,0.4184476179885629
SEN,塞内加尔,686,2007,0.2594289079606209,0.4320701815982794,0.5275155463869596,0.6303853015169171,0.5015092750314359,0.2637517588506547,0.4509257976341033,0.5259427921127631,0.6378163795368758,0.4696091820335992,0.3182470401791607,0.3971870919670052,0.5309273096026467,0.6385100098507642,0.4712178628998942,0.4731184137104151
SYC,塞舌尔,690,2007,0.2521995297013369,0.511490027304248,0.4586390170935525,0.5663170197697726,0.4862216785698702,0.2544727904021766,0.5084877451300441,0.4484418537514241,0.5604109901658908,0.4429533448623839,0.3152345291210622,0.5097990786403293,0.4637733265467797,0.5661224510749957,0.4637323463457917,0.4708109422874032
SLE,塞拉利昂,694,2007,0.2583437645102688,0.3033424450314788,0.5142720023049593,0.5135318559880914,0.418100434396254,0.2628491859900658,0.3209118210799617,0.5132238741441655,0.5257518393554317,0.4056841801424062,0.3198084954194256,0.2846405811394866,0.5188366708248808,0.5471411270243814,0.4176067186020437,0.4156389509691125
ZAF,南非,710,2007,0.384361144820219,0.534519909770347,0.4370967040654629,0.3518741653633638,0.4278360428138453,0.390586090146063,0.5425532000541939,0.430742532255492,0.3517274923622767,0.4289023287045064,0.4201605930987449,0.5108309479139729,0.4447513913687935,0.3551145276162977,0.4327143649994522,0.4380327168847197
ZWE,津巴布韦,716,2007,0.2832277318364695,0.3169142996360158,0.3670858699148129,0.5945526637483173,0.4240681090666746,0.2840702980287232,0.326817305817366,0.3696240028589808,0.5962077474717856,0.3941798385442139,0.3277410181630402,0.3164563901076581,0.3824804401118877,0.5883646347092875,0.4037606207729683,0.4002350607911516
SWZ,斯威士兰,748,2007,0.3939846861398674,0.3180966445184415,0.6472451184893209,0.3807319491270777,0.4198069731539342,0.3962332717377271,0.3221511887515552,0.6507147540134672,0.3925505230973222,0.440412434400018,0.4283715023295507,0.3270217740519268,0.6231339027746458,0.4237712284547515,0.4505746019027187,0.4490350943951749
TGO,多哥,768,2007,0.2545137281797055,0.3310138659327932,0.4638990959327759,0.4549204943759989,0.3938668387698552,0.2574342035903706,0.3478054220779897,0.4641637516300085,0.4654151230577163,0.3837046250890213,0.3111795960267772,0.3073670572381351,0.4747281015367182,0.4801531989728096,0.39335698844361,0.3931090073582861
UGA,乌干达,800,2007,0.2692713955510192,0.3396036580412772,0.4499569146248594,0.4842050661528881,0.4060875923266372,0.2736510501333057,0.358425138708823,0.4501601356557643,0.4886054453518763,0.3927104424624423,0.3296055328324033,0.3203392127699268,0.4640150073839282,0.4988165863610973,0.4031940848368389,0.4022734886726536
TZA,坦桑尼亚,834,2007,0.2468187365170822,0.361047558253241,0.4923313576397505,0.6173983842941771,0.4668174048307797,0.2510150327925004,0.3793356702886524,0.492184117620047,0.6181836079573548,0.4351796071646386,0.3112968642241316,0.3351515164002946,0.5018807573807992,0.6214998419421585,0.4424572449868459,0.4417505519275391
BFA,布基纳法索,854,2007,0.2406228994643269,0.3439664976151566,0.5191082254735625,0.5638110964157386,0.4470598777243966,0.2448437711663392,0.3628711066568101,0.5181270464468523,0.5756765747908266,0.4253796247652071,0.3050199376442711,0.320642066186805,0.5248979190875774,0.5845510036621795,0.4337777316452082,0.4335896919548111
ZMB,赞比亚,894,2007,0.3492801907366578,0.2584202564222627,0.4508185128123301,0.6801934102338213,0.4642401262593473,0.3508613489189319,0.268933639484138,0.4516290844799128,0.6782023353749697,0.4374066020644881,0.3861914966439119,0.2441355349979908,0.4540434765631444,0.6679002243772224,0.4380676831455674,0.4286555561933345
AGO,安哥拉,24,2008,0.4224136612653791,0.4164347199048334,0.4976210382767663,0.4293025507716929,0.4389035168548589,0.4198800375524729,0.4367659155698515,0.4969839846701462,0.4381757634835152,0.4479514253189965,0.4489817382551614,0.3719425829474521,0.4907361534461144,0.4670858288240729,0.4446865758682002,0.4416355884961254
BWA,博茨瓦纳,72,2008,0.4106363778090813,0.3696230563825341,0.5113423918921011,0.6181816123221803,0.4951968690827328,0.4100971064090287,0.3691323401685936,0.5080139741432036,0.6196017347565417,0.4767112888693419,0.4342775160093636,0.36463727346038,0.5135958163941824,0.6038924030030387,0.4791007522167412,0.4747004975953321
BDI,布隆迪,108,2008,0.2158869416315806,0.2697460429920941,0.422358240419296,0.3444835973624098,0.32180940301954,0.220768372072835,0.2861801226095048,0.4226759426791548,0.3517392752502127,0.3203409281529269,0.2815682820434885,0.2395693837121496,0.4347494229645772,0.3849066252571926,0.335198428494352,0.3340785182401368
CMR,喀麦隆,120,2008,0.2843269018441589,0.3862367582094955,0.528114874365538,0.403311264725342,0.4087258242298972,0.2872858304744851,0.4030226888183883,0.5268158202547625,0.4123759976868307,0.4073750843086166,0.3371167853667499,0.3587157235865998,0.5292732183384936,0.4399319474435793,0.4162594186838556,0.4185261552361273
CPV,佛得角,132,2008,0.2888210502873952,0.4969913140045322,0.524995013666581,0.326289385046709,0.4132690519376307,0.2958816320656629,0.5118438460639726,0.5221872591138942,0.3480231157542739,0.4194839632494508,0.3470156885088279,0.4533688491254034,0.5272611672698804,0.3807181297243204,0.427090958657108,0.4339380545305681
CAF,中非,140,2008,0.1355086697370754,0.2862217842794765,0.5464689599464152,0.511773484471546,0.4029672967245408,0.1425364826257866,0.3016940038566094,0.5450503289420094,0.5176924284800906,0.376743310976124,0.2168648799204307,0.2747553585725893,0.5491312130194517,0.5255654156415565,0.391579216788507,0.3944797643375419
TCD,乍得,148,2008,0.1976892310268477,0.2854387517615964,0.4965699508323968,0.4657853467415727,0.3837396409205752,0.2020228681982965,0.3016765731067878,0.4964123497154576,0.4809094698852366,0.3702553152264446,0.2619085783527864,0.2658541510597396,0.4972278051929313,0.4815836871497671,0.3766435554388061,0.3770476853823948
COM,科摩罗,174,2008,0.2731879070657379,0.3710612965033098,0.5426914843907974,0.4061383917353394,0.4068654552852442,0.2798619629024403,0.3889328904803789,0.5405490343836097,0.4212750330307072,0.407654730199284,0.3328956713077043,0.3446267165210559,0.5457236882344237,0.448919503363817,0.4180413948567502,0.4199825319230835
COG,刚果（布）,178,2008,0.4103096283828627,0.3398461882217474,0.5570069663167653,0.5635651942575883,0.4760495236934824,0.4067437425151625,0.351672663993265,0.5545764066465771,0.5639024854866004,0.4692238246604012,0.4302859499940257,0.3088276345180978,0.546847389681379,0.5645628034560688,0.4626309444123928,0.4570119685270624
COD,刚果（金）,180,2008,0.2667875918647125,0.2928003187612315,0.4225461755528737,0.4724831779364511,0.3819573743461646,0.2692833862805687,0.309845641716106,0.423463378023593,0.4751884321599839,0.3694452095450629,0.3245543921329935,0.2724721982955732,0.4368963682505407,0.4944481160682557,0.3820927686868408,0.3789486756084588
BEN,贝宁,204,2008,0.2581893627131807,0.3788455166670674,0.5242506391090461,0.5909658583499761,0.4706200243355068,0.2622950389119363,0.3961200755766803,0.5225321823462546,0.5954174648245798,0.4440911904148627,0.3195079638154994,0.3477677940508856,0.5305607441845401,0.587666570554376,0.4463757681513253,0.4467827338033299
GNQ,赤道几内亚,226,2008,0.5245958959223997,0.1452682543390726,0.5497360153606954,0.5936118120297281,0.4431695636471681,0.518045345770709,0.1459728009565959,0.538888230157415,0.5929729305357858,0.4489698268551264,0.5263779309929026,0.1471678659014519,0.5456240769195748,0.5883886328556746,0.4518896266674009,0.4345308803260708
ETH,埃塞俄比亚,231,2008,0.2368809493632547,0.3261058571128014,0.4237850607679715,0.4320806389486334,0.3733828783784401,0.2414108997730721,0.3467095608690852,0.4247891271308461,0.4444271773871342,0.3643341912900344,0.3041727674818979,0.3033520014951814,0.4408566210952506,0.4639865801420478,0.3780919925535944,0.377715635832904
ERI,厄立特里亚,232,2008,0.099750146992906,0.3039806396806855,0.5029619722387857,0.2845351273131611,0.3116436351494784,0.1063369898757552,0.3194327961811947,0.502379499567607,0.3055135078905636,0.3084156983787801,0.1783452532851632,0.2746816115800775,0.5109391937877227,0.3439490295796596,0.3269787720581558,0.3336846432212852
DJI,吉布提,262,2008,0.0814201815362428,0.3912669741548832,0.5201668526451385,0.1723045354992546,0.2976964312308825,0.0788544357551953,0.4087591897690913,0.518218716791073,0.1933920276337511,0.2998060924872777,0.0667892445933611,0.3632765883995538,0.5238027588846829,0.2284892503988789,0.2955894605691191,0.3130126302735953
GAB,加蓬,266,2008,0.5389817552942299,0.4704716455386998,0.5666788680593879,0.6090585065881997,0.5500998438635145,0.5340828459235691,0.4827671677814149,0.5638651710887461,0.6100599178130539,0.547693775651696,0.531235856989707,0.4206462126652895,0.554699007795256,0.6074977095417751,0.5285196967480069,0.5228642903550691
GMB,冈比亚,270,2008,0.2505742408688605,0.4098032371749008,0.5263990104465676,0.5265325771345655,0.4557314979676266,0.2561732258917046,0.423331855170716,0.5249378661172549,0.5385420586958328,0.435746251468877,0.3193009569640886,0.3734238737271979,0.5298986862441499,0.5803050395699076,0.450732139126336,0.4523786449640355
GHA,加纳,288,2008,0.2633301003314277,0.4320311244614248,0.5107762645813914,0.5476138901030866,0.4683700436786626,0.2672584912732199,0.4470226734995884,0.5094176234860379,0.556223224527922,0.4449805031966921,0.3240592609021934,0.3947029860841607,0.5137483588935052,0.5593719978437995,0.4479706509309147,0.4504163499984973
GIN,几内亚,324,2008,0.264017287722725,0.3560111914838062,0.5050659072388753,0.5992897240761511,0.4636714762588296,0.2667999062499697,0.3751045605567981,0.5043106431945121,0.6057720727853024,0.4379967956966456,0.3210546863038518,0.3291945426927948,0.5089232441326724,0.5996293821094016,0.4397004638096802,0.4387256613271816
CIV,科特迪瓦,384,2008,0.3264884134365258,0.3928468191563671,0.5168731950844038,0.522789715464867,0.4573795017543652,0.3289028207290728,0.4072461368779664,0.5158222598457148,0.5319637917932818,0.445983752311509,0.3715158080329179,0.360423334633967,0.5213618483903356,0.5338239355280182,0.4467812316463097,0.4461085918325666
KEN,肯尼亚,404,2008,0.267267233621716,0.3447250866952041,0.514871125091114,0.4977281494722222,0.4258462847004661,0.2709279932978369,0.3567781022282111,0.5138264425211225,0.5090172859653896,0.41263745600314,0.320524907975095,0.3190844316349707,0.5200318437146464,0.5270451549385208,0.4216715845658082,0.4215048972092751
LSO,莱索托,426,2008,0.356059238076687,0.2602674537319664,0.4855308077585495,0.470398794851672,0.3965572175192355,0.3548631053569781,0.2625684458162721,0.4850362342549732,0.4776036718984393,0.3950178643316657,0.3936002362959755,0.2640411316389344,0.4972295759288692,0.500060482494591,0.4137328565895926,0.4079753827581683
LBR,利比里亚,430,2008,0.213791648578686,0.2852472327287852,0.470658143479241,0.4712175343138991,0.3823585023134206,0.2179880758015894,0.3008945202168072,0.4705408740460202,0.4847362036518554,0.3685399184290681,0.282594462684553,0.2595928004049223,0.4795332187435767,0.5138263526781777,0.3838867086278074,0.3823676186164325
MDG,马达加斯加,450,2008,0.2364238939444327,0.3299624247345601,0.5094060868102547,0.5089812029410449,0.4203834932676522,0.2407362491280766,0.345525299213322,0.5086675378337655,0.5229949277012564,0.4044810034691051,0.3015077512690025,0.3032423743805178,0.515350937086781,0.5489324072326524,0.4172583674922384,0.4168410498332483
MWI,马拉维,454,2008,0.2451995539782241,0.2856025868505886,0.5063632293020891,0.5639224984049364,0.4278309253642408,0.2492728894236281,0.3002073415864051,0.5054487414537782,0.5685551214263085,0.40587102347253,0.3095170089087104,0.2795321864462158,0.5113442925959998,0.5713360648013346,0.4179323881880651,0.4157272964293473
MLI,马里,466,2008,0.262967595574325,0.3539219347457968,0.5089392907508328,0.4023520551577391,0.3920219865739457,0.2662925734146676,0.3724042903774525,0.5082582322586945,0.4230247001601723,0.3924949490527467,0.3202436567965022,0.327526722774465,0.5113376898843527,0.4365024792056496,0.3989026371652424,0.4003244667036629
MUS,毛里求斯,480,2008,0.3849020323378193,0.4318268891034856,0.6216131777125609,0.3758108681878446,0.4449779361379417,0.391653524852225,0.4328010433465929,0.6217822782681149,0.3881824559343272,0.458604825600315,0.4198993194031833,0.4267526250176148,0.6003082368965055,0.4084968514501241,0.4638642581918569,0.4669873655784698
MOZ,莫桑比克,508,2008,0.2608309581527857,0.3262850087198642,0.470695556549379,0.5838164232389045,0.441659845299022,0.2639509953318479,0.3435746465338357,0.4711290990922996,0.588338750075077,0.416748372758265,0.3214646284212454,0.3110658470185214,0.4849578821564305,0.592532318668054,0.4275051690660628,0.4254644222907717
NAM,纳米比亚,516,2008,0.3895084346044924,0.4343475289529791,0.5181463722923928,0.655939186387252,0.5266644047995742,0.3920816478087919,0.4436077211643983,0.5154386531626239,0.6598207544714881,0.5027371941518256,0.4210103273482883,0.4089078292852277,0.5216272486094212,0.6458869633223421,0.4993580921413198,0.4969968096574654
NER,尼日尔,562,2008,0.2458779047065136,0.3390010190817023,0.5198129273195228,0.3678359241942603,0.3750804311050091,0.2498375289886651,0.3577137502474564,0.5188604474034642,0.3882031537396644,0.3786537200948125,0.3098019860879875,0.3123961010346019,0.5250659679021399,0.4013091034802965,0.3871432896262564,0.3890776897624577
NGA,尼日利亚,566,2008,0.3295276607371833,0.3974591932855129,0.5017523189958284,0.4284784294903973,0.4216349042766135,0.3320500512590195,0.412804767167885,0.5009556492055842,0.4368744121157538,0.4206712199370606,0.3771307218421253,0.3655990406729904,0.5078011365183999,0.4586374872313611,0.4272920965662192,0.4275063407688608
GNB,几内亚（比绍）,624,2008,0.2602860152239899,0.3169529368673188,0.4651213705022951,0.6806854958210773,0.4729408130748521,0.2639137115580974,0.3320335429912942,0.4649631461574218,0.6855183054297269,0.436607176534135,0.320208130864088,0.2978162913741451,0.4756028866942817,0.6953535439988014,0.447245213232829,0.4430257106479122
RWA,卢旺达,646,2008,0.2476939427255503,0.3831164370966945,0.5001386298339165,0.370740973098435,0.3852631828129682,0.2526644886169353,0.4059459621532518,0.4993489151169911,0.3758635440228028,0.3834557274774953,0.3150607768250698,0.3512517540857718,0.5069541699882625,0.4042147735422891,0.3943703686103483,0.3974779028489965
STP,圣多美和普林西比,678,2008,0.23591614798501,0.2783954148220829,0.5258904762698866,0.551896474289019,0.42419222164078,0.2468719174945933,0.2822300281786661,0.524106038431598,0.5573659019144124,0.4026434715048175,0.3041919288394516,0.2850405989414225,0.5287675954816076,0.5621393387898799,0.4200348655130904,0.418699192968938
SEN,塞内加尔,686,2008,0.2586316826238557,0.4484657989690915,0.5268129897327326,0.6298876697108086,0.5059090625497205,0.2630927708663736,0.4663273864915266,0.5252671097725661,0.6373129680286937,0.47300005878979,0.3181662853430124,0.4094164018496928,0.5301809672694047,0.6380381731230524,0.4739504568962906,0.4763900619502082
SYC,塞舌尔,690,2008,0.2358014346569648,0.499004013128583,0.4504341553271366,0.5676673622488915,0.4791542837439214,0.236544040509589,0.4951946987732683,0.439659962692516,0.5618885655923749,0.433321816891937,0.2867333343239391,0.4848415077872829,0.4558165726392974,0.5675370167327896,0.4487321078708273,0.4558292266398941
SLE,塞拉利昂,694,2008,0.2536148397656624,0.3092978707548296,0.5173019564338284,0.5126869532762646,0.4195594979957905,0.2583108044981692,0.3269420095673516,0.5161790378268296,0.5248456057447568,0.4065693644092768,0.3157071127174509,0.2889656464858333,0.5216439652364202,0.5461728352697897,0.4181223899273735,0.4165819006813702
ZAF,南非,710,2008,0.3947860854513124,0.5396169044634795,0.4295235961676974,0.3486354198121298,0.4279476387444821,0.4010330960708668,0.5469867079661338,0.423437273957952,0.3481362215871546,0.4298983248955268,0.4278745437785197,0.5154782945441172,0.4366910758433295,0.3515465099644291,0.4328976060325988,0.4380146033587119
ZWE,津巴布韦,716,2008,0.2779700406390433,0.320776543688448,0.3311302039292576,0.5990783306537523,0.4186346048910865,0.2774533005987434,0.3308459705190986,0.3342158293728368,0.6013377703199895,0.385963217702667,0.3117473719067427,0.3190590700582613,0.3527680715650163,0.5937135387077999,0.394322013059455,0.3911012722846281
SWZ,斯威士兰,748,2008,0.3783149404602259,0.3464736227887056,0.6430570243705175,0.3841331977198343,0.4264687829435182,0.3811745005110355,0.3487195250505499,0.6463866626834479,0.3963260273958379,0.4431516789102178,0.4133929394721095,0.3493112318892832,0.6197725653823097,0.4276791247806079,0.4525389653810776,0.4525367347612721
TGO,多哥,768,2008,0.2619172784231527,0.3410064956209707,0.4576291727335809,0.5533855118485589,0.4323271831883809,0.2650000048527205,0.3575536442142419,0.4580674128348511,0.5592773663347047,0.4099746070591296,0.3203955634410098,0.3159431416218827,0.4672189060600801,0.5557842055386162,0.4148354541653972,0.4133365929163396
UGA,乌干达,800,2008,0.2611607458724304,0.350877964282749,0.453713061608352,0.4965231541738255,0.4136136845196874,0.2656231340471129,0.3687248438047774,0.4538116924602597,0.5012060118688568,0.3973414205452517,0.3233681340928853,0.3276961319701452,0.4670263403477959,0.5098920893690047,0.4069956739449578,0.4065562363657015
TZA,坦桑尼亚,834,2008,0.2447670562343408,0.3729669120996015,0.4970098873926332,0.6206978396103906,0.4722414037210672,0.2487838751455091,0.3902784791425311,0.4967087695571425,0.6218578611918586,0.4394072462592603,0.3076376265122598,0.3448766726503446,0.50664165353181,0.6249142246394737,0.446017544333472,0.4459211409115101
BFA,布基纳法索,854,2008,0.2345680362738798,0.3516699650592488,0.5176032671579072,0.5648561662735474,0.4485983113886946,0.2390868263208191,0.3701436606153961,0.5166612115358074,0.5768122910937084,0.4256759973914327,0.3006461132285695,0.3269349852659532,0.5231990669277642,0.5855672870700308,0.4340868631230794,0.4343294865932248
ZMB,赞比亚,894,2008,0.3400132409301966,0.2752462760564522,0.4693640604635278,0.6791109069240506,0.4714671913329677,0.3421788898123967,0.2853164009961263,0.4696159877146403,0.6770240021840169,0.4435338201767951,0.3787914753551332,0.2577613059834583,0.4745138848003282,0.6667469252919922,0.4444533978577279,0.4362868750841002
AGO,安哥拉,24,2009,0.3648102013535645,0.4306093784579228,0.5206204962089442,0.4347185444993939,0.4422781395803992,0.3642591200645796,0.4510146499773351,0.5188811259052776,0.4441477636796933,0.4445756649067214,0.3976045553943358,0.3848391650773578,0.5185008561756217,0.472518792519598,0.4433658422917284,0.4434788701256267
BWA,博茨瓦纳,72,2009,0.3484963109388023,0.3751339091227132,0.5154793623409916,0.6192826340027471,0.4898999615598567,0.3494495025810807,0.3730637310872228,0.5122440462441917,0.620779430274172,0.4638841775466668,0.3703621086271515,0.3666582782533668,0.5187066261665697,0.6047307351853414,0.4651144370581074,0.4636859723501643
BDI,布隆迪,108,2009,0.2285963321942363,0.2782837198905994,0.4302605919478015,0.3559926676941406,0.3318456970274945,0.2330879750253387,0.2940726906022914,0.4304637799039972,0.3643156791730311,0.3304850311761646,0.2926274790644766,0.2420199816702657,0.4421033189355853,0.3968435620496759,0.3433985854300009,0.3418314863815196
CMR,喀麦隆,120,2009,0.2700336961376698,0.3962001394545384,0.5309848152263229,0.4111349870111937,0.413228848332731,0.2737748326439175,0.4125195586532144,0.5295275387027623,0.4205335598016052,0.4090888724503748,0.3264282306226113,0.3663598131811786,0.5331417742703156,0.447180474369194,0.4182775731108249,0.4213033973398959
CPV,佛得角,132,2009,0.275069516804051,0.515328948306853,0.5248525033772556,0.3264775602995258,0.4169012387695582,0.2819741406287316,0.5288206000435369,0.5221541346261273,0.3480301831836433,0.4202447646205098,0.3302797108222391,0.4707095851842732,0.5275147135519287,0.3801347289106854,0.4271596846172816,0.4355224729662131
CAF,中非,140,2009,0.142700053714423,0.3097792238974189,0.5472780062086174,0.5120322885600289,0.4111227884198512,0.1504354999366717,0.3244556697000753,0.5458292927610758,0.5175415090334703,0.3845654928578233,0.2310075653958809,0.2874096449025236,0.5498726780281225,0.5250203583834464,0.3983275616774934,0.4011813640034435
TCD,乍得,148,2009,0.1783597305875782,0.2923635533328845,0.5079545220259026,0.464729671420586,0.3852327355150881,0.18343664515784,0.3081552824780228,0.5072756042308488,0.4797678746313968,0.3696588516245271,0.2455778633569797,0.2709999794212445,0.5111247157707878,0.4805083716666319,0.377052732553911,0.3786245368523956
COM,科摩罗,174,2009,0.2774785726285338,0.3714886693398561,0.5418235790407752,0.4046446510685129,0.4068312578396026,0.2839308594873646,0.3884295605379146,0.5396565762723171,0.4195872161187894,0.4079010531040964,0.3367891178009228,0.3444163955888887,0.545041811542405,0.4468006634217233,0.418261997088485,0.4200432174044347
COG,刚果（布）,178,2009,0.3802510363369858,0.3435003739767383,0.5722552612717432,0.58564909446586,0.4843988039807097,0.3773872553574925,0.3534591519569477,0.5689651130639387,0.5859690907311903,0.4714451527773923,0.408437426100746,0.3037330578590241,0.5651845561258647,0.5831940542067517,0.4651372735730966,0.4602531176494782
COD,刚果（金）,180,2009,0.249603818962262,0.2920814323202103,0.4182419310196732,0.4751603664065661,0.3795548407732364,0.2521169951795723,0.3090803934614411,0.4192061748578773,0.4781556764869268,0.3646398099964544,0.3062163669225838,0.271492318375533,0.4333987379193688,0.4972417749270868,0.377087299536143,0.3746164880266008
BEN,贝宁,204,2009,0.252483696423496,0.3937239897686925,0.5232301736714918,0.5992463196189236,0.4770553955705396,0.2566123780905657,0.4097215740595163,0.5214953987179202,0.6044380124577565,0.4480668408314396,0.3136993789926944,0.3592285461453961,0.5297364875689712,0.5958204634040719,0.4496212190277834,0.4506580355810629
GNQ,赤道几内亚,226,2009,0.4838668185421386,0.1587614322256439,0.5699862085966242,0.6009308981343225,0.4486842633740558,0.4779994273882265,0.1598954321445305,0.5581421799158255,0.6009074510094815,0.4492361226145159,0.4831948664180597,0.1584703148705702,0.5690767515114115,0.5954436656907889,0.4515463996227076,0.4368325677282687
ETH,埃塞俄比亚,231,2009,0.2350608708213733,0.3411586765534483,0.4347684957655578,0.433149844491856,0.38026891273008,0.239662857297881,0.3615837372812299,0.4355594604711115,0.4455969432515547,0.3706007495754443,0.3021776781274839,0.3168289574309618,0.4505545747397829,0.4650750461393677,0.3836590641093991,0.3840919077345585
ERI,厄立特里亚,232,2009,0.111105498831457,0.2975829515633024,0.5094532252278152,0.2866486813357197,0.313382489174316,0.1183257905090864,0.3134653268138747,0.5087283123845469,0.3078636101016505,0.3120957599522896,0.1961436908742104,0.2691516447226427,0.5167132067044584,0.3464216192677562,0.332107540392267,0.3378327675831787
DJI,吉布提,262,2009,0.1122516117948794,0.3977256370672786,0.5225650565751793,0.1768621052134599,0.3058245221813057,0.1088314069626289,0.4147877419085904,0.5207007206709232,0.1988171093264971,0.3107842447171599,0.0924726316859557,0.3694720623589896,0.5259796239027801,0.2355165599241347,0.305860219467965,0.3223522982326376
GAB,加蓬,266,2009,0.4714574007484264,0.4831779011458068,0.5723192908929838,0.6587587299351301,0.5642244896497437,0.4696340659062337,0.4938785251332106,0.5693305053118654,0.6588657267640047,0.5479272057788286,0.4815776128577378,0.4313891026338609,0.5637822946674901,0.6491242415643192,0.5314683129308521,0.5279990853195512
GMB,冈比亚,270,2009,0.2614616887374913,0.418533863142381,0.526111489868185,0.5279075563193416,0.4601802241580882,0.266699743927671,0.4312481317604051,0.5246426432718064,0.5401211276997221,0.4406779116649011,0.3281686921868031,0.3801460961796705,0.5296677868521649,0.5818328187449802,0.4549538484909047,0.4564798364333428
GHA,加纳,288,2009,0.2733531947637119,0.454854942213704,0.5059850049663072,0.5551932362677532,0.4781754929255946,0.2764882199316154,0.4685685020255862,0.5046662953652887,0.5645549450014749,0.4535694905809913,0.3294010006957607,0.4136448530430773,0.5085631834116827,0.5672204312978584,0.4547073671120947,0.4575614010702679
GIN,几内亚,324,2009,0.2553369194613235,0.3620887351465884,0.5037085129450701,0.60182913829738,0.4649596421759528,0.2583614130394748,0.3806685380101741,0.5030117314838134,0.6085589892280822,0.4376501679403861,0.3125279512444643,0.3330819754751421,0.5077451601479133,0.6022327408445187,0.4388969569280096,0.4384142288691188
CIV,科特迪瓦,384,2009,0.3370191367141043,0.4027493622427334,0.5220196895691342,0.5266182579259047,0.4641576026821413,0.3388892270421804,0.4162170262565941,0.5207572240343554,0.5361972777327051,0.4530151887664587,0.3792737740623939,0.3675592232686791,0.5262733912035427,0.5378030360235079,0.4527273561395308,0.4520409841218675
KEN,肯尼亚,404,2009,0.2667517550932493,0.3499784744097712,0.513523432550959,0.5015290841379035,0.4284287683599014,0.2707119900644955,0.3615985095049867,0.5124825174023266,0.5130914902952233,0.414471126816758,0.3211556507894204,0.3241170980964437,0.5188550455084472,0.5308511789251753,0.4237447433298716,0.4236989816902295
LSO,莱索托,426,2009,0.3033506850568738,0.2685962283466296,0.4818916057011869,0.4693408579914779,0.3909198211392519,0.3036998711265932,0.2699507857008134,0.4814359760970267,0.4764627400172597,0.3828873432354233,0.3479510963232969,0.2711752764351546,0.4940319707164591,0.4989760164819383,0.4030335899892122,0.3995737149093607
LBR,利比里亚,430,2009,0.2209637288057019,0.3038882522751215,0.4702968958423866,0.4721295170891351,0.3890550214302172,0.2258251870360895,0.3188972182605466,0.4701786797461054,0.48581090165236,0.3751779966737754,0.2913447630181093,0.2794785316623568,0.4791998298801983,0.5149257229968053,0.3912372118893674,0.3901883209013694
MDG,马达加斯加,450,2009,0.2175465954986014,0.3398859067816551,0.5033099154595634,0.5088135179105238,0.4194840004171238,0.2215696784421795,0.3558271889313062,0.5027106127153664,0.5228728932225216,0.4007450933278434,0.2784469404475317,0.3107776452320966,0.510031706389726,0.5489601071622422,0.4120540998078992,0.4129079779487989
MWI,马拉维,454,2009,0.2554432811671514,0.3035734065325043,0.5119649994109668,0.5686677946155678,0.4373786806573115,0.2592421204757734,0.319612101853509,0.5109585593689724,0.5738198193256238,0.4159081502559696,0.318710781701037,0.2931737607692454,0.516492543329029,0.5763686086954293,0.4261864236236852,0.4241792599742474
MLI,马里,466,2009,0.2657657866067651,0.3601961558911691,0.502413108643861,0.4042221288188153,0.3935549290924605,0.2693376120939239,0.3783138169957105,0.5019154774972423,0.4250425483105167,0.3936523637243483,0.3249716633892391,0.3323811652152525,0.5038200487442244,0.4384241357484215,0.3998992532742844,0.4011878476636056
MUS,毛里求斯,480,2009,0.3844881024848987,0.4413039576246494,0.6235550551090044,0.3779278853981764,0.4488943790383314,0.3915008433612258,0.4415948087250997,0.6237733169206818,0.3909083417165606,0.461944327680892,0.4206003203169082,0.4361811403742676,0.6022281291027095,0.4126097863149441,0.4679048440272073,0.4713807381883814
MOZ,莫桑比克,508,2009,0.2539632749401911,0.3448538326981534,0.4691918299158755,0.587876802383547,0.4473922144156352,0.2574455974465957,0.3624202903720921,0.4696559608135128,0.5928117324587322,0.4205833952727332,0.315970197188763,0.3260238114360466,0.483913239440968,0.5967329398561434,0.4306600469804802,0.4294444755441078
NAM,纳米比亚,516,2009,0.3802266594012435,0.4469404543739009,0.5183796081220614,0.6657511447266808,0.5327748893360176,0.38329049247158,0.4542364764182782,0.5156270451170026,0.6703901728508465,0.5058860467144268,0.4116923968875557,0.4146616009637693,0.5222496568920083,0.6557226247634723,0.5010815698767014,0.4992497264113656
NER,尼日尔,562,2009,0.2257531722035548,0.3393333029178693,0.5185421281688793,0.3695839034354722,0.372896921635328,0.2297763161051691,0.3572942328264833,0.5176179312760961,0.3901155044781087,0.3737009961714643,0.2892613414310583,0.3125670397145493,0.524023786214249,0.4031390809137085,0.3822478120683913,0.3850537208941414
NGA,尼日利亚,566,2009,0.317658121256641,0.4023502781961454,0.5109869474470997,0.4392660372394134,0.4273736499954425,0.3212559722978201,0.4170360902769646,0.5100471362451713,0.4487976458352887,0.4242842111638112,0.3700720692424216,0.3694558520962365,0.5169580749363054,0.4703644277129709,0.4317126059969836,0.4323706206408773
GNB,几内亚（比绍）,624,2009,0.254799160077421,0.3134260446572495,0.4622052373305028,0.6824424031783071,0.4712073721674655,0.2584789066278915,0.3282024669157763,0.4620664790981997,0.6875838787340429,0.4340829328439776,0.3153724414732106,0.2947234474887655,0.4728200358686447,0.6974566082139334,0.4450931332611385,0.4408786692273352
RWA,卢旺达,646,2009,0.2412909079690621,0.4089451650811387,0.5041364329054311,0.3823335369539885,0.3970910686458093,0.2462193847926486,0.4306637728741576,0.5032859521512061,0.388514198547653,0.3921708270914163,0.3074087334886131,0.372169485884723,0.51072456857075,0.4160822593649739,0.4015962618272649,0.4058451525095313
STP,圣多美和普林西比,678,2009,0.2496688103368933,0.296945372429409,0.5252820933818855,0.5546252510952366,0.4323388042653481,0.2603898686259643,0.2987397093568315,0.5234817867284415,0.5603614614186255,0.4107432065324656,0.3173987750756405,0.3006361808060401,0.5282145763055124,0.5650020680610284,0.4278129000620553,0.4265323813184624
SEN,塞内加尔,686,2009,0.2692625054116155,0.4639969372085132,0.5221939011876809,0.6313126328997797,0.5114400510371685,0.273524593877862,0.4812110518631877,0.5208425006890887,0.6389195413317594,0.4786244219404745,0.3276863675330688,0.4206556434166303,0.5260164017308057,0.6396329692470705,0.4784978454818938,0.4809285993073999
SYC,塞舌尔,690,2009,0.2510107572047628,0.5143981259910131,0.4414326536868145,0.5560769497813636,0.4795918018221459,0.2514059818405612,0.5105734330310662,0.4300446001304734,0.5474617498356285,0.4348714412094323,0.3009538066646785,0.4976782731557828,0.4471668912130687,0.5466640106905101,0.44811574543101,0.4553315730780082
SLE,塞拉利昂,694,2009,0.2473066475915429,0.3202850591829823,0.516992411452215,0.5129938399596436,0.4220139992703136,0.2520213833029137,0.3379855609792736,0.5158561587754935,0.5252158300350607,0.4077697332731854,0.3091306284492648,0.2979181432389057,0.5213144470993323,0.5464829700693472,0.4187115472142125,0.4178467534112554
ZAF,南非,710,2009,0.3889396674783959,0.5725350786397854,0.4371151046969039,0.351551260254949,0.4395317668799423,0.3958836986688545,0.5810324958623255,0.4309850790503743,0.3514436674532895,0.4398362352587109,0.4216811163594127,0.5452110344887701,0.445781603339068,0.3552217492712579,0.4419738758646271,0.4487554877536842
ZWE,津巴布韦,716,2009,0.2872328834143191,0.3381128053457628,0.4140375756532577,0.6035259977504611,0.4439409738927184,0.2899863196857363,0.3469926698708485,0.4156389271895883,0.6062269736241073,0.4147112225925701,0.3333119769540257,0.3297693210618745,0.4357459047740618,0.5982995982525263,0.4242817002606221,0.4217349111259909
SWZ,斯威士兰,748,2009,0.3681608705907422,0.3482027483291992,0.6254804777851485,0.3854992757809432,0.4224583637521307,0.3716411306655596,0.3487026781947701,0.6281508557311959,0.3978016666030501,0.4365740827986439,0.4059594474700755,0.3496998109312265,0.6060822555014479,0.4288629444591037,0.4476511145904634,0.4477752381408427
TGO,多哥,768,2009,0.2666241793004399,0.3540963790347193,0.4467288487208772,0.563648775992545,0.4382610825070656,0.2698121585024918,0.3700144738347488,0.447312976400992,0.5706453912306761,0.4144462499922272,0.3263526990501856,0.3261817680810877,0.4581617322627186,0.5672100146719709,0.4194765535164907,0.4178653612324238
UGA,乌干达,800,2009,0.2503082395580744,0.3477573168844045,0.4741330751100374,0.5054471225507531,0.4187877523133919,0.2543266249697212,0.3657125263953388,0.4740039735042497,0.5109478819835063,0.401247751713204,0.3031634535985724,0.3254618060307979,0.486203960748887,0.5189366482105602,0.4084414671472043,0.4089438549388956
TZA,坦桑尼亚,834,2009,0.2501760479011328,0.3715594211010725,0.4966862444723668,0.6257759873639933,0.4743204887055459,0.2542094569549206,0.3888171577747882,0.4964052039945585,0.6273666725621774,0.4416996228216112,0.3132144547801358,0.3431309755978449,0.5056975872077025,0.6299800834494077,0.4480057752587727,0.4474979379971761
BFA,布基纳法索,854,2009,0.2480832578240807,0.3612716479136277,0.5153204142892227,0.604012603048384,0.4669888188729789,0.2519494121012969,0.3791968979546421,0.5144673219626094,0.6149299680735237,0.440135900023018,0.3102533157465282,0.3348835291739832,0.5203070036342144,0.6171742803164462,0.445654532217793,0.4453166405060303
ZMB,赞比亚,894,2009,0.3563383437363323,0.2812619356854348,0.4739095193397725,0.6829350537606862,0.4777356309243046,0.3581046802594244,0.2906973561593362,0.4740495191490655,0.6812196831633806,0.4510178096828017,0.3948016949767399,0.2623541773293388,0.4784760152787457,0.6707367446673169,0.4515921580630354,0.4429215215581711
AGO,安哥拉,24,2010,0.407512240594433,0.4280112506340107,0.5142762915692595,0.4192231582625317,0.4401691324384101,0.4058564325786558,0.4489862084194505,0.5127793159562449,0.4272198831748111,0.4487104600322905,0.4322632266607411,0.3821578346063929,0.510863573492777,0.4560235076163878,0.4453270355940747,0.4439229751486827
BWA,博茨瓦纳,72,2010,0.3905692746453759,0.408102558169849,0.5164885150857924,0.6091901647685459,0.5016990427507503,0.392538210452613,0.4045804246056728,0.5131821890651952,0.6098371229660766,0.4800344867723893,0.4234259667985555,0.3911868832579762,0.5197185430584401,0.5944711728985359,0.4822006415033769,0.4796790256142324
BDI,布隆迪,108,2010,0.2210773889035546,0.2878121214270721,0.4477132183668773,0.3461970804103844,0.3337506277283536,0.2258452755372393,0.3032723447744771,0.4477366147031442,0.3536372832288974,0.3326228795609395,0.2874661827789642,0.2508913931033301,0.458644601582115,0.386770185510529,0.3459430907437346,0.3453864737885093
CMR,喀麦隆,120,2010,0.2748539094551445,0.401486576322409,0.5294460177912108,0.4147359156151806,0.4164113399578731,0.2784969652216852,0.4178208276117379,0.5279725775616241,0.424030333237852,0.4120801759082249,0.3308693968353645,0.370766440720439,0.5314756412990228,0.4499416562698288,0.4207632837811638,0.4237224766735817
CPV,佛得角,132,2010,0.2749951651910525,0.5484595944026079,0.5310879482964505,0.3271244261027998,0.4281985690677034,0.2817828676760719,0.5598252735945939,0.5288989491730848,0.3486700338667937,0.429794281077636,0.3330261368742033,0.4984002469479425,0.5385543207229956,0.380802885659026,0.4376958975510418,0.4473116882170005
CAF,中非,140,2010,0.1403932946924139,0.334191133388459,0.548439373720161,0.5160782158105726,0.4197312399727709,0.1478422755864588,0.3515278933255739,0.5469520519920914,0.5219615625517355,0.3920709458639649,0.2255474757323625,0.3910743316717345,0.5508739426606591,0.5291855737088942,0.4241703309434126,0.4317919329547344
TCD,乍得,148,2010,0.1985351872161751,0.2964665555828445,0.508735936807972,0.4665291202950088,0.3899195546545883,0.2042003118755738,0.3120145448671784,0.5080999104748035,0.4816336702211073,0.3764871093596657,0.2725101631279217,0.2743136727484375,0.5107416082772741,0.482187023523327,0.38493811691924,0.3854376038841738
COM,科摩罗,174,2010,0.2759623036309879,0.3944753179648407,0.5415478792304412,0.5834333482435297,0.47844776297557,0.2823498784132213,0.4113245957663647,0.5393460536510128,0.5909332449784718,0.4559884432022676,0.3364236624955901,0.36300153608323,0.5449231153420226,0.5864391998112836,0.4576968784330316,0.4582589010255855
COG,刚果（布）,178,2010,0.3664555863423925,0.357566583223101,0.566222462300466,0.5752834498008644,0.4816902809262809,0.3654621436174164,0.3659147789194202,0.5630343335919814,0.5744158717097773,0.4672067819596488,0.3997005391808947,0.312570030696166,0.5576019969197397,0.5712223819701022,0.4602737371917257,0.4562294443901882
COD,刚果（金）,180,2010,0.2540797362234689,0.2961269298520309,0.4289089215310042,0.4653680898264083,0.3800047959986679,0.2566446097054037,0.3128247319566862,0.4298346205870413,0.4675169265525966,0.366705222200432,0.3122628072932079,0.2740963702613556,0.441795131580122,0.487169751801742,0.3788310152341068,0.3764799280088543
BEN,贝宁,204,2010,0.2556314945276519,0.4125153163978984,0.522445830184968,0.600237507206213,0.483206201435884,0.259589016148524,0.4270281889930611,0.5206736296447046,0.6055585547085024,0.4532123473736981,0.3161907122883697,0.3722919681214111,0.5290716058085055,0.5967043805912234,0.4535646667023774,0.4550451224776187
GNQ,赤道几内亚,226,2010,0.4964545686150934,0.1753936545520573,0.5432744829276897,0.5958144540816336,0.4477910219589306,0.4904073320672886,0.1749058379184932,0.533299747242749,0.5953213725487032,0.4484835724443085,0.4767091802321526,0.1710536412490138,0.5398491286971752,0.5899065799811658,0.4443796325398768,0.4301586903599737
ETH,埃塞俄比亚,231,2010,0.255659644920184,0.3596620519244277,0.4414771974082279,0.4338315709185192,0.3900903186901582,0.2601639495021093,0.3811070927345232,0.4421025867840523,0.4459064741801321,0.3823200258002042,0.3245467337190921,0.3322951560808084,0.4560708964645072,0.464978180651477,0.3944727417289712,0.3946835944186503
ERI,厄立特里亚,232,2010,0.1126598997067976,0.3038269561921746,0.5119917991941606,0.2837246486343897,0.3148946973863026,0.1199586850367414,0.3197134200882227,0.5111928573083733,0.3045892421131956,0.3138635511366333,0.1989286582553391,0.2767546660602928,0.5187515232007214,0.3431512954542161,0.3343965357426424,0.3404123923773683
DJI,吉布提,262,2010,0.1340479238448383,0.4049511589994815,0.5204841224027927,0.1761404970463267,0.310128241276249,0.1300305114596374,0.4216273839419819,0.5185757985326546,0.19805134424886,0.3170712595457835,0.110652483385033,0.3753386651065813,0.5241135568425801,0.2348796014036356,0.3112460766844575,0.3271768487521573
GAB,加蓬,266,2010,0.5266065751621584,0.4992510060427334,0.5584709232324848,0.6524785779096676,0.5710439649740617,0.5226311873176668,0.5092331905990785,0.5557208006582998,0.651762048843509,0.5598368068546384,0.5286529460125472,0.4430396231557509,0.549342750993906,0.6413707156681223,0.5406015089575815,0.5354710981745728
GMB,冈比亚,270,2010,0.259246510922272,0.4317982364880464,0.5277193345363468,0.5259662709383602,0.4634281568584308,0.2645952531830041,0.4438535434185522,0.5262013817614719,0.5380882413124884,0.4431846049188792,0.3260643878102365,0.3912877138289916,0.5311006495761126,0.57970724199179,0.4570399983017826,0.4592026951494384
GHA,加纳,288,2010,0.2775567918789646,0.4721903078282837,0.5064998286412923,0.55734484039935,0.4847307194516358,0.2807275381363243,0.4848981352570282,0.5052562827071655,0.5669186451467555,0.4594501503118183,0.3348706001029429,0.4281615598544739,0.508342424194186,0.5692230988738546,0.4601494207563643,0.4633698943530544
GIN,几内亚,324,2010,0.2706069143523632,0.3696696443456491,0.4986560282006376,0.6009170694778926,0.4678167184238058,0.2732246908173864,0.3879531201522273,0.4981984750135997,0.6075931856584521,0.4417423679104164,0.3266588511610974,0.3390046411710989,0.5009377682032383,0.6013233058370182,0.4419811415931132,0.4410495508930577
CIV,科特迪瓦,384,2010,0.3326413227393442,0.4147959164275557,0.5270891225197467,0.5291504840968787,0.4691150579304873,0.3349270856301967,0.4276143357455073,0.5256377923717648,0.5390128608580149,0.4567980186513709,0.3777778978478582,0.3767495467633556,0.530847839297241,0.5404222452727618,0.4564493822953041,0.4562632137772303
KEN,肯尼亚,404,2010,0.2749510668397277,0.3642645841486345,0.516535950131886,0.4973966884375768,0.4328464885980108,0.2794333126166372,0.3750357929032529,0.5154208493561296,0.508441856457873,0.4195829528334732,0.3349152601987083,0.336327816187376,0.5215021940410769,0.5262711880190509,0.429754114611553,0.4297463009937299
LSO,莱索托,426,2010,0.2906316708270375,0.2660650196794751,0.4882794161100688,0.4597502222185651,0.3863428882806415,0.2920224574248328,0.2667379819360038,0.4876725505948413,0.4658471381538935,0.3780700320273928,0.3421334847689983,0.2664153510065661,0.4997499946895647,0.4883157070697629,0.399153634383723,0.3959812797709658
LBR,利比里亚,430,2010,0.1745725273783614,0.3202470987799534,0.4770717357277511,0.4748152235539338,0.3901603589196728,0.1806004957828919,0.33433686230903,0.4768657021665791,0.4888142735014879,0.3701543334399972,0.2522741989122299,0.2928911530880299,0.4857727083691603,0.5178414818373235,0.3871948855516859,0.3885152103907923
MDG,马达加斯加,450,2010,0.2385863508201163,0.3523650005756889,0.5030646713489507,0.5112150841851697,0.4267581285183326,0.2422789069644782,0.3677519791832773,0.5025290187329066,0.5247242620048105,0.4093210417213681,0.2990075521951798,0.321727456380983,0.5102157024856994,0.5499960657663827,0.4202366942070612,0.4206540375787777
MWI,马拉维,454,2010,0.2437381798909478,0.3119835626762855,0.5159799266610292,0.5643425252390165,0.4375810590360328,0.2478455730997066,0.3276551494199156,0.5148868454112177,0.5691700920426986,0.4148894149933846,0.3077584370238123,0.3002685034259287,0.5200970931656426,0.5719850844945283,0.425027279527478,0.4239337825844995
MLI,马里,466,2010,0.2608930880315874,0.3798097337311911,0.4995257051018745,0.4050346921210085,0.3983859442386814,0.2646219371659599,0.3966487502692871,0.4991352434247392,0.4256608425923604,0.3965166933630866,0.3209793911594102,0.346794199050625,0.5020028354544214,0.4388455262643703,0.4021554879822068,0.4042231605243199
MUS,毛里求斯,480,2010,0.3841299008371707,0.4661748413149617,0.6360845390549017,0.3758278345699086,0.4580369275104462,0.3912716948081614,0.4650781417778898,0.6366883699552279,0.3882871103666706,0.4703313292269874,0.4208924712852938,0.4578615650159462,0.6116670405774354,0.408701001967615,0.4747805197115726,0.4793963038263045
MOZ,莫桑比克,508,2010,0.259558466269966,0.3550804437198315,0.4810190568478193,0.5999605300117242,0.4580197963042646,0.2623954594073128,0.3722531652293891,0.4811240720007766,0.6039095711819361,0.4299205669548537,0.3184063605425044,0.3341557405164854,0.4934126547525278,0.6052071514930534,0.4377954768261427,0.4368462656964577
NAM,纳米比亚,516,2010,0.3893582848217106,0.4681537165242081,0.5182426788805019,0.6588800254694831,0.5377009544102652,0.3928013939391401,0.4726760981718546,0.5154301199806678,0.6627054139522852,0.5109032565109869,0.4243485459380265,0.4319362656251225,0.5217426782104303,0.6485303693384659,0.5066394647780113,0.5051096922476179
NER,尼日尔,562,2010,0.2403382417112256,0.3451497697211624,0.5184640865363865,0.3697377277294245,0.3765730775968774,0.2444330147216167,0.3631566231591346,0.517527795330423,0.3902538250441718,0.3788428145638365,0.3062668679079414,0.3164037764324489,0.5238861571345134,0.403282233006411,0.3874597586203286,0.3896805622924113
NGA,尼日利亚,566,2010,0.3226995506687206,0.4054497898107202,0.5070605745082443,0.4408980553466133,0.4287239181927315,0.3259511776817088,0.4193648982836206,0.5062039727995584,0.4505902920742919,0.4255275852097949,0.3711443569930509,0.3715218743178569,0.5128267631144096,0.4719574450044181,0.4318626098574339,0.4324802844174988
GNB,几内亚（比绍）,624,2010,0.2538702987082522,0.317647297777252,0.4699829471037919,0.6812641927183801,0.4735285224410512,0.2578316282197863,0.3319002641638697,0.4697310374448833,0.6864006275514741,0.4364658893450034,0.3166637879016243,0.296444845295138,0.4799611423468062,0.6962651321394645,0.4473337269207582,0.4432607737205801
RWA,卢旺达,646,2010,0.2464639830776752,0.415046780744267,0.5065987025618652,0.3722967100637496,0.3964323600114692,0.2513857106138912,0.4358004671923968,0.5057146774297837,0.3775875599919128,0.3926221038069961,0.3129835454305227,0.3768927696965362,0.5128034532783364,0.4057771505441753,0.4021142297373926,0.4065076705540428
STP,圣多美和普林西比,678,2010,0.2364683633726881,0.3413918118469432,0.5213578820316325,0.5531557644630619,0.4423447374564368,0.2473137527352288,0.343564546046881,0.5196050617190096,0.5587712789524267,0.4173136598633865,0.3059743519360994,0.337367436020962,0.5247929616005985,0.5635423595771741,0.4329192772837085,0.4337344221995616
SEN,塞内加尔,686,2010,0.2746831992075588,0.4716103428410105,0.5226361697027461,0.6303843416957766,0.5141532181115996,0.2788274979636869,0.488153212582561,0.5213023560410442,0.6379289464483135,0.4815530032589014,0.3326470915705671,0.4252690526916104,0.5265528799636107,0.6386090319825871,0.4807695140520938,0.4832078924542137
SYC,塞舌尔,690,2010,0.2508439891949593,0.5297413329040624,0.4543380925553263,0.6195388303006006,0.5099011909624961,0.2522819929742391,0.5230042293354062,0.443897097313859,0.6096593717061045,0.4572106728324022,0.3088149938219864,0.5086402790651101,0.4597089440390495,0.6021619276930077,0.4698315361547884,0.4765524607441328
SLE,塞拉利昂,694,2010,0.2441361311471765,0.3344366767400675,0.5207179854280445,0.5356262938824422,0.4347883586803663,0.2490478828472096,0.3511802540504039,0.5195182906286124,0.5475774340881718,0.4168309654035995,0.3078921784135842,0.3091307186025232,0.5246937909358131,0.565675885423951,0.4268481433439678,0.426300106962772
ZAF,南非,710,2010,0.4080151390040837,0.5972243933433053,0.4379322455285354,0.3380773011268102,0.444588419256903,0.4151299719472059,0.6030070864694522,0.4317104829573662,0.3365458818470678,0.4465983558052731,0.441218913588182,0.5684749947671494,0.4451403294664159,0.3404561467222539,0.4488225961360003,0.4559763082871924
ZWE,津巴布韦,716,2010,0.300782989270991,0.3567468497325916,0.4304115067279827,0.5961455861720787,0.451959945116423,0.3046729584651941,0.3631727573028125,0.4315544051900668,0.5981434448717806,0.4243858914574635,0.3604166479083622,0.341910661391586,0.4477287775332496,0.5904224226783716,0.4351196273778924,0.4322047508382532
SWZ,斯威士兰,748,2010,0.3660545783686726,0.3568584151593788,0.6380729227339752,0.3768771517945922,0.4242290918138354,0.3697296468452312,0.3564828373490749,0.641161903931433,0.3884625445462732,0.438959233168003,0.4067757784375977,0.3574736259321152,0.6163121013697646,0.420339299270859,0.4502252012525841,0.4509320592611497
TGO,多哥,768,2010,0.2685457836766838,0.3651029131673601,0.4559943242650203,0.5657449131124328,0.4444616723215692,0.2716964610095243,0.3802871871705454,0.4563703071991615,0.5728064754285145,0.4202901077019365,0.3286731320760468,0.3360810257787666,0.4669769893322322,0.568707314178977,0.4251096153415056,0.4239403999924087
UGA,乌干达,800,2010,0.2503750117531221,0.3647685395321658,0.4790143182951077,0.4950613726380719,0.4210514596591826,0.255047171286085,0.3817842708934965,0.4787818448162721,0.4996834363626513,0.4038241808396262,0.3140786451255776,0.3394059172435974,0.4906981006631621,0.5082807729356693,0.4131158589920016,0.4139746699343774
TZA,坦桑尼亚,834,2010,0.2545447046217419,0.3831212598223706,0.4949818283330809,0.6235534620362877,0.4771383178863403,0.2584180415654523,0.4000133080983206,0.4947358750105943,0.624839241782499,0.4445016166142165,0.3169635092422863,0.3519080455630257,0.5032922362772566,0.6274757926008975,0.4499098959208665,0.4496253378714339
BFA,布基纳法索,854,2010,0.2669406985329548,0.3670500666174985,0.5082414253018769,0.6038459765041003,0.4696344696873366,0.2703519082805633,0.3842808080370707,0.5076135231543979,0.6147846184879441,0.444257714489994,0.3287477620305947,0.3380745228721554,0.5113214073762022,0.6170378068997853,0.4487953747946844,0.4476521966035241
ZMB,赞比亚,894,2010,0.3710562642114744,0.2824768523664191,0.4685353512524823,0.6784030085979486,0.4772579937613647,0.371990354207449,0.2915153801748182,0.4689424011717589,0.6762951922461844,0.4521858319500526,0.4052559437335775,0.2634677032401122,0.470153772701907,0.6661247276307024,0.4512505368265748,0.4421132474676161
AGO,安哥拉,24,2011,0.4161291715485546,0.4391216577770908,0.5150425129221823,0.4776446919304529,0.46601175721363,0.4142737161222712,0.4591008072594953,0.5134976213287826,0.48469077296238,0.4678907294182323,0.4371683908568632,0.3908796476821262,0.5117602158475503,0.5042061143383679,0.4610035921812269,0.4590725314751235
BWA,博茨瓦纳,72,2011,0.4027056975251829,0.4364152429869351,0.519392905907037,0.6208821957552676,0.516509453134031,0.403989126407868,0.4309431936467649,0.5159171057561526,0.6226108807147241,0.4933650766313774,0.4299830345594633,0.4133231249528682,0.5224383485458899,0.6063510696035683,0.4930238944154475,0.4910548877996024
BDI,布隆迪,108,2011,0.2258827847253458,0.3204018612671471,0.4450655750025112,0.3457765731917222,0.343283286021034,0.2304955118751052,0.3344195105055296,0.4451093113810331,0.3530600983855961,0.3407711080368161,0.2915142262244762,0.2848804563950528,0.4559169420537362,0.386206811795557,0.3546296091172055,0.3553620917755866
CMR,喀麦隆,120,2011,0.2773613970045886,0.4146400986534915,0.5273544516025901,0.414779555307368,0.4201971931864444,0.2809502848598892,0.4302324420342596,0.5259347244926079,0.4240796778538093,0.4152992823101415,0.3329845634209826,0.3816030107307852,0.5293384636800044,0.4499332245086499,0.4234648155851055,0.4267774711895285
CPV,佛得角,132,2011,0.2746818170635946,0.5651701101821648,0.5274121277608373,0.3217498302725016,0.4303567844877262,0.2816419558349484,0.5765793334749235,0.5250441743870431,0.3418149740652008,0.4312701094405289,0.3339597193243578,0.514056715966451,0.5350133539859597,0.3705648412475836,0.438398657631088,0.4487624738467447
CAF,中非,140,2011,0.1399833077829353,0.3071741175072523,0.5485017352591405,0.5099046746170941,0.4094783639946032,0.1471508413997562,0.3231817095412022,0.5469970332797869,0.5152232649724381,0.3831382122982958,0.2227972418257122,0.2957286131096566,0.550939286433541,0.5227666199374689,0.3980579403265947,0.4016898047434757
TCD,乍得,148,2011,0.1960660663304845,0.3170170292101485,0.5063982779020718,0.4655946106596973,0.3948224377117596,0.2008507305647635,0.3336485250822256,0.5058444823632743,0.4806153005714772,0.3802397596454352,0.2623541347956027,0.2903366395069295,0.5080737765995826,0.4812282081504027,0.3854981897631294,0.3871274998011171
COM,科摩罗,174,2011,0.2749965320750214,0.4101892426454636,0.5432694234905266,0.5842824774279166,0.483622220355771,0.2815212536531687,0.4259153369314485,0.5410302957735451,0.5918276374976357,0.4600736309639495,0.3358074125335938,0.3761741733113223,0.5464708745901568,0.5870421632719925,0.4613736559267664,0.4625579058334039
COG,刚果（布）,178,2011,0.4324944247575867,0.3634839672186975,0.5512654498049931,0.5814281439258466,0.4912428775358204,0.4274242327636015,0.3718903796549775,0.5484313458877724,0.5811187227674912,0.4822161702684606,0.4450103440539374,0.3217766215930804,0.5426715361105606,0.5775371531219369,0.4717489137198788,0.4657994021846738
COD,刚果（金）,180,2011,0.2715531241173602,0.301551610133292,0.4206649140750367,0.4724328924684388,0.3847529108583958,0.2738681237225392,0.318027142674318,0.4218762591135298,0.4752053081321619,0.3722442084106372,0.3301682221645409,0.2772070663751315,0.4314705651560321,0.4943045982885711,0.3832876129960689,0.3800270615181165
BEN,贝宁,204,2011,0.2581161706998213,0.4141074387282311,0.5241402537291495,0.5969177832209496,0.4831489213662754,0.2620972302443842,0.4276637249015629,0.5223614791755533,0.6020530166360344,0.4535438627393837,0.3184014929038296,0.3732291318050594,0.530628880523056,0.5935528581132953,0.4539530908363101,0.455446604646802
GNQ,赤道几内亚,226,2011,0.5240862840578399,0.186672722345189,0.5514794115000241,0.5962892148540622,0.4566474553561643,0.5189255343498931,0.1852073170474278,0.5408240224236833,0.5959174237274396,0.4602185743871109,0.5098525470198478,0.181734539721114,0.5492372484536363,0.5905741089321026,0.4578496110316752,0.442765921584989
ETH,埃塞俄比亚,231,2011,0.2520929423320646,0.3565049265070767,0.4419625439421841,0.4479653840347437,0.3939374759099497,0.2563063663988806,0.3778855437003195,0.4425022859748331,0.4593545380349107,0.384012183527236,0.3178128133270216,0.3285563453679161,0.45556037577881,0.4758119678935242,0.394435375591818,0.3946115374154645
ERI,厄立特里亚,232,2011,0.1495621031088542,0.3038785954600664,0.4389644888787533,0.2812783053859071,0.3035942071181822,0.1551105963700393,0.3198177935895576,0.4405660484620721,0.3019679383271902,0.3043655941872148,0.2296540801720494,0.2772554491117672,0.4306447614664024,0.3408767421808755,0.3196077582327736,0.3230279365578425
DJI,吉布提,262,2011,0.0989637627183178,0.4142127619802848,0.5264925449168323,0.1731189622486062,0.3083929206889911,0.0958907317719792,0.4306071505117646,0.5246526567755483,0.1952422501178385,0.3115981972942827,0.0813328863005427,0.3833562447868943,0.5293266762783081,0.2342137908133289,0.3070573995447685,0.3247218548524749
GAB,加蓬,266,2011,0.5111279202369122,0.5384198595766009,0.5668013399957154,0.6518631200971838,0.5820703279627409,0.5080413559116645,0.5445872270935497,0.5638009654950507,0.6510613670216391,0.566872728880476,0.5175113653826547,0.4726039035578816,0.5551700602805218,0.6405643207447681,0.5464624124914566,0.54322540299236
GMB,冈比亚,270,2011,0.2311432454269756,0.4311893289407117,0.5220238056482901,0.5250174290343481,0.458007645570107,0.235523916933778,0.4435762338367202,0.5206002131225699,0.5371661600298142,0.4342166309807206,0.2904837909787381,0.3908065637607952,0.52593202425573,0.5787478636605483,0.4464925606639529,0.4501418618248552
GHA,加纳,288,2011,0.2967024547139492,0.4855156142439439,0.4999209170737594,0.5532240036367139,0.4883039595598837,0.2994141448646985,0.4969548386745261,0.4988065432488501,0.5623883247358041,0.4643909628809697,0.354201754187562,0.438364732274341,0.500104787469573,0.5647773969431376,0.4643621677186534,0.4671241724949294
GIN,几内亚,324,2011,0.2485661642838484,0.3825077709480114,0.5007155602703464,0.5996824472772111,0.4686784018606623,0.2520148449472398,0.4001754802789308,0.5001011453360036,0.6061652724946806,0.4396141857642137,0.3097894933383935,0.3492652800424564,0.5036576732388269,0.5995472981665078,0.4405649361965461,0.4408963734786712
CIV,科特迪瓦,384,2011,0.329819373327426,0.4196713482744987,0.5185836980196125,0.5251562246479837,0.4669455110991909,0.3308842726018289,0.4327536895008564,0.5174445017795507,0.5347375651277468,0.4539550072524957,0.3662432477225888,0.3804104214427087,0.522700549166832,0.5364512502572288,0.4514513671473396,0.4518741733248391
KEN,肯尼亚,404,2011,0.2671379403296211,0.3951629780281973,0.5163909993679948,0.4973036715103739,0.4408609614228598,0.271446873819928,0.4056430533261411,0.5152552423722679,0.508312691756271,0.425164465318652,0.325045904426709,0.3624354902455474,0.5213296986772791,0.5260731169086292,0.4337210525645412,0.4353008369649113
LSO,莱索托,426,2011,0.2986537465341906,0.3002994160661841,0.4836237523961235,0.4685730302553888,0.399729410280312,0.2994014982813293,0.298931491750353,0.4831533316336842,0.4754777042600011,0.3892410064813419,0.3462618527383933,0.2944832836471701,0.4960021306608037,0.4974623534478667,0.4085524051235584,0.4062465826226654
LBR,利比里亚,430,2011,0.1631704531656574,0.3180714436418618,0.4794639955384061,0.4701600547042051,0.3868223690122523,0.1692811786771777,0.330546629737009,0.4792087594153211,0.4837157360247656,0.3656880759635684,0.2420795553241822,0.2852706750278896,0.4878394774297523,0.5127173825768798,0.381976772589676,0.3835164116185582
MDG,马达加斯加,450,2011,0.2456337629362316,0.3560028703494836,0.5015070399961807,0.5150136089802417,0.429816140950549,0.2490226866441198,0.3713380189295866,0.5010104975541281,0.5288469328709162,0.4125545339996876,0.3053741093672396,0.3247597634456451,0.5089290876135693,0.55382857559303,0.4232228840048709,0.4234178468615733
MWI,马拉维,454,2011,0.2439254658593742,0.320739374692701,0.5165845371851724,0.5695805600533634,0.4422205482069651,0.2478023691439266,0.3362533431347062,0.5154799942382534,0.574944469930444,0.4186200441118325,0.3059793675763315,0.3073809911208422,0.5206494826090873,0.5774093593376912,0.427854800160988,0.4270819324242959
MLI,马里,466,2011,0.2668933512983104,0.3975516767726403,0.4936283910105652,0.4056238465616478,0.4033865469694223,0.2701578116861134,0.4129957187121145,0.4934117436538087,0.4261486129827929,0.4006784717587074,0.3229085076282062,0.3595834229622484,0.4954938634640555,0.4389577299695275,0.4042358810060094,0.4066853057044896
MUS,毛里求斯,480,2011,0.3833465435414749,0.4723602521518644,0.6225017490043732,0.3773402825902883,0.4574642860342978,0.3911984077670819,0.4703302595381515,0.6224381754858775,0.3893674215102164,0.4683335660753318,0.4210497613182479,0.4606526255682722,0.6008593763730445,0.4085775038648229,0.4727848167810969,0.4773596765643071
MOZ,莫桑比克,508,2011,0.2432890541364829,0.3568307719799118,0.4715962894579202,0.607303520088035,0.4570929508910105,0.2467927793328041,0.3736673012622428,0.4719286373009229,0.6117423117067551,0.4260327574006812,0.3060118861898168,0.3352992630625556,0.4855128136159183,0.6122477071082991,0.4347679174941474,0.4341962592165863
NAM,纳米比亚,516,2011,0.3820551120135292,0.4805573602353502,0.5201056457528327,0.6678530241375059,0.5440520676641878,0.3856056930332305,0.4841227883801632,0.5172606880757229,0.6720998353515727,0.5147722512101723,0.4171023258241116,0.4417353732235577,0.5240376643444747,0.6571696978115866,0.5100112653009328,0.5091401933705095
NER,尼日尔,562,2011,0.2303167946193608,0.3524952102064647,0.5220830289761855,0.3698058435348608,0.378200218571247,0.2342095231384824,0.3704827634183918,0.52105008015442,0.3902793827339468,0.3790054373613102,0.2933139966446244,0.3213628415096691,0.5264651025660595,0.403256058994314,0.3860994999286667,0.389148846666415
NGA,尼日利亚,566,2011,0.3276792480324703,0.4190824499191296,0.502419377518547,0.4371384365381521,0.4310582471849925,0.3303958703406118,0.4324147133694801,0.5015768592559777,0.4464454843391182,0.4277082318262969,0.3732456156762578,0.3824236456590956,0.5081342490676861,0.4677242288150827,0.4328819348045306,0.4338811128957236
GNB,几内亚（比绍）,624,2011,0.2805373495799266,0.3270332486329383,0.4775731558332303,0.6794947685497483,0.4807539790023474,0.2835747669539155,0.3410551542618175,0.4771840141811996,0.6847292432293073,0.44663579465656,0.3387169395539014,0.3034828163573762,0.4867539101388162,0.69452798436799,0.455870412604521,0.4512604649013041
RWA,卢旺达,646,2011,0.2490389291802564,0.4256702455445109,0.5070604038834088,0.3709603380307346,0.3995133264871774,0.2537996890357943,0.4459341282550662,0.5061547585904871,0.3761300950563052,0.3955046677344133,0.3147765246695183,0.3851303540543852,0.5129583605967023,0.4044383587271574,0.4043258995119408,0.4090256273064137
STP,圣多美和普林西比,678,2011,0.2355088542083581,0.3482964103120576,0.5231345519375483,0.5491080925689015,0.4431517905418035,0.2465113346014027,0.3498963929849374,0.5213244848469405,0.5543016852451473,0.418008474419607,0.3048047404464234,0.3413167269968037,0.5262573311746481,0.5586939467481683,0.4327681863415109,0.4339020002250052
SEN,塞内加尔,686,2011,0.267976413222082,0.4810436719217767,0.5211984605971949,0.6298499239678749,0.5155546530216696,0.2719012654488064,0.4966412860032873,0.519904371770523,0.6373647296288323,0.4814529132128622,0.3245824239139703,0.4328809430122898,0.5251368808797053,0.6380166263101724,0.4801542185290345,0.483272098115277
SYC,塞舌尔,690,2011,0.2567774439999799,0.6071649217208809,0.4726255061912616,0.6283341692584841,0.5405367557410462,0.2586611065625839,0.6048183626169155,0.4633676934622924,0.6207361427663164,0.4868958263520271,0.3210391857153289,0.5941791417507729,0.4773854852214778,0.6186472392076764,0.502812762973814,0.5127856764167572
SLE,塞拉利昂,694,2011,0.197947430823474,0.3385698491580999,0.5197215495425292,0.5327100658176576,0.4286499428235377,0.2043855006313531,0.3553238611777093,0.5184965453113064,0.5444344432908286,0.4056600876027993,0.2713187672739628,0.3130575513995499,0.5236833260719908,0.5626572028074791,0.4176792118882456,0.4189474835888526
ZAF,南非,710,2011,0.4125527092461444,0.6274401389873154,0.4392334382199038,0.3520091856160712,0.4594384251076282,0.4197315308580594,0.6291982741733448,0.4331876953273779,0.3520363814680041,0.4585384704566965,0.4453525542719477,0.5937589439032102,0.4461582575695907,0.3563107616225282,0.4603951293418192,0.4682637567659493
ZWE,津巴布韦,716,2011,0.2874111060778304,0.353623768865197,0.4346698115084095,0.6057288370339357,0.4536580400649708,0.291526650963158,0.3595285089767966,0.4356384767663448,0.6085435581090376,0.4238092987038343,0.3449072045825656,0.3364402014719748,0.4498948614281349,0.5999287586607109,0.4327927565358465,0.4302128314393119
SWZ,斯威士兰,748,2011,0.3688616206772738,0.36315222249828,0.5855504679289324,0.386886761104662,0.4191036862876878,0.372471831264596,0.3620629951293325,0.5866043624926583,0.3993685129589165,0.4301269254613759,0.4079397622989457,0.3627542568683187,0.5749321053637342,0.4306568704968308,0.4440707487569573,0.4441989652065898
TGO,多哥,768,2011,0.267539731568451,0.3735065530952597,0.444107743112119,0.5616928088548696,0.4428425773503455,0.2706284785761165,0.3886866665792113,0.4449471074276638,0.5684323899108651,0.4181736606234641,0.3272837880896529,0.3427362563143256,0.4514129947570943,0.5647467686192333,0.4215449519450766,0.4205600053393689
UGA,乌干达,800,2011,0.2545321630115692,0.3805658004747476,0.4781988111201371,0.4919615902996742,0.4249566086185876,0.2592178130942515,0.397645559685627,0.4778934126226481,0.4963318080816966,0.4077721483710558,0.3191374636393361,0.3510507053539851,0.4898101826138985,0.5050693115609961,0.416266915792054,0.4174504539714195
TZA,坦桑尼亚,834,2011,0.2467104014646633,0.3961302949488761,0.4906903506288814,0.6215320199208166,0.4783063778887496,0.2508057533865728,0.413420566828967,0.4905782244150701,0.622675662516966,0.444370051786894,0.3105618533250505,0.3605802241448189,0.4978949872515779,0.6253740837005379,0.4486027871054963,0.4489347873409425
BFA,布基纳法索,854,2011,0.2722158167614658,0.3799081186170204,0.4982440256008755,0.6030649605217635,0.4717426375526958,0.2750481381632284,0.3962298196399251,0.4979324890772434,0.613949187848556,0.4457899086822382,0.3305562737372386,0.3478342130193116,0.4995811732491925,0.61616861568551,0.4485350689228132,0.4475828097376647
ZMB,赞比亚,894,2011,0.3579203712325213,0.3027655254588873,0.4756543013861265,0.6841827290743511,0.4851024738622304,0.3584383039597953,0.3100516194573081,0.4758634979148552,0.6826364669585243,0.4567474720726207,0.3917863845279348,0.2793460024855587,0.4778309598007157,0.6720769903549485,0.4552600842922895,0.4474429199293284
AGO,安哥拉,24,2012,0.4224030245443997,0.4378001385726559,0.5189439828129674,0.4789622977102283,0.4677454067723463,0.4213484668213321,0.4567437062658108,0.517162281298759,0.4862144820873808,0.4703672341183206,0.4493012142673592,0.3901737573980229,0.5165981932468824,0.5055565430595339,0.4654074269929496,0.4629612399279399
BWA,博茨瓦纳,72,2012,0.3925951636688209,0.4636324934873811,0.5171160961589916,0.6166977522347168,0.5212000637867659,0.3934738617427777,0.4567136546062592,0.5137935881955117,0.618195405597921,0.4955441275356174,0.416517659094261,0.437595669937456,0.5206670581927079,0.602585978424258,0.4943415914121707,0.4940668136518476
BDI,布隆迪,108,2012,0.228057783714615,0.3101293205115021,0.46620959675192,0.3478908015326959,0.3457378773974165,0.2325270666041181,0.3245729334728316,0.4660189935285069,0.3552535634498381,0.3445931392638237,0.2929190874416473,0.2751528795037757,0.4756751208627741,0.388314475473448,0.3580153908204113,0.358516302902407
CMR,喀麦隆,120,2012,0.2758157013254317,0.4309001819153731,0.5266402304491513,0.4210140014166648,0.4269071475443083,0.2795813892718365,0.4453974505344506,0.5252305994618308,0.4297326189682957,0.4199855145591034,0.3330032830978853,0.3943185183717947,0.5287248876121695,0.4542243145317934,0.4275677509034107,0.4313684314755006
CPV,佛得角,132,2012,0.2775887337046629,0.5784918571350712,0.5319493318856328,0.3231913721065561,0.4361415234230528,0.2845330002518094,0.5889220337193721,0.5296852881382049,0.3435962666784674,0.4366841471969634,0.3351271004282884,0.5263994290783336,0.539150139822141,0.3732746002583372,0.443487817396775,0.454365648654333
CAF,中非,140,2012,0.1421378579108941,0.3151917390097284,0.55084560403464,0.5149030065716228,0.4144363018625026,0.1493439840349743,0.3306557715476796,0.549257902192567,0.5206805919331015,0.3874845624270805,0.2253359168238382,0.3030202265631615,0.5528950721388125,0.5279079250395626,0.4022897851413437,0.4060844921460085
TCD,乍得,148,2012,0.197553788435367,0.3259129456736039,0.508756624669182,0.4661214378719708,0.3983263400633252,0.2027942075271552,0.3426318362633318,0.5080440840412975,0.4811894890385477,0.3836649042175831,0.2678329241697727,0.2974615596359953,0.5110014554650194,0.4817752349189518,0.3895177935474347,0.3912547365907399
COM,科摩罗,174,2012,0.2743588602447169,0.4151105462255789,0.5424600547135745,0.5836449656025896,0.4845873397713859,0.2808138218970188,0.430309148904539,0.5402123956867715,0.5911704812888511,0.4606264619442951,0.3347656460089639,0.3785508443071665,0.5458026661451176,0.5864130186960007,0.4613830437893121,0.4627175326473081
COG,刚果（布）,178,2012,0.3746035673393355,0.3817066106024626,0.5639340155518225,0.592515591579929,0.495675217842908,0.374807281557531,0.3898609905784416,0.560468057412615,0.5919364213669114,0.4792681877288747,0.4113531624736132,0.3396639111574481,0.5580239848507299,0.5866783193334177,0.4739298444538022,0.4703456960945202
COD,刚果（金）,180,2012,0.268350318057884,0.3082501100896369,0.4115404462443642,0.4644342510836296,0.381482971735844,0.2710701114016706,0.3238913188183419,0.412974407870485,0.4665102332948126,0.3686115178463275,0.3287580779656563,0.2818681567221883,0.4250352422478651,0.4860346669837049,0.3804240359798536,0.377458312620056
BEN,贝宁,204,2012,0.25807567675927,0.4216039618979284,0.5260867483475776,0.5965857416641186,0.4856399969246914,0.2621532868390902,0.4347558451769912,0.5242735460149227,0.6018058932603183,0.4557471428228306,0.3193278825616596,0.3793945170159714,0.532383742926825,0.5934535727511827,0.4561399288139097,0.4578918416600653
GNQ,赤道几内亚,226,2012,0.5280120810848463,0.1931091406823657,0.5578001542413789,0.5949094911837828,0.4598829250222018,0.5238771000675924,0.191260589047238,0.5471803134518599,0.594627142830715,0.4642362863493514,0.5157436919639852,0.188923674313387,0.5563151548882979,0.5899981732435778,0.4627451736023119,0.4478313049066196
ETH,埃塞俄比亚,231,2012,0.2392739920607742,0.3845389560409701,0.4516661538283946,0.4497487751167866,0.4031928888370709,0.2435539311434633,0.4048679063484018,0.4520241366868208,0.461229994413568,0.3904189921480635,0.3036858620400769,0.3527647114293616,0.4644186329748093,0.4774998349356852,0.3995922603449832,0.4015651330833212
ERI,厄立特里亚,232,2012,0.1223030100120609,0.3109929457287904,0.4900017481885449,0.2817831312184722,0.3129674289048277,0.1289836966014606,0.3268995283942547,0.4899513435862969,0.3025187359461588,0.3120883261320427,0.2058995432963726,0.2850640101595219,0.490547436089478,0.3413784325905162,0.3307223555339722,0.3364085673588017
DJI,吉布提,262,2012,0.1064738754535254,0.4144098043727877,0.5256600673306291,0.1686557549611697,0.3076412760187603,0.103126506194818,0.4307139003373292,0.5236438835932912,0.1902135396966052,0.3119244574555109,0.0873672617568825,0.3843843165986682,0.5284567060548452,0.2288126638293287,0.3072552370599312,0.3247654606886204
GAB,加蓬,266,2012,0.5323135418420252,0.5518521483135165,0.5654354973979443,0.6494546643282987,0.5876587149852638,0.5280502353497147,0.5574373589956164,0.5618975596362431,0.6482031161165652,0.573897067524535,0.530856962197359,0.4830878543475901,0.5533376100765861,0.6369415294333464,0.5510559890137204,0.5477190589709842
GMB,冈比亚,270,2012,0.2493175669112936,0.4398709475992698,0.5195090772890762,0.5227041784891764,0.4615929783979495,0.2542217076602165,0.4515377081816971,0.5181028987811419,0.5347604422831561,0.4396556892265529,0.3152559611362837,0.3977552591111004,0.5234810332315653,0.5765049043878984,0.4532492894667119,0.456109201566243
GHA,加纳,288,2012,0.2883699361276529,0.4898954046407566,0.5011676082633317,0.5543912273471213,0.4891830194103033,0.2909527561946702,0.5006244186514002,0.4999418907524475,0.5636811317742241,0.4638000493431854,0.3433615132532123,0.440737881055801,0.502205830691436,0.5659955986032852,0.4630752059009336,0.4664331373052853
GIN,几内亚,324,2012,0.2619152431236407,0.3881639041036819,0.5032230005940436,0.6003044418089603,0.4728561383997823,0.2647911428898646,0.4054885303053547,0.5024983368028134,0.6068916201870521,0.4449174075462712,0.3200322208043075,0.3542015005080355,0.5062061483192736,0.6003190010470397,0.4451897176696641,0.4453131733517731
CIV,科特迪瓦,384,2012,0.3304750191890009,0.4274476732049508,0.5203188818892864,0.5259728206710167,0.4699847880122605,0.3328804237223509,0.4401634371589132,0.5190245461513852,0.5356356774021556,0.4569260211087012,0.3765157748904747,0.3875946551186076,0.5247143478997682,0.5370723823315406,0.4564742900600978,0.4567813283873423
KEN,肯尼亚,404,2012,0.2657908278006531,0.4055764431719988,0.5177894529803454,0.5024547392495486,0.4459214224153947,0.2701909023044066,0.4156773932886812,0.5166361352008679,0.5135409683461857,0.4290113497850354,0.3240090536459281,0.3714252284715324,0.5225108736087992,0.530740177760779,0.4371713333717597,0.4391422042588895
LSO,莱索托,426,2012,0.2800357017394118,0.3300437741869284,0.4854529400458605,0.4774409964771016,0.4096559253651231,0.2819688700602629,0.3270562636669272,0.4848442967949147,0.4851384696512772,0.3947519750433455,0.333909873934573,0.3188922788879918,0.4972798708409551,0.5065269408754753,0.4141522411347488,0.4133537138527744
LBR,利比里亚,430,2012,0.1516141079127144,0.3337406513207787,0.4764533781573297,0.4720196092952275,0.3899653652923807,0.1580651364218417,0.3459318871108358,0.4761766367733465,0.4857919472095026,0.3664914018788817,0.2328743716814534,0.2991214892239618,0.4846158393830384,0.5146340210560574,0.3828114303361277,0.3852926534383999
MDG,马达加斯加,450,2012,0.2439585732061751,0.3654813120082486,0.4982031705506976,0.5176593233586119,0.4326611376227183,0.2475678599000242,0.3818304666867417,0.4977353627353614,0.531689529338412,0.4147058046651348,0.3060330813392571,0.3323082912279448,0.5058531386492188,0.5564344473216039,0.4251572396345062,0.4255725972961779
MWI,马拉维,454,2012,0.2456748963774505,0.3224812827868016,0.5089620159815206,0.5699051381412453,0.4414870232903723,0.2491580012409979,0.3377656607042208,0.5079210193592787,0.5753650080933334,0.4175524223494576,0.3044004380932305,0.3084437737399775,0.5134400691938319,0.5778306324504051,0.4260287283693612,0.4252601907764741
MLI,马里,466,2012,0.2702008108043014,0.4113515008702614,0.4851653979922321,0.4079011638980238,0.4069478206164121,0.2730189567330089,0.4253507153039029,0.4851983747538947,0.4282770957581832,0.4029612856372474,0.3238383991675165,0.3703583644946383,0.4854550156628094,0.440695007010787,0.4050866965839378,0.4077972834167817
MUS,毛里求斯,480,2012,0.3991267827183509,0.4944756289508811,0.6246218450916077,0.3778987221581609,0.4667100140773505,0.4066529756737387,0.4902611494279146,0.6246261002012145,0.3899866654901696,0.4778817226982593,0.433286786992735,0.4830105311871898,0.6030251276943875,0.4092301609649702,0.4821381517098206,0.4871817722879497
MOZ,莫桑比克,508,2012,0.2085921269207185,0.356706452516646,0.4752305483188541,0.6084504550888363,0.453662624759544,0.2132327457433595,0.373067308843621,0.4753721575075298,0.6126107379962985,0.4185707375227022,0.2775759842414448,0.3339764840799693,0.4883239680198388,0.6125076742180048,0.4280960276398144,0.4287580540121292
NAM,纳米比亚,516,2012,0.3725722814650482,0.4791960560092548,0.5225464053065486,0.6730851114096627,0.5448171960101365,0.3763200376467915,0.4833756479999379,0.5196676795053199,0.6777041893000773,0.5142668886130317,0.4087228186558325,0.4400547603671977,0.5271639971165198,0.662496312090051,0.5096094720574003,0.5090015825009381
NER,尼日尔,562,2012,0.250969766130281,0.3503423814260258,0.5197007733146121,0.3716128380294644,0.3804463242982759,0.2548806317322912,0.3682560322742359,0.5187213509822072,0.3921965241049829,0.3835136347734293,0.3161836302428603,0.318647402596118,0.5243732511194045,0.4050090787371213,0.391053340673876,0.3929173919892004
NGA,尼日利亚,566,2012,0.3241507359362096,0.42524729730343,0.5055328951916819,0.4378486590270843,0.4333209485943605,0.3271774182719517,0.4375313724926922,0.5045820467632893,0.447252583035065,0.4291358551407496,0.3703237478041168,0.3867638151747704,0.5113592709060844,0.4684475400488149,0.4342235934834466,0.4355799454388765
GNB,几内亚（比绍）,624,2012,0.2450706721573236,0.3506605069810238,0.4661730363349638,0.6781464551679567,0.4801678602644801,0.2488448850525801,0.3638674661962623,0.4659241216788972,0.6833861538171108,0.4405056566862125,0.3047623668558509,0.3206886543663441,0.4761631153907182,0.6931731690572419,0.4486968264175388,0.4462081324302587
RWA,卢旺达,646,2012,0.2472198295097486,0.4411854648103123,0.5092494324864775,0.3715547249796148,0.4045218754430985,0.252127561523664,0.4606829086073643,0.5082602741893406,0.3767733281460782,0.3994610181166118,0.3139253200528121,0.3969080595997957,0.5151575800857842,0.405028234795975,0.4077547986335917,0.4130353510443383
STP,圣多美和普林西比,678,2012,0.2458272527277943,0.3484756998177531,0.5221069233649895,0.5456211604294305,0.4430795806458111,0.2569265304602671,0.3496439130786762,0.5202921483696235,0.5506081416407116,0.4193676833873196,0.3155304393730248,0.3424106817083346,0.5253411742587306,0.5551529320414408,0.4346088068453827,0.4353562916869006
SEN,塞内加尔,686,2012,0.2674852956503643,0.5278255589800126,0.5180172262682055,0.6282481030398305,0.5280311176198255,0.2717257257443305,0.5461322432473952,0.5168034745710258,0.6356820331556647,0.492585869179604,0.3262657003090326,0.4690523205978293,0.521099880277465,0.6365306595742046,0.4882371401896329,0.4928390384480102
SYC,塞舌尔,690,2012,0.2713023628039578,0.608086590859948,0.463797768967146,0.6228342123114189,0.5388718441620718,0.2718320947493766,0.6035686484650071,0.4536545286981511,0.6138369620307815,0.4857230584858291,0.3241797903907541,0.5789685740419762,0.4687246167711302,0.6084757717224949,0.4950871882315888,0.5042727058198581
SLE,塞拉利昂,694,2012,0.2563814642692686,0.3420891933698912,0.5265434450521104,0.5614202844858605,0.4492690180088119,0.2607624053181466,0.3585571601872754,0.5251372979237845,0.5722558503686029,0.4291781784494524,0.3203032904733509,0.3163468356478379,0.5298005580879322,0.5855196880155382,0.4379925930561648,0.4369986446090451
ZAF,南非,710,2012,0.4038654220936,0.6425383386957375,0.4441587150360695,0.3528754903001362,0.4640908272605442,0.4109918041308878,0.6425394854606817,0.4379543522089662,0.3528703867773464,0.4610890071444705,0.4369219416748429,0.60693009038893,0.4509136489879926,0.3569741029541864,0.4629349460014879,0.4718167694158419
ZWE,津巴布韦,716,2012,0.3054132779805984,0.3874357253131577,0.4497391915438866,0.6005877652537168,0.467280078293428,0.3096624662882624,0.3913279268195063,0.4502143765840479,0.6029120382628299,0.4385292019886617,0.3612489961139244,0.3629856451585898,0.463598213210914,0.5944132527105009,0.4455615267984822,0.4437143930872236
SWZ,斯威士兰,748,2012,0.3938997805080054,0.3715584177027554,0.5723619531470648,0.3843156436106563,0.4211839320432552,0.3973380415633202,0.3704154314158981,0.5729941406984091,0.3965766446710895,0.4343310645871792,0.4312455651961671,0.3706497075464245,0.5641782585831269,0.4281199939580062,0.4485483813209312,0.4478758914926355
TGO,多哥,768,2012,0.2734363088930369,0.3831210633468682,0.4354475229861156,0.5624274431811522,0.4449082887226983,0.2763478579349278,0.397631393844451,0.4365643351914265,0.5692865541869263,0.4199575352894329,0.3322135596019186,0.3502744970465279,0.4401826822628716,0.5657313072851557,0.4221005115491185,0.4210510143037
UGA,乌干达,800,2012,0.2578732865782118,0.3829428288559928,0.4741188456723241,0.4939260897492414,0.4259587552057287,0.262219425537894,0.3999958809861452,0.4738746306911294,0.4985210210886591,0.4086527395759569,0.3181776991575393,0.3528426284141072,0.4860092713225344,0.5071612701734882,0.4160477172669173,0.4172659935745459
TZA,坦桑尼亚,834,2012,0.248893761428846,0.3990822364078801,0.4940557475180056,0.6226558606023186,0.4805779730332812,0.2527667722510267,0.4163903239578989,0.4937928978542459,0.6239454632101294,0.4467238643183252,0.3103672319291121,0.3626338915708338,0.5012304373183064,0.6264455491315286,0.4501692774874453,0.4506337608273268
BFA,布基纳法索,854,2012,0.2686237883795291,0.388288572682546,0.5041291513579469,0.6030941440505369,0.4749823294818821,0.2717344684551182,0.4039393682725014,0.5035992849044535,0.6139968974281884,0.4483175047650654,0.3280015842754551,0.3532043728429632,0.506775422176601,0.6161583356873219,0.4510349287455853,0.4505382442189941
ZMB,赞比亚,894,2012,0.3542705297185833,0.3182581036428318,0.4880010281944404,0.6820602018446456,0.4910002940107553,0.355087309340764,0.3245681558189289,0.4877749679888322,0.6803457733520011,0.4619440516251315,0.3916485360872581,0.2916085274095953,0.4920106870511763,0.669816601564726,0.4612710880281889,0.4542427653730929
AGO,安哥拉,24,2013,0.4117132455754497,0.4480531148738345,0.5251946452973258,0.4757619916754554,0.4695024418377606,0.4110312358238969,0.4663178637856219,0.5230935108563869,0.4827790805402747,0.4708054227515451,0.4383342194381921,0.3998404085787809,0.5237156162351542,0.5021657521607457,0.4660139991032182,0.4646326525075737
BWA,博茨瓦纳,72,2013,0.4514491798647218,0.4916064015116316,0.5219215137539048,0.6171894830541472,0.5383865544077668,0.4510822553231208,0.4826421625880466,0.5184868966606789,0.6187420778451254,0.517738348104243,0.4715018819672509,0.4634502412842687,0.5258628577257913,0.6029732613368435,0.5159470605785386,0.5144578646129504
BDI,布隆迪,108,2013,0.2269119482782799,0.2937110297526543,0.4657458892600306,0.3648015889480729,0.3468073433115826,0.2316204969003176,0.3088718651886705,0.4655558055651189,0.3711670871410314,0.3443038136987846,0.293576013361516,0.2598951699926161,0.4755043910915876,0.4010742586477671,0.3575124582733717,0.3571210994842118
CMR,喀麦隆,120,2013,0.2744737973852594,0.4739997131551527,0.5279560139317091,0.423217491709394,0.4405129660757982,0.2783724891459255,0.4908835181328671,0.5265505019101023,0.4321939850116616,0.4320001235501391,0.3322657712986084,0.4290648566621842,0.530300921323605,0.4566993080714274,0.4370827143389563,0.4424356388881166
CPV,佛得角,132,2013,0.2916290731220997,0.5954717438146325,0.530215319807956,0.3243158267667558,0.443043403627445,0.2981130598929735,0.6042450255003149,0.5278210460124914,0.3447642440696286,0.4437358438688521,0.346523663530255,0.5402502475155131,0.5360556799997757,0.3743617519035471,0.4492978357372727,0.4602224486792138
CAF,中非,140,2013,0.0973077715310349,0.3213808029253628,0.5318406316551294,0.5115478603120984,0.405153198306112,0.1022987635757227,0.3355878829257845,0.530903591221787,0.5170299408387352,0.3714550446405074,0.157455906913525,0.3074864210124433,0.5370485610590974,0.5244617007589173,0.3816131474359957,0.388417241591833
TCD,乍得,148,2013,0.1800791740807927,0.329313695528074,0.5117571195374606,0.4664785972010919,0.3977843200355885,0.1855880341668118,0.3458529169607481,0.5109074847466879,0.4815962311600439,0.3809861667585729,0.2502835812804004,0.3000782961816109,0.514552466916338,0.4821518312687952,0.3867665439117861,0.3894398495051858
COM,科摩罗,174,2013,0.2760427941481682,0.423009917055112,0.5417600000047964,0.5824100527632796,0.4865416243475962,0.2826790369676932,0.4374315596194263,0.5394790173104542,0.5898302542245257,0.4623549670305248,0.3382212488441253,0.3853787589657497,0.5453423879338987,0.5849655227636471,0.4634769796268552,0.4649747648553129
COG,刚果（布）,178,2013,0.3866725417279295,0.3994545015976959,0.5700767505209596,0.5808161586283357,0.4995233991448887,0.3849716691581799,0.4075978698902573,0.5659758328768093,0.5789780753810541,0.4843808618265751,0.4119181347896202,0.3569192058484437,0.566604155907976,0.5736071734494721,0.477262167498878,0.474732758611157
COD,刚果（金）,180,2013,0.2553241105170503,0.3154383749851717,0.4123747719972046,0.4608507249689023,0.3807553160730449,0.2586332527413125,0.3303024841180207,0.4137759021197089,0.4626768153577216,0.366347113584191,0.3190021941448152,0.2863059914076792,0.4244778906229869,0.4823438638927619,0.3780324850170608,0.3757390352893965
BEN,贝宁,204,2013,0.2656544788069315,0.4269243072659779,0.5262731627296382,0.6019098045906012,0.4901845513236612,0.2696443590559793,0.4392610340775686,0.5244352824633979,0.6076894233200217,0.460257524729242,0.3277359059751817,0.3836719700361294,0.5327312032094902,0.5989693186705325,0.4607770994728334,0.4622707770716834
GNQ,赤道几内亚,226,2013,0.4905876278945058,0.198561793876901,0.558533542411508,0.5927748927512844,0.4559350696997455,0.4885380145242848,0.1969568156089483,0.5480073462380693,0.592570659081817,0.4565182088632799,0.4769855463150693,0.194135656964757,0.5593410903201614,0.5889311844915823,0.4548483695228925,0.4419345494902108
ETH,埃塞俄比亚,231,2013,0.2442929048062304,0.3973668900262592,0.4573512502756321,0.4500711031658059,0.4089431531207027,0.24906576445145,0.4173680887921385,0.4575545463469911,0.4614233448815497,0.3963529361180323,0.3135566100061833,0.3641667005659458,0.469515711326967,0.4774774506380568,0.4061791181342882,0.4082948318455854
ERI,厄立特里亚,232,2013,0.1234671203108482,0.3147064593077764,0.4833588274057126,0.280797265533745,0.3124658965501132,0.1301021674824378,0.3305066921874171,0.4835406761714078,0.3014410107556748,0.3113976366492344,0.2069634990105323,0.2883689880788547,0.4839859264354523,0.3403449755559546,0.3299158472701985,0.3356196328302641
DJI,吉布提,262,2013,0.1740594536603759,0.4251104066580974,0.541397495452085,0.1890559036193824,0.3304238108895174,0.1762316421163796,0.4409532465496562,0.5384473999308885,0.2102720583732074,0.3414760867425329,0.1507564473916164,0.393662567791659,0.5452178418716631,0.2455588680454344,0.3337989312750932,0.348922127378422
GAB,加蓬,266,2013,0.5327533960405603,0.5670953400345297,0.558120749633241,0.643815904379432,0.5886256801345012,0.528573949038097,0.5712278743032061,0.5547083408028602,0.6420568026453233,0.5741417416973716,0.5298587062499042,0.4969179839723047,0.5502992652193691,0.6311207053168991,0.5520491651896193,0.549407347440644
GMB,冈比亚,270,2013,0.2469065442983355,0.4522917157656825,0.5199138487629555,0.5248904221202385,0.4658174300772373,0.2515554879558985,0.4627290448411542,0.5184930799394383,0.5372433855994769,0.442505249583992,0.3108614184282157,0.4069416318270134,0.5237746826276284,0.5788440472670274,0.4551054450374712,0.4585344343838975
GHA,加纳,288,2013,0.2717884315205965,0.5139458188630632,0.5122997774166957,0.5587868941708883,0.4980185434074758,0.2749606621004697,0.5237496417402158,0.5108051747996911,0.5684772439834443,0.4694981806559553,0.3248791175030808,0.4603300802456845,0.513819489433397,0.5703970439977468,0.4673564327949772,0.4725001877017928
GIN,几内亚,324,2013,0.2562418749294331,0.4111518998376784,0.508405432413994,0.6032477383664466,0.4810415254638208,0.2594564015767642,0.4273899941995928,0.5075180411033232,0.6101500010580705,0.4511286094844376,0.3152831794713306,0.3719784697830472,0.5117353274663574,0.6034744299114333,0.4506178516580421,0.4517700100181903
CIV,科特迪瓦,384,2013,0.3233346184810727,0.4393775851876956,0.5233775303630639,0.528627335335711,0.4741674123714113,0.3263848382960898,0.4516079070820456,0.5219237162214201,0.5385543859334422,0.4596177118832494,0.3739021835907403,0.3972475670194871,0.5276840381006368,0.5396543041636768,0.4596220232186352,0.4604759332807411
KEN,肯尼亚,404,2013,0.2622474690188889,0.430521715280002,0.5180311947622797,0.5016932507184558,0.4525812250856671,0.2667912399689548,0.4420325218595129,0.5168563145924425,0.5127009807253468,0.4345952642865642,0.3212594940248015,0.3930158999743317,0.5229010107555205,0.529848204857637,0.4417561524030726,0.4448197115758149
LSO,莱索托,426,2013,0.2860753518947494,0.3589761844281174,0.4941654722987706,0.4775937316041244,0.420859995344639,0.2876939932583461,0.3542433035988577,0.4932649073710319,0.4853102397925888,0.4051281110052061,0.334896911789164,0.3419232827721463,0.5042329189389191,0.5066722030898715,0.4219313291475253,0.4222054442769073
LBR,利比里亚,430,2013,0.2084923787918548,0.3266990822631389,0.4839228958240663,0.4728302579834477,0.3972434629165388,0.2135894052993495,0.339743261902127,0.4834981161480414,0.4867508253957368,0.3808954021863137,0.2822429996424927,0.2981218884245986,0.491266720561905,0.515603581041818,0.3968087974177036,0.3971514416216213
MDG,马达加斯加,450,2013,0.250253553929949,0.3531605151721266,0.499914171460088,0.5163842759457078,0.4297526442440765,0.2535401093851994,0.3695302310654534,0.4994009157860109,0.5302958126207713,0.4131917672143587,0.3100728709772891,0.3223163213358351,0.50704653690796,0.5551005795353601,0.423634077189111,0.4234675523133499
MWI,马拉维,454,2013,0.2372227814426577,0.3362435896118823,0.5066218504749406,0.5692676787156773,0.4437081299084123,0.241054822943963,0.3508600445952652,0.5055867264642874,0.5747273037219223,0.4180572244313594,0.2983847716111666,0.3197274244261429,0.5111670438728981,0.5772341613969846,0.426628350326798,0.426598362693281
MLI,马里,466,2013,0.2702782252081446,0.4532696308834752,0.4939735109033825,0.4120925992960985,0.4226846918047886,0.2736584494155522,0.465389131382286,0.4937031583903146,0.4327069916729124,0.4163644327152663,0.3280936323312928,0.4022955503651692,0.4969360423746468,0.4447215441242608,0.4180116922988424,0.4220531665981368
MUS,毛里求斯,480,2013,0.4022295287617592,0.5046178543347789,0.6229434522894256,0.377645597944078,0.4696650757797179,0.4097682055733658,0.4993977425989577,0.6228622491296395,0.3896375736865576,0.4804164427471302,0.4362325243987062,0.4923284175327711,0.6019855991077865,0.408591226296394,0.4847844418339144,0.4901032955429378
MOZ,莫桑比克,508,2013,0.2161657770433393,0.3656977049508416,0.474552524244204,0.6125935074976878,0.4586776353774169,0.2204954765357827,0.380183263817582,0.4746773031974782,0.6165147193858069,0.4229676907341624,0.2828412783121722,0.3390126600111206,0.4877556880461973,0.6154414705872087,0.4312627742391747,0.4318631913355841
NAM,纳米比亚,516,2013,0.3965552827245504,0.510124707313055,0.5255051213287414,0.6756721814479835,0.5586559932056779,0.3989808303766259,0.5121605108420239,0.5225225666589701,0.6802877241244583,0.5284879080005196,0.4251908357665538,0.4632792162291902,0.5309321721419517,0.6644098568114394,0.5209530202372838,0.5206704828360841
NER,尼日尔,562,2013,0.2469307824237581,0.3635075528589419,0.5132429253222169,0.3729743455011174,0.3829387674270819,0.2506218805288315,0.3806640445088011,0.5124720915032773,0.3936579179449062,0.384353983621454,0.309536013910808,0.3292668841575218,0.5187207739512707,0.4063485221883089,0.3909680485519773,0.3934910612358465
NGA,尼日利亚,566,2013,0.3175380172957773,0.437130814271907,0.5080725298662236,0.4434663339729715,0.4385296831473259,0.3216029901028241,0.4487042981371039,0.5068783192901659,0.4533203675530154,0.4326264937707773,0.3685666996632259,0.3964678398992024,0.5140848669923552,0.473782618370231,0.4382255062312536,0.4400491190155191
GNB,几内亚（比绍）,624,2013,0.2581106113885992,0.3407624287571488,0.4662947309021192,0.6804003553606356,0.4798145362383857,0.2618417957974793,0.3541639763034704,0.4660254106725493,0.6859030163836122,0.4419835497892778,0.318954209312359,0.3121287420951052,0.4761737791954965,0.695442284262057,0.4506747537162544,0.4471490933233379
RWA,卢旺达,646,2013,0.2501252304054129,0.4628252972171686,0.5092822923362866,0.370635214014664,0.4109558016983491,0.25460167384057,0.4829072836829387,0.5082866185672659,0.3757582651991605,0.4053884603224837,0.3134976935811863,0.4144269360750265,0.5151517935539891,0.4040543931649382,0.411782704093785,0.4178692500918816
STP,圣多美和普林西比,678,2013,0.2766225656202317,0.3699628932676515,0.5250084953822575,0.5451938425157391,0.453923375952135,0.2874642909299132,0.3705051301278337,0.5231742890156629,0.5502408767905141,0.432846146715981,0.3431906836615245,0.3611190611000692,0.5281171472406233,0.5547615297761251,0.4467971054445855,0.4471962341178226
SEN,塞内加尔,686,2013,0.2664690075477063,0.5363528102865268,0.5246917889360343,0.6303049976620237,0.532557056793923,0.270630873501071,0.5536459326372,0.5232809239597614,0.6379510213280971,0.4963771878565324,0.3245171980830013,0.4739998620303821,0.5279819529289681,0.6386279399867482,0.4912817382572749,0.4962494147982217
SYC,塞舌尔,690,2013,0.2712364530554472,0.6054335354718267,0.4772759176612028,0.6275072470429288,0.5426041093557165,0.2717436747572925,0.5997105077179261,0.4681707887220859,0.6197861451048186,0.4898527790755307,0.3231955158226708,0.5822366147955608,0.4828794080861815,0.617554933189585,0.5014666179734996,0.510914379323724
SLE,塞拉利昂,694,2013,0.2938317111831482,0.3589636930101654,0.5342628824692323,0.5618406140206195,0.4609472306172462,0.2971444626831773,0.373150389479114,0.532635844024971,0.5727404894971129,0.4439177964210938,0.3546226983730389,0.3279476770188366,0.5368461122496381,0.5858723786384817,0.4513222165699988,0.4494244028868893
ZAF,南非,710,2013,0.4028342626949424,0.6587589803081363,0.4483578589247922,0.3539641849148917,0.4700119307464329,0.4097836876161491,0.6567443059762296,0.4423235729772367,0.3539731965040694,0.4657061907684212,0.4353272559890987,0.6196666484721162,0.4562205241224123,0.3579555681101963,0.4672924991734558,0.4768701923125921
ZWE,津巴布韦,716,2013,0.2885808142427901,0.4246696408151327,0.4511490579041762,0.608573450666052,0.4792406319060111,0.2922591301053688,0.4307890264799339,0.4515845061190992,0.6109406778566018,0.446393335140251,0.3358937062123524,0.3942587493923734,0.465485123694157,0.6012281197751657,0.4492164247685121,0.4497951326134982
SWZ,斯威士兰,748,2013,0.4107266887591203,0.3730577130988645,0.5738458894760521,0.3885635356239829,0.4257005440668926,0.4138618943075752,0.3696142588656393,0.5746190789771959,0.4011806945831748,0.4398189816833963,0.445817576017141,0.3725878794188698,0.5653278064806075,0.4326805614616539,0.454103455844568,0.4528234287155112
TGO,多哥,768,2013,0.2669801855423162,0.4017998672441431,0.4569782315630026,0.5678108990195794,0.4560311190132891,0.2699304104187612,0.4163781727223041,0.4574475942851891,0.5751616352386514,0.4297294531662264,0.3262459564170444,0.3648013535431739,0.4632655891125972,0.5712551363504976,0.4313920088558283,0.4315049006814235
UGA,乌干达,800,2013,0.2568334393974523,0.378043231168907,0.4739100950625176,0.4903759717167109,0.4230411085874103,0.2611328941878856,0.3945657732415029,0.4736923215072413,0.4946842692316504,0.40601881454207,0.3168071312039316,0.3483417362524715,0.4857722895861168,0.5035198499365025,0.4136102517447556,0.414740490785862
TZA,坦桑尼亚,834,2013,0.244088885897078,0.3996607274772449,0.4972059445019669,0.6224831794199085,0.480711945782009,0.2484322902017713,0.4170480772094586,0.4968391586113977,0.6238175637569537,0.4465342724448954,0.3086206618504991,0.3626731905470292,0.5046244395844366,0.6262943804600197,0.4505531681104961,0.451148574657761
BFA,布基纳法索,854,2013,0.2520617000320364,0.4044312471355334,0.5083842542402514,0.6052910647631956,0.4792491327708029,0.2556162901930305,0.4192027431231849,0.5076839253663168,0.6164002410709474,0.4497257999383699,0.3142119505763088,0.3667801926480957,0.5119792487185664,0.6183226335197172,0.452823506365672,0.4535788202099986
ZMB,赞比亚,894,2013,0.3431647833841613,0.3170690449139583,0.4909160583646582,0.6844319015328126,0.4906601426765778,0.3440780594267659,0.3239096551039724,0.4905875591496605,0.6829701808506967,0.4603863636327739,0.3795918007326698,0.2915617822249391,0.4951454816232895,0.6722490981721705,0.4596370406882672,0.4531488984519132
AGO,安哥拉,24,2014,0.393694372728297,0.4523415545136368,0.5345424888487231,0.4850348333169151,0.4737253944554858,0.3943909999799335,0.4702671116335872,0.53201501147607,0.492945350985105,0.472404618518674,0.4229911145914537,0.40495378138571,0.5338826105291397,0.5116311524326893,0.4683646647347482,0.4678961273594426
BWA,博茨瓦纳,72,2014,0.4608421597701531,0.5126441303927246,0.5231344004245857,0.6285698933645155,0.5502233766231588,0.4597981605340158,0.502746863410443,0.5196603098695214,0.6310847070646708,0.5283225102196627,0.4740226791896668,0.4837001056842814,0.5273842530580527,0.6141878736672729,0.5248237278998185,0.5239741493538571
BDI,布隆迪,108,2014,0.2187470797925472,0.3202195354931496,0.468982287247889,0.3785658040063304,0.3592347707279272,0.2236258052747062,0.3340979533890889,0.4687075426391393,0.3860605441020822,0.3531229613512541,0.2865077490873022,0.2835812801641798,0.4781847657450162,0.4151713449350087,0.3658612849828767,0.366658844012886
CMR,喀麦隆,120,2014,0.27550608131089,0.4866656819944104,0.5267185019838196,0.4282868672431437,0.4459693965382457,0.2794346726861769,0.502335926396292,0.5252450517423974,0.4371512768540893,0.4360417319197389,0.3335674149891048,0.4393128490721549,0.5293888144224855,0.4606028018220342,0.4407179700764448,0.4463947688242331
CPV,佛得角,132,2014,0.2868474687109261,0.616667053480469,0.52941106016204,0.3239311565899443,0.4483528550785998,0.2934548737924555,0.6232207773183165,0.5269182680793367,0.344216707135117,0.4469526565813064,0.3428374909219833,0.5560782298129094,0.5352928600925732,0.3734144320664226,0.4519057532234721,0.4636939979984563
CAF,中非,140,2014,0.1314009948427117,0.3210243684335632,0.5305632481588427,0.5198534913410706,0.4122973834104066,0.1385375828518132,0.3357026524502864,0.5296614753611768,0.526094313363019,0.3824990060065739,0.2129065335236146,0.3083459715115343,0.5360262397129053,0.5330056250845765,0.3975710924581577,0.401826076702159
TCD,乍得,148,2014,0.1831184010720978,0.3328364535832303,0.5151571577330011,0.4666824819432289,0.4000092505810491,0.1885027265899744,0.3488067393057064,0.5141680890847672,0.4818207536901802,0.383324577167657,0.2523625873028169,0.3022938808630058,0.518217197855993,0.4823726294741033,0.3888115738739798,0.3915415510660747
COM,科摩罗,174,2014,0.2724336413886918,0.4256393007582493,0.5422979863217157,0.5863368479523612,0.4883835212898104,0.2789455725322309,0.440063130981197,0.5400208225069753,0.594154620851376,0.4632960367179448,0.3337204318145838,0.3852601297564217,0.5458526180897104,0.5891737851144551,0.4635017411937927,0.4651384754114511
COG,刚果（布）,178,2014,0.3660372954805617,0.4093994415964286,0.578787485091753,0.5889678702610625,0.5045274279771079,0.3660435512317959,0.4174976095830583,0.5744101117906029,0.5879537986804073,0.4864762678214661,0.4011533383732,0.3663774746850978,0.5759889704056389,0.5823123746447916,0.4814580395271821,0.4798308190080136
COD,刚果（金）,180,2014,0.2667768205406156,0.3264987506849157,0.4164792335818071,0.4737590320937703,0.3910840698528899,0.2694670522376588,0.3407359658922223,0.4176966687896497,0.4768305146898863,0.3761825504023543,0.326739504095226,0.2945750612432985,0.4287941512744634,0.4956117667481331,0.3864301208402803,0.3840284893104353
BEN,贝宁,204,2014,0.2682215761471853,0.4152731024939843,0.5277843124481999,0.6012444825510354,0.4871623768245189,0.2719273247890137,0.4285301640447411,0.5258631277082162,0.6070314931441847,0.4583380274215389,0.3288161583296221,0.3749923751504626,0.5341143070403818,0.598278217564536,0.4590502645212506,0.4601438636379913
GNQ,赤道几内亚,226,2014,0.4740876630373155,0.2239128023493538,0.5687817488457207,0.5997210761185436,0.4659083356007667,0.4729952754614314,0.2243629834792178,0.5584882224042588,0.6003812807532825,0.4640569405245476,0.468637835856085,0.2160034949225611,0.570213864020061,0.597026409460313,0.462970401064755,0.4514304662376841
ETH,埃塞俄比亚,231,2014,0.2355953902548634,0.3984566494754932,0.4623482840352167,0.4559668284101789,0.4113110588553648,0.2405447310613863,0.4182544949606575,0.4624123053785076,0.4678180541639254,0.3972573963911192,0.3053583911398956,0.3659115606543099,0.4738916689976069,0.4834353086326906,0.4071492323561257,0.4096803480753634
ERI,厄立特里亚,232,2014,0.1246312306096352,0.3170244418341628,0.4898792295756862,0.2872512055695919,0.3170174991794852,0.1312206383634148,0.3329477064082524,0.4900134386978067,0.3084614201673365,0.3156608009092026,0.2080274547246918,0.2924465371517514,0.4891181472703758,0.3469501205078835,0.3341355649136757,0.3399506424731415
DJI,吉布提,262,2014,0.4010400322346204,0.4363304568450468,0.5418681555993112,0.1946439564702152,0.3657741404103173,0.4081351031168593,0.4515780788683114,0.5387695393305363,0.2163670973900323,0.4037124546764348,0.4499751956811784,0.4038541619107997,0.5456643118020295,0.2513214081753623,0.4127037693923425,0.4149975900146297
GAB,加蓬,266,2014,0.5310978741716184,0.5752715986025855,0.5663386234905141,0.6505578166798309,0.5949928422494801,0.5271335004372277,0.57813755035439,0.5624625750097433,0.649431109718139,0.579291183879875,0.5277328138897918,0.5049763855958539,0.5597471302513688,0.6381247212588473,0.5576452627489654,0.5554886910447111
GMB,冈比亚,270,2014,0.2427443818938824,0.4733015875815305,0.5195099404055338,0.5449767631764609,0.4786912686208456,0.2469695657867424,0.4824907836605349,0.5181202771794254,0.556369733456399,0.4509875900207754,0.303874554359767,0.4227414814094136,0.5236525217600067,0.5941167013775336,0.4610963147266802,0.4653042059256715
GHA,加纳,288,2014,0.2810753586841976,0.5242180378400265,0.5068971641370702,0.5593280376770706,0.5013363898791392,0.2839768462334719,0.5334052049092666,0.5055036081599276,0.5690809631195913,0.4729916556055643,0.3328864333892636,0.468184728517819,0.508180280142231,0.5709864918646287,0.4700594834784856,0.4751049051500041
GIN,几内亚,324,2014,0.2633931663601266,0.4286200505939159,0.5052193361715703,0.6023252655137027,0.4861302717923379,0.2663687723365963,0.4442173515384765,0.5043755873085616,0.6091685834575269,0.4560325736602903,0.3211557183621997,0.3858148313204127,0.5083385651404408,0.6025290001419186,0.4544595287412429,0.4559269832099659
CIV,科特迪瓦,384,2014,0.327252723888352,0.4496952673371463,0.5271586125642861,0.5288027821234107,0.4785805781984398,0.3302676354278486,0.4606968336901747,0.5255512250819669,0.5388025223218026,0.4638295541304482,0.3757493104306825,0.4035649983823454,0.5313531450703831,0.5398407567966758,0.4626270526700217,0.4637293975542673
KEN,肯尼亚,404,2014,0.2602400413522992,0.4376430659312573,0.5172696067118069,0.5065158165037955,0.4560124281250818,0.2649882751727146,0.4485125038003894,0.5161064740384785,0.5179641578556036,0.4368928527167965,0.3205861186545501,0.4002939559180737,0.5224366643304379,0.5347763487798324,0.4445232719207236,0.4478583282051527
LSO,莱索托,426,2014,0.2887734507303929,0.3760533119684103,0.4936662220883152,0.4815661062525897,0.4275913809023068,0.2904484992864657,0.3695907265793436,0.4927381049887863,0.4896537898283398,0.4106077801707338,0.3365190687474521,0.3542667862077781,0.503647115588925,0.5107218893398163,0.4262887149709928,0.4269676617155529
LBR,利比里亚,430,2014,0.2197723346254794,0.3497833538282477,0.4784306828435139,0.4729888001477472,0.404442611069894,0.2241843835073473,0.3611187795694139,0.4779822333771912,0.4869297283628915,0.387553781204211,0.2871235403239691,0.3168562053248432,0.4862104613953391,0.5155712556611829,0.4014403656763335,0.4023203245106979
MDG,马达加斯加,450,2014,0.2673027622857546,0.3782187189974993,0.4993005348292377,0.5188363853824473,0.4401502862761692,0.2701531429767099,0.3942598260070749,0.498750001609567,0.5329650155587625,0.4240319965380286,0.3242420233464508,0.3425900673572856,0.5065990389896434,0.5575994943511597,0.4327576560111349,0.4328171218445318
MWI,马拉维,454,2014,0.2456928274183248,0.3330186948385119,0.5095039342410917,0.5743665901801189,0.4463334943172895,0.2493597681728938,0.3462971056581458,0.5084261274898606,0.5803578770212842,0.421110219585546,0.3061950469261391,0.3172050133674523,0.5137568220533738,0.5825452096955845,0.4299255230106374,0.42939966288831
MLI,马里,466,2014,0.2720683114045149,0.4681158320906524,0.4986729179357043,0.4107785819663033,0.4278022833049025,0.2755918801925205,0.4778494942482975,0.4982254964804979,0.4312662640062816,0.4207332837318994,0.3314079962573818,0.4122281306107757,0.5024504914413437,0.4433450117496329,0.4223579075147835,0.4267926999081939
MUS,毛里求斯,480,2014,0.4087680523523709,0.5264284444995135,0.6183766583539736,0.3791305383967346,0.4765406575073881,0.4163247630958959,0.5195429871212304,0.6180391796952384,0.3910339304877999,0.4862352151000411,0.4417265440235334,0.5110585737909097,0.598261743046866,0.4095368238282957,0.4901459211724012,0.4959800536506467
MOZ,莫桑比克,508,2014,0.228352106249201,0.3807716827434559,0.4785137433818053,0.617317200943613,0.4672761380432249,0.2324484124638677,0.3925974422693504,0.4784629556526736,0.6216976439794921,0.431301613591346,0.2936587645744061,0.3477238722488545,0.4915665133877169,0.6202318463868125,0.4382952491494475,0.4387883372380394
NAM,纳米比亚,516,2014,0.4000723980854145,0.5269501071032979,0.5253549876457122,0.6819256266243175,0.5663247337253287,0.4027352189510199,0.5316948079363669,0.5223289121542952,0.68707121917256,0.5359575395535605,0.4284984142343407,0.4779816598496265,0.5307787543371416,0.6706686190421286,0.5269818618658094,0.5271077423384691
NER,尼日尔,562,2014,0.2441662422482753,0.369162894355178,0.5162783561855518,0.3722383885458809,0.3846090374990408,0.2482273020692771,0.38604686575588,0.515413759083976,0.3928473129937139,0.3856338099757118,0.3086094377204915,0.3339960350520984,0.5217253453610994,0.4056403783903198,0.3924927991310022,0.3953199279393199
NGA,尼日利亚,566,2014,0.3129943166345077,0.4421583511520137,0.511143922339048,0.4413173152890559,0.4392734692927988,0.3172301538929125,0.4531782501276749,0.5097870618112982,0.4509815492478384,0.4327942537699309,0.3645081838267305,0.4011047078830768,0.5172156126930503,0.471438820403002,0.4385668312014649,0.440854571855275
GNB,几内亚（比绍）,624,2014,0.2675358996065514,0.3494356112263884,0.4634916136514869,0.6912082034303536,0.4869616007450911,0.2707382312811949,0.3620108780835489,0.4632569140751141,0.6959595639936944,0.4479913968583881,0.3247651764896208,0.3186852517128015,0.4736119422738722,0.7031154196808173,0.455044447539278,0.4514011644254926
RWA,卢旺达,646,2014,0.2440918566011921,0.4749414524314728,0.5108838996496945,0.3824543196478762,0.418371063845723,0.2488746712049042,0.4941131964501658,0.5098804487888353,0.3886386105754666,0.410376731754843,0.3092765162651303,0.4232818722490222,0.5167674470986152,0.4162030678670975,0.4163822258699663,0.4228907618579545
STP,圣多美和普林西比,678,2014,0.272379378627374,0.3732581367168057,0.5242579883343027,0.5514203282621484,0.4564456025264784,0.2835021279531686,0.3735882347518159,0.5224719212760215,0.5571486126184347,0.4341777241498602,0.3396179743789962,0.3647458521077342,0.5276226402567687,0.561311645978612,0.4483245281805278,0.4489376844667685
SEN,塞内加尔,686,2014,0.2734674099041406,0.5498966981809701,0.5250599349245606,0.6300447822509915,0.5374540444356779,0.2777896034449148,0.5664082893805608,0.5236097545851129,0.6375890638795405,0.5013491778225323,0.3330060348323534,0.4840901832650283,0.5286253087607373,0.6380449221509911,0.4959416122522775,0.5009979774273917
SYC,塞舌尔,690,2014,0.24722568614595,0.6018560244622434,0.4705988615345065,0.620610747875034,0.534476737971217,0.2488834206618761,0.5970262772463716,0.4607599045786926,0.6111322472588226,0.4794504624364407,0.3062011078066269,0.5682127784960439,0.478855231730688,0.6041506763538544,0.4893549485968033,0.499071706941584
SLE,塞拉利昂,694,2014,0.2654317106693267,0.3824505456566936,0.5317728476911068,0.5617601174920088,0.4635777862799602,0.2679915416116952,0.3952759486413162,0.5301726799337828,0.5726833680318609,0.4415308845546638,0.3142930909941704,0.3471106678592415,0.5344083212038937,0.5857822559886535,0.4453985840114898,0.4460909192439964
ZAF,南非,710,2014,0.4066958389411876,0.6662898815421094,0.4586318621249786,0.3639826990370169,0.4785393175202018,0.4141622376454389,0.6631445277649839,0.453302853090587,0.3647661897290229,0.4738439520575083,0.4400289680081475,0.6275358526998134,0.4721349967778228,0.368719733505964,0.4771048877479369,0.4868980630030378
ZWE,津巴布韦,716,2014,0.2933268878391792,0.4162047215021721,0.4485630578407404,0.6143178728513753,0.4789209606868196,0.2971074316667434,0.422569781083906,0.4489338963515653,0.617252919610036,0.4464660071780627,0.3416387915873487,0.3896151774645557,0.4633179315780161,0.6072774445257759,0.450462336288924,0.4504618898872161
SWZ,斯威士兰,748,2014,0.4168212067488731,0.3727381484524453,0.5740085773143944,0.3931188406307681,0.4281021007617421,0.4191882126573562,0.369796138616671,0.5744649891924098,0.4061137772835611,0.4423907794374995,0.4479686261632638,0.3708426622451576,0.5657754204148405,0.4372576953064153,0.4554611010324193,0.4539484515229207
TGO,多哥,768,2014,0.2639425406040982,0.4152256758355084,0.4657936850969444,0.5676980213530273,0.4613928488923923,0.2672864005070092,0.4298901268900685,0.4660072782019541,0.575031364803428,0.434553792600615,0.3249912253954718,0.3761183314966432,0.473248436046376,0.5710665424819831,0.4363561338551185,0.4371732399119995
UGA,乌干达,800,2014,0.2571509378855042,0.3852975177435264,0.476267879184037,0.499380280123683,0.4289934707654215,0.2615888662217751,0.4012225905310678,0.4760022458704239,0.504529400993712,0.4108357759042447,0.3183176668669694,0.3525500601722455,0.4878822481528568,0.5127325450747355,0.4178706300667018,0.4190154371695541
TZA,坦桑尼亚,834,2014,0.2458454888135315,0.4166844312585228,0.5030607737739694,0.628446879825102,0.4893587477171321,0.2502616598652427,0.4332006036871238,0.5025147890789095,0.6303977612756173,0.4540937034767233,0.3105922860045415,0.3762732127605496,0.5102866730589419,0.6325004592671708,0.4574131577728009,0.4585135841560332
BFA,布基纳法索,854,2014,0.2565163755679668,0.4073687679461876,0.5109182005174093,0.6043243721975282,0.4808805402905352,0.2598606245462377,0.4209056957541909,0.5101520764455718,0.6153909920702672,0.4515773472040669,0.317113163013944,0.3688550856356178,0.515044269727122,0.6174123639765101,0.4546062205882984,0.45538353931794
ZMB,赞比亚,894,2014,0.3383928084108802,0.3244519401427459,0.4982541519308565,0.6886961615927265,0.4952964728953732,0.3396221518297659,0.3309404573457259,0.497749081797301,0.6876492030282473,0.46399022350026,0.3762564392534484,0.2998069391479218,0.5032771265931278,0.6765805696318261,0.463980268656581,0.4580589165484152
AGO,安哥拉,24,2015,0.3612021634541758,0.4600202270160841,0.5401210769765482,0.4784647931535225,0.4704829902528225,0.362779998414236,0.4780867008656074,0.537292940833262,0.4858501550155857,0.4660024487821728,0.3950022012622106,0.4116191617502093,0.5414838535255976,0.5048747972426576,0.4632450034451688,0.4645164731179177
BWA,博茨瓦纳,72,2015,0.4165151693070106,0.5156293188218265,0.5183730020462972,0.6139299157139395,0.5389350293863095,0.4164036497373234,0.5060307316656224,0.5146036730056333,0.6147003031816485,0.512934589397557,0.4314691262160218,0.4833158622881304,0.5228866133855842,0.596862824748925,0.5086336066596653,0.509833077201621
BDI,布隆迪,108,2015,0.2208222106446027,0.348733545802232,0.4723838579842933,0.3714783802995059,0.3660451013448225,0.2254138087238608,0.3628636224621113,0.4721035734372519,0.3782034358075546,0.3596461101076946,0.2855826583634327,0.3105773095561956,0.4817159387298625,0.4077481967633656,0.3714060258532141,0.3735964919641669
CMR,喀麦隆,120,2015,0.2734998776917932,0.4891921336673797,0.5268808666170336,0.4179047819884584,0.4427035946438574,0.2775950841762032,0.5046162850928917,0.5253236010549255,0.4255743513299386,0.4332773304134897,0.3324424119382093,0.4405160264997499,0.5300678581375581,0.4494070107422357,0.4381083268294383,0.4440624693453197
CPV,佛得角,132,2015,0.2973664389251343,0.6233416249138104,0.5295209879198303,0.3233212574670691,0.4515074385779524,0.3038592227313139,0.6293830743551012,0.5270679554529961,0.3435423062066018,0.4509631396865033,0.3522330088450399,0.5629377475300863,0.535610444861004,0.3728109233308605,0.4558980311417476,0.4675879390474137
CAF,中非,140,2015,0.136509726756619,0.322920871541052,0.5313859153017058,0.5130308310582271,0.4112176714954786,0.143952573379972,0.3383520697562354,0.5304381185870662,0.5186622518182409,0.3828512533853786,0.2211964057251589,0.3206915987057748,0.5367087905514695,0.5259887431956458,0.4011463845445122,0.4056935261077133
TCD,乍得,148,2015,0.1746504394921739,0.3316529750250265,0.5143879458186404,0.4603583860675262,0.3960808748015701,0.18084083638558,0.3476890511299041,0.5133244022467033,0.4749095384880644,0.3791909570625629,0.2466376323863717,0.302865943048537,0.5180117675567568,0.4757130965725331,0.3858071098910496,0.3889098099347367
COM,科摩罗,174,2015,0.2746553946341767,0.4323339319884318,0.5402551763951485,0.5855615263830298,0.4899397871102582,0.2808641597183243,0.4464800345138618,0.5379953642210951,0.5933399760895515,0.4646698836357081,0.335114905326781,0.3907199014369188,0.5440458991608402,0.5883427054949676,0.464555852854877,0.4663575908254106
COG,刚果（布）,178,2015,0.3123873843182148,0.4175619755685663,0.5820154781830346,0.5956969351927377,0.5029898660645231,0.3119563216584723,0.4252636613734331,0.5774079985130373,0.5939830752390363,0.4771527641959948,0.3469254999855665,0.3731605809715953,0.5813470622591599,0.5868595855691355,0.4720731821963643,0.4731495457206012
COD,刚果（金）,180,2015,0.2696598511509996,0.3291267638687769,0.4344247992307118,0.4621245605170939,0.3917592363524316,0.2721524105537591,0.3429139818856999,0.4350872003101694,0.4642545555908818,0.3786020370851275,0.3285743910311772,0.297221128528976,0.4482496340716088,0.4838228084968917,0.3894669905321635,0.3875606234449298
BEN,贝宁,204,2015,0.2574687516250594,0.4174697243436844,0.5262774710268961,0.5866919041359768,0.4807788514451682,0.2613073622617031,0.4295503006466809,0.5243652352066399,0.5912150289638595,0.4516094817697208,0.3172966061508803,0.3773094279140905,0.5328938632582559,0.5832263154191051,0.4526815531855829,0.4545889945551238
GNQ,赤道几内亚,226,2015,0.4182285997959587,0.2293090749974653,0.579729702603769,0.5895819104480408,0.4587385183628287,0.4185722535312827,0.2293910119039466,0.5699626233970625,0.5896509946969036,0.4518942208822989,0.4177411775706299,0.221667937520564,0.5834789423482045,0.5879981056650749,0.4527215407761183,0.4440047924898381
ETH,埃塞俄比亚,231,2015,0.230912921221199,0.4437450053265309,0.4691689857326333,0.4514826235992581,0.4238392867301563,0.2360868605396223,0.4641239915967817,0.4690744832587462,0.4627603500083277,0.4080114213508695,0.3018764291857054,0.4036651094696917,0.4799379901141741,0.4784804706427372,0.4159899998530771,0.4205021110343035
ERI,厄立特里亚,232,2015,0.1257953409084222,0.3268639959189445,0.4791025819420514,0.281239402890774,0.3156264680130912,0.1323391092443918,0.3425331690074414,0.4795987987400152,0.3019135524057506,0.3140961573493998,0.2090914104388513,0.3023459648888568,0.4792073360150311,0.3407845183453742,0.3328573074220283,0.3390071086134942
DJI,吉布提,262,2015,0.415864921495845,0.4468584518083797,0.5440281752105842,0.1901692265129022,0.3696539994790098,0.4228762243572357,0.4614821117557244,0.5409728583338812,0.2115858035620855,0.4092292495022316,0.4625819577420427,0.4133702921682826,0.5479604271080294,0.2472073189071086,0.4177799989813658,0.4200317359148899
GAB,加蓬,266,2015,0.5162097162172573,0.576395224709801,0.5756998834844907,0.6457834513600148,0.5935835494247764,0.5129096793493757,0.5788634821631515,0.5715718140717323,0.6442995549376025,0.5769111326304655,0.5145338142789169,0.5090245921733261,0.5708583954156888,0.63355713298881,0.5569934837141854,0.5558283895393342
GMB,冈比亚,270,2015,0.2499495592429087,0.4888876650374011,0.5179607092819362,0.5420863397161945,0.4828584393955965,0.2544418795955467,0.4966222247665195,0.5166001163493126,0.5533228885124851,0.4552467773059659,0.3138475791670801,0.4340154017390712,0.5223089186609853,0.5912128891475985,0.4653461971786838,0.4696344250791156
GHA,加纳,288,2015,0.2798691162813341,0.5391320730154661,0.507781984038543,0.5489081250165588,0.50196508276706,0.2831573827989235,0.5464248114869578,0.5062422318735783,0.557681695502434,0.4733765304154734,0.3334950180193392,0.4807619423351223,0.5102921066997879,0.5600404475194685,0.4711473786434295,0.4769128555864834
GIN,几内亚,324,2015,0.2588065293070394,0.4431887804859764,0.5058684341840287,0.5982178919074898,0.4884608197861507,0.2621871945966587,0.4573581973163357,0.5049189348243622,0.6046976638131465,0.4572904976376257,0.3178741243022802,0.3962503817045896,0.5097959303901867,0.5982300358480247,0.4555376180612702,0.4576948925722864
CIV,科特迪瓦,384,2015,0.3154074164609124,0.4912507335326853,0.5325959482201903,0.5207384518501527,0.4874714205993526,0.3182220384486345,0.4980006934393841,0.5308425649913738,0.5300693978934435,0.469283673693209,0.3648205612036263,0.4387440835431396,0.5359267102518284,0.531574924012687,0.4677665697528203,0.4710918984771978
KEN,肯尼亚,404,2015,0.2657461526789661,0.4514697687564794,0.5157992091079246,0.5061735931742238,0.4603813981899094,0.2704077543934045,0.4617498627277046,0.5146333296191345,0.5175890691976085,0.441095003984463,0.3250712127577661,0.411014579461168,0.5213180269515945,0.5342504902841512,0.4479135773636699,0.4515150131986353
LSO,莱索托,426,2015,0.3062840916428436,0.378878135553367,0.4971659217978258,0.4777670569623687,0.4300808743774748,0.3074004374683598,0.3720827709175345,0.4961110016552142,0.485517678216655,0.4152779720644409,0.351351580154087,0.3566581635108369,0.5063779760928893,0.5068460060614144,0.4303084314548069,0.4305356626327734
LBR,利比里亚,430,2015,0.2592873112299867,0.3758539106621695,0.4761591498367353,0.4665172911554263,0.4145028276722524,0.2628858031332742,0.3858890185869839,0.4757526236459721,0.4799319095410118,0.4011148387268105,0.3207651265996171,0.339333824356231,0.484644285224211,0.5089655706073122,0.4134272016968428,0.4138887429892949
MDG,马达加斯加,450,2015,0.2666226573443537,0.3844378423685468,0.49530905606639,0.5173644504975451,0.4405224190482224,0.2695148581324414,0.399911807436408,0.4947833460828852,0.5313464167278092,0.423889107094886,0.3231950252910456,0.347566418950645,0.5028173291161171,0.5560285708228817,0.4324018360451723,0.4326945263285845
MWI,马拉维,454,2015,0.2391309724043629,0.3419654951561459,0.511103732578713,0.5886504872417254,0.4536419203618168,0.2430528293764551,0.3546550079646742,0.5100119793400171,0.5935186800052372,0.4253096241715959,0.2996470594341855,0.3243432619618815,0.5153916890060013,0.5925630452313595,0.432986263908357,0.4329409293695001
MLI,马里,466,2015,0.2703027731640273,0.4682647053847771,0.4984209029166831,0.4088798130754114,0.4268694093855977,0.273728987981856,0.4781174221857105,0.4979361303210947,0.4291891922704196,0.4197429331897702,0.3298852284301051,0.413798609417881,0.5022225731754137,0.4413588786173062,0.4218163224101765,0.4264134376678447
MUS,毛里求斯,480,2015,0.4115019295562202,0.5240637283340293,0.6359436535379517,0.3781755367690622,0.4795336185473551,0.4190160971630338,0.5145483049234387,0.6363990303285559,0.3898928069060917,0.48996405983028,0.443543910124678,0.508818849255683,0.6170944967169443,0.4079722021213485,0.4943573645546634,0.5003124691427313
MOZ,莫桑比克,508,2015,0.2138919382170638,0.3747383195705461,0.4806632645158435,0.6132021906087867,0.4625438599622314,0.218515712970182,0.3853953116938149,0.4805259716955148,0.6172418923620016,0.4254197221803783,0.2811850141526341,0.3405066210690207,0.49335689513096,0.6159526396450622,0.4327502924994193,0.4335645436205229
NAM,纳米比亚,516,2015,0.3985580164494539,0.5565721306363214,0.5258491915255891,0.6763569307563858,0.5729330315885441,0.4015611000077971,0.561610219165944,0.5228002415138724,0.6809314658182138,0.5417257566264568,0.4265533711117272,0.5054976666839842,0.5317793430580227,0.6645363249487207,0.5320916764506137,0.5336222044627618
NER,尼日尔,562,2015,0.2328900055475608,0.3719790589976814,0.5182766333199843,0.3665981406334415,0.382317969414933,0.2372164233632999,0.3887824537150116,0.5173362954700815,0.3866972375989159,0.3825081025368272,0.2975706348319586,0.3362510423266246,0.5238078955262496,0.3998322223852538,0.3893654487675216,0.3928951089973009
NGA,尼日利亚,566,2015,0.2917173480928238,0.4477563116667769,0.5155060302798009,0.4229787616119433,0.4323559232913735,0.2967898699727371,0.4580243565739019,0.5140330858150141,0.431041567829864,0.4249722200478792,0.3459605815574189,0.4061616207796598,0.521729223821556,0.4527544958484421,0.4316514805017691,0.435321742937649
GNB,几内亚（比绍）,624,2015,0.2854797679145158,0.3625831782994041,0.4619714903434048,0.7160345718097588,0.5019229463826455,0.2880808211486781,0.3748119167304744,0.4617133160268935,0.7194945578339813,0.4610251529350068,0.3402521856772225,0.3293359062684881,0.4719839137568655,0.7218865804932155,0.4658646465489479,0.4617080067700869
RWA,卢旺达,646,2015,0.2444446646719716,0.4874878009394068,0.5134859621558914,0.3766983729038793,0.420564916651422,0.2495860851992269,0.506140532221375,0.5124163584540634,0.3821371016783604,0.4125700193882564,0.3122428622826426,0.4334200974663996,0.5190240652648854,0.4098513345561289,0.4186345898925141,0.4255861257198675
STP,圣多美和普林西比,678,2015,0.2822621259835691,0.3835749207333154,0.5216227136430622,0.5393112490189075,0.4558283977016152,0.2927737593745821,0.3821489102333885,0.5198777728161166,0.5440404956973403,0.4347102345303568,0.3455633140092282,0.3701423439567332,0.5253008143485837,0.5488500625875221,0.4474641337255168,0.4482021902196871
SEN,塞内加尔,686,2015,0.2785623167791135,0.5562056838072259,0.524050824647381,0.6312533883621932,0.5402139872272544,0.28279059163392,0.5721180308247561,0.5225617513836546,0.6383997468043335,0.5039675301616661,0.3377942266275799,0.4908797991369935,0.5276142277160447,0.6380829717998957,0.4985928063201285,0.5037220412237224
SYC,塞舌尔,690,2015,0.2449826056146137,0.6165755178466793,0.473270227987304,0.6203849305917749,0.5389971860676854,0.2476962060001595,0.6098638334774468,0.4633911749403487,0.6107480612893612,0.4829248189268291,0.3100886172911243,0.593025066309363,0.4828551425646207,0.6032278964563809,0.4972991806553722,0.508011483496004
SLE,塞拉利昂,694,2015,0.2324486222909289,0.3896255180444056,0.5195782358956357,0.5564715858363215,0.4568681488664445,0.237176464302432,0.4016712082608521,0.518308049286284,0.566995849137319,0.4310378927467218,0.293437508779372,0.3524476442465716,0.523738761785988,0.5805274706592196,0.4375378463677878,0.4393061066255579
ZAF,南非,710,2015,0.3974394352631866,0.6826043091517644,0.4676980189573632,0.3580482180995466,0.4818658992191005,0.4039526613199732,0.6776994935286982,0.4624062551887724,0.3582785335568098,0.4755842358985633,0.428573426488586,0.6403091880847851,0.4821746432780985,0.3628830008227457,0.4784850646685538,0.4895806371280237
ZWE,津巴布韦,716,2015,0.294944094691992,0.4107175198577006,0.4516884339994735,0.606492552222048,0.4753215712648883,0.2988443813407572,0.416814632917698,0.4519685383892911,0.6087208249921905,0.4440870944099842,0.3431500189607679,0.3834865681655832,0.4667248389917703,0.5991404268527982,0.4481254632427299,0.4479577288273391
SWZ,斯威士兰,748,2015,0.4186908119663635,0.3785933800414391,0.572639905726221,0.3917033947783609,0.4292725771389707,0.4208915863552214,0.3752417737587543,0.5731813041199918,0.4043229556969057,0.4434094049827183,0.4490638681459197,0.3763208477656528,0.5645672688718242,0.4352255138280163,0.4562943746528533,0.454987208386721
TGO,多哥,768,2015,0.2576579929545739,0.4172041404981036,0.4755980503886174,0.555168218050004,0.4586382214944717,0.2613503229325163,0.4315673613380734,0.4755813453537059,0.5613662863241989,0.4324663289871236,0.3198945386414643,0.3774513904403746,0.4831565515540976,0.5581256359048116,0.434657029135187,0.4360938154740989
UGA,乌干达,800,2015,0.2611240442085269,0.3684980056937356,0.4778599351808212,0.4977145540632178,0.4242916336661533,0.2654689618973301,0.3839171063926717,0.4775697709970805,0.5027529288934802,0.4074271920451406,0.3215138232217431,0.3365221431636261,0.4891292722374765,0.5110595939705239,0.4145562081483424,0.414895835179116
TZA,坦桑尼亚,834,2015,0.2552419733137759,0.4331463482733392,0.5039615348298565,0.6263777167041417,0.4948847632477531,0.2592765729206328,0.4482332271341779,0.5033799302858554,0.6282169772082936,0.4597766768872399,0.3175086754951926,0.387933689245252,0.5111263131038705,0.6304249545901016,0.4617484081086042,0.4631010022227798
BFA,布基纳法索,854,2015,0.2564215740806346,0.4047613243023737,0.5104023259490379,0.6075924191552756,0.4811813460814287,0.2596609296006691,0.4172269803460755,0.5096091409850019,0.6180604742489682,0.4511393812951786,0.3163289311476494,0.365917213280611,0.5150201278290042,0.6189800237337176,0.4540615739977456,0.4547204703285422
ZMB,赞比亚,894,2015,0.3233425867459644,0.3471698976220346,0.5028757385533491,0.6814221793760658,0.498329070929865,0.3250212397173387,0.353295723847466,0.5022178976463634,0.6797486401892534,0.4650708753501054,0.3633474677661725,0.3194397429353175,0.5086913335014509,0.6690704524214994,0.4651372491561101,0.4608416271941599
AGO,安哥拉,24,2016,0.3819768014138909,0.4554023895682907,0.5340118324462072,0.4792607671197361,0.4708701593775964,0.3815473364612029,0.4736004429934205,0.531560451099601,0.4868556974529395,0.4683909820017909,0.4060355380186883,0.4083043254305711,0.5341964938211365,0.5060159819492727,0.4636380848049172,0.4641525976594394
BWA,博茨瓦纳,72,2016,0.4503862063968857,0.5178056136267393,0.5188462657040553,0.6170683709992484,0.5452816197963213,0.4505987931526006,0.5080901775558904,0.5148543487587065,0.6179128090056164,0.5228640321182034,0.4666305032849275,0.4907930069961348,0.5231043129310569,0.5988714212122185,0.5198498111060844,0.5198015817362674
BDI,布隆迪,108,2016,0.2257168904481958,0.3530651851121307,0.462569508580549,0.3729945326788964,0.3664644522453734,0.2304652440108362,0.3672285441985597,0.4623981691875255,0.3798663303052561,0.3599895719255444,0.2926446688544404,0.3165189549407434,0.4725507169914912,0.4092930303233265,0.3727518427775004,0.3747353802028983
CMR,喀麦隆,120,2016,0.2694366770183186,0.494934909962444,0.5274771993043336,0.4223293081161068,0.4455968685590191,0.2737456098692518,0.5100589490473366,0.5259073281161498,0.4304399228935563,0.4350379524815737,0.3289007096788403,0.4464218978827586,0.5307175601175004,0.4540714903383011,0.4400279145043501,0.4463398208924524
CPV,佛得角,132,2016,0.3022291052542724,0.6335680152060673,0.5286386628690142,0.3235148343654977,0.4550485155490743,0.3092583750224491,0.6395787076910132,0.5261377898231634,0.3436538155030067,0.4546571720099081,0.3589303550176992,0.5715868181724988,0.5348309561683932,0.3726431308937655,0.4594978150630892,0.4712648329268983
CAF,中非,140,2016,0.1371048387503269,0.3112632612117326,0.5325050985377824,0.5148944311073312,0.408772496498596,0.1443531875241626,0.3258617001506617,0.5315077468876312,0.5207307310563942,0.3806133414047124,0.2204512257276677,0.2949785983035119,0.5376193868668483,0.5280525756607751,0.3952754466397008,0.3987041073593126
TCD,乍得,148,2016,0.1637618439858159,0.3343828542392718,0.5111694181439009,0.4620849331986029,0.3954056499011762,0.1697974109168294,0.3502138548795822,0.5101798883088834,0.4767704855997829,0.3767404099262695,0.232549352705433,0.3056061563331075,0.5150779445989543,0.4773539092787756,0.3826468407290675,0.3864247002320559
COM,科摩罗,174,2016,0.269086654765431,0.4416170981044589,0.5402117732998903,0.5852352219564076,0.4918145814151768,0.2754814667637264,0.4553977888625793,0.5379658401090961,0.5929543047722086,0.4654498501269026,0.3320304243398798,0.3992677727096668,0.5445964243782712,0.587879621348834,0.4659435606941629,0.4682733966962042
COG,刚果（布）,178,2016,0.3141502993179487,0.4200313893863529,0.5733787694124581,0.5986718765644718,0.5032252733539364,0.312827982259253,0.4275491901757335,0.5691752645466851,0.597294445972087,0.4767117207384397,0.34240215356944,0.3748797393980491,0.5731278211992845,0.590189061454114,0.4701496939052219,0.4713316279821483
COD,刚果（金）,180,2016,0.2577422442730076,0.3228561234837945,0.4351403322169628,0.4741860232260346,0.3928818072455081,0.2602006352394427,0.3367835764461548,0.4357584093223396,0.4770660735997283,0.3774521736519163,0.3143186643512077,0.2927809761590226,0.4500095199581303,0.4954503659832362,0.3881398816128992,0.3865214417511101
BEN,贝宁,204,2016,0.2650668801946313,0.4254748118023435,0.5235553245874784,0.5900312425011949,0.4847858284899756,0.2688450552610913,0.4375317796271561,0.521627579176686,0.5948851056890829,0.4557223799385041,0.3248921187561367,0.3848580003214447,0.5307138834546169,0.5863869133266572,0.4567127289647138,0.4585395615356533
GNQ,赤道几内亚,226,2016,0.3878687986544035,0.2365838677557201,0.5698413775198171,0.5830284659704316,0.4524262220535593,0.3892977987783099,0.2361609755282603,0.5607756891831003,0.5814245331197757,0.4419147491523615,0.3959651098432145,0.2287458095270588,0.5745081859508616,0.5755985667683957,0.4437044180223827,0.4363110609375885
ETH,埃塞俄比亚,231,2016,0.2309952322581875,0.4665345291313945,0.4735657628923876,0.4552729432925976,0.4328685419017953,0.2361416572713201,0.4863470037543115,0.4733725265348803,0.4666646472002171,0.4156314586901822,0.3014567612006585,0.4216943939935017,0.4838383423846102,0.4819062171693691,0.4222239286870349,0.4275569437398846
ERI,厄立特里亚,232,2016,0.1269594512072095,0.326687610373631,0.4782640345017204,0.2831613191056677,0.3162521082509777,0.1334575801253691,0.3422666949090263,0.4788311172791725,0.3039814627088559,0.3146342137556059,0.2101553661530109,0.3005841636889352,0.4774864304200557,0.342715638155659,0.3327353996044152,0.3387068287937118
DJI,吉布提,262,2016,0.4571691824551778,0.4536499155682233,0.5478029769829339,0.1939993539172512,0.3792835338995011,0.4594961488806495,0.4675137001063865,0.5446621966414265,0.2158200100508863,0.4218730139198372,0.4839500915925344,0.4195755700594933,0.5515133183003562,0.251487612082352,0.426631648008684,0.4282037383266088
GAB,加蓬,266,2016,0.5190148478384021,0.589817269402026,0.5759472159150614,0.6444484400569507,0.5974754331837778,0.5162288084870357,0.5914344373495751,0.571864735577516,0.6428961699914301,0.5806060378513892,0.5179832536915728,0.5212523677655388,0.5714686681948078,0.6323911469266311,0.5607738591446376,0.5600221659606681
GMB,冈比亚,270,2016,0.2430748894408619,0.5019571443471611,0.5156994057299034,0.5428395301703695,0.4856060302555581,0.2476129243432474,0.5089782635228757,0.5143566743337831,0.5542265480608154,0.4562936025651803,0.3071735565244297,0.4462360304279489,0.5201365332634814,0.5920925251511583,0.4664096613417545,0.4714865941332675
GHA,加纳,288,2016,0.2802146366744246,0.554395062067909,0.5141805737295093,0.5515054161862449,0.5087950218503305,0.2836192356834909,0.5605195046943302,0.5124562193730009,0.560440104333993,0.4792587660212037,0.3347027031667974,0.4938678327721312,0.5174480174537336,0.5625039189372195,0.4771306180824705,0.4834900223079487
GIN,几内亚,324,2016,0.2393492209798701,0.4504187312969192,0.5009982099765502,0.5986407571284659,0.4871625626580447,0.2433184360555043,0.4638582390130475,0.5001197841605328,0.605174081722976,0.4531176352380152,0.304841263439284,0.4029679577336741,0.5038821914876139,0.5986029455690925,0.4525735895574161,0.455509756157441
CIV,科特迪瓦,384,2016,0.3145623405357417,0.5046218869747218,0.5330386437302157,0.522231584743848,0.4919379486111784,0.3176962637042754,0.5108820968517493,0.5312596897600256,0.5317421470484777,0.472895049341132,0.3646735668860864,0.4500971079801578,0.5360645087233658,0.5330402521873918,0.4709688589442504,0.4747820189415768
KEN,肯尼亚,404,2016,0.2662731561858982,0.4659274838192099,0.5165910053713831,0.5046395468500638,0.4643198926154897,0.270973054015748,0.4760319358827064,0.515436011254445,0.5159313822590665,0.4445930958529915,0.3255098833797296,0.4224981938424911,0.5219455701371588,0.5325952118848322,0.4506372148110529,0.4547594984822383
LSO,莱索托,426,2016,0.3039432564693413,0.3977894555051938,0.496549090931847,0.4849492272717554,0.4378330436114562,0.3052908149816581,0.3898416357993366,0.4954185093771094,0.4933123020417482,0.4209658155499631,0.350786051379052,0.3725032815860862,0.5055935335811815,0.5141466925802871,0.4357573897816517,0.436589721129034
LBR,利比里亚,430,2016,0.2298904537841776,0.3797018428187743,0.4718651668682549,0.4680396636855948,0.4114188312447369,0.2341093494859117,0.3899883272056963,0.4715224524039484,0.4816206615315105,0.3943101976567668,0.2943428242404188,0.3458798276137552,0.4811776792659986,0.5104393547303627,0.4079599214626338,0.4098032940310992
MDG,马达加斯加,450,2016,0.2730812503483913,0.3785776339180471,0.4957494086783826,0.5174055134708748,0.4397531430082794,0.2757550660013421,0.3943960802321481,0.4951956775586488,0.5314061446431445,0.4241882421088209,0.3288123180999457,0.3440876244376111,0.5031142354038812,0.5560549731757757,0.4330172877793034,0.4329126580916725
MWI,马拉维,454,2016,0.2392119572505581,0.3454892050410614,0.5065813694979832,0.5920292145113918,0.4549748070396651,0.2430454485985868,0.357975246197055,0.5055192588274311,0.5972724265742644,0.4259530950493344,0.2990855811211857,0.3271211775804158,0.5110928220804332,0.596064969189552,0.4333411374928967,0.4333284116439051
MLI,马里,466,2016,0.2684713410118404,0.4657492864666441,0.4920358972191012,0.4108807649349937,0.4252784917942497,0.2719992509495011,0.4762937633012006,0.4917128697606598,0.431183264966796,0.4177972872445394,0.3282849619169222,0.4143360477970353,0.4950668313798238,0.4429538079684614,0.4201604122655607,0.4247231516927917
MUS,毛里求斯,480,2016,0.4134853768366711,0.5383251912225226,0.6345932296154848,0.3767613743104537,0.483201374638526,0.4217890365696297,0.5275784311083317,0.6349462073659711,0.3882490011129372,0.4931406690392174,0.446037336100464,0.5248307448516325,0.6180828261100694,0.4060043919675163,0.4987388247574206,0.5053338050573626
MOZ,莫桑比克,508,2016,0.2261819066819684,0.3560866477424544,0.4810158969241406,0.6153045908044168,0.4595045068343039,0.2297782208794146,0.368118610166872,0.4808344815684062,0.6195831902800413,0.4245786257236835,0.2875786164545603,0.3267098304396225,0.4933629293136989,0.6178692319005799,0.4313801520271154,0.4312755540766493
NAM,纳米比亚,516,2016,0.3978252665751371,0.570889060465019,0.5268488094483639,0.6797924424421127,0.578516975881128,0.4009237261706129,0.5751047181695895,0.5240738824214302,0.6847429754419818,0.5462113255509036,0.42312074970149,0.5182451848164333,0.534412139207799,0.6683008027869209,0.5360197191281608,0.5382474344482446
NER,尼日尔,562,2016,0.240088885863481,0.3712680915694741,0.5191972361014937,0.3680762781371096,0.3837879209708893,0.2444626533879532,0.3889145923738927,0.5182434810961059,0.3882850653882816,0.3849764480615584,0.3049602770474159,0.3371865272101243,0.5245685488809904,0.4013874850914035,0.3920257095574835,0.3952589421203911
NGA,尼日利亚,566,2016,0.2898734558395814,0.4556871130317342,0.5139062131640056,0.4277143007387564,0.435840122581375,0.2946519882882443,0.4658653568156893,0.51249151360383,0.4362453728229212,0.4273135578826712,0.3411602320863191,0.4133227372939309,0.5205101710207715,0.4576429746095984,0.4331590287526549,0.4372671862825668
GNB,几内亚（比绍）,624,2016,0.286645609841399,0.3878709708553183,0.466087848061666,0.7164984946379833,0.5105615569799274,0.2893337919999164,0.4000499181485397,0.4657574835398319,0.7201031897848829,0.4688110958682927,0.342249711046321,0.3537840773358388,0.4757175177191553,0.7223420313403577,0.4735233343604182,0.4704053723787615
RWA,卢旺达,646,2016,0.237263455920133,0.4920359796772393,0.5142520487560798,0.3772226442684248,0.4213106112581971,0.242314530814483,0.5111294455215134,0.5131522601017015,0.382682093619085,0.4123195825141957,0.3034220914227958,0.4376867391864224,0.519601943338196,0.4103476877692848,0.4177646154291747,0.4252947360006422
STP,圣多美和普林西比,678,2016,0.3001397332533442,0.4019049438635442,0.5216809110929922,0.5421629175961437,0.4646379893638048,0.3105850453374369,0.3999113506535848,0.5199484482618897,0.5472521004741348,0.4444242361817615,0.362442515768136,0.3875680763322355,0.525570216624327,0.5517954825794301,0.4568440728260321,0.4575668877633438
SEN,塞内加尔,686,2016,0.2773229050496927,0.5660008217650054,0.5244990160837525,0.633535026919314,0.5438626639922322,0.2814533567324332,0.5817026809229608,0.5231174736720564,0.6408128227685608,0.5067715835240028,0.3365851547973431,0.5002584562237257,0.5280576563685562,0.6403744986480151,0.50131894150941,0.5068881041858762
SYC,塞舌尔,690,2016,0.278664087531968,0.5707046128590479,0.4708018813075201,0.6126558920908947,0.5265827113627444,0.2807712493651247,0.5609588439240646,0.4602553334925983,0.6013658530937475,0.4758378199688837,0.3410825642448188,0.5489034991009467,0.4821207558394026,0.5905015069997808,0.4906520815462372,0.4982268176257667
SLE,塞拉利昂,694,2016,0.2653013917796867,0.3993002576272336,0.5115310916286637,0.5578185734142054,0.46285499259738,0.2698744482003141,0.4101852171723528,0.5103352368837247,0.5684984607867469,0.4397233407607847,0.3284893991634346,0.3604648081209237,0.5155588008017938,0.5819470115762606,0.4466150049156032,0.4470493875052798
ZAF,南非,710,2016,0.4024463382585229,0.6849844378960758,0.4738132532515395,0.3743226381383553,0.4904330699412293,0.4087613591545307,0.6804419666687326,0.4691919927497952,0.3749647450275729,0.4833400159001578,0.4321909682536067,0.6515523075995022,0.49254901704987,0.3779441089172513,0.4885591004550575,0.4999221728987385
ZWE,津巴布韦,716,2016,0.3034333643972612,0.4219195416715622,0.4579052918437821,0.6129312528199395,0.4833881718778293,0.3070368607557333,0.4284448367524202,0.4583396691326659,0.6158520237421434,0.4524183475957407,0.3490615350082592,0.3927401685446526,0.4716842926969952,0.6062070139168526,0.4549232525416898,0.4548719757680035
SWZ,斯威士兰,748,2016,0.4028807345983072,0.384859296415973,0.5606725912212553,0.3958814211759803,0.428052303780959,0.405113213699184,0.3809357340955061,0.5608520945708056,0.4088136994234165,0.4389286854472281,0.4350811389735677,0.3814426479516787,0.5546076036013049,0.439238687298886,0.4525925194563593,0.4519227171510175
TGO,多哥,768,2016,0.2581396267211913,0.4304127609018369,0.4807679218279586,0.5599272984655982,0.4654104072446455,0.2618332653738836,0.4437169957374596,0.480544676578132,0.5666386605730149,0.4381833995656225,0.3196089976775396,0.388023493443961,0.4892475392465495,0.5633754224752732,0.4400638632108308,0.4419920338589271
UGA,乌干达,800,2016,0.2686379090149035,0.3711309198126252,0.4713226980392758,0.4964821897817049,0.4242406548273306,0.2726889535314631,0.3854523270484085,0.4711186031308649,0.5014608307261621,0.4076801786092247,0.3269356900318733,0.3351346632284852,0.4832239182603999,0.5098094295609983,0.4137759252704391,0.4137466812746926
TZA,坦桑尼亚,834,2016,0.2601962068789976,0.4483439775987985,0.5045172858089749,0.626634377015919,0.5002273478660415,0.2642105315595641,0.4629849725188926,0.5039034277496732,0.6286080678719159,0.4649267499250115,0.3223181964874029,0.4004752361214274,0.5111837352259316,0.6307221079243135,0.4661748189397688,0.4678650063839408
BFA,布基纳法索,854,2016,0.2631934271875329,0.4234947950801913,0.5083655744174082,0.61058976089956,0.4882609177114185,0.2663582283481814,0.4349386063000257,0.5076611280408763,0.6212469190777485,0.457551220441708,0.3232314684714504,0.3823769479098603,0.5119854136254713,0.6219080418292312,0.4598754679590033,0.4608683181077015
ZMB,赞比亚,894,2016,0.3193415357920314,0.360977104109396,0.5031316720123186,0.685758518804053,0.5035044003673699,0.3210949448652026,0.3684153156742983,0.5024624593061524,0.6845168515468861,0.4691223928481348,0.3600085938259934,0.3310004887356104,0.5088321211414014,0.6735211153438108,0.468340579761704,0.4646389134459165
AGO,安哥拉,24,2017,0.3808209401823252,0.4489531506720027,0.5298744854371154,0.4876271912205219,0.4709968851836256,0.3808053966075324,0.4655328067703914,0.5277641396807036,0.4961513604654269,0.4675634258810136,0.4067247502086976,0.4036897190119503,0.5291771503884204,0.515126214643556,0.463679458563156,0.463752191536018
BWA,博茨瓦纳,72,2017,0.4260613527476607,0.5447532663426012,0.5218205504216148,0.6193581274826352,0.5514762750074058,0.4274749985866004,0.5338742430074156,0.5179947867870316,0.6206651903101776,0.5250023046728063,0.447295432858685,0.5150535950112473,0.526095292935824,0.6023422858662212,0.5226966516679944,0.5245647030433956
BDI,布隆迪,108,2017,0.2265838168411323,0.3492765535302201,0.4636553929499684,0.3911791693308219,0.3723103287428733,0.2311804564818782,0.3631943978123652,0.4634848175768666,0.3996890685466669,0.3643871851044442,0.2919999357975317,0.3095739667695539,0.4735795094090509,0.4279695049430256,0.3757807292297905,0.3772267894854095
CMR,喀麦隆,120,2017,0.268496358077319,0.5005147436315377,0.5273384138181134,0.4218772356018754,0.4469241298369697,0.2728405677402553,0.5151535645518736,0.5257878254761909,0.4299891108763483,0.435942767161167,0.3276346019086839,0.4518009632535495,0.530459110158653,0.4537252107198235,0.4409049715101774,0.4475113389141983
CPV,佛得角,132,2017,0.2967363791623021,0.6442605576881864,0.5276235614816386,0.3229130401652613,0.4570450582394085,0.3038584161880354,0.6493277333145293,0.5250329315362336,0.342913693231798,0.4552831935676491,0.3536618948884734,0.5826518585638898,0.5338137906337469,0.3716616042962891,0.4604472870955998,0.4729343764685956
CAF,中非,140,2017,0.1375653783995923,0.3190764632949819,0.5338969413714341,0.5171200460773516,0.4122380909482784,0.1447390120841334,0.3340884626704201,0.5328448060052986,0.5231645788678343,0.3837092149069216,0.22019177089906,0.2998105303624359,0.5387491452893585,0.5303405646635646,0.3972730028036047,0.4009092507303095
TCD,乍得,148,2017,0.167574512079373,0.3325587260323318,0.5086465068223027,0.4629236169563987,0.3951475551490954,0.173305546741569,0.347664101408717,0.5077244086483857,0.47769500753502,0.3765972660834229,0.23801919863369,0.3025671300781073,0.5124021846274531,0.4782125556787552,0.3828002672545015,0.3861507587733538
COM,科摩罗,174,2017,0.2727872722920749,0.4533952121993995,0.5391669860899201,0.5827553213464274,0.4946525114135011,0.2790937882623539,0.4676579411546804,0.5368645160620789,0.5902319724948539,0.4684620544934917,0.336186255475947,0.4092661770054556,0.5438088508503033,0.585067380776816,0.4685821660271304,0.4711995371251012
COG,刚果（布）,178,2017,0.3696704024979648,0.4160934095505613,0.5580719294047918,0.6086543836188515,0.5098107638413404,0.3668707066925173,0.4251653400180208,0.5548225898481359,0.6082545840586551,0.4887783051543323,0.3914316698090337,0.3719074616932921,0.556366826861438,0.601309877395597,0.4802539589398402,0.4787316696033493
COD,刚果（金）,180,2017,0.2807065164869197,0.3239099280503082,0.4417132307161069,0.5035206010476472,0.4082753722533512,0.2815942657673316,0.3376276764698226,0.4421443831886509,0.5069679950017572,0.3920835801068906,0.3292516368923811,0.2918691787091986,0.4565162636841898,0.5216157924998864,0.399813217946414,0.3972066458381015
BEN,贝宁,204,2017,0.2693751763024913,0.4250240376226271,0.5246720420976497,0.5895505540635346,0.4852794165255033,0.2731325290692302,0.436700371145821,0.5226699621600933,0.5944355141880557,0.4567345941408001,0.329829593724639,0.385830298542367,0.531759772285124,0.5858508622807943,0.4583176317082311,0.4599927938326061
GNQ,赤道几内亚,226,2017,0.3810084022227447,0.229938462819829,0.5445469553444736,0.5875724833754218,0.4459226033810448,0.3823389205230445,0.2286696864102925,0.5349025555580844,0.5862328109357859,0.4330359933568019,0.3918376776858571,0.2242009316184505,0.5481404815806614,0.5792924698736236,0.4358678901896482,0.4280140339176602
ETH,埃塞俄比亚,231,2017,0.2389832125699013,0.4573757631544001,0.48042374411669,0.4845220246935253,0.4433067349839931,0.2439761607979081,0.4779497878786115,0.480090940896093,0.4941819545752318,0.4240497110369611,0.3088919066530842,0.4154805808362579,0.4898854969215467,0.5036956852589063,0.4294884174174488,0.4339877679205689
ERI,厄立特里亚,232,2017,0.1281235615059965,0.338208877959129,0.471598584836477,0.2781738568232248,0.3165904268128481,0.134576051006346,0.3529654699246282,0.4724198650830827,0.2985348416039879,0.3146240569045112,0.2112193218671705,0.3091266902461647,0.4711820930765183,0.337563219805002,0.3322728312487139,0.33855725740178
DJI,吉布提,262,2017,0.5359513036699785,0.4791569398959088,0.5501041104612578,0.1907739655716739,0.3964911280775508,0.5349258217273671,0.4895670053802359,0.5469492680816486,0.2123638651587348,0.4459514900869966,0.5442269126001896,0.4441805285106701,0.5537365160519405,0.2485965688183235,0.447685131495281,0.4477586725977082
GAB,加蓬,266,2017,0.4706779968590374,0.5790235585762091,0.5702913843282533,0.6530699889559755,0.5898793662549342,0.4714122437671687,0.5822279651927006,0.5662499799653168,0.6522231882481712,0.5680283442933393,0.4820810503850956,0.5151766183740993,0.5651154358008684,0.6410679406202903,0.5508602612950884,0.551203411282553
GMB,冈比亚,270,2017,0.2465420519232017,0.502560470756571,0.5168320373769281,0.5410251251077376,0.4858172258686668,0.2511994290601342,0.5093413440351717,0.5154560019092024,0.5523620829670988,0.4570897144929017,0.3122428892967795,0.4462559558101777,0.5210938679984127,0.5903198631685365,0.4674781440684766,0.4723724558974483
GHA,加纳,288,2017,0.2941539462613111,0.5705785086920461,0.5143079012910929,0.5538879907550913,0.516296559260567,0.2974666285937933,0.5762584211019671,0.5126281305814866,0.5630311081194452,0.4873460720991731,0.3502018434849584,0.510908131553119,0.5168429289016107,0.565059999940649,0.4857532259700843,0.4921341346931053
GIN,几内亚,324,2017,0.3354755094672978,0.4599304666774774,0.5068934922214208,0.5982976052297854,0.503742383090552,0.3358350780875797,0.4725481631188238,0.5059277875411339,0.6048415564932798,0.4797881463102043,0.3811939445443841,0.4111121744375783,0.5094592367939057,0.5983233272307689,0.4750221707516592,0.4750352677993463
CIV,科特迪瓦,384,2017,0.3135334989247379,0.526579049157149,0.5339192888694292,0.5238624340586127,0.4990530719936705,0.3168806161076603,0.5318541773571144,0.5320791945510052,0.5335952133472393,0.4786023003407547,0.3644298017033476,0.4679953432406946,0.5370572600355552,0.5348124251446154,0.4760737075310532,0.4806757878178617
KEN,肯尼亚,404,2017,0.2633327777566934,0.4730782020679422,0.5188074590027453,0.5073742814783955,0.4675000526888407,0.2681672692372914,0.4831296422657782,0.517685151021572,0.5189216975706037,0.4469759400238113,0.3224793722925514,0.4273112926260665,0.5239397855512186,0.5354239876921192,0.4522886095404889,0.4567446618766602
LSO,莱索托,426,2017,0.3038778286251177,0.4121828170993054,0.4950386639822381,0.4727766442777705,0.4373189970069946,0.3044168293390932,0.4025286391721732,0.4939806309120563,0.4800323677745342,0.4202396167994642,0.3447360375150086,0.385184662522842,0.5045655739410929,0.5015446168003131,0.4340077226948141,0.4358366466972301
LBR,利比里亚,430,2017,0.2217492526513763,0.3775705304952125,0.4693341408148148,0.4696752897144982,0.4097834707713638,0.226431540788243,0.3884401592346732,0.4690909107966169,0.483497040751108,0.3918649128926603,0.2907607663365271,0.3453938188777508,0.4790986338670602,0.512341341790356,0.4068986402179235,0.4088200585958702
MDG,马达加斯加,450,2017,0.2759692860147568,0.377682411628151,0.4983258994402741,0.5214746873181962,0.4418907888067073,0.2784340930236992,0.3928574450123974,0.4977809223927067,0.5355243445962753,0.4261492012562696,0.3312812478818709,0.343115175739242,0.5056713086219161,0.5596586663498606,0.4349315996482224,0.4346597529694602
MWI,马拉维,454,2017,0.2279122456420679,0.3478643236834241,0.5169891395686802,0.5967546591551216,0.4580853013705512,0.2325342775823445,0.3602755054499635,0.5158282656457263,0.6019659628415694,0.427651002879901,0.2927441027525154,0.3285087126734817,0.5210254017366461,0.5999687907162466,0.4355617519697224,0.4359786702165356
MLI,马里,466,2017,0.2648776368269558,0.4713015043009047,0.4954523931581918,0.4109941011878141,0.4271981078230216,0.2685814791496917,0.4807489434867386,0.4950134432838707,0.4312520144222768,0.4188989700856445,0.3250299177210801,0.4190184790641377,0.4990615859079008,0.4429923980731737,0.4215255951915731,0.426496696248395
MUS,毛里求斯,480,2017,0.4113793624163639,0.5459285876149239,0.6257112937354422,0.3750321456364461,0.4826762096374517,0.4199266857387616,0.534392088006272,0.6255438246536095,0.3859479848538272,0.4914526458131175,0.445109339927185,0.5326718948018793,0.6127173656276068,0.4022911457793954,0.4981974365340166,0.505154993658609
MOZ,莫桑比克,508,2017,0.2672884666162514,0.3497749653675843,0.4842744257905286,0.6151369712542538,0.4636817601281613,0.2691445192860879,0.3630411986881361,0.4840846946639177,0.6194340953209772,0.4339261269897797,0.3193902997242547,0.3237115534775175,0.4959462873252021,0.617656766296361,0.4391762267058338,0.437577010268902
NAM,纳米比亚,516,2017,0.3952876993999097,0.5748419486226409,0.5334827000106792,0.679255672471408,0.5805411380211537,0.3978061014391977,0.5789282515970644,0.531299108355609,0.6842178879406959,0.5480628373331418,0.4196692015949267,0.5224878363627691,0.5453267206864401,0.6679785726866689,0.5388655828327011,0.5415979953665733
NER,尼日尔,562,2017,0.2412551834215943,0.4025007975773388,0.5204083287292537,0.3948924588564426,0.4031658530064982,0.2455296686612302,0.4190189324039619,0.5194246186250489,0.4146150812520633,0.3996470752355761,0.3054916257458556,0.3650716340280365,0.525565811568965,0.4235904934158273,0.4049298911896711,0.40905805799849
NGA,尼日利亚,566,2017,0.300464221038941,0.448139550515284,0.512995259792213,0.4289651064680702,0.4352755425133059,0.3048554398693741,0.4584476176082803,0.5116585291696444,0.4376658554387445,0.4281568605215108,0.351214750199771,0.4084985801035984,0.5192920358168313,0.4590557770988024,0.4345152858047507,0.4379283409287142
GNB,几内亚（比绍）,624,2017,0.2845455629880233,0.4093363520431438,0.473608485943946,0.7144201745820995,0.5174300555203701,0.2871061093049675,0.4216184694061365,0.4732158237674017,0.7179941029277661,0.4749836263515679,0.3387564832553354,0.373354233841321,0.482677460531056,0.7203928381753473,0.4787952539507649,0.4768258109230248
RWA,卢旺达,646,2017,0.2506240889634439,0.4966651907178335,0.5150021596481962,0.3946510921128723,0.4309385995877047,0.2549718875560579,0.5154305717036202,0.5138980978152915,0.4016780565796367,0.4214946534136516,0.3121525691667606,0.442610326240515,0.520386162299441,0.4282546627676747,0.4258509301185978,0.4329612943943776
STP,圣多美和普林西比,678,2017,0.2951960401009239,0.4169858212369097,0.5240157997860189,0.5461151328716704,0.4703599082072966,0.3057052268082992,0.4145119378588315,0.5222377200337152,0.5516800317096594,0.4485337291026263,0.3582505564842839,0.4017303385818583,0.5276902955544844,0.5559542756707072,0.4609063665728335,0.4624089454871938
SEN,塞内加尔,686,2017,0.2762168972741055,0.5677019428213504,0.5306207923084859,0.6353976138171379,0.5461781021630486,0.2808185499658928,0.582818785087253,0.5292714988478804,0.6425156340665784,0.5088561169919011,0.3370037467389865,0.5028778081924317,0.5355938048504201,0.6415842929039686,0.5042649131714517,0.510024202823022
SYC,塞舌尔,690,2017,0.2796707184396333,0.5871903948761393,0.4744429815215772,0.6117631692012702,0.532012229363975,0.2811449705786757,0.5760154335526623,0.463883538388057,0.6002524510830393,0.4803240984006085,0.3375227536101805,0.562383687583368,0.4879582605010764,0.5888827421083124,0.4941868609507343,0.5026230127200333
SLE,塞拉利昂,694,2017,0.2468161521976274,0.401755283093831,0.5161917895898976,0.5586011542374918,0.4624034677505718,0.2516876009286103,0.4122102218677536,0.5149519918272911,0.5694023762305412,0.4370630477135491,0.3105873264099041,0.3611472968753081,0.5199347098065324,0.5828107277706297,0.4436200152155936,0.4449259548248894
ZAF,南非,710,2017,0.407666093832965,0.7009843279839026,0.4849506125499788,0.3674036217414793,0.4956496001823962,0.4148045798017216,0.6952019948198531,0.480944382786846,0.3673340490247985,0.4895712516083048,0.4401111552264063,0.6674611428079731,0.5102762962296616,0.3706446332556451,0.4971233068799215,0.5092068601993145
ZWE,津巴布韦,716,2017,0.2698364803651416,0.4408470479870766,0.456144239193929,0.6135718759239074,0.4844050881603412,0.2725059557489002,0.447150316995954,0.4565802712815003,0.6166572127566305,0.4482234391957462,0.3004194035731445,0.407949113083633,0.4692162609159807,0.6073025281851292,0.4462218264394718,0.4489351038109765
SWZ,斯威士兰,748,2017,0.3997816812616255,0.421661703684562,0.560214980759388,0.3923913422267164,0.4371260037549561,0.4028853151308001,0.4163943509899476,0.5603069312386175,0.4049586285596769,0.4461363064797605,0.4351403464353743,0.4137321337954838,0.5543636052725232,0.4354641662671391,0.4596750629426301,0.4604791041350671
TGO,多哥,768,2017,0.2674420694926233,0.4388999856145425,0.4890031498658319,0.5606237430013913,0.4711156328337713,0.2709943740177511,0.4516515217831482,0.4885260572791388,0.5674343333697097,0.4446515716124369,0.3276433884127833,0.3947762982129927,0.4968586225306109,0.5641986764958659,0.4458692464130632,0.4478406975224068
UGA,乌干达,800,2017,0.2639317427672139,0.3795922737343812,0.4729067751663384,0.505779555418674,0.429831592455215,0.2678787929079737,0.3938286633069838,0.4726009117094188,0.5116369074758078,0.411486318850046,0.3216295634729403,0.3407959571915226,0.4850068401129487,0.5193608902853556,0.4166983127656918,0.4170386823389762
TZA,坦桑尼亚,834,2017,0.2582779965829846,0.4463552337773922,0.5078726514306019,0.6301154789654176,0.5013582465493213,0.2624760179188365,0.4611523249390209,0.5071844439099893,0.6325185432507804,0.4658328325046568,0.3216276651595119,0.3994630761734349,0.5142451297810159,0.6344462201772728,0.4674455228228089,0.469111774920537
BFA,布基纳法索,854,2017,0.264413104250203,0.4423630153490455,0.5071486819424531,0.615366381251426,0.4954680654150585,0.2675361743487616,0.4530514359310499,0.5065476301568431,0.6259914167308029,0.4632816642918644,0.3244764057272741,0.3975569235678866,0.5112030766579834,0.6258494111655668,0.4647714542796777,0.4663096192651815
ZMB,赞比亚,894,2017,0.3243634660292078,0.3897482583943922,0.4967292454931333,0.6890980108296145,0.5125229529750831,0.3259121191037175,0.3960775118978851,0.4962056997594797,0.6881451922324374,0.4765851307483799,0.3646987832277523,0.3560195713437593,0.501510836096561,0.676682351848807,0.4747278856292199,0.4717689275203344
AGO,安哥拉,24,2018,0.4021465233484934,0.4514047618892526,0.5249942666292082,0.4822091626491384,0.4715353192595231,0.4012315385527486,0.4678761748343445,0.5230553611613289,0.49035789697401,0.470630242880608,0.4229932171384603,0.4062055746715636,0.52310663929569,0.5098140718917549,0.4655298757493672,0.4649847233964737
BWA,博茨瓦纳,72,2018,0.421254621051962,0.5486752924824001,0.5221318812839194,0.6145279817483472,0.5503055080194064,0.422772593854984,0.5372175861324651,0.5183890964174137,0.6154907073662179,0.5234674959427702,0.4435169410882817,0.5199606674966603,0.5265613445964186,0.5976850992386378,0.5219310131049997,0.5242575928782777
BDI,布隆迪,108,2018,0.2273734011805957,0.3489921306774821,0.4757591394147012,0.3923034555145056,0.3752737104420939,0.2320933902414817,0.3625307350928418,0.4754564979839908,0.400901713239312,0.3677455841394066,0.2950827290688464,0.3060207482644712,0.4853739227130073,0.4290773750543725,0.3788886937751743,0.3801991438523142
CMR,喀麦隆,120,2018,0.2686070985497203,0.5066224860123644,0.5288855241918742,0.4299364809073115,0.4519974575788438,0.2729875069846481,0.5209791353120524,0.5273133463969606,0.4383974366698211,0.4399193563408705,0.327876366201197,0.4594599398113308,0.5318412898603436,0.4613154242969577,0.4451232550424572,0.4519655577835423
CPV,佛得角,132,2018,0.3075964486696567,0.656048381117714,0.5325506525760582,0.3236786169196356,0.4632611272341596,0.3145898263347722,0.6607479776197998,0.5303032555713012,0.3437185421096655,0.4623399004088847,0.3614938656828634,0.5918252972800195,0.5393602208291947,0.3724122148414481,0.4662728996583814,0.4788896981992523
CAF,中非,140,2018,0.1376849203191458,0.3249350119637844,0.5347964665648267,0.5172696067516694,0.4142235919590805,0.1446625723579124,0.3400700932362999,0.5337028717527869,0.5233224695759158,0.3854395017307287,0.2197481240376481,0.3121599077712234,0.5394747102651106,0.5305001967502012,0.4004707347060458,0.4046797033048052
TCD,乍得,148,2018,0.1714175968630317,0.3360991175814812,0.5097914907311702,0.4652952852168078,0.3978008353791643,0.1777704335968833,0.351348073202864,0.5089988622312925,0.4802487110606661,0.3795915200229265,0.2467099125728267,0.3047135777970314,0.5125001231716442,0.4806322258465706,0.3861389598470183,0.3891665906263959
COM,科摩罗,174,2018,0.2688584327051244,0.4669220032955314,0.542294498859974,0.5828460007251176,0.4988099671387602,0.2752294180949696,0.4801517752632101,0.5400318904783507,0.5903330267821877,0.4714365276546796,0.3333707185720574,0.4211292325520569,0.5469010344523565,0.585089406673205,0.4716225980624189,0.4749327034994652
COG,刚果（布）,178,2018,0.3782763339404383,0.4183100971675133,0.5474413717503793,0.6093318412895944,0.5096194679996804,0.3749565381722303,0.4270279648624114,0.5447512264101468,0.6081745073945118,0.4887275592098251,0.3986890401897824,0.3747438559774797,0.5443080619273878,0.6006175952926193,0.4795896383468173,0.4777051517879623
COD,刚果（金）,180,2018,0.2990315163702949,0.3322798530494771,0.441375732345345,0.5007267937866643,0.4120694907867803,0.2990487574932476,0.3456120252817938,0.4422563938535549,0.503997864637824,0.3977287603166051,0.3448504682477904,0.3009844739957368,0.4510299135698949,0.5188104852935504,0.4039188352767431,0.4009867977108635
BEN,贝宁,204,2018,0.2794830913941507,0.4320057461519449,0.5254909535315847,0.5941247191262109,0.4905063404098898,0.2827390158491484,0.4433095046917353,0.523393520381171,0.5994843606191764,0.4622316003853078,0.3379127012210128,0.3913859681819479,0.5325765230689888,0.5904313739175642,0.4630766415973784,0.4645849496861171
GNQ,赤道几内亚,226,2018,0.3777282606203326,0.2431002572425337,0.5478580768187964,0.5922478009330211,0.4517656761664911,0.3791273567218005,0.2406113179782361,0.5400898061097834,0.5917831415460961,0.437902905588979,0.387635780961323,0.2371539270226481,0.5509062942060893,0.5861245423831717,0.440455136143308,0.4332983154081153
ETH,埃塞俄比亚,231,2018,0.2393327330278307,0.4568919007944536,0.4910148193760359,0.4869518823774386,0.4463120386856175,0.2440777478123005,0.4770044744555722,0.4905327377307002,0.4968141986528614,0.4271072896628586,0.3066359899082559,0.4147842291913551,0.4997604866086655,0.506181430218287,0.4318405339816409,0.4365173541910478
ERI,厄立特里亚,232,2018,0.1292876718047835,0.3404414540392543,0.4724938642449827,0.2827214956836462,0.3192451847900031,0.135694521887323,0.3543455841443579,0.4733228101687282,0.3032707130862818,0.3166584073216727,0.2122832775813299,0.3076834201425277,0.4707454060739579,0.3420893092000914,0.3332003532494767,0.3393011844929688
DJI,吉布提,262,2018,0.5911753146263484,0.5177723938181352,0.5515922838949352,0.1951426861291325,0.4170534000954131,0.5891882636785984,0.5308077072698428,0.5484032001664397,0.2169102797869704,0.4713273627254628,0.5919858468787967,0.4766783456769832,0.5553224569840236,0.2529536240141758,0.4692350683884948,0.468594573232089
GAB,加蓬,266,2018,0.4852304856467925,0.5905538873070938,0.5696457270802057,0.6531743604039639,0.5950987310831759,0.4850075633337621,0.592566798394243,0.566083854240289,0.6525944585996342,0.5740631686419821,0.4923397804004544,0.5241925148955964,0.5644564858615096,0.6424291571127323,0.5558544845675732,0.5561130953357233
GMB,冈比亚,270,2018,0.2462135655081885,0.5173714249541025,0.5271625075605129,0.5408261701702851,0.4922300758873864,0.2510860917097711,0.5230857796157647,0.5257234495203882,0.5522706649350229,0.4630414964452367,0.3133344174084521,0.4580804760184137,0.53090201452847,0.5901919322550372,0.4731272100525933,0.4786411550247008
GHA,加纳,288,2018,0.2918559432350223,0.587347305734228,0.5180487007807505,0.5568506183738453,0.5227986728676466,0.2951429210090779,0.5917416964458325,0.5164344648619471,0.566201558198659,0.4923801601288791,0.3476453661627577,0.5260256137554318,0.5204786898081619,0.567803225568908,0.4904882238238148,0.497661991574069
GIN,几内亚,324,2018,0.3031726351167664,0.4752219351871232,0.5175927804652338,0.5992039364767432,0.5065631970779543,0.304817942351018,0.4875792607715919,0.5164055321627538,0.6058714219368978,0.4786685393055654,0.3540002668824846,0.4241552423367542,0.5198118729612943,0.5993004779623549,0.4743169650357219,0.4762430874086889
CIV,科特迪瓦,384,2018,0.303278200939566,0.5273209760028624,0.5356671527415012,0.5250028539381889,0.498701549660163,0.3069215422514932,0.5332306678437279,0.5337479022623982,0.5348997633089954,0.4771999689166536,0.3549546129274448,0.4680461143368116,0.5385236165813336,0.5360917954185924,0.4744040348160456,0.4794291278364992
KEN,肯尼亚,404,2018,0.2702755599819059,0.4949959962493449,0.5197829006940966,0.5035223473892991,0.4736775401309438,0.2752834873665404,0.5040674328690768,0.5185307659981905,0.5147414076096377,0.4531557734608614,0.3301443995652072,0.4454565969507009,0.5256774079638347,0.5314482104134312,0.4581816537232935,0.4631840918072183
LSO,莱索托,426,2018,0.3154192462718223,0.3935270683831445,0.5020996186203821,0.475537883609586,0.4358240231393465,0.3154245892449547,0.387340476347161,0.500971321955099,0.4831013500502833,0.4217094343993744,0.3536327112980341,0.3725016848687705,0.5110915746462426,0.5044459352339993,0.4354179765117616,0.4363481612194741
LBR,利比里亚,430,2018,0.2233182471968733,0.3866294360969232,0.4842586157654618,0.4692689852722788,0.4156369852214774,0.2275419190913862,0.3976106247428582,0.4840097754128933,0.4830893104010124,0.3980629074120375,0.2903536137533096,0.3532560874275351,0.4935046791840576,0.5118507523406755,0.4122412831763944,0.4147465971156012
MDG,马达加斯加,450,2018,0.2770104273638019,0.38291880098331,0.5021551535365643,0.5215779793921117,0.4444107985495594,0.2792353814579627,0.3979445047865952,0.5017058125150113,0.5356581687744252,0.4286359668834986,0.3311242907125019,0.3453219105185032,0.5098162967666293,0.559827300755992,0.4365224496884066,0.436413359327063
MWI,马拉维,454,2018,0.2277008131319807,0.3518591163586448,0.521310879426164,0.5884584187474201,0.4571190374641587,0.2324562144104152,0.3645223890001808,0.5201385139778126,0.5929610264349037,0.4275195359558281,0.2936298910461228,0.3321836479457307,0.5253178027745243,0.5914844284276181,0.435653942548499,0.436381804975642
MLI,马里,466,2018,0.2725225106159182,0.4889276249868765,0.4942463796986904,0.4128864410931395,0.4338378647821797,0.2758773190305653,0.4985472985565451,0.4939059773539969,0.4332112783741534,0.4253854683288152,0.3309369860335988,0.4340912472971133,0.497049225132775,0.4448810077648119,0.4267396165570748,0.4320577195152882
MUS,毛里求斯,480,2018,0.4176814407300258,0.549964771145914,0.6411774533874361,0.3737732764672057,0.4874757864926765,0.4267488421927193,0.53811775448382,0.6421399293901918,0.3843674006592547,0.4978434816814965,0.4516997294535056,0.5320931460572332,0.6391108981947597,0.3999768363612903,0.5057201525166972,0.5127835982761775
MOZ,莫桑比克,508,2018,0.2532479233750835,0.3758030227372143,0.4872884899297711,0.610032190101896,0.4682764550144974,0.2553258518348795,0.3888196234802903,0.4872018741733898,0.6139991503169882,0.436336624951387,0.308021208696145,0.346613725385142,0.4992431319336218,0.612882519418919,0.4416901463584569,0.4417215899258348
NAM,纳米比亚,516,2018,0.4166272854832241,0.5936031123138933,0.5443701177072384,0.676875598889222,0.5902961136994733,0.4175916563442686,0.5978583892917801,0.5423054996156096,0.6816335984839045,0.5598472859338907,0.4373009177013341,0.5409663439320619,0.5597409754378163,0.6656911982197345,0.5509248588227368,0.5539402419978878
NER,尼日尔,562,2018,0.2388725659122876,0.4084008926742669,0.520081785230141,0.3977958869997502,0.4055799181718629,0.2434742781067097,0.4244187534953998,0.5191727459480263,0.4177272501827801,0.4011982569332289,0.3052032630189098,0.3693954528521178,0.5251777547488227,0.426541403741914,0.406579468590441,0.4108620115390666
NGA,尼日利亚,566,2018,0.3014362226948068,0.4627475945334447,0.5123719076764202,0.4354901528486019,0.4419551025002677,0.3057343306053404,0.471814087753375,0.511042263561182,0.444798843749643,0.4333473814173851,0.3526595026180353,0.4205824207908327,0.5183021244706935,0.4656779030571533,0.4393054877341787,0.4430759726743541
GNB,几内亚（比绍）,624,2018,0.2756296771091691,0.4161859862560743,0.4893469680961262,0.7133894861680937,0.5211937694169466,0.2784837908938068,0.4285135747138783,0.4888608476065046,0.7170819366806502,0.47823503747371,0.3320372758768266,0.3795033816723353,0.4976921302482814,0.7192634020003565,0.48212404744945,0.4809597392970154
RWA,卢旺达,646,2018,0.2562613535249901,0.5092526322240962,0.5197276172537342,0.3968638093549399,0.4371868622456001,0.2609730133641536,0.527206410065141,0.51856143487803,0.4040758422242334,0.4277041751328895,0.3211941168107275,0.4529955574916147,0.5248284572285784,0.430495235222339,0.4323783416883149,0.4395803643949164
STP,圣多美和普林西比,678,2018,0.2977950072336172,0.3942914999534283,0.5274550921880946,0.5462913368856542,0.4647966856262356,0.3078111980765029,0.3915606070416616,0.5256621961993995,0.5520064337617764,0.4442601087698351,0.358911750293817,0.3839303535284336,0.5308307873700375,0.5563089774996891,0.4574954671729943,0.4582245498137914
SEN,塞内加尔,686,2018,0.2711293292471788,0.5851067449455035,0.5309015876008929,0.6357548971442308,0.5508271661961632,0.2758006920742908,0.5993574517514251,0.5296622699269674,0.642953958058626,0.5119435929528273,0.3323280182625025,0.5188999246426056,0.5360779584407546,0.6419663540470067,0.5073180638482174,0.5139919950766593
SYC,塞舌尔,690,2018,0.2763585873296071,0.5986393996665546,0.5036486917388905,0.619709664383682,0.543958063901619,0.2778133647202265,0.5864712733871736,0.4954363620212771,0.6102319143429263,0.4924882286179008,0.3334747245103737,0.5712859648733126,0.5215984815372705,0.6036354801367347,0.5074986627644229,0.516783908683384
SLE,塞拉利昂,694,2018,0.247724443585742,0.3991598228857912,0.5259989616828618,0.5576320855186571,0.4634582717890905,0.252591034993146,0.4098538957531099,0.5245894306786026,0.5683894324215991,0.4388559484616144,0.3105079553639872,0.3597617958229581,0.5295894554473384,0.5818618253947554,0.4454302580072597,0.4468345102341641
ZAF,南非,710,2018,0.4053815857269156,0.7072596060750032,0.5018293479677856,0.3748090634020113,0.5034281828186323,0.4125673464593775,0.7003038396041409,0.4988464870336627,0.3753311506636527,0.4967622059402085,0.4381036219977666,0.6683610280336898,0.5334816491694581,0.379218280603096,0.5047911449510026,0.5172181388726811
ZWE,津巴布韦,716,2018,0.2968387310562716,0.4367497941327292,0.4640572764048998,0.6059395113461987,0.4856329823857181,0.3009979651801118,0.4435786020243386,0.4643990818578692,0.6082935937821711,0.4543173107111227,0.3483525800542155,0.4056436428017951,0.476851949190948,0.5991578170609368,0.4575014972769738,0.4582304284589261
SWZ,斯威士兰,748,2018,0.3888833457671771,0.430618838290781,0.5609043118231931,0.3927795150400658,0.4386159355770307,0.3924674086175095,0.4254741421884304,0.5609316889127672,0.4053135434099709,0.4460466957821695,0.4253111051501043,0.4207352578988775,0.5551261866423951,0.4356217075270487,0.4591985643046064,0.4607541075011016
TGO,多哥,768,2018,0.2662699747303584,0.4458490030865753,0.4934489189897222,0.5659592739831092,0.475882999966812,0.2699295732657758,0.4583843968801691,0.4928759661884579,0.5731062706119008,0.4485740517365759,0.3270521376200866,0.4015954020298767,0.5018520341509942,0.5692426361177078,0.4499355524796663,0.4522331876452936
UGA,乌干达,800,2018,0.2588774679160595,0.3894581850559011,0.4824266963345296,0.5057941403430425,0.434072083623414,0.2630381025980959,0.40396677213917,0.4820470336349651,0.5117044479645719,0.4151890890842007,0.3205112506626859,0.3493913936191397,0.4942537396564554,0.5193727316279932,0.4208822788915685,0.4217870059047718
TZA,坦桑尼亚,834,2018,0.2537614828232114,0.4563856856651117,0.5105758990925147,0.6265915894250915,0.503002709242697,0.2580154343423493,0.4707497136747537,0.5097711635073695,0.6287717391532501,0.4668270126694307,0.3172456654502779,0.4082397569677916,0.5168697826969291,0.630852980031728,0.4683020462866816,0.470640268010472
BFA,布基纳法索,854,2018,0.2693203443658357,0.4353856934916202,0.5087480503838636,0.6225094455796872,0.4969935720421715,0.2723714041430017,0.4459706665345083,0.5081551932187014,0.6332108031594345,0.4649270167639114,0.3291177054525781,0.3917452877335242,0.5131781078200476,0.6320302024457455,0.4665178258629738,0.4675329825132259
ZMB,赞比亚,894,2018,0.3316196733741662,0.3939113255427803,0.4923010914160554,0.684388455701821,0.512064534613101,0.3328347997424123,0.3996792028978699,0.4918819626796655,0.6829982198811845,0.476848546300283,0.3706664749384564,0.3587322891715215,0.4962896254573954,0.6715941100764211,0.4743206249109486,0.4712161095885983
AGO,安哥拉,24,2019,0.3954480813289756,0.4547094411502146,0.5264530537041417,0.4749587327364976,0.4692922667924182,0.3949071381535175,0.4701873463596203,0.5244301554813817,0.4824984938077331,0.4680057834505632,0.4185808307855255,0.4087311545024477,0.5252769884277243,0.502278441093668,0.4637168537023414,0.463620523091824
BWA,博茨瓦纳,72,2019,0.3984987304212277,0.5800097868744587,0.5259360808266953,0.6179377201646805,0.5585815910170139,0.4012451254474258,0.5666922164113194,0.5222081212174682,0.6193599028620904,0.527376341484576,0.4244018304222295,0.546243467206997,0.5303065111120109,0.6017862141368772,0.5256845057195286,0.5300086999449615
BDI,布隆迪,108,2019,0.2253127579786566,0.3536765477818129,0.4770714076128478,0.3704457649226916,0.3686992482990377,0.2299784667731094,0.366746945043444,0.4767423139321776,0.3770655786383516,0.3626333260967707,0.2927567701545034,0.3091915204973275,0.4865588374094546,0.4066019200448613,0.3737772620265367,0.3756781615617288
CMR,喀麦隆,120,2019,0.2680857110296466,0.5258156517577542,0.5303812223136649,0.4315632998731021,0.4584919664103903,0.2724227983455136,0.5386229536222442,0.5287897031883432,0.4401803411926527,0.4450039490871885,0.3271344428391107,0.475478398857559,0.5333038883887612,0.4630000187137296,0.4497291871997901,0.4573076539311191
CPV,佛得角,132,2019,0.3188460698153844,0.6635476246011865,0.5315613783752655,0.3254305153686675,0.4673849226601911,0.3260674538543589,0.6679931558602287,0.5292491199962557,0.3457951727658913,0.4672762256191837,0.3737668354130775,0.6007212041657441,0.5384798640958691,0.3753719236452171,0.472084956829977,0.4844962957521632
CAF,中非,140,2019,0.1374965401741817,0.3332431440249007,0.5353304218367356,0.5192617248218714,0.4174849631997431,0.1445397627784837,0.3470816457111428,0.5342004164274403,0.5254737785470678,0.3878239008660336,0.2192300769623331,0.3046484301994506,0.539886866641242,0.532506970188804,0.3990680859979574,0.4029450706474249
TCD,乍得,148,2019,0.1715738741949439,0.3356621718656543,0.511411018977704,0.4662801070346868,0.3983902396753589,0.1779272652618233,0.3503463499284367,0.5105798548294926,0.4813378332990871,0.38004782582971,0.2469122370788455,0.3044210419421113,0.5140050786889034,0.4816612828429568,0.3867499101382042,0.3897627073504947
COM,科摩罗,174,2019,0.2631130186786697,0.479272816828402,0.5422129450375459,0.583551739180283,0.5019335490005677,0.2693749204404387,0.4915820675246685,0.5399249862617272,0.591203260218781,0.4730213086114039,0.3271766939079513,0.4308501656611955,0.5468816139370521,0.5862871131023794,0.4727988966521446,0.476793233653533
COG,刚果（布）,178,2019,0.3500708415151402,0.4288131733802223,0.5458555796346839,0.6076080657346555,0.5080392613806128,0.3501439648313732,0.437103872354265,0.5432079564609341,0.6062883998206102,0.4841860483667957,0.3876577806995495,0.3840683988756266,0.5431776397354368,0.5987501486654352,0.478413491994012,0.4774378941351626
COD,刚果（金）,180,2019,0.2746255980690912,0.3397174982525558,0.468085790569143,0.4898147120474062,0.412664320409366,0.2760873873776706,0.3525036582193697,0.4681500016331806,0.4921603891917516,0.3972253591054931,0.3273101626927091,0.3083350248871578,0.4812608588085896,0.5076109409451621,0.4061292468334047,0.404904607192916
BEN,贝宁,204,2019,0.2777317491956766,0.4359812735316127,0.5289605021183956,0.5954237187871938,0.4926467642263901,0.2812160444015316,0.4467896057991135,0.5267888184979388,0.6010425578260056,0.4639592566311473,0.3371356030306329,0.3947976908532458,0.5357256515157649,0.5920738877122882,0.4649332082779829,0.466648473384914
GNQ,赤道几内亚,226,2019,0.3710526490562323,0.2615844251573689,0.5510449857012357,0.5903934931431142,0.4563267737621845,0.3727468460751223,0.2576321281951595,0.5434391079495522,0.5900603900193168,0.4409696180597877,0.3835989560784307,0.2550694055940441,0.5534356273959855,0.5854884256422384,0.4443981036776747,0.4382563176526833
ETH,埃塞俄比亚,231,2019,0.2414932856415174,0.4557263954171964,0.4954861056100699,0.4889310881784356,0.4479098385969631,0.2463362737207402,0.4757525133490717,0.4948916076843123,0.4989513077106094,0.4289829256161834,0.3095930523653781,0.4139986779073744,0.5036834409211849,0.508158498883766,0.4338584175194258,0.4383987383821231
ERI,厄立特里亚,232,2019,0.1304517821035707,0.3576019316643412,0.4704938928927048,0.2857375027144706,0.3251366207575118,0.1368129927683002,0.3699325450639651,0.4714172266745557,0.3064558905701398,0.3211546637692402,0.2133472332954895,0.3213562639992334,0.4679362934584215,0.3453222809599006,0.3369905179282613,0.34355876946664
DJI,吉布提,262,2019,0.6218752398933228,0.522874378099862,0.5517449807028784,0.1958747165472815,0.4229012605745004,0.6197152374389541,0.5358101666195813,0.5484265224846169,0.2175925738934341,0.4803861251091466,0.6196857184393249,0.4808193674906943,0.5555912175749016,0.2536801689752124,0.4774441181200333,0.4757575298222949
GAB,加蓬,266,2019,0.4806228712637281,0.6002242931571088,0.5729969842197286,0.6521010196236713,0.5976529693847935,0.481250438471349,0.6018443317895775,0.5693684717142244,0.6516025534630017,0.5760164488595382,0.4931789779770817,0.5336615393772371,0.5676820128993595,0.6421689378170895,0.559172867017692,0.5598634664189086
GMB,冈比亚,270,2019,0.2558246721000094,0.503491160709531,0.5271364137322234,0.540771140354921,0.4893794242376078,0.2604464160894419,0.5105218815577097,0.5256981762190265,0.5523526082938047,0.4622547705399957,0.3209339362549049,0.4508621828547243,0.5309560116607176,0.5903341895963142,0.4732715800916652,0.4781305001190751
GHA,加纳,288,2019,0.2955015173567307,0.5784670662043844,0.5186528419529735,0.5578868709328854,0.5211651159465794,0.2987986879824942,0.5852524487629933,0.5169990239857999,0.5673743000965802,0.4921061152069669,0.3514899247142015,0.5183360012358023,0.5210119059441932,0.5691221530233602,0.4899899962293893,0.4966433489130016
GIN,几内亚,324,2019,0.2948761432806629,0.485120770647015,0.525039687031226,0.600211438585457,0.5103137183191715,0.2970025698781635,0.4971072116156514,0.52359548441023,0.6069371823535911,0.4811606120644089,0.3472382402353023,0.4326061634610398,0.5286078669256276,0.6000490768459243,0.4771253368669735,0.4798409627457515
CIV,科特迪瓦,384,2019,0.309922475147443,0.5387083735232182,0.5359490219871111,0.52537941675814,0.5031299756130322,0.3134545371846353,0.5441861239008908,0.5339895703906764,0.5353531022619755,0.4817458334345445,0.3616480419903963,0.4766585337667061,0.5387029158392372,0.5364435469494543,0.4783632596364485,0.4834704779337824
KEN,肯尼亚,404,2019,0.2717746739521737,0.519251592251523,0.5211639534013714,0.5019293357621797,0.4807342400523481,0.2768864262757959,0.5271573473026249,0.5198744466317684,0.5131037996041601,0.4592555049535873,0.3309491211462415,0.4654738849014833,0.5270140124012129,0.5298951345698962,0.4633330382547085,0.4692255848590769
LSO,莱索托,426,2019,0.3000425215738427,0.4231587834925119,0.5006497080260239,0.4784874095096566,0.4433030578735804,0.3012170459746125,0.4160297741335164,0.4995515409871618,0.486393394522456,0.4257979389044367,0.3435786109202997,0.3989884698205631,0.5098419867273046,0.507442064270592,0.4399627829346898,0.4424426285105354
LBR,利比里亚,430,2019,0.2195182544769748,0.3667539989144999,0.4754751089036925,0.4697187720497565,0.4076023804735749,0.2234754725863977,0.3789826103166006,0.4754217327878479,0.4837187411081262,0.3903996391997431,0.2843795516535733,0.3377369754200541,0.486264742138583,0.5127714796225258,0.405288187208684,0.4072523862353825
MDG,马达加斯加,450,2019,0.2669638091713888,0.3629521291271521,0.5020701003793416,0.519809889199614,0.4365395762399186,0.2697640593462556,0.3769957628610429,0.5015955098662649,0.5337318645847389,0.4205217991645755,0.3246695008108716,0.3270367149224629,0.5099985651714405,0.5579888224712362,0.4299234008440027,0.4293220976827523
MWI,马拉维,454,2019,0.2387001394196714,0.3637394111737981,0.5256790350881573,0.5853560079508997,0.4618553499091301,0.2432817097571832,0.3767985896717676,0.5245516490370711,0.5896655599676993,0.4335743771084304,0.3037008152989061,0.3409512992655771,0.5303327025412015,0.5883512056294353,0.44083400568378,0.4416241961074827
MLI,马里,466,2019,0.267338527450818,0.4921981559050595,0.4927422606480878,0.4139372191256625,0.4341865679424498,0.2708392713562014,0.5013910824745682,0.4924440451122575,0.4342688648654082,0.4247358159521088,0.3272229217961046,0.4377186186595089,0.4952634670745938,0.445907159810936,0.4265280418352858,0.4321286800390191
MUS,毛里求斯,480,2019,0.4179339065262351,0.5837427596827561,0.6501075065272806,0.3763977308833798,0.5002911516159096,0.427684294844362,0.5716663726619033,0.6516096878099796,0.3876066654281654,0.5096417551861026,0.4535047739079204,0.5726360225246728,0.6540618539171289,0.4046373233859417,0.5212099934339159,0.530133791615996
MOZ,莫桑比克,508,2019,0.2627547353368646,0.3876534833302263,0.4881185915071729,0.6126458306628431,0.4741478864812307,0.2650244721695185,0.4011667722531686,0.487979792892279,0.6164551506782378,0.442656546998301,0.3169272054138677,0.3578944092907631,0.500018476752291,0.6147669780550118,0.4474017673779834,0.4475216660592769
NAM,纳米比亚,516,2019,0.3862085763062722,0.5994013005729611,0.5547823758089598,0.6799150526457971,0.5912833712908896,0.3887360703073238,0.6023375687228483,0.5534197242144498,0.6849895532430252,0.5573707291219119,0.4139786130454036,0.5462997244796158,0.5759303440634436,0.669023082057039,0.5513079409113755,0.5557766261512145
NER,尼日尔,562,2019,0.2386733898538291,0.4259749874096995,0.5214684231792607,0.462487520273576,0.4345790527095829,0.2432808569727413,0.4408189782469578,0.5204698357828839,0.479516817523532,0.4210216221315287,0.3045321238413424,0.3855422631881208,0.526737115749449,0.4764494551683236,0.4233152394868089,0.4276287406430069
NGA,尼日利亚,566,2019,0.28028368451499,0.461863702904882,0.5116176243390302,0.4386284647783386,0.4398920089743667,0.2848858245976214,0.4696749380512113,0.5102861427381267,0.4482571928406705,0.4282760245569075,0.3303327048734915,0.4205486472665017,0.5179169489568572,0.4689038323485596,0.4344255333613525,0.4391264295935193
GNB,几内亚（比绍）,624,2019,0.2606102062334264,0.4233149754616969,0.491941806171824,0.7138567053782461,0.5220294327915709,0.2644945575448035,0.4351151886878849,0.4913698397571752,0.7177865715881109,0.4771915393944936,0.3215562132654214,0.3849670390606989,0.4999272232906706,0.7198029945609246,0.4815633675444289,0.4811274367520108
RWA,卢旺达,646,2019,0.2549927092878782,0.5187191933346819,0.5233539486040039,0.3737257472479952,0.4321446845036641,0.2598384525072926,0.5362695803789383,0.5221139003632373,0.3788368511822482,0.4242646961079291,0.3206960487164942,0.4608171065556405,0.5281249921301493,0.4066994020638425,0.4290843873665317,0.4370518691839398
STP,圣多美和普林西比,678,2019,0.2899425678362529,0.4028483178928925,0.527443663941792,0.5440958911161108,0.4654825672807522,0.2997620550303702,0.3995844499814554,0.5256349129866529,0.5497237753251653,0.4436762983309109,0.3490960204075922,0.3927261163660961,0.5308698188530742,0.5541094174992216,0.456700343281496,0.458283441652516
SEN,塞内加尔,686,2019,0.2742427805547711,0.6048657882245275,0.5300352391295482,0.6351925040704031,0.556675875010623,0.2786770979533364,0.6179492228921287,0.5288976298895375,0.6423960244411017,0.516979993794026,0.3339188721366391,0.5361200615733022,0.5356512612596739,0.6412590974082353,0.5117373230944626,0.5191049073909542
SYC,塞舌尔,690,2019,0.2699429671029729,0.6138919916084982,0.5209731472813193,0.6305946743607577,0.5551988553324166,0.2719140941873927,0.6002721316428068,0.5139013271174925,0.6239551405216064,0.5025106733673246,0.329872346624908,0.5853319584380994,0.5426781378898312,0.6241113044521536,0.520498436851248,0.5305711672759135
SLE,塞拉利昂,694,2019,0.2558194415549193,0.4038059775152859,0.5295346233064486,0.5583554171801369,0.4668980923828264,0.2607324862378115,0.4137988593248705,0.5280219262206636,0.5692145192502979,0.4429419477584109,0.3200098331542315,0.3635509000831597,0.5330179879601555,0.5825527586310413,0.449782869957147,0.4509753468706162
ZAF,南非,710,2019,0.4023525918129235,0.7348814273241338,0.4968902368746769,0.372812573495039,0.5094105182472926,0.4090751286742725,0.7266452989598643,0.4936265223873922,0.3727682982413234,0.5005288120657131,0.4333960686808351,0.6953675228257306,0.5284565652737636,0.3756494559482418,0.5082174031821428,0.5220221307080282
ZWE,津巴布韦,716,2019,0.2450531862094618,0.4263305705279764,0.4562778980410911,0.6104162023434586,0.4757391512012258,0.244497812446753,0.4341436015607058,0.4569126412575724,0.6132548754812239,0.4372022326865638,0.243826596115687,0.3954189404474271,0.4695165949957199,0.6040681078965212,0.4282075598638388,0.4329167586887568
SWZ,斯威士兰,748,2019,0.4137172471375902,0.4632473121948036,0.5630035732048885,0.386708911706682,0.4497357025213221,0.4174027787331176,0.4569830304264027,0.5631189919527254,0.398606054579429,0.4590277139229186,0.4508854206135274,0.4499083117686062,0.556519169165405,0.4289958338874978,0.4715771838587591,0.4734094192814524
TGO,多哥,768,2019,0.270838647559276,0.4527402406304385,0.4957094557565092,0.5672000968116181,0.4794414401326002,0.2744259131228577,0.4647839540921709,0.4950908556410926,0.5744874209079915,0.4521970359410282,0.3307520683328886,0.4084751215104488,0.5041137765513448,0.5705944727259032,0.4534838597801464,0.4559351607118835
UGA,乌干达,800,2019,0.2537818350991863,0.3945222473969491,0.4870283813269656,0.4927903739296511,0.4311219843930357,0.2579139313025777,0.4094801565883052,0.4865398002787457,0.4975745924296371,0.4128771201498165,0.3170596781049216,0.3545234495704435,0.4984903782242463,0.5060389734319346,0.4190281198328865,0.4205699245268405
TZA,坦桑尼亚,834,2019,0.2597030145241492,0.4664288878072096,0.5102931046786259,0.6486753170286647,0.5147277892060396,0.2637632187476399,0.480241515284629,0.50948631187034,0.6497435182019482,0.4758086410261393,0.3224912487373562,0.4172577894282516,0.5164094160536437,0.647604397907112,0.4759407130315908,0.478192251858344
BFA,布基纳法索,854,2019,0.2705109705977773,0.4496039690407563,0.5100988040637768,0.6229413458023703,0.5017817571650431,0.2735206909313714,0.4603307340145005,0.5094569965534032,0.6337170590152617,0.4692563701286342,0.329801061276273,0.4041868560817344,0.5144481805046601,0.6324664188272251,0.4702256291724732,0.4717717930856175
ZMB,赞比亚,894,2019,0.3210041387910501,0.4109183405133024,0.5087453665123591,0.6812980772511805,0.5179962844974608,0.3223168074754871,0.4155390451713506,0.5080780262896863,0.6797043831855766,0.4814095655305251,0.3615472164969658,0.3727386136879776,0.5163485499534094,0.6686577268129887,0.4798230267378354,0.4780769240130333
AGO,安哥拉,24,2020,0.3701549746428408,0.4644301231432498,0.5339395419076806,0.4831982146956338,0.4733920845193463,0.3703714635287408,0.4788938684337802,0.531748574635296,0.4917023909321856,0.4681790743825006,0.3967000976201183,0.4179000595643938,0.5342903940102612,0.5114960424638052,0.4650966484146446,0.4663671519055163
BWA,博茨瓦纳,72,2020,0.3794717848860744,0.5985338457915299,0.5251785868531402,0.6244566215179653,0.5637498926918885,0.3820364359626739,0.5842174804000136,0.5216477674365846,0.6267043401879734,0.5286515059968114,0.3977796521924778,0.5627823073649804,0.5293824254979661,0.6095041781660302,0.5248621408053636,0.5309634086413848
BDI,布隆迪,108,2020,0.2238177671599753,0.3605800321916925,0.4745146938897445,0.376039228822383,0.3720386473016207,0.228105282599102,0.3738407847092789,0.4742195955554467,0.3831634499812666,0.3648322782112735,0.2867978728898877,0.3171782988822015,0.4842361087450011,0.4123431952718317,0.3751388689472305,0.3775364305862028
CMR,喀麦隆,120,2020,0.2624377344869288,0.5444670622051562,0.530571028963879,0.4309958235791518,0.463078901667905,0.2668389428300676,0.5569260018930423,0.5289459749160643,0.4395816003917602,0.4480731300077336,0.3206247071882048,0.4925046854567458,0.5338484241037171,0.4624357831829042,0.452353399982893,0.4609865260965171
CPV,佛得角,132,2020,0.2549002967591744,0.696561763329591,0.5409013158960265,0.3274565742802439,0.4713835095303103,0.2615374651900926,0.699874941345282,0.5394886062515312,0.3483193453506503,0.462305089534389,0.3022728716666376,0.633237984905821,0.5521658733732733,0.379144364383866,0.4667052735823995,0.483851109592796
CAF,中非,140,2020,0.134536262899423,0.3454045189673139,0.5344871218970926,0.5166623440140301,0.4195568270756827,0.1415537897409156,0.3596568104995966,0.5333753156228814,0.5226456707548989,0.3893078966545731,0.2150146083291386,0.3411348017928954,0.5390706203235573,0.5298332617186298,0.4062633230410553,0.4119632927321758
TCD,乍得,148,2020,0.1578388480069623,0.3448635417164865,0.5123238733047377,0.4662308209009096,0.3994658819184479,0.1644398782787672,0.3592112001919392,0.5113808337367352,0.4812970912471562,0.3790822508636494,0.2324583828051917,0.3114175744760873,0.5158631710699951,0.4816120147553981,0.385337785776668,0.3893249730020693
COM,科摩罗,174,2020,0.260652472952857,0.5346851110925394,0.5397481992588359,0.5840156400717216,0.5175967041472155,0.2669645467177393,0.5460208613204145,0.5374831825673065,0.5916723519074952,0.4855352356282388,0.3249185242004734,0.4748206853325165,0.5447606115945742,0.5866051653605894,0.4827762466220383,0.4887742161754224
COG,刚果（布）,178,2020,0.3459796117745187,0.458398536538266,0.5477479102386951,0.6020416139975695,0.514590699200629,0.3452084905241377,0.4648920975295068,0.5448444606582381,0.6001821181054992,0.4887817917043454,0.3772273544984928,0.4112680407357652,0.5477255296708932,0.5927986504958824,0.4822548938502584,0.4830938488191825
COD,刚果（金）,180,2020,0.2797736809267143,0.3535313380686097,0.4496675170426711,0.4924650224945994,0.4145240214707752,0.2808664846204382,0.3658337100392013,0.4502443550432941,0.4951311690139965,0.3980189296792325,0.3300397921853483,0.3197249308220746,0.4603669366003386,0.5103699136398155,0.4051253933118943,0.4039349880011693
BEN,贝宁,204,2020,0.2766108042742235,0.44484142372145,0.5289514740653956,0.5866522549019141,0.4919152211833915,0.2800084512980839,0.4551220463173343,0.5267547417746583,0.591545494414022,0.4633576834510247,0.3338829653465014,0.4027203082674696,0.535917899232347,0.5830405427738203,0.4638904289050345,0.4662343904524084
GNQ,赤道几内亚,226,2020,0.3429542435022245,0.2812176465467014,0.5493326615505651,0.5842137165675807,0.455803120446597,0.3462892161092739,0.275953268129484,0.5413042259040731,0.5831597388260515,0.4366766122422206,0.3640409590860187,0.2739808582257194,0.5541326196599755,0.5780653619769367,0.4425549497371626,0.4382297579004294
ETH,埃塞俄比亚,231,2020,0.2463756263440716,0.4639321247370617,0.497905107500217,0.4869334500040507,0.450751128440072,0.2508754949377135,0.4832598016752409,0.4972684349802674,0.4968043822908421,0.432052028471016,0.3110141881913141,0.4217880368497473,0.5056872501151488,0.5062156853035458,0.436176290114939,0.4410556005676876
ERI,厄立特里亚,232,2020,0.1316158924023577,0.3778407514503138,0.4694670509173813,0.288357403236707,0.3319949832045509,0.1379314636492772,0.3887236581714878,0.4706757358937958,0.3093209876870935,0.3266629613504135,0.2144111890096491,0.3367960829997113,0.4676716497639607,0.3480483752856336,0.3417318242647387,0.3488903236242757
DJI,吉布提,262,2020,0.5973815501266455,0.5235874383632857,0.5541938118683926,0.1979176343905658,0.4211403526211001,0.608061833150754,0.536329622297567,0.5508948060497499,0.2198815173994192,0.4787919447243726,0.6348969534726346,0.4819584277286012,0.5577972212444068,0.2561325253057859,0.4826962819378572,0.4803852395658943
GAB,加蓬,266,2020,0.4842349282607515,0.6015507427697384,0.5735181393732947,0.6484087313921265,0.5972846646875648,0.4845887483461192,0.601974724995994,0.569834663729763,0.6476771250066927,0.5760188155196423,0.490506923854883,0.5345504430819792,0.5696914357953218,0.6388300594023765,0.5583947155336401,0.55932106750532
GMB,冈比亚,270,2020,0.2390626065871876,0.5149575823948042,0.5270433959447398,0.5399776301426141,0.4902423323704571,0.2439744029394573,0.520473956780469,0.5256188025486426,0.5516203031368235,0.4604218663513481,0.3043182250220432,0.4613680026227255,0.530831484393337,0.5897319590563371,0.4715624177736107,0.4776249009815378
GHA,加纳,288,2020,0.2859864548365673,0.6382221209664675,0.5169474696960185,0.5527338385542079,0.5352926530136253,0.289270829870194,0.639760775917695,0.5152582920402721,0.5616852988475778,0.5014937991689348,0.3398509968465795,0.5766023316090265,0.5197665287284241,0.5635056102752874,0.4999313668648294,0.5097330569051305
GIN,几内亚,324,2020,0.3893773331542695,0.480898259666249,0.5229171124155736,0.5993325013028679,0.520757256246834,0.3868916960824704,0.4915179645157696,0.5214661952819599,0.605984585733343,0.5014651104033858,0.4193557035234977,0.4288841214953349,0.5266634900909652,0.5990348011402006,0.4934845290624996,0.492840616457592
CIV,科特迪瓦,384,2020,0.3015611010237602,0.5531409955957656,0.5354986763163031,0.5221254209081105,0.5050035570252949,0.305054900875633,0.5580556676293699,0.5335654211939203,0.5318863626268686,0.4821405880814479,0.3500875238560272,0.4884497291299461,0.5382837612020211,0.5332347015905785,0.4775139289446432,0.4836923947598374
KEN,肯尼亚,404,2020,0.2707118955850366,0.5305148071642862,0.521658615188491,0.4969051371258392,0.482188582373407,0.2754118210488248,0.5372409923587966,0.5204245624420429,0.5076422025297131,0.4601798945948444,0.3259674888055536,0.4729258209795753,0.527566039012053,0.5247509321538434,0.4628025702377564,0.4693274246992308
LSO,莱索托,426,2020,0.2992917086360535,0.3945066469660445,0.4998117148459217,0.4750530184532953,0.4333321279794195,0.2997302222021181,0.3894560333941621,0.4987826773382772,0.4827140490301955,0.4176707454911882,0.3371967534980752,0.3727337292224639,0.5089349796758741,0.5040860563553776,0.4307378796879477,0.432376995136384
LBR,利比里亚,430,2020,0.2437438962554371,0.3650695645212112,0.4663378163560573,0.4685270463214232,0.4079513750069546,0.2467877361289415,0.3776795760771793,0.4664676503344838,0.4825123765506989,0.3933618347728259,0.3035259869946453,0.3358255475938321,0.4780140889882991,0.5117440184586024,0.4072774105088447,0.4082063627489515
MDG,马达加斯加,450,2020,0.2445871732719738,0.3753229903275881,0.4947395710531131,0.5228809016025532,0.4368212334787671,0.2472981154313452,0.3886107432261417,0.4944501848606521,0.5371224316332237,0.4168703687878407,0.2986058847366578,0.3361653099181171,0.5036225551740876,0.5613036420336746,0.4249243479656343,0.4257331301521753
MWI,马拉维,454,2020,0.2262507923559969,0.3729828091833769,0.5243161237526268,0.5939717151356192,0.4657913599019574,0.230811657373393,0.3853904321511969,0.5230444013246044,0.5991408745283454,0.4345968413443849,0.2903609156789466,0.3483295889912797,0.5277127010005246,0.5972850602793669,0.4409220664875294,0.44245638502662
MLI,马里,466,2020,0.2865526194361809,0.5457825845990325,0.4877278671302559,0.4141181802609794,0.451530249213006,0.2890440105590618,0.5572597576010263,0.4876813689761313,0.4344498747432413,0.4421087529698652,0.3360773493833764,0.4816410570983666,0.4908498828431295,0.4460306075740258,0.4386497242247246,0.4457307594955199
MUS,毛里求斯,480,2020,0.3875950821148582,0.5935928655991192,0.6471157076700571,0.3805142916573868,0.5000695133275961,0.396806034858451,0.5808687800701801,0.6489998296331155,0.3926570278726021,0.5048329181085872,0.4166933400354616,0.5770067311441558,0.6554978018003519,0.4117202451980163,0.5152295295444964,0.5258871432199143
MOZ,莫桑比克,508,2020,0.2351478312968057,0.4072589460754885,0.4887060335617105,0.6203406705971086,0.4792140828943395,0.2381886980302202,0.4205921540078352,0.4885732365520545,0.624922437824813,0.4430691316037307,0.2923827084871331,0.3753165522856464,0.5004494005001736,0.6228622564858332,0.4477527294396966,0.4496113864310184
NAM,纳米比亚,516,2020,0.3831960176200188,0.6347682678211295,0.5537965735856233,0.6831309383084375,0.6022764378374096,0.385402054942434,0.6358180108958091,0.5525462961701628,0.6886127785534244,0.5655947851404576,0.4063016942922826,0.5795023368633003,0.5744617908819669,0.6728582317650148,0.5582810134506412,0.5644752117863765
NER,尼日尔,562,2020,0.2338517524268432,0.4368040013962767,0.5212279393691103,0.4599707562652812,0.4361691633558981,0.2384640594972212,0.4507380645963346,0.5202086274434762,0.4767767362432671,0.4215468719450748,0.2986851943168505,0.3940422542169442,0.5262878187402892,0.4738744949146952,0.4232224405471947,0.4282001538343399
NGA,尼日利亚,566,2020,0.2688728662041538,0.4779807544296879,0.5127713680624445,0.4313691410834931,0.4407377348622872,0.2739061317786561,0.4854470384344196,0.5114478398248768,0.4404128566556767,0.4278034666734073,0.3213837966633256,0.433888648771476,0.5195506474418093,0.4616480448818635,0.4341177844396186,0.4399327426585068
GNB,几内亚（比绍）,624,2020,0.2652047890395497,0.4487479602958579,0.4888307248975032,0.712486750777221,0.5289819253048879,0.2689966753860038,0.4582185090335655,0.4882593931089933,0.7163497535820458,0.4829560827776521,0.3242836446234641,0.4043940833832529,0.4969408795280027,0.7183141380563081,0.4859831863977569,0.4862619813646843
RWA,卢旺达,646,2020,0.2431681535121732,0.5340504334723053,0.5218040035870598,0.3789976982391028,0.4367009651908423,0.2470569751583104,0.5506213620125353,0.5205956027575852,0.3845619534550996,0.4257089733458826,0.3003108106161639,0.474770199302939,0.5267386545259845,0.4121297892175827,0.4284873634156675,0.4378695256416782
STP,圣多美和普林西比,678,2020,0.3071932861476332,0.4434877001504784,0.529099989932751,0.5404823367866335,0.4787664411066107,0.3165053671726917,0.4403863591024825,0.5272868601515112,0.5459282497894814,0.4575267090540417,0.3636025109749516,0.4264122966032581,0.5322981937103667,0.5506421412996928,0.4682387856470672,0.47074004166612
SEN,塞内加尔,686,2020,0.2637859116703957,0.6289464717444239,0.5312712388967565,0.646481637069169,0.5667656478413544,0.268348829185654,0.6402362008989584,0.5301352862422669,0.6534435259894193,0.5230409605790747,0.3228530265665065,0.5586782831489323,0.5366708885001095,0.6506443445724172,0.5172116356969914,0.5259396108980938
SYC,塞舌尔,690,2020,0.2392074749524506,0.6837520571015506,0.5298418712107866,0.6356462248875901,0.5754380379339572,0.2403332346209744,0.6654375237100233,0.5240124151546953,0.6300297383460507,0.5149532279579359,0.2899895203714541,0.6760714018675098,0.5560940388457865,0.6321415441287406,0.5385741263033728,0.5544888048210965
SLE,塞拉利昂,694,2020,0.2467081248898498,0.4109909303719816,0.5261824144162659,0.5578595052327348,0.4669331356815167,0.2514644674464582,0.4207965379857008,0.5247225823049714,0.5687191007431052,0.4414256721200589,0.3075984783704108,0.3698072278075009,0.5300105560781286,0.5820584721642927,0.4473686836050832,0.4493477767260408
ZAF,南非,710,2020,0.4156312839179418,0.7575256453457557,0.5067268958295328,0.3778550256464794,0.5217305582217088,0.4223555330520329,0.7484080154533955,0.5044512230301736,0.3783916428238578,0.513401603589865,0.4416021822090533,0.7159725181035732,0.5433357433191728,0.3821245099196652,0.5207587383878661,0.5352340654626172
ZWE,津巴布韦,716,2020,0.2085218578781286,0.442830159662024,0.4516527743160821,0.6190602706716063,0.4779682190863888,0.2060082285732837,0.4506753117220442,0.4524022891620732,0.6228002364830839,0.4329715164851213,0.1880188399914615,0.4097834113780066,0.4662481822921139,0.6134631440295969,0.4193783944227948,0.4269971996054734
SWZ,斯威士兰,748,2020,0.4129747071674853,0.4765950521057642,0.5674623443301821,0.3939724195009341,0.4571505996972149,0.4159128384484529,0.4700055864142706,0.567761169737213,0.406193930137237,0.4649683811842934,0.4411905448627579,0.4577953036151223,0.5600940767778695,0.435867506378273,0.4737368579085057,0.4762962821240452
TGO,多哥,768,2020,0.2706049337855828,0.473821341911331,0.492057140797568,0.5599004602641187,0.4822025136549057,0.2738780739248406,0.4854365163694848,0.4915513553497166,0.5665323839550326,0.4543495823997686,0.3278768065342456,0.4274758013072078,0.501092670558634,0.5630661353091463,0.4548778534273084,0.4583605522444904
UGA,乌干达,800,2020,0.2496877398566245,0.4101176887386662,0.4797025465326436,0.4902783301051457,0.4327314724038178,0.2536531668354076,0.4245121082422118,0.4794234272910374,0.4948831886232693,0.4131179727479815,0.3107119711095999,0.3678811369759195,0.4925901694269914,0.5035278743724811,0.418677787971248,0.4210391084514461
TZA,坦桑尼亚,834,2020,0.2574860880921374,0.4607775699367754,0.5114401021114233,0.6467550906546822,0.5123107118715184,0.2612089271719985,0.4747743239408194,0.5106150014752989,0.6477690690714476,0.473591830414891,0.3170265881716418,0.4116527415128551,0.5172286686021856,0.645759143688738,0.4729167854938551,0.4752013146841065
BFA,布基纳法索,854,2020,0.2875687204895298,0.4544709249334393,0.5085246555550949,0.6208558738184147,0.5043753077952522,0.2894693292334035,0.4627361472332973,0.5079725480153089,0.6314829851250939,0.4729152524017759,0.3395801407706104,0.4087592545306312,0.5122880563909917,0.6303802923659091,0.4727519360145356,0.4740673052101997
ZMB,赞比亚,894,2020,0.3555810646267043,0.4457275544722974,0.4884172144875165,0.6891259726098651,0.5314082800514326,0.3546156326361835,0.4477725080358176,0.4883886648547593,0.6882678554187196,0.49476116523637,0.3843617854712355,0.4029020290999311,0.4932506103204164,0.6766575704198807,0.4892929988278659,0.487413789574728
AGO,安哥拉,24,2021,0.398636923218902,0.4673705763783558,0.5247918967160445,0.4855734436789741,0.4769618490869017,0.3980312713856188,0.4811414321850672,0.522913064388573,0.4943250429193787,0.4741027027196594,0.4210696069805726,0.4205021785619004,0.5241685734260454,0.5137811383606683,0.4698803743322967,0.4700080971236108
BWA,博茨瓦纳,72,2021,0.4373979233419281,0.6344417391329237,0.525474822542194,0.6216170588755217,0.5809959937914325,0.4394682594143811,0.6176174097516054,0.5218365626261908,0.6235200706478676,0.5506105756100113,0.4584710875441894,0.5936329275593456,0.5294011983450407,0.6059718505566722,0.5468692660013119,0.5517062493518096
BDI,布隆迪,108,2021,0.2264382107207434,0.3725151806385767,0.4758312247803247,0.3789199461499099,0.3772266860080507,0.2310111478538308,0.3850219525211713,0.4755043158097862,0.3863064399505482,0.3694609640338341,0.292019244075802,0.3269629423426834,0.4853875696697035,0.4153069808580532,0.3799191842365605,0.3824914148779179
CMR,喀麦隆,120,2021,0.2679233388041898,0.5445786302501348,0.5307882919764103,0.4314690135700416,0.4640524128180716,0.2722969572915683,0.5573439000524518,0.529217724752655,0.4401289282871686,0.4497468775959609,0.3268426161249885,0.49422302630808,0.5338900104234604,0.4630184626209381,0.4544935288693668,0.4629201873745402
CPV,佛得角,132,2021,0.2922834746579636,0.7313960039028666,0.5422413637867788,0.3272129653412494,0.4867698452636665,0.3001514589549287,0.7366409558668856,0.5408412476216267,0.3479150958338077,0.4813871895693122,0.3526110824243859,0.6614732131529598,0.5546800926085727,0.3783513792329997,0.4867789418547295,0.5029982816423957
CAF,中非,140,2021,0.1334585077433605,0.3450416394678207,0.5321596598896409,0.5208947107312311,0.4203616338125067,0.1405534758573949,0.3591919015554224,0.5311095199236536,0.5272231606284119,0.3895195144912207,0.2149653619884529,0.3166438860487014,0.5365144487750605,0.53416814042827,0.4005729593101212,0.405093281082585
TCD,乍得,148,2021,0.1632548173183497,0.3896244868469033,0.5077816514897376,0.4668036479341395,0.4126318925021106,0.1694019817393933,0.405874924176017,0.507042233744378,0.4819121743785313,0.3910578285095799,0.235354398857734,0.3472023351928809,0.5107900159933698,0.4821690651357577,0.3938789537949356,0.3992343179105687
COM,科摩罗,174,2021,0.2651682761511759,0.5448318030202292,0.5347001546215173,0.5836101147981563,0.5199783850527493,0.2712880532527206,0.5547079532588566,0.5323560671442444,0.5911294782597513,0.4873703879788932,0.3298207532406162,0.4827300899989799,0.5400046554225088,0.5855824387476142,0.4845344843524297,0.4906102229840472
COG,刚果（布）,178,2021,0.3628946854348074,0.4686748231302825,0.5436193804454224,0.6039155249565044,0.5196669089517313,0.3616886602143799,0.4742597859675592,0.5409486657595878,0.6022328218222647,0.4947824834409479,0.3933144354403128,0.4209530214352224,0.5427702503681218,0.5947424050517572,0.4879450280738535,0.4884000810635754
COD,刚果（金）,180,2021,0.2952223183933506,0.3645304727051114,0.3784612053737946,0.4899744741433396,0.4039887711552838,0.2957910625297999,0.375495384748825,0.3813626373723258,0.4924961022885096,0.386286296734865,0.3436044516748427,0.328540129324687,0.3753059318124039,0.5078591091646298,0.3888274054941409,0.3862134916058659
BEN,贝宁,204,2021,0.2784029338229382,0.4603841163884898,0.5369379784666722,0.587426412514204,0.4986868373599057,0.2819722738352015,0.4693616518876419,0.5346155685299349,0.5926072608685798,0.4696391887803395,0.3376553616364913,0.4155427591446872,0.5429320177841979,0.5845417004529235,0.470167959754575,0.4729922613701023
GNQ,赤道几内亚,226,2021,0.351530525605792,0.296321178003283,0.535579709163732,0.5810953147002939,0.4573709627882767,0.3552046195133078,0.2906702530953976,0.5274814067383498,0.579481242644158,0.4382093804978033,0.3731845791867507,0.2887328087113422,0.5403058113293555,0.5732944332964917,0.443879408130985,0.4396684679340238
ETH,埃塞俄比亚,231,2021,0.2443101999980446,0.4906366323889758,0.4980910802236774,0.4869160462649963,0.4583835201613745,0.2487896603358321,0.5092226308656307,0.4974209400542622,0.4967806648238893,0.4380534740199036,0.3085000049059316,0.4436145559040759,0.5055521024000833,0.5061477923061898,0.4409536138790701,0.4469057898068396
ERI,厄立特里亚,232,2021,0.1327790679417145,0.3820387189839868,0.4668445111705057,0.2892040846133087,0.3331450099029198,0.1390489340476274,0.392506837273988,0.4681364435609129,0.3101690004430401,0.3274653038313921,0.2154734064285652,0.3398249394831193,0.4641968587355852,0.3488682755358304,0.3420908700457751,0.3492729756687664
DJI,吉布提,262,2021,0.5942392012552984,0.5249026642840056,0.5545946995786093,0.2020873393756652,0.4227161179107807,0.602143153897648,0.5374268847946193,0.5511634837721037,0.2242709443783141,0.4787511167106713,0.6234570456252596,0.4821963199487952,0.5582451784634227,0.2601074705111435,0.4810015036371552,0.4791537908566094
GAB,加蓬,266,2021,0.4730256600654315,0.6085323872884524,0.5686042273506152,0.6503610521765525,0.5975478114075574,0.4746000419947527,0.608378244320048,0.5651937834672828,0.649845298918045,0.5745043421750321,0.4850603682006212,0.5423993970798012,0.5640305269045987,0.6410155267452627,0.5581264547325709,0.5595239854207604
GMB,冈比亚,270,2021,0.2416974669861759,0.5119688940637702,0.5277657657443351,0.5386806392130016,0.4893875072557765,0.2470336143766756,0.5171751055911784,0.5262999136367184,0.550300434576933,0.4602022670453763,0.309784346028032,0.4587887656814116,0.5314545796417203,0.5883722662581847,0.4720999894023371,0.4778366889956266
GHA,加纳,288,2021,0.2893175161922299,0.6430655538368905,0.5067942516978797,0.5534053643208121,0.5352783564261452,0.2931632109093741,0.6443816116023612,0.5054871315901466,0.5623735805308426,0.5013513836581811,0.3464437552835008,0.5834718914105287,0.508195388443506,0.5639982282633426,0.5005273158502195,0.510163809505532
GIN,几内亚,324,2021,0.3999307548962716,0.4929311534534016,0.5251020527173844,0.600295463132946,0.5265029819214011,0.3973766729044736,0.5049429403088883,0.5236397474599505,0.6069752433063651,0.5082336509949194,0.4285509125883812,0.4395630892015976,0.5289022839964512,0.5999764740142963,0.4992481899501816,0.49868881259462
CIV,科特迪瓦,384,2021,0.3099023910827301,0.5743169733502286,0.5295126799642588,0.5220107064938941,0.511050079822752,0.3137116780204735,0.5786423630751634,0.5276878036195403,0.5317661129389418,0.4879519894135298,0.3608824255858661,0.5055514186322168,0.5313248936157348,0.5328704479691722,0.4826572964507474,0.4890170232858301
KEN,肯尼亚,404,2021,0.2787022308502635,0.5349188276992014,0.5237660191784197,0.5006809587876435,0.4863556705096074,0.2838980777280034,0.5405531327082055,0.5225203338683061,0.5117525881582419,0.4646810331156892,0.3381093303666335,0.4757473814192224,0.5298288967075936,0.5285449322034776,0.4680576351742318,0.4741487839633771
LSO,莱索托,426,2021,0.3019394435609585,0.4053378187596622,0.4876625644097273,0.4751599457059207,0.4343694497538177,0.3033343492260373,0.3999500358026988,0.4869771225460249,0.4828184730626247,0.4182699951593465,0.3482110751529493,0.3799242571538971,0.4991534635934117,0.5040919628443647,0.4328451896861557,0.4341716756678012
LBR,利比里亚,430,2021,0.2714432040632121,0.3622139664669245,0.4508642594804151,0.4700329597176137,0.4080686473568533,0.2739549727698665,0.3745513324929646,0.4515461626440614,0.4842187014150913,0.396067792330496,0.3307671497050212,0.3335344937101806,0.4589390050741427,0.5133705299123614,0.4091527946004265,0.4084744197059744
MDG,马达加斯加,450,2021,0.2608491846093648,0.3826847085783653,0.4950540944834133,0.5218659981619262,0.4408305128946854,0.2638148742096844,0.3957749602336398,0.4947319329733963,0.5359917380035396,0.422578376355065,0.3198965897604375,0.3434539356223599,0.5038818312803902,0.5601304224930357,0.4318406947890558,0.4320528042945429
MWI,马拉维,454,2021,0.2313245606459408,0.3863058412242123,0.5259621133468716,0.5954524582809125,0.4712710297486626,0.2360238523264661,0.3978661259815039,0.5247827898485541,0.6008224519537569,0.4398738050275703,0.296607172479109,0.3586846723263899,0.5302209020989527,0.5988801512202978,0.4460982245311874,0.4478272429197241
MLI,马里,466,2021,0.2763984367596432,0.5418998612063285,0.4566046830215147,0.4139583907226471,0.4424740985016064,0.2794676692022401,0.5530321544048025,0.4576029947620327,0.434221301684445,0.4310810300133801,0.330876015967745,0.47929229902613,0.454460506131984,0.445680826452641,0.427577411894625,0.434254302024838
MUS,毛里求斯,480,2021,0.4114372955538533,0.6090123702739939,0.639058712067515,0.3803912598188949,0.506025155616936,0.4222667588560827,0.5950730390879432,0.6406572943224476,0.3925404584235828,0.5126343876725141,0.4511146819572028,0.5900032105402815,0.6498598332337032,0.4116211914079507,0.5256497292847845,0.535280673807946
MOZ,莫桑比克,508,2021,0.2601220597989579,0.4086827416249619,0.4850650458341559,0.6190705278931896,0.4817000192059028,0.2622120295217851,0.4227487727758596,0.4849971096935707,0.6235469337398223,0.4483762114327594,0.3138662655177168,0.3777927564784825,0.4971948553052133,0.6214179735336901,0.4525679627087756,0.4535614385125083
NAM,纳米比亚,516,2021,0.384056360632437,0.6430388576566147,0.5499631141185818,0.682747880391599,0.603885837055346,0.3871879017730106,0.6441127051699093,0.5487379696391291,0.6882400803614497,0.5670696642358746,0.4161654396739231,0.5857878361390013,0.5691009415373584,0.6725396622374434,0.5608984698969316,0.5668606532600956
NER,尼日尔,562,2021,0.2292711760485728,0.4512126027065251,0.518087228299751,0.4608070932996072,0.4394599759316217,0.2337709387328596,0.4668110910114291,0.5171833324611161,0.477675691898107,0.4238602635258779,0.2929875384108079,0.4055068094865522,0.523017083697045,0.4747865030838339,0.4240744836695598,0.4297478424025075
NGA,尼日利亚,566,2021,0.2817049148250828,0.4740947287194896,0.5117365459281387,0.4311990635900282,0.4410045594625868,0.2869142384613409,0.4805993856648885,0.5104304602895285,0.4402462582302803,0.4295475856615096,0.3373350475801875,0.4323795993731023,0.5182510082832151,0.4613694662805391,0.4373337803792609,0.4423634156348701
GNB,几内亚（比绍）,624,2021,0.2740961867286495,0.4618088428508038,0.492263130816726,0.7128394231717495,0.5348506100783063,0.2776106867099494,0.4697748450199299,0.49162082573275,0.7167140849948561,0.4889301106143713,0.3328395510136102,0.4136612026467863,0.5000576701502881,0.7187306646475693,0.4913222721145635,0.4916721538851847
RWA,卢旺达,646,2021,0.2687514794802407,0.5551417985949693,0.5237425562058062,0.3826840206406621,0.4480374839882816,0.273494457237349,0.5716437591673716,0.5224585769338034,0.3885897755679684,0.4390466422266231,0.3316126922723006,0.4944150702893328,0.5283833554426436,0.4158503723151369,0.4425653725798535,0.4514027272442447
STP,圣多美和普林西比,678,2021,0.298368384014141,0.4665380391076336,0.5290657449123221,0.5410578055802011,0.484600713202923,0.3080144792674905,0.4614778394594357,0.5272508884624517,0.5466622715614646,0.4608513696877106,0.3564629879605642,0.4460061560958509,0.5323344863240042,0.551280271670372,0.4715209755126978,0.4751927949106315
SEN,塞内加尔,686,2021,0.2726358394197776,0.6309839210092423,0.5266289069546378,0.6455147146703372,0.567208525262557,0.2771411036248362,0.642085210171197,0.5257361018234472,0.6523763716151113,0.524334696808648,0.3326538940548366,0.5603480592300301,0.5322442929986952,0.649393314181418,0.518659890116245,0.5269824412095222
SYC,塞舌尔,690,2021,0.255067109290908,0.6494730802882869,0.5680197170035436,0.6381960237259678,0.5763437430127106,0.2568011300957358,0.6331257924425112,0.5648346556417143,0.633275789108025,0.5220093418219965,0.3127630139153367,0.6323109413115835,0.6140396703277067,0.6370951715354102,0.5490521992725093,0.5628108504634068
SLE,塞拉利昂,694,2021,0.258078287859319,0.4340302785240513,0.5241528708999172,0.5583420973028683,0.4749737978672266,0.2629938192637512,0.4423983090630449,0.5227447176166962,0.5692623203969709,0.4493497915851158,0.3222729554210014,0.3888197244799546,0.5284754588655208,0.5824560165852929,0.4555060388379424,0.4576480939770173
ZAF,南非,710,2021,0.4450525145340334,0.7582528611424754,0.5070315985686735,0.3832171178486231,0.5278379807415727,0.4520014817965863,0.7485833501806022,0.505455144100059,0.3846774255818894,0.5226793504147842,0.473005424333395,0.7154310887532447,0.5430678728894958,0.3900403330407361,0.5303861797542179,0.5433318346528696
ZWE,津巴布韦,716,2021,0.2830466749963491,0.4633569359723963,0.4490547630361455,0.6145183750789524,0.4916417968614802,0.2858160597157548,0.4701263585583718,0.4499406375184326,0.6178593833650075,0.4559356097893917,0.3267867752682311,0.4274560175183661,0.4626240298123307,0.6087539399842309,0.4564051906457896,0.4586975114778265
SWZ,斯威士兰,748,2021,0.4134837073693535,0.5022719199562399,0.5675181634367895,0.3909989061022445,0.4637157176438194,0.4164503323261039,0.4941579418482514,0.5676580123701737,0.4029508326225757,0.4703042797917762,0.4471801086432797,0.476972262155702,0.563914556221999,0.4328589494907187,0.4802314691279248,0.4834731171759916
TGO,多哥,768,2021,0.2660829471365409,0.471205557286674,0.4854640996723594,0.5620635743402647,0.4802429639162858,0.2697435552872677,0.4835013531531011,0.4854424772300479,0.5688826875447917,0.4518925183038021,0.3263912560057806,0.4266639743198074,0.4942506226560116,0.5651694290914909,0.4531188205182727,0.4564996932904284
UGA,乌干达,800,2021,0.2502539656191663,0.4310024204983597,0.4831577227200809,0.4927545969706131,0.4405874281695166,0.2543460602238075,0.4454516128745083,0.4827903370744066,0.497641233643528,0.4200573109540627,0.3118336057370331,0.3884401221093275,0.4953934294156195,0.5060683251721257,0.4254338706085264,0.4286565860991202
TZA,坦桑尼亚,834,2021,0.2579232031588256,0.4697700635601327,0.5022430483655873,0.6505958762627799,0.5144922463611789,0.261874952341304,0.4834760409812133,0.5016903077611036,0.6520120393318509,0.474763335103868,0.3195831597513333,0.4186782893830233,0.5063510992487023,0.6496329071773727,0.4735613638901079,0.4758261224337314
BFA,布基纳法索,854,2021,0.2891346827249905,0.4646816679781144,0.4706709933453697,0.6207537279966157,0.4996300395112718,0.2914571005007705,0.4721083172266384,0.4713121239828469,0.631411261489741,0.4665722007999991,0.3448772465050381,0.4168899890542367,0.4676178366748458,0.6301975189449537,0.4648956477947685,0.4656818028738493
ZMB,赞比亚,894,2021,0.373355097298944,0.4438724697395707,0.4241762972860201,0.6880999014771332,0.5193816542315413,0.3722380078500096,0.4448657080708304,0.4262153478046729,0.6871855866159501,0.4826261625853657,0.4028603897969082,0.4006096555579637,0.4175871273898061,0.6756144133205229,0.4741678965163002,0.4702740805067774
