Alpha-3 code,CountryName_CN,Numeric,Year,SDI_TwoStage,SDI_Economy_TwoStage,SDI_Society_TwoStage,SDI_Resource_TwoStage,SDI_Ecology_TwoStage,SDI_TwoStage_avail,SDI_Economy_TwoStage_avail,SDI_Society_TwoStage_avail,SDI_Resource_TwoStage_avail,SDI_Ecology_TwoStage_avail,coverage_rate,diff,abs_diff
AGO,安哥拉,24,2001,0.3918135102743957,0.3491853234152681,0.2792617066040633,0.4995912220679936,0.4392157890102576,0.3918135102743957,0.34918532341526803,0.2792617066040634,0.4995912220679936,0.4392157890102576,1.0,0.0,0.0
BWA,博茨瓦纳,72,2001,0.458650809093394,0.4108968758068333,0.2905007410845059,0.5124478399718841,0.6207577795103529,0.4586508090933941,0.4108968758068333,0.2905007410845059,0.512447839971884,0.6207577795103532,1.0,1.1102230246251565e-16,1.1102230246251565e-16
BDI,布隆迪,108,2001,0.3239328789731965,0.2551504277033051,0.2538790552489531,0.4435107267152856,0.3431913062252421,0.3314299706925943,0.2551504277033051,0.2838674221265443,0.4435107267152855,0.34319130622524213,0.9705882352941176,0.007497091719397775,0.007497091719397775
CMR,喀麦隆,120,2001,0.3797655116165375,0.2835098835253072,0.3289810949337425,0.5265988109522832,0.3799722570548169,0.3797655116165375,0.28350988352530715,0.3289810949337426,0.5265988109522831,0.37997225705481685,1.0,0.0,0.0
CPV,佛得角,132,2001,0.3972464907447895,0.2774226722560486,0.4374030144302114,0.5284040575785024,0.3457562187143955,0.39724649074478946,0.2774226722560486,0.4374030144302115,0.5284040575785023,0.3457562187143955,1.0,-5.551115123125783e-17,5.551115123125783e-17
CAF,中非,140,2001,0.3750370003337923,0.1569341046467462,0.2715078467450688,0.5493965111891428,0.5223095387542116,0.3828641797737198,0.1882428224064556,0.27150784674506884,0.5493965111891428,0.5223095387542117,0.9705882352941176,0.0078271794399275,0.0078271794399275
TCD,乍得,148,2001,0.3457985344278307,0.1866341668426945,0.2767305254880382,0.4948852215628215,0.4249442238177684,0.3551070216861444,0.22386811587594946,0.2767305254880382,0.49488522156282144,0.4249442238177684,0.9705882352941176,0.00930848725831368,0.00930848725831368
COM,科摩罗,174,2001,0.3876413422050744,0.302359238074431,0.3341421506242799,0.5390043596904759,0.3750596204311108,0.3876413422050744,0.3023592380744309,0.3341421506242799,0.5390043596904759,0.37505962043111085,1.0,0.0,0.0
COG,刚果（布）,178,2001,0.4205443920886048,0.3795212245481799,0.3227860592342525,0.5575689140856482,0.4223013704863383,0.4205443920886047,0.3795212245481799,0.3227860592342526,0.5575689140856481,0.4223013704863384,1.0,-5.551115123125783e-17,5.551115123125783e-17
COD,刚果（金）,180,2001,0.3471968152574345,0.235779098938051,0.2889914058186167,0.4285566208787116,0.4354601353943585,0.34719681525743445,0.235779098938051,0.2889914058186168,0.4285566208787115,0.4354601353943586,1.0,-5.551115123125783e-17,5.551115123125783e-17
BEN,贝宁,204,2001,0.4316252355601996,0.2631254853966797,0.3434711195934941,0.5226448584434986,0.5972594788071262,0.4316252355601996,0.2631254853966797,0.3434711195934941,0.5226448584434985,0.5972594788071263,1.0,0.0,0.0
GNQ,赤道几内亚,226,2001,0.4689840945198088,0.6524277968797749,0.1159947537359908,0.504346062636823,0.6031677648266464,0.5116931291369206,0.7825886551398562,0.15667003394435663,0.504346062636823,0.6031677648266465,0.9117647058823528,0.04270903461711173,0.04270903461711173
ETH,埃塞俄比亚,231,2001,0.3424524920761682,0.2408654947086541,0.2872071926217971,0.3947384896976179,0.4469987912766038,0.34245249207616824,0.24086549470865404,0.2872071926217973,0.39473848969761777,0.4469987912766039,1.0,5.551115123125783e-17,5.551115123125783e-17
ERI,厄立特里亚,232,2001,0.3051023154539918,0.1278189122094867,0.288547622469266,0.4975351427157938,0.3065075844214206,0.3689903491368884,0.3492876052968624,0.3226310641134767,0.4975351427157938,0.3065075844214206,0.8529411764705882,0.06388803368289658,0.06388803368289658
DJI,吉布提,262,2001,0.291117722858223,0.1412321619762285,0.312196227014333,0.5172596135700487,0.1937828888722818,0.3692708798323653,0.3978575124047517,0.31219622701433314,0.5732468910380946,0.1937828888722818,0.8235294117647058,0.07815315697414227,0.07815315697414227
GAB,加蓬,266,2001,0.5100363625213304,0.5382351598385511,0.4142996364247082,0.6190547460613722,0.4685559077606904,0.5100363625213306,0.5382351598385511,0.4142996364247084,0.6190547460613721,0.4685559077606905,1.0,1.1102230246251565e-16,1.1102230246251565e-16
GMB,冈比亚,270,2001,0.4122533733447608,0.254723803320775,0.3374810861826094,0.5263059189641627,0.530502684911496,0.41225337334476075,0.25472380332077493,0.3374810861826095,0.5263059189641626,0.530502684911496,1.0,-5.551115123125783e-17,5.551115123125783e-17
GHA,加纳,288,2001,0.4258389089411062,0.2810181443363625,0.3647128938628428,0.4917241833495738,0.5659004142156456,0.4258389089411062,0.2810181443363625,0.36471289386284284,0.4917241833495737,0.5659004142156457,1.0,0.0,0.0
GIN,几内亚,324,2001,0.3956137879122748,0.2809421689356697,0.3344727680956083,0.5044960690462494,0.4625441455715721,0.3956137879122749,0.28094216893566964,0.33447276809560833,0.5044960690462494,0.46254414557157214,1.0,1.1102230246251565e-16,1.1102230246251565e-16
CIV,科特迪瓦,384,2001,0.429353896481414,0.3111995548034065,0.3385549938708172,0.5291290022522352,0.5385320349991969,0.429353896481414,0.3111995548034065,0.3385549938708172,0.5291290022522351,0.5385320349991969,1.0,0.0,0.0
KEN,肯尼亚,404,2001,0.3895995917676546,0.2789458238595729,0.2674128325356567,0.5105721666998374,0.5014675439755514,0.38959959176765463,0.27894582385957284,0.26741283253565673,0.5105721666998374,0.5014675439755514,1.0,5.551115123125783e-17,5.551115123125783e-17
LSO,莱索托,426,2001,0.3620284011293947,0.302822281813179,0.1816120229883794,0.4747677178924215,0.4889115818235988,0.36739143508410244,0.302822281813179,0.20306415880721046,0.47476771789242145,0.4889115818235988,0.9705882352941176,0.005363033954707719,0.005363033954707719
LBR,利比里亚,430,2001,0.3569586539449092,0.1985888039471939,0.2553016932734788,0.506593745038362,0.4673503735206022,0.3569586539449092,0.1985888039471938,0.2553016932734789,0.5065937450383619,0.46735037352060227,1.0,0.0,0.0
MDG,马达加斯加,450,2001,0.4086357839693068,0.2780886834548772,0.3244315621086898,0.5214041117317536,0.5106187785819065,0.4086357839693068,0.27808868345487714,0.32443156210868984,0.5214041117317535,0.5106187785819066,1.0,0.0,0.0
MWI,马拉维,454,2001,0.3913883733425222,0.2533247668340241,0.245167744294833,0.496721961646955,0.5703390205942769,0.3913883733425222,0.25332476683402405,0.24516774429483298,0.4967219616469549,0.5703390205942769,1.0,0.0,0.0
MLI,马里,466,2001,0.3745745339792571,0.2900161618794828,0.3387751703362036,0.5156882044853649,0.3538185992159773,0.3745745339792571,0.29001616187948276,0.33877517033620363,0.5156882044853649,0.3538185992159773,1.0,0.0,0.0
MUS,毛里求斯,480,2001,0.4437475202659703,0.4062877421997585,0.3473086541497495,0.6282232390163988,0.3931704456979745,0.45955071901131006,0.4062877421997584,0.41052144913110866,0.6282232390163988,0.3931704456979745,0.9705882352941176,0.015803198745339753,0.015803198745339753
MOZ,莫桑比克,508,2001,0.3783814877626692,0.2559774913405389,0.303293024257544,0.4022077906110297,0.5520476448415643,0.3783814877626692,0.2559774913405389,0.303293024257544,0.4022077906110297,0.5520476448415643,1.0,0.0,0.0
NAM,纳米比亚,516,2001,0.4661561606266733,0.3685342965909862,0.4192999003702885,0.517312772218404,0.5594776733270143,0.46615616062667325,0.36853429659098613,0.4192999003702886,0.5173127722184039,0.5594776733270144,1.0,-5.551115123125783e-17,5.551115123125783e-17
NER,尼日尔,562,2001,0.3560104347200712,0.2580551387467784,0.3018498813074452,0.518048691488602,0.3460880273374594,0.35601043472007127,0.2580551387467783,0.3018498813074453,0.5180486914886019,0.3460880273374595,1.0,5.551115123125783e-17,5.551115123125783e-17
NGA,尼日利亚,566,2001,0.3968924009629593,0.3024417535637966,0.3632732685987673,0.4817630330258725,0.4400915486634007,0.3968924009629593,0.3024417535637965,0.36327326859876735,0.48176303302587253,0.44009154866340067,1.0,0.0,0.0
GNB,几内亚（比绍）,624,2001,0.423067822570201,0.2697630912806618,0.2969130869437772,0.4750100240808469,0.6505850879755182,0.4230678225702009,0.2697630912806616,0.29691308694377727,0.4750100240808469,0.6505850879755181,1.0,-5.551115123125783e-17,5.551115123125783e-17
RWA,卢旺达,646,2001,0.3594811076010369,0.254883695263061,0.3156625858983848,0.4993352400088093,0.3680429092338924,0.35948110760103685,0.25488369526306087,0.3156625858983849,0.49933524000880924,0.3680429092338924,1.0,-5.551115123125783e-17,5.551115123125783e-17
STP,圣多美和普林西比,678,2001,0.3693104597976953,0.2633661438950731,0.2888054030157709,0.5273337820461185,0.3977365102338187,0.3824516502864825,0.26336614389507307,0.34137016497091976,0.5273337820461186,0.3977365102338186,0.9705882352941176,0.013141190488787202,0.013141190488787202
SEN,塞内加尔,686,2001,0.4588284130868962,0.2800968587530829,0.3880443157011949,0.5263030533186298,0.6408694245746771,0.45882841308689626,0.2800968587530829,0.3880443157011951,0.5263030533186297,0.6408694245746772,1.0,5.551115123125783e-17,5.551115123125783e-17
SYC,塞舌尔,690,2001,0.4240863701033154,0.2332326628731652,0.4417895082253367,0.4341890549500706,0.587134254364689,0.5113361698978864,0.4381909281507443,0.5221985313656655,0.49782096571044715,0.5871342543646889,0.8529411764705882,0.08724979979457104,0.08724979979457104
SLE,塞拉利昂,694,2001,0.3687448021361984,0.2122148120096757,0.243039598450589,0.4987649812535609,0.5209598168309678,0.36874480213619837,0.2122148120096757,0.24303959845058912,0.49876498125356084,0.5209598168309678,1.0,-5.551115123125783e-17,5.551115123125783e-17
ZAF,南非,710,2001,0.4098639511475519,0.3751256978096914,0.4670076323877253,0.4394741144588333,0.3578483599339574,0.4098639511475518,0.37512569780969135,0.4670076323877253,0.43947411445883333,0.35784835993395736,1.0,-1.1102230246251565e-16,1.1102230246251565e-16
ZWE,津巴布韦,716,2001,0.3760323743004058,0.2352745580241957,0.282586393273509,0.4615567046039099,0.5247118413000088,0.37603237430040587,0.23527455802419564,0.28258639327350904,0.4615567046039099,0.5247118413000089,1.0,5.551115123125783e-17,5.551115123125783e-17
SWZ,斯威士兰,748,2001,0.425644612841803,0.4035076694481315,0.2632834160231507,0.6435972112166399,0.3921901546792901,0.425644612841803,0.4035076694481314,0.2632834160231507,0.6435972112166398,0.39219015467929014,1.0,0.0,0.0
TGO,多哥,768,2001,0.372774223794642,0.2553170209916301,0.2927010461006969,0.4800385422769046,0.463040285809336,0.3727742237946419,0.25531702099163006,0.292701046100697,0.48003854227690457,0.4630402858093359,1.0,-5.551115123125783e-17,5.551115123125783e-17
UGA,乌干达,800,2001,0.3720816534827823,0.2553801553884264,0.3220421661979851,0.4488545241780777,0.46204976816664,0.3720816534827823,0.2553801553884264,0.3220421661979852,0.44885452417807764,0.46204976816664006,1.0,0.0,0.0
TZA,坦桑尼亚,834,2001,0.414909087502368,0.2497219852323506,0.3093534252827787,0.4821760279663115,0.6183849115280313,0.414909087502368,0.24972198523235065,0.3093534252827787,0.48217602796631137,0.6183849115280314,1.0,0.0,0.0
BFA,布基纳法索,854,2001,0.4107629729965536,0.2399564592064301,0.3141947789267917,0.5211573198992722,0.5677433339537205,0.4107629729965536,0.23995645920643008,0.3141947789267918,0.521157319899272,0.5677433339537206,1.0,0.0,0.0
ZMB,赞比亚,894,2001,0.4163514872106992,0.2847134690827673,0.2409022654707642,0.4693585559107829,0.6704316583784826,0.41635148721069926,0.28471346908276723,0.2409022654707643,0.46935855591078285,0.6704316583784826,1.0,5.551115123125783e-17,5.551115123125783e-17
AGO,安哥拉,24,2002,0.3930401294789833,0.3271855823404661,0.2821449208759773,0.5156905649502532,0.4471394497492367,0.3930401294789833,0.327185582340466,0.2821449208759774,0.5156905649502532,0.44713944974923664,1.0,0.0,0.0
BWA,博茨瓦纳,72,2002,0.4616125775807513,0.4090000206554866,0.3014008931552855,0.5137666486382891,0.6222827478739443,0.4616125775807514,0.4090000206554865,0.30140089315528557,0.513766648638289,0.6222827478739446,1.0,1.1102230246251565e-16,1.1102230246251565e-16
BDI,布隆迪,108,2002,0.3288866969224796,0.2610033954645435,0.2593855485107775,0.4308949917146562,0.3642628519999412,0.3365463963252708,0.2610033954645435,0.29002434612194244,0.4308949917146561,0.36426285199994113,0.9705882352941176,0.007659699402791154,0.007659699402791154
CMR,喀麦隆,120,2002,0.3807855541823592,0.2794463998225962,0.3396567506895551,0.526348450947626,0.3776906152696595,0.38078555418235915,0.27944639982259617,0.33965675068955514,0.5263484509476258,0.3776906152696596,1.0,-5.551115123125783e-17,5.551115123125783e-17
CPV,佛得角,132,2002,0.3979644492461576,0.279924558852877,0.4388669674702079,0.5269746269236576,0.346091643737888,0.3979644492461576,0.2799245588528769,0.4388669674702079,0.5269746269236575,0.34609164373788803,1.0,0.0,0.0
CAF,中非,140,2002,0.3739960638342257,0.1551689156851108,0.2707510155076091,0.5489470420053684,0.5211172821388144,0.38173520345145673,0.18612547415403508,0.2707510155076092,0.5489470420053681,0.5211172821388145,0.9705882352941176,0.00773913961723105,0.00773913961723105
TCD,乍得,148,2002,0.345938621262375,0.1816413387993597,0.2816949127824555,0.4979958114709288,0.4224224219967558,0.3549980883278132,0.2178792070611125,0.2816949127824556,0.4979958114709288,0.42242242199675584,0.9705882352941176,0.009059467065438198,0.009059467065438198
COM,科摩罗,174,2002,0.39206051720475,0.3032764842682895,0.351250667745568,0.539550979618965,0.3741639371861772,0.39206051720475,0.30327648426828946,0.35125066774556807,0.5395509796189649,0.37416393718617724,1.0,0.0,0.0
COG,刚果（布）,178,2002,0.4219632466688524,0.3866828443651149,0.3205362044912718,0.5577683404685903,0.4228655973504328,0.4219632466688524,0.38668284436511485,0.32053620449127185,0.5577683404685901,0.4228655973504328,1.0,0.0,0.0
COD,刚果（金）,180,2002,0.3505376276543698,0.2483893660459835,0.2910915497471078,0.426717715268305,0.4359518795560829,0.35053762765436974,0.24838936604598344,0.2910915497471079,0.42671771526830476,0.4359518795560829,1.0,-5.551115123125783e-17,5.551115123125783e-17
BEN,贝宁,204,2002,0.4313513677784647,0.259492588897374,0.3446967653982209,0.5250178460139535,0.5961982708043102,0.43135136777846467,0.259492588897374,0.344696765398221,0.5250178460139534,0.5961982708043103,1.0,-5.551115123125783e-17,5.551115123125783e-17
GNQ,赤道几内亚,226,2002,0.4374244860258423,0.6033638970374879,0.1182552560689061,0.441551671405523,0.5865271195914523,0.4778845998619021,0.7237363935147015,0.15972321493593153,0.44155167140552287,0.5865271195914524,0.9117647058823528,0.04046011383605985,0.04046011383605985
ETH,埃塞俄比亚,231,2002,0.3409155908403164,0.2407006079294518,0.2959453003921128,0.3806538491069447,0.4463626059327564,0.3409155908403165,0.24070060792945175,0.29594530039211286,0.38065384910694466,0.44636260593275656,1.0,5.551115123125783e-17,5.551115123125783e-17
ERI,厄立特里亚,232,2002,0.3112902268183212,0.1278992376654704,0.3078436645221231,0.5044558359271294,0.3049621691585618,0.3757828703944986,0.34950710869960555,0.3442063677926979,0.5044558359271293,0.3049621691585617,0.8529411764705882,0.0644926435761774,0.0644926435761774
DJI,吉布提,262,2002,0.2906065311547726,0.141587699896088,0.3098489909633233,0.516839313940275,0.1941501198194042,0.3689098222028862,0.39885907911860446,0.30984899096332336,0.5727810989102128,0.1941501198194042,0.8235294117647058,0.07830329104811362,0.07830329104811362
GAB,加蓬,266,2002,0.5392802531333368,0.5123476001693688,0.4191497341833355,0.6133650689230223,0.6122586092576207,0.5392802531333368,0.5123476001693688,0.41914973418333573,0.6133650689230222,0.6122586092576207,1.0,0.0,0.0
GMB,冈比亚,270,2002,0.4100514544514564,0.2443679419878027,0.3432072418305433,0.522730128670806,0.5299005053166733,0.4100514544514564,0.24436794198780262,0.3432072418305434,0.522730128670806,0.5299005053166733,1.0,0.0,0.0
GHA,加纳,288,2002,0.4287255234702866,0.292378310934725,0.3674138512039805,0.4908917469714686,0.5642181847709724,0.42872552347028664,0.2923783109347249,0.36741385120398057,0.4908917469714686,0.5642181847709724,1.0,5.551115123125783e-17,5.551115123125783e-17
GIN,几内亚,324,2002,0.4310423868939834,0.2747865988682652,0.3549827060825617,0.5019329327609765,0.5924673098641304,0.43104238689398344,0.2747865988682651,0.35498270608256177,0.5019329327609765,0.5924673098641304,1.0,5.551115123125783e-17,5.551115123125783e-17
CIV,科特迪瓦,384,2002,0.4319148471476663,0.3192247356003512,0.3449348832972701,0.5268257520355974,0.5366740176574466,0.4319148471476663,0.3192247356003512,0.3449348832972701,0.5268257520355972,0.5366740176574467,1.0,0.0,0.0
KEN,肯尼亚,404,2002,0.3936569014335888,0.2806889092704038,0.2724565209216253,0.5128543236284531,0.5086278519138732,0.3936569014335889,0.2806889092704037,0.2724565209216255,0.5128543236284531,0.5086278519138733,1.0,1.1102230246251565e-16,1.1102230246251565e-16
LSO,莱索托,426,2002,0.3706755642847749,0.3263598154376643,0.200463563230447,0.4741126040269028,0.4817662744440852,0.3765952874319333,0.3263598154376644,0.22414245581908102,0.47411260402690275,0.48176627444408515,0.9705882352941176,0.00591972314715844,0.00591972314715844
LBR,利比里亚,430,2002,0.354844087126399,0.2089702146496076,0.2591465056960183,0.4848593223855117,0.4664003057744585,0.35484408712639903,0.20897021464960755,0.2591465056960184,0.48485932238551166,0.4664003057744585,1.0,5.551115123125783e-17,5.551115123125783e-17
MDG,马达加斯加,450,2002,0.3937758356282068,0.2316832452321035,0.3157907745764762,0.5114431219578106,0.5161862007464372,0.3937758356282069,0.23168324523210349,0.31579077457647636,0.5114431219578105,0.5161862007464373,1.0,1.1102230246251565e-16,1.1102230246251565e-16
MWI,马拉维,454,2002,0.390705011163304,0.2306755967080858,0.2501477465676567,0.5062415907865232,0.5757551105909502,0.39070501116330403,0.2306755967080858,0.2501477465676568,0.5062415907865232,0.5757551105909502,1.0,5.551115123125783e-17,5.551115123125783e-17
MLI,马里,466,2002,0.3717586843938347,0.2851875510909031,0.3393764537084318,0.5047474319602123,0.3577233008157919,0.37175868439383475,0.2851875510909031,0.3393764537084318,0.5047474319602123,0.3577233008157919,1.0,5.551115123125783e-17,5.551115123125783e-17
MUS,毛里求斯,480,2002,0.4446058117145032,0.403089380807428,0.3590849641874927,0.6219059867758588,0.3943429150872333,0.4609448547752368,0.403089380807428,0.4244411364304268,0.6219059867758588,0.39434291508723324,0.9705882352941176,0.016339043060733582,0.016339043060733582
MOZ,莫桑比克,508,2002,0.3835967835207617,0.2529761440055903,0.3041201611139905,0.4110755439852384,0.5662152849782278,0.38359678352076176,0.25297614400559026,0.30412016111399054,0.4110755439852383,0.5662152849782279,1.0,5.551115123125783e-17,5.551115123125783e-17
NAM,纳米比亚,516,2002,0.4737687800392455,0.3784775141816968,0.4250423872951819,0.5220668713532338,0.5694883473268693,0.4737687800392455,0.3784775141816967,0.425042387295182,0.5220668713532339,0.5694883473268693,1.0,0.0,0.0
NER,尼日尔,562,2002,0.3557863375647676,0.2502289254997813,0.3053580575581632,0.5184236940804234,0.3491346731207026,0.35578633756476763,0.25022892549978126,0.3053580575581632,0.5184236940804234,0.34913467312070257,1.0,5.551115123125783e-17,5.551115123125783e-17
NGA,尼日利亚,566,2002,0.3965965416815523,0.3013130723519011,0.3597782537194078,0.4908121062550449,0.4344827343998554,0.3965965416815523,0.301313072351901,0.35977825371940786,0.49081210625504473,0.43448273439985535,1.0,0.0,0.0
GNB,几内亚（比绍）,624,2002,0.422160607164724,0.2674126641177978,0.298057085277904,0.4725133102790146,0.6506593689841798,0.42216060716472403,0.26741266411779774,0.2980570852779041,0.47251331027901466,0.6506593689841798,1.0,5.551115123125783e-17,5.551115123125783e-17
RWA,卢旺达,646,2002,0.3656210920510772,0.2565440824857951,0.3211633173258612,0.5015206499809183,0.3832563184117341,0.3656210920510772,0.2565440824857951,0.3211633173258613,0.5015206499809183,0.38325631841173413,1.0,0.0,0.0
STP,圣多美和普林西比,678,2002,0.3714391745556741,0.2738781875918192,0.2851723571444007,0.5253378016270449,0.4013683518594316,0.384415054605835,0.2738781875918192,0.33707587734504446,0.5253378016270449,0.40136835185943165,0.9705882352941176,0.012975880050160926,0.012975880050160926
SEN,塞内加尔,686,2002,0.4582912336988496,0.2738227100827923,0.3932609623948659,0.52610574298631,0.6399755193314299,0.4582912336988496,0.2738227100827923,0.39326096239486596,0.52610574298631,0.6399755193314299,1.0,0.0,0.0
SYC,塞舌尔,690,2002,0.4273101958651047,0.2489647250100976,0.4458245641434389,0.4490940966831614,0.5653573976237212,0.5187459174686821,0.46774788138613405,0.5269679978993447,0.5149103929655287,0.5653573976237212,0.8529411764705882,0.09143572160357744,0.09143572160357744
SLE,塞拉利昂,694,2002,0.3922331969351544,0.2756898175753535,0.2563729808954884,0.5083841756504957,0.5284858136192804,0.39223319693515457,0.2756898175753534,0.2563729808954886,0.5083841756504955,0.5284858136192806,1.0,1.6653345369377348e-16,1.6653345369377348e-16
ZAF,南非,710,2002,0.4139181134241841,0.3816411282656204,0.4747319853780012,0.441038945320737,0.3582603947323776,0.4139181134241841,0.3816411282656204,0.4747319853780014,0.44103894532073695,0.35826039473237764,1.0,0.0,0.0
ZWE,津巴布韦,716,2002,0.397147601571622,0.247263400576057,0.2863263584238806,0.450661453467954,0.6043391938185965,0.39714760157162204,0.24726340057605697,0.2863263584238807,0.45066145346795394,0.6043391938185966,1.0,5.551115123125783e-17,5.551115123125783e-17
SWZ,斯威士兰,748,2002,0.428136326544418,0.4168852134842438,0.2637757102559886,0.6365166869018231,0.3953676955356165,0.428136326544418,0.41688521348424373,0.2637757102559887,0.6365166869018231,0.3953676955356165,1.0,0.0,0.0
TGO,多哥,768,2002,0.3750275900897392,0.2619190915145002,0.2968590949144936,0.4792347497145405,0.4620974242154225,0.3750275900897392,0.26191909151450016,0.29685909491449364,0.47923474971454044,0.4620974242154225,1.0,0.0,0.0
UGA,乌干达,800,2002,0.381669324394302,0.2644491049626049,0.3266633605313364,0.447021611240225,0.4885432208430417,0.38166932439430196,0.2644491049626048,0.3266633605313364,0.4470216112402249,0.48854322084304175,1.0,-5.551115123125783e-17,5.551115123125783e-17
TZA,坦桑尼亚,834,2002,0.4216555764716082,0.2591347482173711,0.3157472551456177,0.481576659710432,0.6301636428130121,0.42165557647160823,0.25913474821737104,0.3157472551456178,0.48157665971043195,0.6301636428130122,1.0,5.551115123125783e-17,5.551115123125783e-17
BFA,布基纳法索,854,2002,0.4132281211720635,0.2382351608984179,0.3277029372506068,0.5214167245311488,0.5655576620080802,0.4132281211720634,0.23823516089841795,0.3277029372506068,0.5214167245311487,0.5655576620080803,1.0,-5.551115123125783e-17,5.551115123125783e-17
ZMB,赞比亚,894,2002,0.4189219604543541,0.2902163261341253,0.2432702022983442,0.4675016433566782,0.6746996700282689,0.41892196045435415,0.29021632613412524,0.24327020229834428,0.4675016433566782,0.6746996700282689,1.0,5.551115123125783e-17,5.551115123125783e-17
AGO,安哥拉,24,2003,0.3983848705296667,0.3305272589844812,0.2957522018501366,0.5176739511060364,0.4495860701780125,0.3983848705296667,0.3305272589844812,0.2957522018501367,0.5176739511060363,0.4495860701780125,1.0,0.0,0.0
BWA,博茨瓦纳,72,2003,0.4638232828624419,0.4125363100148174,0.3120933507352517,0.5116359651463308,0.6190275055533678,0.46382328286244184,0.41253631001481733,0.31209335073525163,0.5116359651463307,0.6190275055533678,1.0,-5.551115123125783e-17,5.551115123125783e-17
BDI,布隆迪,108,2003,0.3176266130516875,0.2474465488894672,0.2555862525044606,0.3921222630166163,0.3753513877962059,0.325174118596657,0.2474465488894672,0.2857762746843388,0.39212226301661623,0.37535138779620586,0.9705882352941176,0.007547505544969524,0.007547505544969524
CMR,喀麦隆,120,2003,0.3833909358052143,0.2798000224976774,0.3464747221437894,0.5255636985208961,0.3817253000584945,0.38339093580521433,0.2798000224976773,0.34647472214378944,0.525563698520896,0.38172530005849453,1.0,5.551115123125783e-17,5.551115123125783e-17
CPV,佛得角,132,2003,0.4006851381775013,0.280166581703181,0.4494321912211077,0.5268731262341749,0.3462686535515418,0.40068513817750134,0.2801665817031809,0.4494321912211078,0.5268731262341749,0.3462686535515418,1.0,5.551115123125783e-17,5.551115123125783e-17
CAF,中非,140,2003,0.3706992009887748,0.1406286847737372,0.2779439480680351,0.5464613700665547,0.5177628010467721,0.3777131381607026,0.1686844334614484,0.27794394806803513,0.5464613700665546,0.5177628010467722,0.9705882352941176,0.007013937171927831,0.007013937171927831
TCD,乍得,148,2003,0.3514234160179681,0.2054856825202145,0.2809488749009571,0.4962784147257267,0.4229806919249742,0.36167213354843775,0.24648055264209298,0.2809488749009571,0.4962784147257267,0.4229806919249742,0.9705882352941176,0.010248717530469631,0.010248717530469631
COM,科摩罗,174,2003,0.3935917788887118,0.3037137100734396,0.3590759945545801,0.537274501256037,0.3743029096707905,0.3935917788887118,0.30371371007343956,0.35907599455458017,0.537274501256037,0.37430290967079044,1.0,0.0,0.0
COG,刚果（布）,178,2003,0.4348075795246783,0.4135241566694306,0.3247988272240365,0.5645062208940616,0.4364011133111845,0.43480757952467824,0.4135241566694306,0.3247988272240365,0.5645062208940614,0.43640111331118453,1.0,-5.551115123125783e-17,5.551115123125783e-17
COD,刚果（金）,180,2003,0.3500703796662933,0.2577398539039586,0.2964541083212647,0.4024137960025266,0.443673760437423,0.3500703796662933,0.2577398539039586,0.29645410832126473,0.4024137960025266,0.4436737604374231,1.0,0.0,0.0
BEN,贝宁,204,2003,0.432338984782855,0.2531156238890766,0.3504297563796644,0.5255303811714971,0.6002801776911818,0.43233898478285504,0.25311562388907655,0.35042975637966456,0.5255303811714971,0.6002801776911818,1.0,5.551115123125783e-17,5.551115123125783e-17
GNQ,赤道几内亚,226,2003,0.440304679639163,0.5867279472271814,0.1209493730239398,0.4488952208016087,0.604646177503922,0.4801712488487375,0.7037815331435068,0.16336206394591254,0.44889522080160865,0.6046461775039221,0.9117647058823528,0.03986656920957454,0.03986656920957454
ETH,埃塞俄比亚,231,2003,0.3321487498892207,0.236268461401126,0.3047014911798655,0.3424615643029534,0.445163482672938,0.3321487498892207,0.23626846140112595,0.30470149117986556,0.34246156430295344,0.4451634826729381,1.0,0.0,0.0
ERI,厄立特里亚,232,2003,0.3002385870100412,0.1113712788127652,0.2931953768787289,0.4943936549542779,0.301994037394393,0.35713926696284626,0.3043415610641753,0.32782781443853903,0.4943936549542778,0.301994037394393,0.8529411764705882,0.05690067995280507,0.05690067995280507
DJI,吉布提,262,2003,0.3020726051707054,0.1430163158469168,0.3552197959236251,0.5161322898233296,0.19392201908895,0.3810057297186084,0.4028835561245868,0.3552197959236253,0.5719975477372715,0.19392201908894993,0.8235294117647058,0.07893312454790302,0.07893312454790302
GAB,加蓬,266,2003,0.5423336253530457,0.5230461742270933,0.4229798661184838,0.611079703197412,0.6122287578691941,0.5423336253530457,0.5230461742270933,0.42297986611848387,0.6110797031974119,0.612228757869194,1.0,0.0,0.0
GMB,冈比亚,270,2003,0.4161050092672007,0.2579833325896719,0.356657636835243,0.5172736004235868,0.532505467220301,0.4161050092672007,0.2579833325896719,0.35665763683524304,0.5172736004235867,0.5325054672203011,1.0,0.0,0.0
GHA,加纳,288,2003,0.4337080722099908,0.2994505664141323,0.377173803237481,0.488759044601517,0.5694488745868328,0.43370807220999075,0.29945056641413226,0.3771738032374812,0.488759044601517,0.5694488745868328,1.0,-5.551115123125783e-17,5.551115123125783e-17
GIN,几内亚,324,2003,0.4256685972071209,0.2619857483368511,0.3544511856885758,0.4930278649796134,0.5932095898234432,0.4256685972071209,0.26198574833685107,0.3544511856885759,0.4930278649796133,0.5932095898234433,1.0,0.0,0.0
CIV,科特迪瓦,384,2003,0.4324475877567435,0.3143310439269277,0.3491512029437147,0.5278808085487728,0.5384272956075589,0.4324475877567435,0.3143310439269276,0.34915120294371477,0.5278808085487728,0.538427295607559,1.0,0.0,0.0
KEN,肯尼亚,404,2003,0.3962531078608607,0.2865877388609055,0.2799267801829904,0.5102478799235972,0.5082500324759501,0.3962531078608608,0.28658773886090544,0.27992678018299044,0.5102478799235972,0.5082500324759502,1.0,1.1102230246251565e-16,1.1102230246251565e-16
LSO,莱索托,426,2003,0.3655130168235562,0.3079007448838538,0.1975726335232595,0.4810209939057382,0.4755576949813731,0.37134737032433773,0.30790074488385377,0.22091004752638582,0.4810209939057382,0.47555769498137307,0.9705882352941176,0.005834353500781542,0.005834353500781542
LBR,利比里亚,430,2003,0.3379965139352952,0.1662612030873347,0.2743185815762967,0.4212762682346168,0.4901300028429327,0.33799651393529523,0.16626120308733475,0.27431858157629674,0.4212762682346168,0.4901300028429327,1.0,5.551115123125783e-17,5.551115123125783e-17
MDG,马达加斯加,450,2003,0.4071280323054925,0.2707810563412253,0.3246442449695837,0.5080562478025553,0.5250305801086057,0.40712803230549255,0.27078105634122523,0.3246442449695838,0.5080562478025553,0.5250305801086057,1.0,5.551115123125783e-17,5.551115123125783e-17
MWI,马拉维,454,2003,0.3958812895010627,0.2516319588059118,0.2565027538076578,0.5004043699309828,0.5749860754596985,0.3958812895010627,0.25163195880591177,0.25650275380765786,0.5004043699309827,0.5749860754596986,1.0,0.0,0.0
MLI,马里,466,2003,0.3766906845215453,0.2865974480398774,0.3469949578560463,0.5140973095153921,0.3590730226748654,0.3766906845215453,0.2865974480398773,0.34699495785604634,0.514097309515392,0.3590730226748654,1.0,0.0,0.0
MUS,毛里求斯,480,2003,0.443450639096919,0.3962600912709952,0.3638506433199914,0.6201673566594404,0.3935244651372489,0.4600065295456675,0.3962600912709951,0.4300742051149857,0.6201673566594403,0.39352446513724887,0.9705882352941176,0.0165558904487485,0.0165558904487485
MOZ,莫桑比克,508,2003,0.385251883629657,0.2525021678770703,0.3057801077189748,0.4132162643815454,0.5695089945410376,0.385251883629657,0.25250216787707025,0.30578010771897485,0.4132162643815453,0.5695089945410378,1.0,0.0,0.0
NAM,纳米比亚,516,2003,0.4834466151613587,0.3786239060548351,0.4359308200147715,0.5207841671968432,0.5984475673789847,0.48344661516135856,0.37862390605483504,0.4359308200147715,0.5207841671968431,0.5984475673789847,1.0,-1.1102230246251565e-16,1.1102230246251565e-16
NER,尼日尔,562,2003,0.3554046298007509,0.246905609044131,0.3055031363501436,0.5177242774060216,0.3514854964027074,0.3554046298007509,0.246905609044131,0.3055031363501437,0.5177242774060213,0.35148549640270743,1.0,0.0,0.0
NGA,尼日利亚,566,2003,0.4047085508863343,0.3048316884454826,0.3781021589173649,0.4917317367541399,0.44416861942835,0.4047085508863343,0.3048316884454825,0.378102158917365,0.49173173675413995,0.44416861942834995,1.0,0.0,0.0
GNB,几内亚（比绍）,624,2003,0.4186279405389281,0.2631096052887723,0.3051398731034958,0.4563791644653113,0.6498831192981331,0.41862794053892816,0.26310960528877225,0.3051398731034959,0.45637916446531124,0.6498831192981331,1.0,5.551115123125783e-17,5.551115123125783e-17
RWA,卢旺达,646,2003,0.3823103614309065,0.2410348640591375,0.3912233750104566,0.4960459018267896,0.4009373048272424,0.38231036143090646,0.24103486405913743,0.3912233750104566,0.4960459018267895,0.4009373048272423,1.0,-5.551115123125783e-17,5.551115123125783e-17
STP,圣多美和普林西比,678,2003,0.3867612656193221,0.2871644533147571,0.3344329769129567,0.522486566461093,0.4029610657884817,0.4019785967684396,0.287164453314757,0.39530230150942697,0.5224865664610929,0.4029610657884817,0.9705882352941176,0.015217331149117497,0.015217331149117497
SEN,塞内加尔,686,2003,0.4633709696737165,0.2779007606127339,0.4080284486011473,0.5277604535579509,0.6397942159230339,0.4633709696737165,0.27790076061273383,0.4080284486011474,0.5277604535579508,0.6397942159230339,1.0,0.0,0.0
SYC,塞舌尔,690,2003,0.4467303622906227,0.2769961757520107,0.4965906142126198,0.4493321956625998,0.5640024635352606,0.546643069922975,0.5204125779457687,0.5869738520352935,0.5151833861755769,0.5640024635352606,0.8529411764705882,0.09991270763235227,0.09991270763235227
SLE,塞拉利昂,694,2003,0.3924673555509989,0.2624098314470144,0.2758145949997022,0.5003330614763956,0.5313119342808834,0.3924673555509989,0.26240983144701435,0.2758145949997023,0.5003330614763954,0.5313119342808834,1.0,0.0,0.0
ZAF,南非,710,2003,0.4137058001573498,0.3738710169453021,0.4870349035977096,0.4375000075345323,0.3564172725518553,0.4137058001573498,0.37387101694530206,0.4870349035977097,0.4375000075345322,0.3564172725518554,1.0,0.0,0.0
ZWE,津巴布韦,716,2003,0.3905600690615731,0.2349340759939657,0.2909498520988667,0.4370657305587592,0.5992906175947008,0.3905600690615731,0.23493407599396568,0.29094985209886676,0.4370657305587591,0.5992906175947008,1.0,0.0,0.0
SWZ,斯威士兰,748,2003,0.4403386186052937,0.4291313772442345,0.2906533229895415,0.6400220697213779,0.401547704466021,0.4403386186052937,0.42913137724423445,0.2906533229895415,0.640022069721378,0.401547704466021,1.0,0.0,0.0
TGO,多哥,768,2003,0.379543534031635,0.2701540601099871,0.3081174358978533,0.4733039339871665,0.4665987061315331,0.379543534031635,0.2701540601099871,0.30811743589785334,0.4733039339871664,0.46659870613153315,1.0,0.0,0.0
UGA,乌干达,800,2003,0.380175831993423,0.266413487659753,0.3340677354778782,0.4314540445990389,0.4887680602370218,0.380175831993423,0.266413487659753,0.3340677354778784,0.4314540445990388,0.48876806023702185,1.0,0.0,0.0
TZA,坦桑尼亚,834,2003,0.4228416236779104,0.2589545484793204,0.3218782809551924,0.4833490506248011,0.6271846146523278,0.42284162367791045,0.2589545484793203,0.32187828095519244,0.48334905062480105,0.6271846146523279,1.0,5.551115123125783e-17,5.551115123125783e-17
BFA,布基纳法索,854,2003,0.4163476066543412,0.2422256108682517,0.3324661471469014,0.5223770530807001,0.5683216155215114,0.41634760665434123,0.24222561086825173,0.3324661471469014,0.5223770530807001,0.5683216155215115,1.0,5.551115123125783e-17,5.551115123125783e-17
ZMB,赞比亚,894,2003,0.4190207922490543,0.2967327781253961,0.2396886270462784,0.4624291680985034,0.6772325957260391,0.4190207922490543,0.29673277812539606,0.2396886270462785,0.4624291680985034,0.6772325957260391,1.0,0.0,0.0
AGO,安哥拉,24,2004,0.4096270825696415,0.366364551459751,0.3102633622033934,0.5154746680221479,0.4464057485932737,0.4096270825696415,0.3663645514597509,0.3102633622033935,0.5154746680221478,0.4464057485932737,1.0,0.0,0.0
BWA,博茨瓦纳,72,2004,0.4588555715800898,0.3957447287705795,0.3072294653749247,0.5077297331683605,0.6247183590064946,0.4588555715800898,0.3957447287705794,0.3072294653749246,0.5077297331683603,0.6247183590064949,1.0,0.0,0.0
BDI,布隆迪,108,2004,0.3227397503995081,0.2495398977502624,0.2695116523830012,0.4184196537967408,0.353487797668028,0.33069847537341523,0.24953989775026236,0.30134655227863005,0.4184196537967407,0.353487797668028,0.9705882352941176,0.00795872497390715,0.00795872497390715
CMR,喀麦隆,120,2004,0.3859518745267787,0.2833001871429176,0.3528739162567924,0.5279478944508934,0.3796855002565114,0.38595187452677865,0.28330018714291755,0.35287391625679243,0.5279478944508933,0.37968550025651143,1.0,-5.551115123125783e-17,5.551115123125783e-17
CPV,佛得角,132,2004,0.4030638505634797,0.2862974479562729,0.455399974373931,0.5262470018946059,0.3443109780291088,0.4030638505634797,0.2862974479562729,0.45539997437393115,0.5262470018946058,0.3443109780291088,1.0,0.0,0.0
CAF,中非,140,2004,0.3722347577097194,0.1512277227139743,0.2816707589513391,0.5448643036633402,0.5111762455102241,0.3797773280429067,0.18139800404672346,0.2816707589513392,0.54486430366334,0.5111762455102242,0.9705882352941176,0.007542570333187282,0.007542570333187282
TCD,乍得,148,2004,0.3655833301974855,0.2624642703832484,0.2834325475980354,0.4876083698090078,0.4288281329996507,0.37867388782664835,0.31482650089989955,0.28343254759803554,0.48760836980900774,0.4288281329996507,0.9705882352941176,0.013090557629162836,0.013090557629162836
COM,科摩罗,174,2004,0.3968938259602605,0.3028470334006318,0.3719690068584503,0.5381044260734673,0.3746548375084929,0.3968938259602606,0.3028470334006318,0.3719690068584505,0.5381044260734673,0.3746548375084929,1.0,1.1102230246251565e-16,1.1102230246251565e-16
COG,刚果（布）,178,2004,0.4294130692019811,0.4089759232056182,0.3205106255305608,0.5641534146167329,0.4240123134550127,0.4294130692019812,0.4089759232056182,0.3205106255305609,0.5641534146167329,0.4240123134550128,1.0,1.1102230246251565e-16,1.1102230246251565e-16
COD,刚果（金）,180,2004,0.3553074763822289,0.2648460916664337,0.3033802315905713,0.420113856291697,0.4328897259802136,0.3553074763822289,0.2648460916664336,0.3033802315905714,0.420113856291697,0.43288972598021364,1.0,0.0,0.0
BEN,贝宁,204,2004,0.4330344441079278,0.2559353987372618,0.3597791428209082,0.5257324974197778,0.5906907374537633,0.43303444410792774,0.2559353987372617,0.3597791428209083,0.5257324974197777,0.5906907374537633,1.0,-5.551115123125783e-17,5.551115123125783e-17
GNQ,赤道几内亚,226,2004,0.4707835613741103,0.5911114124225724,0.1501729706154537,0.5270677950659305,0.6147820673924848,0.5134306803969918,0.7090395098093072,0.20283334932024488,0.5270677950659304,0.6147820673924849,0.9117647058823528,0.042647119022881486,0.042647119022881486
ETH,埃塞俄比亚,231,2004,0.3393988137333082,0.245871155130343,0.2967819790127045,0.3722246731352427,0.4427174476549429,0.33939881373330827,0.24587115513034294,0.29678197901270453,0.3722246731352427,0.44271744765494303,1.0,5.551115123125783e-17,5.551115123125783e-17
ERI,厄立特里亚,232,2004,0.3047866173489957,0.1154267287789942,0.2948527573707292,0.5036282403806762,0.3052387428655833,0.36349293469338706,0.31542378968448925,0.3296809658427996,0.5036282403806761,0.30523874286558333,0.8529411764705882,0.05870631734439136,0.05870631734439136
DJI,吉布提,262,2004,0.2994294770591028,0.1199169807591662,0.3675158002249136,0.5175945261432282,0.1926906011091031,0.3679090298463591,0.33781166408796215,0.36751580022491365,0.5736180539634574,0.19269060110910313,0.8235294117647058,0.06847955278725631,0.06847955278725631
GAB,加蓬,266,2004,0.5397453905755287,0.5152763230164461,0.4314122698096252,0.6061292369598422,0.6061637325162017,0.5397453905755287,0.515276323016446,0.4314122698096254,0.6061292369598421,0.6061637325162017,1.0,0.0,0.0
GMB,冈比亚,270,2004,0.4183351302574272,0.2422362025722489,0.3708533588703772,0.5272709917649415,0.5329799678221411,0.4183351302574272,0.24223620257224887,0.3708533588703773,0.5272709917649414,0.5329799678221412,1.0,0.0,0.0
GHA,加纳,288,2004,0.433446398308648,0.2837284249729075,0.389480169146406,0.4984153061378594,0.5621616929774192,0.43344639830864806,0.2837284249729074,0.38948016914640615,0.4984153061378594,0.5621616929774194,1.0,5.551115123125783e-17,5.551115123125783e-17
GIN,几内亚,324,2004,0.4276728255116933,0.2664899402119499,0.3545349969362027,0.5005880894594874,0.5890782754391329,0.42767282551169317,0.26648994021194977,0.35453499693620266,0.5005880894594874,0.5890782754391329,1.0,-1.1102230246251565e-16,1.1102230246251565e-16
CIV,科特迪瓦,384,2004,0.4336704058591113,0.3256592110283283,0.3557298044310049,0.5199144954707111,0.533378112506401,0.4336704058591113,0.32565921102832823,0.355729804431005,0.5199144954707109,0.5333781125064011,1.0,0.0,0.0
KEN,肯尼亚,404,2004,0.4017977327316613,0.2868121609867251,0.2957353775305242,0.511843086135472,0.512800306273924,0.40179773273166136,0.2868121609867251,0.2957353775305243,0.5118430861354719,0.5128003062739241,1.0,5.551115123125783e-17,5.551115123125783e-17
LSO,莱索托,426,2004,0.3720582063998493,0.3193099370664397,0.2010943871947195,0.4835122207354773,0.4843162806027609,0.3779965578860581,0.31930993706643956,0.22484779313955466,0.4835122207354773,0.4843162806027609,0.9705882352941176,0.005938351486208804,0.005938351486208804
LBR,利比里亚,430,2004,0.3606643476928322,0.2173595613117686,0.2722204734632765,0.4655109373346384,0.4875664186616452,0.3606643476928322,0.21735956131176862,0.2722204734632766,0.4655109373346384,0.4875664186616452,1.0,0.0,0.0
MDG,马达加斯加,450,2004,0.4065025402367663,0.2679093588082341,0.3281911407165411,0.5057709182913092,0.5241387431309811,0.4065025402367664,0.26790935880823397,0.32819114071654115,0.5057709182913092,0.5241387431309812,1.0,1.1102230246251565e-16,1.1102230246251565e-16
MWI,马拉维,454,2004,0.398929578176381,0.2441524466830098,0.2668926275662895,0.5070149490533894,0.5776582894028353,0.398929578176381,0.24415244668300978,0.2668926275662895,0.5070149490533893,0.5776582894028353,1.0,0.0,0.0
MLI,马里,466,2004,0.390610205337757,0.2733572320580482,0.354026793813315,0.5163598303235385,0.4186969651561261,0.3906102053377569,0.2733572320580481,0.3540267938133151,0.5163598303235384,0.41869696515612614,1.0,-5.551115123125783e-17,5.551115123125783e-17
MUS,毛里求斯,480,2004,0.4460934294431413,0.3917310034482451,0.3754319466291778,0.6244673299870867,0.3927434377080557,0.46317629103337554,0.391731003448245,0.44376339299011464,0.6244673299870865,0.39274343770805575,0.9705882352941176,0.017082861590234255,0.017082861590234255
MOZ,莫桑比克,508,2004,0.3989372018366313,0.2560685468372597,0.3202743144022819,0.4241133572218609,0.5952925888851228,0.3989372018366313,0.2560685468372597,0.3202743144022819,0.4241133572218608,0.5952925888851228,1.0,0.0,0.0
NAM,纳米比亚,516,2004,0.4909594413737019,0.4003583303261601,0.4307958609072993,0.5206656045275493,0.6120179697337989,0.49095944137370184,0.40035833032616003,0.4307958609072994,0.5206656045275492,0.612017969733799,1.0,-5.551115123125783e-17,5.551115123125783e-17
NER,尼日尔,562,2004,0.3674180087928234,0.2476682419335257,0.3340527063238515,0.5162421460054216,0.3717089409084947,0.3674180087928233,0.24766824193352563,0.33405270632385153,0.5162421460054215,0.37170894090849466,1.0,-5.551115123125783e-17,5.551115123125783e-17
NGA,尼日利亚,566,2004,0.4105724193875985,0.3337078614857151,0.3795735779315371,0.4942210624200023,0.4347871757131396,0.4105724193875986,0.333707861485715,0.37957357793153734,0.4942210624200023,0.4347871757131396,1.0,1.1102230246251565e-16,1.1102230246251565e-16
GNB,几内亚（比绍）,624,2004,0.4251028731098252,0.2708870542647199,0.3163332583716624,0.4650670040171182,0.6481241757858005,0.42510287310982525,0.2708870542647199,0.31633325837166243,0.46506700401711815,0.6481241757858005,1.0,5.551115123125783e-17,5.551115123125783e-17
RWA,卢旺达,646,2004,0.3764127570748866,0.2485961357366209,0.3805698725905609,0.5031054522143265,0.3733795677580381,0.3764127570748866,0.24859613573662087,0.380569872590561,0.5031054522143263,0.37337956775803804,1.0,0.0,0.0
STP,圣多美和普林西比,678,2004,0.3802735921384538,0.2708667750327936,0.3272555319165869,0.523210444991161,0.3997616166132735,0.3951643360044554,0.27086677503279355,0.386818507380594,0.5232104449911608,0.39976161661327336,0.9705882352941176,0.014890743866001588,0.014890743866001588
SEN,塞内加尔,686,2004,0.4636125105771067,0.2781354233443638,0.410512254956673,0.5265948888270803,0.6392074751803096,0.4636125105771066,0.2781354233443638,0.4105122549566731,0.52659488882708,0.6392074751803097,1.0,-5.551115123125783e-17,5.551115123125783e-17
SYC,塞舌尔,690,2004,0.4321680013991795,0.2608614544469956,0.4892449840367723,0.4125285523794482,0.5660370147335021,0.5268533594917033,0.4900991200578271,0.5782912617556112,0.47298604141987305,0.5660370147335021,0.8529411764705882,0.09468535809252382,0.09468535809252382
SLE,塞拉利昂,694,2004,0.3977576280923147,0.2632727452216298,0.2941946269434553,0.5065528632669312,0.5270102769372427,0.39775762809231474,0.2632727452216298,0.29419462694345533,0.5065528632669312,0.5270102769372427,1.0,5.551115123125783e-17,5.551115123125783e-17
ZAF,南非,710,2004,0.4168240573015223,0.3756090001640616,0.5022140424386934,0.4334960256205834,0.3559771609827509,0.41682405730152233,0.3756090001640615,0.5022140424386935,0.43349602562058337,0.35597716098275095,1.0,5.551115123125783e-17,5.551115123125783e-17
ZWE,津巴布韦,716,2004,0.3978979506968368,0.2549517796778655,0.2977585753714129,0.4298894904786388,0.6089919572594303,0.39789795069683687,0.2549517796778654,0.297758575371413,0.4298894904786387,0.6089919572594303,1.0,5.551115123125783e-17,5.551115123125783e-17
SWZ,斯威士兰,748,2004,0.4369753042918679,0.421747501908956,0.2988168196805771,0.6310001891499031,0.3963367064280355,0.4369753042918678,0.42174750190895594,0.2988168196805771,0.631000189149903,0.3963367064280354,1.0,-1.1102230246251565e-16,1.1102230246251565e-16
TGO,多哥,768,2004,0.3771689281326181,0.258767727409784,0.312670916038927,0.4784190639264385,0.4588180051553227,0.3771689281326181,0.258767727409784,0.31267091603892705,0.4784190639264385,0.4588180051553228,1.0,0.0,0.0
UGA,乌干达,800,2004,0.3843652051863441,0.2682231919998618,0.3360822481644238,0.4462933894759832,0.4868619911051076,0.3843652051863441,0.2682231919998618,0.3360822481644238,0.4462933894759831,0.48686199110510764,1.0,0.0,0.0
TZA,坦桑尼亚,834,2004,0.4257689744649212,0.258488015364496,0.3333557928177006,0.4865875743877397,0.6246445152897484,0.42576897446492123,0.25848801536449595,0.3333557928177007,0.48658757438773964,0.6246445152897485,1.0,5.551115123125783e-17,5.551115123125783e-17
BFA,布基纳法索,854,2004,0.4186210823900465,0.2428306989411774,0.3461139710308852,0.5233119455239768,0.5622277140641467,0.4186210823900466,0.24283069894117737,0.34611397103088515,0.5233119455239768,0.562227714064147,1.0,1.1102230246251565e-16,1.1102230246251565e-16
ZMB,赞比亚,894,2004,0.4268458772443215,0.3195261328553901,0.2428500222682361,0.4624923726600548,0.6825149811936051,0.4268458772443215,0.31952613285539005,0.24285002226823613,0.4624923726600547,0.6825149811936051,1.0,0.0,0.0
AGO,安哥拉,24,2005,0.4183559641926668,0.4031767344091761,0.3221944427124286,0.5109901366956812,0.4370625429533813,0.4183559641926668,0.40317673440917595,0.32219444271242875,0.510990136695681,0.4370625429533814,1.0,0.0,0.0
BWA,博茨瓦纳,72,2005,0.4637484456339289,0.4289085089208265,0.3036960327305827,0.5103562823968469,0.6120329584874592,0.46374844563392886,0.4289085089208265,0.3036960327305828,0.5103562823968468,0.6120329584874593,1.0,-5.551115123125783e-17,5.551115123125783e-17
BDI,布隆迪,108,2005,0.3317066506020925,0.2488720720804044,0.2905122114837848,0.4317703782271243,0.3556719406170563,0.3402855256611763,0.24887207208040438,0.32482771172012037,0.4317703782271242,0.35567194061705637,0.9705882352941176,0.008578875059083835,0.008578875059083835
CMR,喀麦隆,120,2005,0.3905210020235741,0.2789662968714806,0.3616375738059632,0.5250893430312824,0.3963907943855703,0.39052100202357404,0.27896629687148056,0.3616375738059633,0.5250893430312822,0.39639079438557023,1.0,-5.551115123125783e-17,5.551115123125783e-17
CPV,佛得角,132,2005,0.4076613675252716,0.3050486524507566,0.4575375908891345,0.521427327809975,0.3466318989512204,0.4076613675252716,0.30504865245075646,0.4575375908891347,0.521427327809975,0.3466318989512204,1.0,0.0,0.0
CAF,中非,140,2005,0.3738866971655664,0.1445226106180631,0.2822131278202567,0.5444122393355564,0.5243988108883895,0.3810948461461888,0.17335520654055264,0.28221312782025676,0.5444122393355562,0.5243988108883896,0.9705882352941176,0.007208148980622442,0.007208148980622442
TCD,乍得,148,2005,0.3631693441512641,0.2184724715279435,0.285530843795419,0.4944611858650918,0.4542128754166021,0.37406578531160234,0.2620582361692965,0.2855308437954191,0.4944611858650917,0.4542128754166022,0.9705882352941176,0.010896441160338222,0.010896441160338222
COM,科摩罗,174,2005,0.3967996863699152,0.3011002137294011,0.374324676527363,0.5394974565971504,0.3722763986257463,0.39679968636991525,0.30110021372940105,0.3743246765273631,0.5394974565971504,0.37227639862574635,1.0,5.551115123125783e-17,5.551115123125783e-17
COG,刚果（布）,178,2005,0.426831823590005,0.3993704405547379,0.3228756774296234,0.5605325596447774,0.4245486167308813,0.426831823590005,0.39937044055473786,0.3228756774296234,0.5605325596447773,0.4245486167308814,1.0,0.0,0.0
COD,刚果（金）,180,2005,0.3556580480568733,0.260114799328922,0.3006833257121019,0.4277735178140792,0.4340605493723901,0.3556580480568733,0.26011479932892195,0.300683325712102,0.4277735178140792,0.4340605493723901,1.0,0.0,0.0
BEN,贝宁,204,2005,0.4338668486149393,0.2543456072050938,0.3609871420408797,0.5264693203477618,0.5936653248660216,0.4338668486149392,0.2543456072050938,0.3609871420408797,0.5264693203477617,0.5936653248660216,1.0,-1.1102230246251565e-16,1.1102230246251565e-16
GNQ,赤道几内亚,226,2005,0.4447248566392882,0.5332010793740407,0.1592266134922756,0.4774176147214226,0.6090541189694141,0.4852773627596749,0.6395759310410611,0.2150617863068019,0.47741761472142263,0.6090541189694142,0.9117647058823528,0.040552506120386744,0.040552506120386744
ETH,埃塞俄比亚,231,2005,0.3513592979242971,0.2339203080562407,0.3359806552923729,0.3929357047049991,0.4426005236435755,0.35135929792429704,0.23392030805624064,0.3359806552923729,0.39293570470499906,0.44260052364357555,1.0,-5.551115123125783e-17,5.551115123125783e-17
ERI,厄立特里亚,232,2005,0.3069775816828664,0.1207774429828885,0.2991837567307727,0.5035477363803649,0.3044013906374395,0.3681295569803173,0.3300455551071449,0.33452354579631993,0.5035477363803648,0.30440139063743943,0.8529411764705882,0.06115197529745092,0.06115197529745092
DJI,吉布提,262,2005,0.3028213257473679,0.124231161987326,0.375010491446233,0.5185415296893434,0.1935021198665692,0.37328627059110187,0.3499649115316133,0.3750104914462331,0.5746675595199919,0.19350211986656918,0.8235294117647058,0.07046494484373395,0.07046494484373395
GAB,加蓬,266,2005,0.5452629176959387,0.5329166607266962,0.4441243583842327,0.5882185207102115,0.6157921309626145,0.5452629176959388,0.5329166607266962,0.4441243583842329,0.5882185207102115,0.6157921309626145,1.0,1.1102230246251565e-16,1.1102230246251565e-16
GMB,冈比亚,270,2005,0.4178436586041267,0.2400326882317386,0.3717258492573207,0.5264442672353744,0.5331718296920732,0.41784365860412676,0.24003268823173857,0.3717258492573208,0.5264442672353744,0.5331718296920732,1.0,5.551115123125783e-17,5.551115123125783e-17
GHA,加纳,288,2005,0.435051410975973,0.275833453259385,0.398185359661964,0.5015282550346932,0.5646585759478497,0.435051410975973,0.2758334532593849,0.3981853596619641,0.5015282550346932,0.5646585759478499,1.0,0.0,0.0
GIN,几内亚,324,2005,0.430249358428706,0.2725612567979467,0.3560979410452577,0.4880887077650938,0.604249528106526,0.43024935842870604,0.2725612567979466,0.3560979410452579,0.4880887077650938,0.604249528106526,1.0,5.551115123125783e-17,5.551115123125783e-17
CIV,科特迪瓦,384,2005,0.4361710472295217,0.3221447764490384,0.3677197589223891,0.5172928504745282,0.5375268030721311,0.4361710472295217,0.32214477644903833,0.3677197589223892,0.5172928504745281,0.5375268030721311,1.0,0.0,0.0
KEN,肯尼亚,404,2005,0.4064796232361843,0.2900870856653249,0.3108744909785138,0.5122479719774901,0.5127089443234089,0.40647962323618436,0.2900870856653249,0.3108744909785138,0.51224797197749,0.5127089443234089,1.0,5.551115123125783e-17,5.551115123125783e-17
LSO,莱索托,426,2005,0.3684117158120275,0.3180420098912584,0.1962247006158652,0.4845109197657792,0.4748692329752072,0.3742062646245947,0.31804200989125836,0.21940289586613423,0.48451091976577915,0.4748692329752072,0.9705882352941176,0.005794548812567246,0.005794548812567246
LBR,利比里亚,430,2005,0.3591933775287593,0.2194140161511032,0.2672495924389031,0.4631197897680646,0.4869901117569662,0.3591933775287593,0.21941401615110323,0.26724959243890317,0.4631197897680646,0.4869901117569662,1.0,0.0,0.0
MDG,马达加斯加,450,2005,0.4019406508320122,0.2502935392488311,0.3285563525956047,0.5079760510066854,0.5209366604769274,0.40194065083201214,0.250293539248831,0.32855635259560473,0.5079760510066853,0.5209366604769275,1.0,-5.551115123125783e-17,5.551115123125783e-17
MWI,马拉维,454,2005,0.3984685098696995,0.2394491013148036,0.2753146386814017,0.5065282452158919,0.5725820542667005,0.3984685098696994,0.2394491013148036,0.27531463868140177,0.5065282452158918,0.5725820542667005,1.0,-1.1102230246251565e-16,1.1102230246251565e-16
MLI,马里,466,2005,0.3916357972185312,0.2682730192634534,0.3566380260111723,0.5204224315846113,0.421209712014888,0.39163579721853126,0.26827301926345337,0.35663802601117245,0.5204224315846111,0.4212097120148881,1.0,5.551115123125783e-17,5.551115123125783e-17
MUS,毛里求斯,480,2005,0.4518521811800427,0.3911006421239038,0.4084890294533236,0.6173156881211287,0.3905033650218146,0.4704392023803794,0.3911006421239038,0.4828371142546707,0.6173156881211286,0.3905033650218146,0.9705882352941176,0.018587021200336673,0.018587021200336673
MOZ,莫桑比克,508,2005,0.4028664253905846,0.2607846831086887,0.3304293515786683,0.4319498738366949,0.5883017930382863,0.40286642539058454,0.2607846831086887,0.3304293515786683,0.4319498738366948,0.5883017930382863,1.0,-5.551115123125783e-17,5.551115123125783e-17
NAM,纳米比亚,516,2005,0.4921512157728912,0.3884391790080659,0.435624790409252,0.5182378829902422,0.6263030106840047,0.4921512157728912,0.38843917900806585,0.43562479040925206,0.5182378829902421,0.6263030106840047,1.0,0.0,0.0
NER,尼日尔,562,2005,0.37568543472479,0.2516141824030304,0.3459354179022886,0.5177372263817851,0.3874549122120556,0.3756854347247899,0.2516141824030304,0.3459354179022886,0.517737226381785,0.38745491221205564,1.0,-1.1102230246251565e-16,1.1102230246251565e-16
NGA,尼日利亚,566,2005,0.4168278179752084,0.3492182910467659,0.390436444608261,0.4918319696627821,0.4358245665830244,0.4168278179752083,0.3492182910467659,0.39043644460826105,0.4918319696627821,0.4358245665830244,1.0,-1.1102230246251565e-16,1.1102230246251565e-16
GNB,几内亚（比绍）,624,2005,0.4283278754797942,0.2701009655345211,0.3188702053596435,0.4694096691088268,0.6549306619161855,0.42832787547979423,0.270100965534521,0.3188702053596434,0.4694096691088269,0.6549306619161855,1.0,5.551115123125783e-17,5.551115123125783e-17
RWA,卢旺达,646,2005,0.375617172784746,0.250650040288752,0.3711891097500912,0.4991925577113849,0.3814369833887562,0.37561717278474605,0.2506500402887519,0.3711891097500913,0.4991925577113848,0.3814369833887562,1.0,5.551115123125783e-17,5.551115123125783e-17
STP,圣多美和普林西比,678,2005,0.3852479791625136,0.2861983887669138,0.3291776380725894,0.5243433976787957,0.4012724921317556,0.4002261824834699,0.2861983887669138,0.3890904513564147,0.5243433976787956,0.4012724921317556,0.9705882352941176,0.01497820332095634,0.01497820332095634
SEN,塞内加尔,686,2005,0.4672829080516831,0.2744662729848414,0.428239757282964,0.527066937046398,0.6393586648925289,0.46728290805168304,0.2744662729848414,0.4282397572829641,0.5270669370463978,0.639358664892529,1.0,-5.551115123125783e-17,5.551115123125783e-17
SYC,塞舌尔,690,2005,0.4345854481816592,0.2585209825942359,0.4861512401885449,0.4275887019244905,0.5660808680193657,0.5291676292607139,0.48570190775986866,0.5746344331893206,0.49025330807430056,0.5660808680193657,0.8529411764705882,0.09458218107905475,0.09458218107905475
SLE,塞拉利昂,694,2005,0.4013605010660047,0.2618166606741046,0.3041060417689035,0.5114330611029229,0.5280862407180882,0.40136050106600474,0.26181666067410453,0.3041060417689035,0.5114330611029227,0.5280862407180882,1.0,5.551115123125783e-17,5.551115123125783e-17
ZAF,南非,710,2005,0.4220825507405208,0.3809430791059853,0.5206717305436991,0.4364415224684147,0.3502738708439842,0.42208255074052087,0.3809430791059853,0.5206717305436992,0.4364415224684146,0.3502738708439843,1.0,5.551115123125783e-17,5.551115123125783e-17
ZWE,津巴布韦,716,2005,0.3975186385358057,0.2567023264291585,0.3179482007413515,0.4188590660781205,0.5965649608945923,0.3975186385358057,0.25670232642915847,0.3179482007413515,0.41885906607812046,0.5965649608945923,1.0,0.0,0.0
SWZ,斯威士兰,748,2005,0.4315588812712673,0.3918839652282404,0.3124509790964246,0.6302139766596194,0.3916866041007849,0.4315588812712673,0.3918839652282403,0.3124509790964246,0.6302139766596193,0.391686604100785,1.0,0.0,0.0
TGO,多哥,768,2005,0.3801655131364062,0.2560490155043995,0.3223180674104057,0.471954692442835,0.4703402771879844,0.3801655131364062,0.25604901550439946,0.3223180674104058,0.471954692442835,0.4703402771879844,1.0,0.0,0.0
UGA,乌干达,800,2005,0.3860936753110021,0.2742975295316897,0.329006848214569,0.4522473811923518,0.488822942305398,0.3860936753110021,0.2742975295316897,0.32900684821456894,0.45224738119235175,0.4888229423053981,1.0,0.0,0.0
TZA,坦桑尼亚,834,2005,0.4327281462494652,0.2536769000844768,0.3676630023447689,0.487896291385084,0.621676391183531,0.4327281462494652,0.25367690008447674,0.36766300234476906,0.487896291385084,0.621676391183531,1.0,0.0,0.0
BFA,布基纳法索,854,2005,0.4170750247398581,0.242898846532406,0.3413444926586256,0.5192548225466902,0.5648019372217109,0.41707502473985814,0.2428988465324059,0.34134449265862554,0.5192548225466901,0.564801937221711,1.0,5.551115123125783e-17,5.551115123125783e-17
ZMB,赞比亚,894,2005,0.4282061455580388,0.3270565346966485,0.2500852288863636,0.4630751915450521,0.672607627104091,0.4282061455580389,0.32705653469664847,0.25008522888636375,0.46307519154505217,0.672607627104091,1.0,5.551115123125783e-17,5.551115123125783e-17
AGO,安哥拉,24,2006,0.4310572985105212,0.4147514428852487,0.3422302004192512,0.5114490125868405,0.4557985381507444,0.43105729851052116,0.4147514428852486,0.3422302004192514,0.5114490125868404,0.4557985381507443,1.0,-5.551115123125783e-17,5.551115123125783e-17
BWA,博茨瓦纳,72,2006,0.4743187005392051,0.4494999280737876,0.3236652351809147,0.49766326385887,0.6264463750432481,0.47431870053920505,0.4494999280737876,0.32366523518091467,0.4976632638588699,0.6264463750432481,1.0,-5.551115123125783e-17,5.551115123125783e-17
BDI,布隆迪,108,2006,0.3375839659117826,0.2359266949992336,0.2972389131875431,0.4413457852485933,0.3758244702117602,0.3463614816172665,0.23592669499923355,0.33234897600947916,0.44134578524859325,0.37582447021176013,0.9705882352941176,0.008777515705483907,0.008777515705483907
CMR,喀麦隆,120,2006,0.4000476927837659,0.2899189174578209,0.3727918276294657,0.5372429375599619,0.4002370884878151,0.40004769278376584,0.2899189174578209,0.37279182762946567,0.5372429375599618,0.40023708848781514,1.0,-5.551115123125783e-17,5.551115123125783e-17
CPV,佛得角,132,2006,0.4124234828490609,0.3040005339111945,0.4775711443431531,0.5207638751905619,0.347358377951334,0.4124234828490609,0.3040005339111945,0.4775711443431532,0.5207638751905618,0.347358377951334,1.0,0.0,0.0
CAF,中非,140,2006,0.3785357371259417,0.1507094335355078,0.2922011468466902,0.5446347455858445,0.5265976225357242,0.38605245748591405,0.18077631497539717,0.29220114684669035,0.5446347455858445,0.5265976225357243,0.9705882352941176,0.007516720359972362,0.007516720359972362
TCD,乍得,148,2006,0.3651337704131144,0.2040676883120745,0.289808591747767,0.4961230789655498,0.4705357226270665,0.3753117646604783,0.24477966530152973,0.289808591747767,0.49612307896554975,0.47053572262706655,0.9705882352941176,0.010177994247363875,0.010177994247363875
COM,科摩罗,174,2006,0.4062980023224334,0.2875379580051002,0.3788608225396003,0.5375650824367703,0.4212281463082633,0.4062980023224335,0.2875379580051002,0.3788608225396004,0.5375650824367701,0.42122814630826333,1.0,1.1102230246251565e-16,1.1102230246251565e-16
COG,刚果（布）,178,2006,0.4291301967718484,0.3929169209768935,0.329243756592093,0.5560026012883204,0.4383575082300868,0.4291301967718484,0.3929169209768935,0.32924375659209304,0.5560026012883201,0.4383575082300869,1.0,0.0,0.0
COD,刚果（金）,180,2006,0.3639998950145752,0.2663418449112685,0.3002982111015174,0.4328813418674931,0.4564781821780218,0.36399989501457514,0.26634184491126844,0.30029821110151744,0.432881341867493,0.4564781821780217,1.0,-5.551115123125783e-17,5.551115123125783e-17
BEN,贝宁,204,2006,0.4374698121703627,0.2605015363178366,0.3693525355446195,0.5222160549318481,0.5978091218871467,0.43746981217036274,0.26050153631783657,0.36935253554461955,0.522216054931848,0.5978091218871469,1.0,5.551115123125783e-17,5.551115123125783e-17
GNQ,赤道几内亚,226,2006,0.439938344474711,0.4677391942631727,0.1675209669654201,0.5086695144927087,0.6158237021775427,0.4779530356342781,0.5610542480642791,0.22626467780258214,0.5086695144927086,0.6158237021775428,0.9117647058823528,0.03801469115956713,0.03801469115956713
ETH,埃塞俄比亚,231,2006,0.3578005003196934,0.2343582562011816,0.3397223968510684,0.4116977492707976,0.4454235989557261,0.3578005003196934,0.23435825620118156,0.3397223968510685,0.41169774927079755,0.4454235989557261,1.0,0.0,0.0
ERI,厄立特里亚,232,2006,0.3106861342865543,0.117417730943843,0.3088897255614561,0.5082528168374352,0.3081842638034829,0.3706694058413458,0.3208645524501834,0.3453759902742819,0.5082528168374351,0.3081842638034829,0.8529411764705882,0.059983271554791495,0.059983271554791495
DJI,吉布提,262,2006,0.3042910258844848,0.1171533712901113,0.3835075043434347,0.5199149422070865,0.1965882856973069,0.37157796665925125,0.33002644878550513,0.3835075043434347,0.5761896278107581,0.19658828569730694,0.8235294117647058,0.06728694077476643,0.06728694077476643
GAB,加蓬,266,2006,0.5411481090322953,0.5097512474230026,0.4574823521980624,0.5788112275206277,0.6185476089874885,0.5411481090322953,0.5097512474230026,0.45748235219806255,0.5788112275206276,0.6185476089874885,1.0,0.0,0.0
GMB,冈比亚,270,2006,0.4223629869612458,0.2383897427954698,0.3927289448262555,0.5252243422006634,0.5331089180225947,0.42236298696124586,0.23838974279546976,0.39272894482625553,0.5252243422006633,0.5331089180225949,1.0,5.551115123125783e-17,5.551115123125783e-17
GHA,加纳,288,2006,0.4423539713513091,0.2681505945502014,0.421695022581153,0.5110979675080548,0.5684723007658272,0.44235397135130916,0.2681505945502014,0.4216950225811531,0.5110979675080547,0.5684723007658273,1.0,5.551115123125783e-17,5.551115123125783e-17
GIN,几内亚,324,2006,0.4378584623918299,0.2714299789316904,0.3709029734997607,0.5029941420265087,0.6061067551093597,0.4378584623918299,0.27142997893169035,0.3709029734997608,0.5029941420265087,0.6061067551093599,1.0,0.0,0.0
CIV,科特迪瓦,384,2006,0.4409809106224112,0.3299446785574048,0.3781064538565815,0.5165564332624767,0.5393160768131822,0.4409809106224113,0.3299446785574047,0.37810645385658165,0.5165564332624766,0.5393160768131823,1.0,1.1102230246251565e-16,1.1102230246251565e-16
KEN,肯尼亚,404,2006,0.4086677470891754,0.2823920151452447,0.3254008690333632,0.5151255984715247,0.511752505706569,0.4086677470891754,0.2823920151452447,0.32540086903336324,0.5151255984715245,0.511752505706569,1.0,0.0,0.0
LSO,莱索托,426,2006,0.3748884013933546,0.3320083492566662,0.2093406644232616,0.4866044669231877,0.4716001249703029,0.38107026684988815,0.33200834925666617,0.23406812624939574,0.4866044669231877,0.47160012497030296,0.9705882352941176,0.006181865456533542,0.006181865456533542
LBR,利比里亚,430,2006,0.3639317352631618,0.2277473336478367,0.265292984341481,0.4725115228128405,0.4901751002504892,0.36393173526316186,0.22774733364783661,0.26529298434148113,0.4725115228128404,0.49017510025048927,1.0,5.551115123125783e-17,5.551115123125783e-17
MDG,马达加斯加,450,2006,0.406158642664739,0.2582972546020745,0.3344824349068413,0.5083428076630387,0.5235120734870012,0.406158642664739,0.2582972546020745,0.3344824349068414,0.5083428076630387,0.5235120734870014,1.0,0.0,0.0
MWI,马拉维,454,2006,0.4035610006486978,0.2516477151989537,0.2770775983876577,0.507924153197115,0.5775945358110647,0.4035610006486977,0.25164771519895357,0.2770775983876578,0.5079241531971149,0.5775945358110647,1.0,-1.1102230246251565e-16,1.1102230246251565e-16
MLI,马里,466,2006,0.3928542311505931,0.2823449045770145,0.3593203959459663,0.5066932340095627,0.4230583900698288,0.3928542311505931,0.28234490457701444,0.3593203959459664,0.5066932340095626,0.42305839006982887,1.0,0.0,0.0
MUS,毛里求斯,480,2006,0.4536331128646186,0.397555139109792,0.4137549775456847,0.613382165252734,0.3898401695502635,0.47245974463409,0.39755513910979196,0.48906150462357056,0.613382165252734,0.38984016955026357,0.9705882352941176,0.018826631769471414,0.018826631769471414
MOZ,莫桑比克,508,2006,0.4094194737781548,0.2737995381947085,0.3318823532560607,0.4403112303128287,0.5916847733490211,0.4094194737781548,0.2737995381947085,0.33188235325606075,0.4403112303128287,0.5916847733490211,1.0,0.0,0.0
NAM,纳米比亚,516,2006,0.5036902853545615,0.4188549177206501,0.4347538197073886,0.5153627953675417,0.6457896086226658,0.5036902853545615,0.41885491772065,0.4347538197073886,0.5153627953675417,0.6457896086226658,1.0,0.0,0.0
NER,尼日尔,562,2006,0.3774892018326012,0.2513122984108043,0.3529225670773939,0.5184188546056615,0.3873030872365453,0.3774892018326012,0.25131229841080427,0.35292256707739394,0.5184188546056614,0.3873030872365453,1.0,0.0,0.0
NGA,尼日利亚,566,2006,0.4169899034240778,0.3346266484470842,0.3956869777629233,0.4983128442608754,0.4393331432254284,0.4169899034240778,0.33462664844708423,0.3956869777629233,0.49831284426087546,0.4393331432254285,1.0,0.0,0.0
GNB,几内亚（比绍）,624,2006,0.4273110750766007,0.2540302596104048,0.3301729441054201,0.470113806622022,0.6549272899685558,0.4273110750766006,0.2540302596104047,0.3301729441054201,0.47011380662202196,0.6549272899685558,1.0,-1.1102230246251565e-16,1.1102230246251565e-16
RWA,卢旺达,646,2006,0.3834008401902622,0.251434730942485,0.3803552913376936,0.502858337822774,0.3989550006580961,0.3834008401902621,0.25143473094248486,0.38035529133769364,0.502858337822774,0.3989550006580961,1.0,-1.1102230246251565e-16,1.1102230246251565e-16
STP,圣多美和普林西比,678,2006,0.4031810754158589,0.265099541177711,0.2588324074146325,0.5259362726891456,0.5628560803819465,0.4149584380794006,0.26509954117771095,0.30594185806879953,0.5259362726891454,0.5628560803819465,0.9705882352941176,0.01177736266354168,0.01177736266354168
SEN,塞内加尔,686,2006,0.4702741923184019,0.2693053077947669,0.4446156107551759,0.5275710369662953,0.6396048137573697,0.47027419231840195,0.2693053077947668,0.4446156107551761,0.5275710369662951,0.6396048137573697,1.0,5.551115123125783e-17,5.551115123125783e-17
SYC,塞舌尔,690,2006,0.4349776316381982,0.267599053986046,0.5022849457994403,0.4247163995160795,0.5453101272512269,0.5321830783539119,0.5027575314447863,0.5937045949261592,0.48696005979347495,0.545310127251227,0.8529411764705882,0.09720544671571368,0.09720544671571368
SLE,塞拉利昂,694,2006,0.4071662330714278,0.264449955264339,0.3196185581685753,0.514149081358478,0.5304473374943188,0.40716623307142785,0.264449955264339,0.31961855816857543,0.5141490813584779,0.5304473374943189,1.0,5.551115123125783e-17,5.551115123125783e-17
ZAF,南非,710,2006,0.4275216765745419,0.3846983417678726,0.5372879912632571,0.4369218735763686,0.3511784996906689,0.42752167657454176,0.3846983417678726,0.5372879912632572,0.4369218735763684,0.35117849969066894,1.0,-1.1102230246251565e-16,1.1102230246251565e-16
ZWE,津巴布韦,716,2006,0.3992389239422473,0.2690230730156727,0.3232918683701369,0.3971276020541652,0.6075131523290145,0.3992389239422473,0.26902307301567263,0.32329186837013685,0.3971276020541652,0.6075131523290145,1.0,0.0,0.0
SWZ,斯威士兰,748,2006,0.4378864684684264,0.389494708015371,0.3093944622676413,0.6529155378705338,0.3997411657201595,0.4378864684684264,0.389494708015371,0.3093944622676413,0.6529155378705337,0.39974116572015955,1.0,0.0,0.0
TGO,多哥,768,2006,0.385349844387846,0.2646148755704293,0.3316868530047088,0.4696974577679543,0.4754001912082917,0.385349844387846,0.2646148755704292,0.3316868530047089,0.46969745776795424,0.47540019120829174,1.0,0.0,0.0
UGA,乌干达,800,2006,0.3947219714025191,0.274763238834461,0.3426503460303386,0.4556334478937944,0.5058408528514824,0.3947219714025191,0.27476323883446097,0.3426503460303386,0.45563344789379445,0.5058408528514825,1.0,0.0,0.0
TZA,坦桑尼亚,834,2006,0.4373194516923182,0.254598484883753,0.3780011060883223,0.4873039328801611,0.6293742829170361,0.4373194516923181,0.2545984848837529,0.3780011060883223,0.4873039328801611,0.6293742829170361,1.0,-5.551115123125783e-17,5.551115123125783e-17
BFA,布基纳法索,854,2006,0.4205053988231988,0.2468878375510956,0.3491383618830038,0.5192393281195951,0.5667560677391007,0.4205053988231988,0.24688783755109556,0.3491383618830038,0.519239328119595,0.5667560677391008,1.0,0.0,0.0
ZMB,赞比亚,894,2006,0.438701350051904,0.3544862015585527,0.2631284165644433,0.4537154870950063,0.6834752949896136,0.438701350051904,0.35448620155855265,0.26312841656444336,0.4537154870950063,0.6834752949896136,1.0,0.0,0.0
AGO,安哥拉,24,2007,0.435895980646768,0.4251332622242408,0.3697100974017353,0.5061249109951876,0.4426156519659081,0.43589598064676793,0.4251332622242407,0.3697100974017354,0.5061249109951875,0.44261565196590813,1.0,-5.551115123125783e-17,5.551115123125783e-17
BWA,博茨瓦纳,72,2007,0.4763471469062484,0.4442481173787271,0.3427341454829632,0.4974463072377066,0.6209600175255968,0.4763471469062484,0.44424811737872705,0.34273414548296316,0.49744630723770655,0.6209600175255969,1.0,0.0,0.0
BDI,布隆迪,108,2007,0.326720142012285,0.2380354930675638,0.3014154927514387,0.4220062900077664,0.3454232922223709,0.33562099282327096,0.23803549306756383,0.337018895995383,0.4220062900077663,0.3454232922223709,0.9705882352941176,0.00890085081098596,0.00890085081098596
CMR,喀麦隆,120,2007,0.4061811172771558,0.2924445549817127,0.3910434492599874,0.5282854125058386,0.4129510523610844,0.4061811172771558,0.2924445549817127,0.3910434492599876,0.5282854125058386,0.4129510523610844,1.0,0.0,0.0
CPV,佛得角,132,2007,0.4147606737922598,0.2962027874073912,0.4946513450565674,0.5214266380251589,0.3467619246799217,0.4147606737922598,0.29620278740739114,0.49465134505656744,0.5214266380251589,0.34676192467992173,1.0,0.0,0.0
CAF,中非,140,2007,0.3789982134422316,0.15041915551582,0.3021421775441052,0.5446137096321685,0.5188178110768328,0.38650045601770533,0.18042812581771478,0.3021421775441052,0.5446137096321685,0.5188178110768328,0.9705882352941176,0.0075022425754737165,0.0075022425754737165
TCD,乍得,148,2007,0.3681326091650639,0.2090120905643103,0.296598845615335,0.496857502229331,0.4700619982512792,0.378557208340901,0.25071048726765877,0.29659884561533506,0.4968575022293309,0.47006199825127926,0.9705882352941176,0.010424599175837101,0.010424599175837101
COM,科摩罗,174,2007,0.4077251121316857,0.2857901470611459,0.3848157896482794,0.5402225673307448,0.4200719444865727,0.4077251121316857,0.28579014706114586,0.38481578964827945,0.5402225673307448,0.4200719444865727,1.0,0.0,0.0
COG,刚果（布）,178,2007,0.4502009234179673,0.3272502666494853,0.3329946941360345,0.5591189758646619,0.5814397570216875,0.45020092341796736,0.32725026664948537,0.3329946941360346,0.5591189758646617,0.5814397570216875,1.0,5.551115123125783e-17,5.551115123125783e-17
COD,刚果（金）,180,2007,0.3674272707671174,0.2734797242822793,0.3090783566635212,0.4278424329758086,0.4593085691468604,0.36742727076711734,0.2734797242822793,0.30907835666352124,0.42784243297580854,0.4593085691468604,1.0,-5.551115123125783e-17,5.551115123125783e-17
BEN,贝宁,204,2007,0.440879551000093,0.2607201276147578,0.3856742617019574,0.5213186295470787,0.5958051851365779,0.440879551000093,0.26072012761475777,0.3856742617019575,0.5213186295470787,0.5958051851365779,1.0,0.0,0.0
GNQ,赤道几内亚,226,2007,0.4460744707789815,0.4933213890858741,0.1693541496663968,0.5222463600620398,0.5993759843016154,0.4855257969081753,0.5917401500714753,0.22874069319757073,0.5222463600620397,0.5993759843016154,0.9117647058823528,0.03945132612919383,0.03945132612919383
ETH,埃塞俄比亚,231,2007,0.3634536366906473,0.248390479718806,0.3514005202121771,0.4110281885561369,0.4429953582754694,0.36345363669064734,0.24839047971880596,0.35140052021217716,0.4110281885561368,0.44299535827546943,1.0,5.551115123125783e-17,5.551115123125783e-17
ERI,厄立特里亚,232,2007,0.3138418422690491,0.1206012642753356,0.3194220649288957,0.5080562636909163,0.3072877761810487,0.37551514312177586,0.3295641158756438,0.35715241673949466,0.5080562636909163,0.3072877761810487,0.8529411764705882,0.061673300852726765,0.061673300852726765
DJI,吉布提,262,2007,0.3002290278942546,0.0831274218730763,0.3978721037157602,0.5197026905096207,0.2002138954785612,0.3520535454797712,0.23417378036462522,0.39787210371576043,0.5759544023601377,0.20021389547856122,0.8235294117647058,0.051824517585516594,0.051824517585516594
GAB,加蓬,266,2007,0.5515246691626686,0.5330881163450654,0.4777271447381522,0.5739303497425279,0.6213530658249288,0.5515246691626686,0.5330881163450654,0.4777271447381524,0.5739303497425279,0.6213530658249288,1.0,0.0,0.0
GMB,冈比亚,270,2007,0.4258997628691609,0.2416744842022916,0.4029076246683274,0.5244877029339832,0.5345292396720416,0.4258997628691609,0.24167448420229154,0.4029076246683275,0.5244877029339831,0.5345292396720416,1.0,0.0,0.0
GHA,加纳,288,2007,0.4420113061862082,0.2647322464739289,0.4342197398527393,0.5097686081198841,0.5593246302982803,0.44201130618620815,0.2647322464739288,0.43421973985273943,0.509768608119884,0.5593246302982804,1.0,-5.551115123125783e-17,5.551115123125783e-17
GIN,几内亚,324,2007,0.4380154107299048,0.2688172521041167,0.3707956174840056,0.5060897528030306,0.6063590205284665,0.4380154107299049,0.26881725210411667,0.37079561748400575,0.5060897528030306,0.6063590205284666,1.0,1.1102230246251565e-16,1.1102230246251565e-16
CIV,科特迪瓦,384,2007,0.4395793007219951,0.3190572151522274,0.3894656947815569,0.5160936223857855,0.5337006705684108,0.4395793007219952,0.31905721515222735,0.389465694781557,0.5160936223857854,0.5337006705684109,1.0,1.1102230246251565e-16,1.1102230246251565e-16
KEN,肯尼亚,404,2007,0.4097581228569579,0.282071839133376,0.3369883741664904,0.5147219421054824,0.5052503360224831,0.409758122856958,0.28207183913337597,0.33698837416649047,0.5147219421054823,0.5052503360224833,1.0,1.1102230246251565e-16,1.1102230246251565e-16
LSO,莱索托,426,2007,0.3964487215271862,0.3577499900096277,0.2611096790736125,0.4843885232819503,0.4825466937435542,0.40415933479899707,0.3577499900096277,0.2919521321608562,0.4843885232819503,0.48254669374355413,0.9705882352941176,0.007710613271810884,0.007710613271810884
LBR,利比里亚,430,2007,0.3677144109643552,0.2289604653888337,0.2874916706985087,0.4684585391360542,0.4859469686340244,0.3677144109643552,0.22896046538883363,0.28749167069850873,0.46845853913605406,0.4859469686340244,1.0,0.0,0.0
MDG,马达加斯加,450,2007,0.4062191298520766,0.2548487541712604,0.3423123835569471,0.506739755762313,0.5209756259177858,0.40621912985207664,0.2548487541712604,0.34231238355694715,0.506739755762313,0.5209756259177859,1.0,5.551115123125783e-17,5.551115123125783e-17
MWI,马拉维,454,2007,0.4042073199876202,0.2595286897971681,0.2848930718503738,0.5065293469933242,0.5658781713096148,0.4042073199876203,0.25952868979716803,0.2848930718503739,0.5065293469933242,0.5658781713096149,1.0,5.551115123125783e-17,5.551115123125783e-17
MLI,马里,466,2007,0.3907559653570598,0.2673869274229515,0.3684176407754078,0.5046844640999012,0.4225348291299788,0.39075596535705986,0.26738692742295145,0.36841764077540784,0.5046844640999012,0.4225348291299789,1.0,5.551115123125783e-17,5.551115123125783e-17
MUS,毛里求斯,480,2007,0.4582593893993968,0.4021518225658105,0.4229098893449768,0.6181852189140302,0.3897906267727697,0.47750258692077685,0.40215182256581045,0.4998826794304972,0.61818521891403,0.3897906267727698,0.9705882352941176,0.01924319752138004,0.01924319752138004
MOZ,莫桑比克,508,2007,0.4144709306271172,0.2693250037616312,0.3359737240433382,0.467641119469198,0.5849438752343015,0.4144709306271172,0.26932500376163115,0.33597372404333825,0.46764111946919795,0.5849438752343015,1.0,0.0,0.0
NAM,纳米比亚,516,2007,0.5021300799614942,0.4100340847858001,0.4481372908680021,0.5057908530413766,0.6445580911507978,0.5021300799614941,0.4100340847858,0.44813729086800214,0.5057908530413765,0.6445580911507978,1.0,-1.1102230246251565e-16,1.1102230246251565e-16
NER,尼日尔,562,2007,0.3757632932546885,0.2498231772916305,0.3494617296268922,0.5177831713244994,0.3859850947757318,0.3757632932546885,0.24982317729163045,0.3494617296268922,0.5177831713244992,0.38598509477573184,1.0,0.0,0.0
NGA,尼日利亚,566,2007,0.4160745031504207,0.3292542290880318,0.4033305586747923,0.5008904236958234,0.4308228011430355,0.4160745031504207,0.32925422908803176,0.4033305586747924,0.5008904236958233,0.4308228011430355,1.0,0.0,0.0
GNB,几内亚（比绍）,624,2007,0.4352458400566171,0.261536610817743,0.3311133226262631,0.4617920175177799,0.6865414092646828,0.4352458400566172,0.261536610817743,0.3311133226262632,0.4617920175177799,0.6865414092646829,1.0,1.1102230246251565e-16,1.1102230246251565e-16
RWA,卢旺达,646,2007,0.3767711091256188,0.2480022346856313,0.3884326732518717,0.5020249276181411,0.3686246009468311,0.3767711091256189,0.24800223468563126,0.3884326732518718,0.5020249276181411,0.3686246009468312,1.0,1.1102230246251565e-16,1.1102230246251565e-16
STP,圣多美和普林西比,678,2007,0.4013909384922267,0.2546212904135798,0.2710007195578885,0.5240261307601403,0.5559156132372984,0.4137219823062309,0.2546212904135798,0.32032489481390525,0.5240261307601403,0.5559156132372985,0.9705882352941176,0.012331043814004239,0.012331043814004239
SEN,塞内加尔,686,2007,0.4696091820335992,0.2637517588506547,0.4509257976341033,0.5259427921127631,0.6378163795368758,0.4696091820335993,0.26375175885065466,0.4509257976341035,0.5259427921127631,0.6378163795368759,1.0,1.1102230246251565e-16,1.1102230246251565e-16
SYC,塞舌尔,690,2007,0.4429533448623839,0.2544727904021766,0.5084877451300441,0.4484418537514241,0.5604109901658908,0.5384265452670938,0.47809627880499217,0.6010363505258082,0.5141625615716842,0.5604109901658908,0.8529411764705882,0.09547320040470986,0.09547320040470986
SLE,塞拉利昂,694,2007,0.4056841801424062,0.2628491859900658,0.3209118210799617,0.5132238741441655,0.5257518393554317,0.40568418014240615,0.2628491859900657,0.3209118210799618,0.5132238741441655,0.5257518393554318,1.0,-5.551115123125783e-17,5.551115123125783e-17
ZAF,南非,710,2007,0.4289023287045064,0.390586090146063,0.5425532000541939,0.430742532255492,0.3517274923622767,0.42890232870450645,0.39058609014606294,0.542553200054194,0.4307425322554919,0.3517274923622768,1.0,5.551115123125783e-17,5.551115123125783e-17
ZWE,津巴布韦,716,2007,0.3941798385442139,0.2840702980287232,0.326817305817366,0.3696240028589808,0.5962077474717856,0.3941798385442139,0.2840702980287231,0.326817305817366,0.36962400285898084,0.5962077474717856,1.0,0.0,0.0
SWZ,斯威士兰,748,2007,0.440412434400018,0.3962332717377271,0.3221511887515552,0.6507147540134672,0.3925505230973222,0.4404124344000179,0.3962332717377271,0.3221511887515552,0.6507147540134671,0.39255052309732225,1.0,-5.551115123125783e-17,5.551115123125783e-17
TGO,多哥,768,2007,0.3837046250890213,0.2574342035903706,0.3478054220779897,0.4641637516300085,0.4654151230577163,0.3837046250890212,0.2574342035903705,0.34780542207798965,0.4641637516300084,0.4654151230577163,1.0,-1.1102230246251565e-16,1.1102230246251565e-16
UGA,乌干达,800,2007,0.3927104424624423,0.2736510501333057,0.358425138708823,0.4501601356557643,0.4886054453518763,0.3927104424624423,0.27365105013330565,0.35842513870882303,0.45016013565576424,0.4886054453518763,1.0,0.0,0.0
TZA,坦桑尼亚,834,2007,0.4351796071646386,0.2510150327925004,0.3793356702886524,0.492184117620047,0.6181836079573548,0.43517960716463866,0.25101503279250037,0.3793356702886524,0.49218411762004693,0.6181836079573548,1.0,5.551115123125783e-17,5.551115123125783e-17
BFA,布基纳法索,854,2007,0.4253796247652071,0.2448437711663392,0.3628711066568101,0.5181270464468523,0.5756765747908266,0.42537962476520697,0.24484377116633912,0.3628711066568101,0.5181270464468521,0.5756765747908267,1.0,-1.1102230246251565e-16,1.1102230246251565e-16
ZMB,赞比亚,894,2007,0.4374066020644881,0.3508613489189319,0.268933639484138,0.4516290844799128,0.6782023353749697,0.4374066020644881,0.35086134891893184,0.2689336394841381,0.4516290844799128,0.6782023353749697,1.0,0.0,0.0
AGO,安哥拉,24,2008,0.4479514253189965,0.4198800375524729,0.4367659155698515,0.4969839846701462,0.4381757634835152,0.4479514253189965,0.4198800375524729,0.43676591556985167,0.49698398467014626,0.4381757634835152,1.0,0.0,0.0
BWA,博茨瓦纳,72,2008,0.4767112888693419,0.4100971064090287,0.3691323401685936,0.5080139741432036,0.6196017347565417,0.4767112888693419,0.41009710640902863,0.36913234016859364,0.5080139741432035,0.6196017347565417,1.0,0.0,0.0
BDI,布隆迪,108,2008,0.3203409281529269,0.220768372072835,0.2861801226095048,0.4226759426791548,0.3517392752502127,0.32879187589010056,0.22076837207283498,0.3199839135582,0.4226759426791547,0.3517392752502127,0.9705882352941176,0.008450947737173642,0.008450947737173642
CMR,喀麦隆,120,2008,0.4073750843086166,0.2872858304744851,0.4030226888183883,0.5268158202547625,0.4123759976868307,0.4073750843086166,0.287285830474485,0.4030226888183883,0.5268158202547624,0.4123759976868307,1.0,0.0,0.0
CPV,佛得角,132,2008,0.4194839632494508,0.2958816320656629,0.5118438460639726,0.5221872591138942,0.3480231157542739,0.41948396324945086,0.2958816320656628,0.5118438460639727,0.5221872591138941,0.3480231157542739,1.0,5.551115123125783e-17,5.551115123125783e-17
CAF,中非,140,2008,0.376743310976124,0.1425364826257866,0.3016940038566094,0.5450503289420094,0.5176924284800906,0.38385240067182425,0.17097284140858743,0.30169400385660944,0.5450503289420092,0.5176924284800907,0.9705882352941176,0.0071090896957002325,0.0071090896957002325
TCD,乍得,148,2008,0.3702553152264446,0.2020228681982965,0.3016765731067878,0.4964123497154576,0.4809094698852366,0.38033132288530414,0.24232689883373426,0.30167657310678797,0.49641234971545756,0.4809094698852367,0.9705882352941176,0.01007600765885952,0.01007600765885952
COM,科摩罗,174,2008,0.407654730199284,0.2798619629024403,0.3889328904803789,0.5405490343836097,0.4212750330307072,0.407654730199284,0.27986196290244025,0.38893289048037893,0.5405490343836096,0.42127503303070724,1.0,0.0,0.0
COG,刚果（布）,178,2008,0.4692238246604012,0.4067437425151625,0.351672663993265,0.5545764066465771,0.5639024854866004,0.46922382466040125,0.40674374251516243,0.35167266399326513,0.5545764066465771,0.5639024854866004,1.0,5.551115123125783e-17,5.551115123125783e-17
COD,刚果（金）,180,2008,0.3694452095450629,0.2692833862805687,0.309845641716106,0.423463378023593,0.4751884321599839,0.369445209545063,0.2692833862805687,0.3098456417161061,0.42346337802359296,0.4751884321599841,1.0,1.1102230246251565e-16,1.1102230246251565e-16
BEN,贝宁,204,2008,0.4440911904148627,0.2622950389119363,0.3961200755766803,0.5225321823462546,0.5954174648245798,0.4440911904148628,0.2622950389119362,0.39612007557668033,0.5225321823462546,0.5954174648245799,1.0,5.551115123125783e-17,5.551115123125783e-17
GNQ,赤道几内亚,226,2008,0.4489698268551264,0.518045345770709,0.1459728009565959,0.538888230157415,0.5929729305357858,0.4876045205079176,0.6213965934423061,0.19716032789616358,0.5388882301574149,0.5929729305357859,0.9117647058823528,0.03863469365279121,0.03863469365279121
ETH,埃塞俄比亚,231,2008,0.3643341912900344,0.2414108997730721,0.3467095608690852,0.4247891271308461,0.4444271773871342,0.36433419129003436,0.24141089977307212,0.3467095608690852,0.42478912713084604,0.44442717738713416,1.0,-5.551115123125783e-17,5.551115123125783e-17
ERI,厄立特里亚,232,2008,0.3084156983787801,0.1063369898757552,0.3194327961811947,0.502379499567607,0.3055135078905636,0.3639104765593706,0.29058448320468927,0.3571644155746224,0.5023794995676069,0.30551350789056364,0.8529411764705882,0.05549477818059051,0.05549477818059051
DJI,吉布提,262,2008,0.2998060924872777,0.0788544357551953,0.4087591897690913,0.518218716791073,0.1933920276337511,0.34964940119154375,0.22213658144610757,0.4087591897690915,0.5743098059172249,0.19339202763375105,0.8235294117647058,0.049843308704266065,0.049843308704266065
GAB,加蓬,266,2008,0.547693775651696,0.5340828459235691,0.4827671677814149,0.5638651710887461,0.6100599178130539,0.5476937756516961,0.534082845923569,0.4827671677814151,0.5638651710887461,0.610059917813054,1.0,1.1102230246251565e-16,1.1102230246251565e-16
GMB,冈比亚,270,2008,0.435746251468877,0.2561732258917046,0.423331855170716,0.5249378661172549,0.5385420586958328,0.4357462514688771,0.25617322589170455,0.42333185517071603,0.5249378661172549,0.5385420586958329,1.0,5.551115123125783e-17,5.551115123125783e-17
GHA,加纳,288,2008,0.4449805031966921,0.2672584912732199,0.4470226734995884,0.5094176234860379,0.556223224527922,0.44498050319669213,0.2672584912732199,0.4470226734995886,0.5094176234860378,0.5562232245279222,1.0,5.551115123125783e-17,5.551115123125783e-17
GIN,几内亚,324,2008,0.4379967956966456,0.2667999062499697,0.3751045605567981,0.5043106431945121,0.6057720727853024,0.43799679569664557,0.26679990624996963,0.3751045605567982,0.504310643194512,0.6057720727853024,1.0,-5.551115123125783e-17,5.551115123125783e-17
CIV,科特迪瓦,384,2008,0.445983752311509,0.3289028207290728,0.4072461368779664,0.5158222598457148,0.5319637917932818,0.445983752311509,0.3289028207290728,0.40724613687796646,0.5158222598457148,0.5319637917932819,1.0,0.0,0.0
KEN,肯尼亚,404,2008,0.41263745600314,0.2709279932978369,0.3567781022282111,0.5138264425211225,0.5090172859653896,0.41263745600314006,0.2709279932978369,0.35677810222821116,0.5138264425211224,0.5090172859653896,1.0,5.551115123125783e-17,5.551115123125783e-17
LSO,莱索托,426,2008,0.3950178643316657,0.3548631053569781,0.2625684458162721,0.4850362342549732,0.4776036718984393,0.40277155523371355,0.3548631053569781,0.29358320942446364,0.4850362342549731,0.47760367189843933,0.9705882352941176,0.007753690902047861,0.007753690902047861
LBR,利比里亚,430,2008,0.3685399184290681,0.2179880758015894,0.3008945202168072,0.4705408740460202,0.4847362036518554,0.368539918429068,0.21798807580158933,0.30089452021680724,0.47054087404602013,0.48473620365185544,1.0,-5.551115123125783e-17,5.551115123125783e-17
MDG,马达加斯加,450,2008,0.4044810034691051,0.2407362491280766,0.345525299213322,0.5086675378337655,0.5229949277012564,0.4044810034691051,0.2407362491280765,0.3455252992133221,0.5086675378337654,0.5229949277012564,1.0,0.0,0.0
MWI,马拉维,454,2008,0.40587102347253,0.2492728894236281,0.3002073415864051,0.5054487414537782,0.5685551214263085,0.4058710234725299,0.24927288942362807,0.3002073415864051,0.5054487414537779,0.5685551214263085,1.0,-1.1102230246251565e-16,1.1102230246251565e-16
MLI,马里,466,2008,0.3924949490527467,0.2662925734146676,0.3724042903774525,0.5082582322586945,0.4230247001601723,0.39249494905274673,0.26629257341466755,0.37240429037745265,0.5082582322586944,0.42302470016017224,1.0,5.551115123125783e-17,5.551115123125783e-17
MUS,毛里求斯,480,2008,0.458604825600315,0.391653524852225,0.4328010433465929,0.6217822782681149,0.3881824559343272,0.47829808928227197,0.39165352485222493,0.5115740980744209,0.6217822782681148,0.38818245593432726,0.9705882352941176,0.019693263681956952,0.019693263681956952
MOZ,莫桑比克,508,2008,0.416748372758265,0.2639509953318479,0.3435746465338357,0.4711290990922996,0.588338750075077,0.41674837275826504,0.26395099533184785,0.3435746465338357,0.4711290990922996,0.588338750075077,1.0,5.551115123125783e-17,5.551115123125783e-17
NAM,纳米比亚,516,2008,0.5027371941518256,0.3920816478087919,0.4436077211643983,0.5154386531626239,0.6598207544714881,0.5027371941518255,0.3920816478087918,0.4436077211643983,0.5154386531626238,0.6598207544714881,1.0,-1.1102230246251565e-16,1.1102230246251565e-16
NER,尼日尔,562,2008,0.3786537200948125,0.2498375289886651,0.3577137502474564,0.5188604474034642,0.3882031537396644,0.37865372009481246,0.24983752898866507,0.35771375024745644,0.518860447403464,0.3882031537396644,1.0,-5.551115123125783e-17,5.551115123125783e-17
NGA,尼日利亚,566,2008,0.4206712199370606,0.3320500512590195,0.412804767167885,0.5009556492055842,0.4368744121157538,0.42067121993706064,0.3320500512590195,0.41280476716788506,0.5009556492055841,0.4368744121157538,1.0,5.551115123125783e-17,5.551115123125783e-17
GNB,几内亚（比绍）,624,2008,0.436607176534135,0.2639137115580974,0.3320335429912942,0.4649631461574218,0.6855183054297269,0.43660717653413506,0.26391371155809734,0.3320335429912942,0.46496314615742185,0.6855183054297269,1.0,5.551115123125783e-17,5.551115123125783e-17
RWA,卢旺达,646,2008,0.3834557274774953,0.2526644886169353,0.4059459621532518,0.4993489151169911,0.3758635440228028,0.3834557274774953,0.25266448861693525,0.4059459621532519,0.4993489151169911,0.37586354402280286,1.0,0.0,0.0
STP,圣多美和普林西比,678,2008,0.4026434715048175,0.2468719174945933,0.2822300281786661,0.524106038431598,0.5573659019144124,0.4154854700381659,0.2468719174945933,0.3335980223120599,0.5241060384315979,0.5573659019144124,0.9705882352941176,0.012841998533348387,0.012841998533348387
SEN,塞内加尔,686,2008,0.47300005878979,0.2630927708663736,0.4663273864915266,0.5252671097725661,0.6373129680286937,0.47300005878979,0.2630927708663736,0.46632738649152666,0.5252671097725661,0.6373129680286939,1.0,0.0,0.0
SYC,塞舌尔,690,2008,0.433321816891937,0.236544040509589,0.4951946987732683,0.439659962692516,0.5618885655923749,0.5239295849390947,0.44441225076519825,0.5853238694558787,0.5040936539429272,0.561888565592375,0.8529411764705882,0.0906077680471577,0.0906077680471577
SLE,塞拉利昂,694,2008,0.4065693644092768,0.2583108044981692,0.3269420095673516,0.5161790378268296,0.5248456057447568,0.40656936440927677,0.25831080449816907,0.32694200956735164,0.5161790378268296,0.5248456057447568,1.0,-5.551115123125783e-17,5.551115123125783e-17
ZAF,南非,710,2008,0.4298983248955268,0.4010330960708668,0.5469867079661338,0.423437273957952,0.3481362215871546,0.4298983248955268,0.40103309607086673,0.5469867079661338,0.4234372739579519,0.34813622158715474,1.0,0.0,0.0
ZWE,津巴布韦,716,2008,0.385963217702667,0.2774533005987434,0.3308459705190986,0.3342158293728368,0.6013377703199895,0.3859632177026671,0.27745330059874335,0.3308459705190987,0.3342158293728368,0.6013377703199896,1.0,1.1102230246251565e-16,1.1102230246251565e-16
SWZ,斯威士兰,748,2008,0.4431516789102178,0.3811745005110355,0.3487195250505499,0.6463866626834479,0.3963260273958379,0.4431516789102177,0.38117450051103546,0.34871952505054976,0.6463866626834478,0.3963260273958379,1.0,-1.1102230246251565e-16,1.1102230246251565e-16
TGO,多哥,768,2008,0.4099746070591296,0.2650000048527205,0.3575536442142419,0.4580674128348511,0.5592773663347047,0.4099746070591296,0.26500000485272046,0.35755364421424196,0.45806741283485103,0.5592773663347047,1.0,0.0,0.0
UGA,乌干达,800,2008,0.3973414205452517,0.2656231340471129,0.3687248438047774,0.4538116924602597,0.5012060118688568,0.3973414205452518,0.2656231340471129,0.36872484380477744,0.4538116924602597,0.5012060118688569,1.0,1.1102230246251565e-16,1.1102230246251565e-16
TZA,坦桑尼亚,834,2008,0.4394072462592603,0.2487838751455091,0.3902784791425311,0.4967087695571425,0.6218578611918586,0.43940724625926036,0.24878387514550906,0.3902784791425313,0.49670876955714244,0.6218578611918586,1.0,5.551115123125783e-17,5.551115123125783e-17
BFA,布基纳法索,854,2008,0.4256759973914327,0.2390868263208191,0.3701436606153961,0.5166612115358074,0.5768122910937084,0.4256759973914328,0.23908682632081912,0.3701436606153964,0.5166612115358074,0.5768122910937084,1.0,1.1102230246251565e-16,1.1102230246251565e-16
ZMB,赞比亚,894,2008,0.4435338201767951,0.3421788898123967,0.2853164009961263,0.4696159877146403,0.6770240021840169,0.4435338201767951,0.3421788898123967,0.2853164009961264,0.4696159877146403,0.6770240021840169,1.0,0.0,0.0
AGO,安哥拉,24,2009,0.4445756649067214,0.3642591200645796,0.4510146499773351,0.5188811259052776,0.4441477636796933,0.4445756649067214,0.36425912006457956,0.4510146499773352,0.5188811259052775,0.4441477636796933,1.0,0.0,0.0
BWA,博茨瓦纳,72,2009,0.4638841775466668,0.3494495025810807,0.3730637310872228,0.5122440462441917,0.620779430274172,0.4638841775466668,0.34944950258108065,0.37306373108722285,0.5122440462441916,0.620779430274172,1.0,0.0,0.0
BDI,布隆迪,108,2009,0.3304850311761646,0.2330879750253387,0.2940726906022914,0.4304637799039972,0.3643156791730311,0.3391690477897192,0.23308797502533868,0.32880875705651,0.43046377990399703,0.36431567917303104,0.9705882352941176,0.008684016613554557,0.008684016613554557
CMR,喀麦隆,120,2009,0.4090888724503748,0.2737748326439175,0.4125195586532144,0.5295275387027623,0.4205335598016052,0.4090888724503749,0.27377483264391744,0.4125195586532145,0.5295275387027623,0.4205335598016053,1.0,1.1102230246251565e-16,1.1102230246251565e-16
CPV,佛得角,132,2009,0.4202447646205098,0.2819741406287316,0.5288206000435369,0.5221541346261273,0.3480301831836433,0.42024476462050986,0.2819741406287316,0.528820600043537,0.5221541346261273,0.3480301831836433,1.0,5.551115123125783e-17,5.551115123125783e-17
CAF,中非,140,2009,0.3845654928578233,0.1504354999366717,0.3244556697000753,0.5458292927610758,0.5175415090334703,0.39206855062076135,0.1804477309884241,0.3244556697000754,0.5458292927610757,0.5175415090334703,0.9705882352941176,0.007503057762938026,0.007503057762938026
TCD,乍得,148,2009,0.3696588516245271,0.18343664515784,0.3081552824780228,0.5072756042308488,0.4797678746313968,0.3788078606352876,0.22003268120088157,0.30815528247802293,0.5072756042308488,0.47976787463139686,0.9705882352941176,0.00914900901076049,0.00914900901076049
COM,科摩罗,174,2009,0.4079010531040964,0.2839308594873646,0.3884295605379146,0.5396565762723171,0.4195872161187894,0.4079010531040964,0.2839308594873645,0.38842956053791483,0.539656576272317,0.41958721611878946,1.0,0.0,0.0
COG,刚果（布）,178,2009,0.4714451527773923,0.3773872553574925,0.3534591519569477,0.5689651130639387,0.5859690907311903,0.4714451527773922,0.37738725535749235,0.3534591519569478,0.5689651130639386,0.5859690907311902,1.0,-1.1102230246251565e-16,1.1102230246251565e-16
COD,刚果（金）,180,2009,0.3646398099964544,0.2521169951795723,0.3090803934614411,0.4192061748578773,0.4781556764869268,0.36463980999645434,0.2521169951795722,0.3090803934614411,0.4192061748578772,0.4781556764869268,1.0,-5.551115123125783e-17,5.551115123125783e-17
BEN,贝宁,204,2009,0.4480668408314396,0.2566123780905657,0.4097215740595163,0.5214953987179202,0.6044380124577565,0.44806684083143966,0.25661237809056564,0.40972157405951637,0.5214953987179202,0.6044380124577566,1.0,5.551115123125783e-17,5.551115123125783e-17
GNQ,赤道几内亚,226,2009,0.4492361226145159,0.4779994273882265,0.1598954321445305,0.5581421799158255,0.6009074510094815,0.4870940471373142,0.5733614214881558,0.21596513613579407,0.5581421799158254,0.6009074510094816,0.9117647058823528,0.03785792452279829,0.03785792452279829
ETH,埃塞俄比亚,231,2009,0.3706007495754443,0.239662857297881,0.3615837372812299,0.4355594604711115,0.4455969432515547,0.3706007495754443,0.23966285729788095,0.36158373728123,0.4355594604711114,0.44559694325155474,1.0,0.0,0.0
ERI,厄立特里亚,232,2009,0.3120957599522896,0.1183257905090864,0.3134653268138747,0.5087283123845469,0.3078636101016505,0.3726074929232264,0.3233459845444492,0.3504920646622592,0.5087283123845467,0.30786361010165053,0.8529411764705882,0.060511732970936816,0.060511732970936816
DJI,吉布提,262,2009,0.3107842447171599,0.1088314069626289,0.4147877419085904,0.5207007206709232,0.1988171093264971,0.3743121000884074,0.3065830915549438,0.41478774190859063,0.5770604575635978,0.19881710932649713,0.8235294117647058,0.0635278553712475,0.0635278553712475
GAB,加蓬,266,2009,0.5479272057788286,0.4696340659062337,0.4938785251332106,0.5693305053118654,0.6588657267640047,0.5479272057788286,0.4696340659062337,0.4938785251332107,0.5693305053118654,0.6588657267640047,1.0,0.0,0.0
GMB,冈比亚,270,2009,0.4406779116649011,0.266699743927671,0.4312481317604051,0.5246426432718064,0.5401211276997221,0.44067791166490117,0.26669974392767093,0.43124813176040516,0.5246426432718063,0.5401211276997222,1.0,5.551115123125783e-17,5.551115123125783e-17
GHA,加纳,288,2009,0.4535694905809913,0.2764882199316154,0.4685685020255862,0.5046662953652887,0.5645549450014749,0.4535694905809914,0.2764882199316153,0.46856850202558636,0.5046662953652886,0.5645549450014751,1.0,1.1102230246251565e-16,1.1102230246251565e-16
GIN,几内亚,324,2009,0.4376501679403861,0.2583614130394748,0.3806685380101741,0.5030117314838134,0.6085589892280822,0.4376501679403862,0.25836141303947474,0.3806685380101743,0.5030117314838134,0.6085589892280823,1.0,1.1102230246251565e-16,1.1102230246251565e-16
CIV,科特迪瓦,384,2009,0.4530151887664587,0.3388892270421804,0.4162170262565941,0.5207572240343554,0.5361972777327051,0.45301518876645874,0.3388892270421804,0.4162170262565942,0.5207572240343553,0.5361972777327052,1.0,5.551115123125783e-17,5.551115123125783e-17
KEN,肯尼亚,404,2009,0.414471126816758,0.2707119900644955,0.3615985095049867,0.5124825174023266,0.5130914902952233,0.414471126816758,0.2707119900644954,0.36159850950498673,0.5124825174023265,0.5130914902952234,1.0,0.0,0.0
LSO,莱索托,426,2009,0.3828873432354233,0.3036998711265932,0.2699507857008134,0.4814359760970267,0.4764627400172597,0.3908590358909592,0.3036998711265931,0.3018375563229574,0.48143597609702676,0.47646274001725963,0.9705882352941176,0.007971692655535934,0.007971692655535934
LBR,利比里亚,430,2009,0.3751779966737754,0.2258251870360895,0.3188972182605466,0.4701786797461054,0.48581090165236,0.3751779966737754,0.2258251870360895,0.31889721826054673,0.4701786797461053,0.48581090165236007,1.0,0.0,0.0
MDG,马达加斯加,450,2009,0.4007450933278434,0.2215696784421795,0.3558271889313062,0.5027106127153664,0.5228728932225216,0.40074509332784347,0.22156967844217945,0.35582718893130627,0.5027106127153663,0.5228728932225217,1.0,5.551115123125783e-17,5.551115123125783e-17
MWI,马拉维,454,2009,0.4159081502559696,0.2592421204757734,0.319612101853509,0.5109585593689724,0.5738198193256238,0.4159081502559696,0.2592421204757733,0.319612101853509,0.5109585593689724,0.5738198193256238,1.0,0.0,0.0
MLI,马里,466,2009,0.3936523637243483,0.2693376120939239,0.3783138169957105,0.5019154774972423,0.4250425483105167,0.39365236372434836,0.2693376120939238,0.3783138169957106,0.5019154774972422,0.42504254831051674,1.0,5.551115123125783e-17,5.551115123125783e-17
MUS,毛里求斯,480,2009,0.461944327680892,0.3915008433612258,0.4415948087250997,0.6237733169206818,0.3909083417165606,0.482037724271534,0.3915008433612257,0.521968395087668,0.6237733169206817,0.39090834171656064,0.9705882352941176,0.02009339659064202,0.02009339659064202
MOZ,莫桑比克,508,2009,0.4205833952727332,0.2574455974465957,0.3624202903720921,0.4696559608135128,0.5928117324587322,0.42058339527273325,0.2574455974465957,0.3624202903720922,0.46965596081351274,0.5928117324587322,1.0,5.551115123125783e-17,5.551115123125783e-17
NAM,纳米比亚,516,2009,0.5058860467144268,0.38329049247158,0.4542364764182782,0.5156270451170026,0.6703901728508465,0.5058860467144267,0.38329049247158,0.45423647641827825,0.5156270451170024,0.6703901728508465,1.0,-1.1102230246251565e-16,1.1102230246251565e-16
NER,尼日尔,562,2009,0.3737009961714643,0.2297763161051691,0.3572942328264833,0.5176179312760961,0.3901155044781087,0.37370099617146435,0.22977631610516913,0.3572942328264834,0.5176179312760959,0.3901155044781087,1.0,5.551115123125783e-17,5.551115123125783e-17
NGA,尼日利亚,566,2009,0.4242842111638112,0.3212559722978201,0.4170360902769646,0.5100471362451713,0.4487976458352887,0.4242842111638112,0.32125597229782016,0.41703609027696464,0.5100471362451712,0.44879764583528875,1.0,0.0,0.0
GNB,几内亚（比绍）,624,2009,0.4340829328439776,0.2584789066278915,0.3282024669157763,0.4620664790981997,0.6875838787340429,0.4340829328439777,0.25847890662789147,0.3282024669157765,0.46206647909819976,0.6875838787340429,1.0,1.1102230246251565e-16,1.1102230246251565e-16
RWA,卢旺达,646,2009,0.3921708270914163,0.2462193847926486,0.4306637728741576,0.5032859521512061,0.388514198547653,0.3921708270914163,0.24621938479264854,0.43066377287415775,0.5032859521512061,0.38851419854765296,1.0,0.0,0.0
STP,圣多美和普林西比,678,2009,0.4107432065324656,0.2603898686259643,0.2987397093568315,0.5234817867284415,0.5603614614186255,0.42433642669465454,0.2603898686259643,0.35311259000558687,0.5234817867284414,0.5603614614186256,0.9705882352941176,0.013593220162188946,0.013593220162188946
SEN,塞内加尔,686,2009,0.4786244219404745,0.273524593877862,0.4812110518631877,0.5208425006890887,0.6389195413317594,0.4786244219404745,0.273524593877862,0.48121105186318786,0.5208425006890887,0.6389195413317595,1.0,0.0,0.0
SYC,塞舌尔,690,2009,0.4348714412094323,0.2514059818405612,0.5105734330310662,0.4300446001304734,0.5474617498356285,0.5290917428790635,0.4723344456486916,0.6035016493582225,0.49306912667371133,0.5474617498356285,0.8529411764705882,0.09422030166963119,0.09422030166963119
SLE,塞拉利昂,694,2009,0.4077697332731854,0.2520213833029137,0.3379855609792736,0.5158561587754935,0.5252158300350607,0.40776973327318544,0.2520213833029137,0.3379855609792737,0.5158561587754934,0.5252158300350608,1.0,5.551115123125783e-17,5.551115123125783e-17
ZAF,南非,710,2009,0.4398362352587109,0.3958836986688545,0.5810324958623255,0.4309850790503743,0.3514436674532895,0.4398362352587109,0.39588369866885437,0.5810324958623256,0.4309850790503743,0.3514436674532895,1.0,0.0,0.0
ZWE,津巴布韦,716,2009,0.4147112225925701,0.2899863196857363,0.3469926698708485,0.4156389271895883,0.6062269736241073,0.4147112225925701,0.2899863196857363,0.3469926698708485,0.4156389271895882,0.6062269736241074,1.0,0.0,0.0
SWZ,斯威士兰,748,2009,0.4365740827986439,0.3716411306655596,0.3487026781947701,0.6281508557311959,0.3978016666030501,0.4365740827986439,0.37164113066555954,0.34870267819477,0.628150855731196,0.3978016666030501,1.0,0.0,0.0
TGO,多哥,768,2009,0.4144462499922272,0.2698121585024918,0.3700144738347488,0.447312976400992,0.5706453912306761,0.41444624999222723,0.2698121585024918,0.3700144738347489,0.4473129764009919,0.5706453912306763,1.0,5.551115123125783e-17,5.551115123125783e-17
UGA,乌干达,800,2009,0.401247751713204,0.2543266249697212,0.3657125263953388,0.4740039735042497,0.5109478819835063,0.40124775171320404,0.2543266249697211,0.36571252639533885,0.47400397350424966,0.5109478819835064,1.0,5.551115123125783e-17,5.551115123125783e-17
TZA,坦桑尼亚,834,2009,0.4416996228216112,0.2542094569549206,0.3888171577747882,0.4964052039945585,0.6273666725621774,0.4416996228216111,0.25420945695492053,0.38881715777478815,0.4964052039945585,0.6273666725621774,1.0,-5.551115123125783e-17,5.551115123125783e-17
BFA,布基纳法索,854,2009,0.440135900023018,0.2519494121012969,0.3791968979546421,0.5144673219626094,0.6149299680735237,0.44013590002301795,0.25194941210129684,0.3791968979546422,0.5144673219626092,0.6149299680735237,1.0,-5.551115123125783e-17,5.551115123125783e-17
ZMB,赞比亚,894,2009,0.4510178096828017,0.3581046802594244,0.2906973561593362,0.4740495191490655,0.6812196831633806,0.4510178096828017,0.35810468025942443,0.29069735615933623,0.47404951914906557,0.6812196831633806,1.0,0.0,0.0
AGO,安哥拉,24,2010,0.4487104600322905,0.4058564325786558,0.4489862084194505,0.5127793159562449,0.4272198831748111,0.4487104600322905,0.4058564325786556,0.44898620841945047,0.5127793159562448,0.42721988317481113,1.0,0.0,0.0
BWA,博茨瓦纳,72,2010,0.4800344867723893,0.392538210452613,0.4045804246056728,0.5131821890651952,0.6098371229660766,0.48003448677238936,0.392538210452613,0.4045804246056728,0.5131821890651951,0.6098371229660766,1.0,5.551115123125783e-17,5.551115123125783e-17
BDI,布隆迪,108,2010,0.3326228795609395,0.2258452755372393,0.3032723447744771,0.4477366147031442,0.3536372832288974,0.34157856352825827,0.22584527553723924,0.3390950806437522,0.44773661470314413,0.35363728322889737,0.9705882352941176,0.008955683967318773,0.008955683967318773
CMR,喀麦隆,120,2010,0.4120801759082249,0.2784969652216852,0.4178208276117379,0.5279725775616241,0.424030333237852,0.4120801759082248,0.27849696522168516,0.417820827611738,0.527972577561624,0.42403033323785205,1.0,-5.551115123125783e-17,5.551115123125783e-17
CPV,佛得角,132,2010,0.429794281077636,0.2817828676760719,0.5598252735945939,0.5288989491730848,0.3486700338667937,0.42979428107763606,0.2817828676760719,0.559825273594594,0.5288989491730847,0.34867003386679374,1.0,5.551115123125783e-17,5.551115123125783e-17
CAF,中非,140,2010,0.3920709458639649,0.1478422755864588,0.3515278933255739,0.5469520519920914,0.5219615625517355,0.3994446650592106,0.17733715236744146,0.35152789332557394,0.5469520519920913,0.5219615625517356,0.9705882352941176,0.007373719195245709,0.007373719195245709
TCD,乍得,148,2010,0.3764871093596657,0.2042003118755738,0.3120145448671784,0.5080999104748035,0.4816336702211073,0.3866717182841376,0.24493874757346107,0.3120145448671785,0.5080999104748034,0.4816336702211074,0.9705882352941176,0.010184608924471927,0.010184608924471927
COM,科摩罗,174,2010,0.4559884432022676,0.2823498784132213,0.4113245957663647,0.5393460536510128,0.5909332449784718,0.45598844320226767,0.2823498784132212,0.41132459576636476,0.5393460536510128,0.5909332449784719,1.0,5.551115123125783e-17,5.551115123125783e-17
COG,刚果（布）,178,2010,0.4672067819596488,0.3654621436174164,0.3659147789194202,0.5630343335919814,0.5744158717097773,0.4672067819596488,0.36546214361741636,0.3659147789194202,0.5630343335919813,0.5744158717097774,1.0,0.0,0.0
COD,刚果（金）,180,2010,0.366705222200432,0.2566446097054037,0.3128247319566862,0.4298346205870413,0.4675169265525966,0.36670522220043195,0.2566446097054037,0.31282473195668625,0.42983462058704114,0.46751692655259663,1.0,-5.551115123125783e-17,5.551115123125783e-17
BEN,贝宁,204,2010,0.4532123473736981,0.259589016148524,0.4270281889930611,0.5206736296447046,0.6055585547085024,0.4532123473736981,0.259589016148524,0.4270281889930613,0.5206736296447045,0.6055585547085024,1.0,0.0,0.0
GNQ,赤道几内亚,226,2010,0.4484835724443085,0.4904073320672886,0.1749058379184932,0.533299747242749,0.5953213725487032,0.4882762537400971,0.588244731920866,0.23623916324807048,0.5332997472427488,0.5953213725487033,0.9117647058823528,0.03979268129578861,0.03979268129578861
ETH,埃塞俄比亚,231,2010,0.3823200258002042,0.2601639495021093,0.3811070927345232,0.4421025867840523,0.4459064741801321,0.3823200258002042,0.26016394950210925,0.38110709273452326,0.44210258678405223,0.4459064741801321,1.0,0.0,0.0
ERI,厄立特里亚,232,2010,0.3138635511366333,0.1199586850367414,0.3197134200882227,0.5111928573083733,0.3045892421131956,0.3752671104366314,0.32780815535632557,0.3574781869686312,0.5111928573083732,0.30458924211319566,0.8529411764705882,0.061403559299998134,0.061403559299998134
DJI,吉布提,262,2010,0.3170712595457835,0.1300305114596374,0.4216273839419819,0.5185757985326546,0.19805134424886,0.39017155303825946,0.36630194639912417,0.42162738394198207,0.5747055375630716,0.19805134424886,0.8235294117647058,0.07310029349247593,0.07310029349247593
GAB,加蓬,266,2010,0.5598368068546384,0.5226311873176668,0.5092331905990785,0.5557208006582998,0.651762048843509,0.5598368068546385,0.5226311873176667,0.5092331905990787,0.5557208006582997,0.6517620488435091,1.0,1.1102230246251565e-16,1.1102230246251565e-16
GMB,冈比亚,270,2010,0.4431846049188792,0.2645952531830041,0.4438535434185522,0.5262013817614719,0.5380882413124884,0.4431846049188791,0.26459525318300403,0.44385354341855227,0.5262013817614719,0.5380882413124884,1.0,-5.551115123125783e-17,5.551115123125783e-17
GHA,加纳,288,2010,0.4594501503118183,0.2807275381363243,0.4848981352570282,0.5052562827071655,0.5669186451467555,0.4594501503118184,0.2807275381363243,0.48489813525702835,0.5052562827071654,0.5669186451467556,1.0,1.1102230246251565e-16,1.1102230246251565e-16
GIN,几内亚,324,2010,0.4417423679104164,0.2732246908173864,0.3879531201522273,0.4981984750135997,0.6075931856584521,0.44174236791041643,0.2732246908173863,0.3879531201522274,0.4981984750135997,0.6075931856584521,1.0,5.551115123125783e-17,5.551115123125783e-17
CIV,科特迪瓦,384,2010,0.4567980186513709,0.3349270856301967,0.4276143357455073,0.5256377923717648,0.5390128608580149,0.45679801865137093,0.3349270856301967,0.4276143357455074,0.5256377923717647,0.539012860858015,1.0,5.551115123125783e-17,5.551115123125783e-17
KEN,肯尼亚,404,2010,0.4195829528334732,0.2794333126166372,0.3750357929032529,0.5154208493561296,0.508441856457873,0.41958295283347313,0.2794333126166371,0.37503579290325295,0.5154208493561295,0.5084418564578731,1.0,-5.551115123125783e-17,5.551115123125783e-17
LSO,莱索托,426,2010,0.3780700320273928,0.2920224574248328,0.2667379819360038,0.4876725505948413,0.4658471381538935,0.3859468500408376,0.2920224574248327,0.29824525398978285,0.4876725505948413,0.4658471381538935,0.9705882352941176,0.007876818013444808,0.007876818013444808
LBR,利比里亚,430,2010,0.3701543334399972,0.1806004957828919,0.33433686230903,0.4768657021665791,0.4888142735014879,0.37015433343999726,0.18060049578289186,0.33433686230903,0.4768657021665791,0.488814273501488,1.0,5.551115123125783e-17,5.551115123125783e-17
MDG,马达加斯加,450,2010,0.4093210417213681,0.2422789069644782,0.3677519791832773,0.5025290187329066,0.5247242620048105,0.40932104172136813,0.24227890696447824,0.36775197918327734,0.5025290187329063,0.5247242620048105,1.0,5.551115123125783e-17,5.551115123125783e-17
MWI,马拉维,454,2010,0.4148894149933846,0.2478455730997066,0.3276551494199156,0.5148868454112177,0.5691700920426986,0.4148894149933846,0.24784557309970656,0.3276551494199156,0.5148868454112175,0.5691700920426986,1.0,0.0,0.0
MLI,马里,466,2010,0.3965166933630866,0.2646219371659599,0.3966487502692871,0.4991352434247392,0.4256608425923604,0.39651669336308665,0.2646219371659599,0.39664875026928714,0.4991352434247391,0.4256608425923605,1.0,5.551115123125783e-17,5.551115123125783e-17
MUS,毛里求斯,480,2010,0.4703313292269874,0.3912716948081614,0.4650781417778898,0.6366883699552279,0.3882871103666706,0.4914932617582174,0.3912716948081613,0.5497258719028097,0.6366883699552278,0.38828711036667063,0.9705882352941176,0.02116193253123,0.02116193253123
MOZ,莫桑比克,508,2010,0.4299205669548537,0.2623954594073128,0.3722531652293891,0.4811240720007766,0.6039095711819361,0.4299205669548537,0.2623954594073127,0.37225316522938934,0.48112407200077656,0.6039095711819361,1.0,0.0,0.0
NAM,纳米比亚,516,2010,0.5109032565109869,0.3928013939391401,0.4726760981718546,0.5154301199806678,0.6627054139522852,0.5109032565109869,0.39280139393914,0.47267609817185474,0.5154301199806678,0.6627054139522852,1.0,0.0,0.0
NER,尼日尔,562,2010,0.3788428145638365,0.2444330147216167,0.3631566231591346,0.517527795330423,0.3902538250441718,0.3788428145638365,0.2444330147216166,0.3631566231591347,0.517527795330423,0.3902538250441717,1.0,0.0,0.0
NGA,尼日利亚,566,2010,0.4255275852097949,0.3259511776817088,0.4193648982836206,0.5062039727995584,0.4505902920742919,0.42552758520979495,0.3259511776817087,0.41936489828362067,0.5062039727995583,0.45059029207429196,1.0,5.551115123125783e-17,5.551115123125783e-17
GNB,几内亚（比绍）,624,2010,0.4364658893450034,0.2578316282197863,0.3319002641638697,0.4697310374448833,0.6864006275514741,0.4364658893450034,0.2578316282197863,0.33190026416386975,0.4697310374448833,0.6864006275514741,1.0,0.0,0.0
RWA,卢旺达,646,2010,0.3926221038069961,0.2513857106138912,0.4358004671923968,0.5057146774297837,0.3775875599919128,0.39262210380699614,0.2513857106138912,0.43580046719239685,0.5057146774297836,0.3775875599919129,1.0,5.551115123125783e-17,5.551115123125783e-17
STP,圣多美和普林西比,678,2010,0.4173136598633865,0.2473137527352288,0.343564546046881,0.5196050617190096,0.5587712789524267,0.43294649462911705,0.24731375273522882,0.40609588510980327,0.5196050617190096,0.5587712789524267,0.9705882352941176,0.015632834765730574,0.015632834765730574
SEN,塞内加尔,686,2010,0.4815530032589014,0.2788274979636869,0.488153212582561,0.5213023560410442,0.6379289464483135,0.4815530032589015,0.27882749796368683,0.4881532125825611,0.5213023560410442,0.6379289464483137,1.0,1.1102230246251565e-16,1.1102230246251565e-16
SYC,塞舌尔,690,2010,0.4572106728324022,0.2522819929742391,0.5230042293354062,0.443897097313859,0.6096593717061045,0.5526965854942719,0.473980270581649,0.6181949443617816,0.5089517553275525,0.6096593717061046,0.8529411764705882,0.09548591266186973,0.09548591266186973
SLE,塞拉利昂,694,2010,0.4168309654035995,0.2490478828472096,0.3511802540504039,0.5195182906286124,0.5475774340881718,0.4168309654035995,0.2490478828472096,0.35118025405040404,0.5195182906286123,0.5475774340881718,1.0,0.0,0.0
ZAF,南非,710,2010,0.4465983558052731,0.4151299719472059,0.6030070864694522,0.4317104829573662,0.3365458818470678,0.4465983558052731,0.4151299719472059,0.6030070864694523,0.43171048295736614,0.3365458818470678,1.0,0.0,0.0
ZWE,津巴布韦,716,2010,0.4243858914574635,0.3046729584651941,0.3631727573028125,0.4315544051900668,0.5981434448717806,0.4243858914574635,0.30467295846519404,0.3631727573028126,0.43155440519006677,0.5981434448717806,1.0,0.0,0.0
SWZ,斯威士兰,748,2010,0.438959233168003,0.3697296468452312,0.3564828373490749,0.641161903931433,0.3884625445462732,0.43895923316800306,0.36972964684523124,0.35648283734907493,0.6411619039314328,0.38846254454627327,1.0,5.551115123125783e-17,5.551115123125783e-17
TGO,多哥,768,2010,0.4202901077019365,0.2716964610095243,0.3802871871705454,0.4563703071991615,0.5728064754285145,0.4202901077019364,0.27169646100952427,0.38028718717054555,0.45637030719916144,0.5728064754285145,1.0,-5.551115123125783e-17,5.551115123125783e-17
UGA,乌干达,800,2010,0.4038241808396262,0.255047171286085,0.3817842708934965,0.4787818448162721,0.4996834363626513,0.40382418083962623,0.2550471712860849,0.38178427089349665,0.47878184481627206,0.4996834363626514,1.0,5.551115123125783e-17,5.551115123125783e-17
TZA,坦桑尼亚,834,2010,0.4445016166142165,0.2584180415654523,0.4000133080983206,0.4947358750105943,0.624839241782499,0.4445016166142165,0.2584180415654523,0.4000133080983206,0.49473587501059424,0.624839241782499,1.0,0.0,0.0
BFA,布基纳法索,854,2010,0.444257714489994,0.2703519082805633,0.3842808080370707,0.5076135231543979,0.6147846184879441,0.44425771448999407,0.2703519082805632,0.3842808080370709,0.5076135231543979,0.6147846184879442,1.0,5.551115123125783e-17,5.551115123125783e-17
ZMB,赞比亚,894,2010,0.4521858319500526,0.371990354207449,0.2915153801748182,0.4689424011717589,0.6762951922461844,0.45218583195005263,0.3719903542074489,0.2915153801748183,0.46894240117175884,0.6762951922461844,1.0,5.551115123125783e-17,5.551115123125783e-17
AGO,安哥拉,24,2011,0.4678907294182323,0.4142737161222712,0.4591008072594953,0.5134976213287826,0.48469077296238,0.4678907294182322,0.4142737161222711,0.45910080725949537,0.5134976213287824,0.48469077296237995,1.0,-1.1102230246251565e-16,1.1102230246251565e-16
BWA,博茨瓦纳,72,2011,0.4933650766313774,0.403989126407868,0.4309431936467649,0.5159171057561526,0.6226108807147241,0.4933650766313774,0.40398912640786794,0.43094319364676487,0.5159171057561525,0.6226108807147244,1.0,0.0,0.0
BDI,布隆迪,108,2011,0.3407711080368161,0.2304955118751052,0.3344195105055296,0.4451093113810331,0.3530600983855961,0.35064657311036274,0.2304955118751052,0.3739213707997165,0.44510931138103316,0.35306009838559615,0.9705882352941176,0.009875465073546641,0.009875465073546641
CMR,喀麦隆,120,2011,0.4152992823101415,0.2809502848598892,0.4302324420342596,0.5259347244926079,0.4240796778538093,0.41529928231014146,0.28095028485988915,0.43023244203425964,0.5259347244926078,0.4240796778538093,1.0,-5.551115123125783e-17,5.551115123125783e-17
CPV,佛得角,132,2011,0.4312701094405289,0.2816419558349484,0.5765793334749235,0.5250441743870431,0.3418149740652008,0.43127010944052896,0.2816419558349483,0.5765793334749237,0.5250441743870431,0.3418149740652008,1.0,5.551115123125783e-17,5.551115123125783e-17
CAF,中非,140,2011,0.3831382122982958,0.1471508413997562,0.3231817095412022,0.5469970332797869,0.5152232649724381,0.3904774458126731,0.17650777545726515,0.3231817095412022,0.5469970332797869,0.5152232649724381,0.9705882352941176,0.007339233514377264,0.007339233514377264
TCD,乍得,148,2011,0.3802397596454352,0.2008507305647635,0.3336485250822256,0.5058444823632743,0.4806153005714772,0.39025730626036403,0.24092091702447904,0.33364852508222564,0.5058444823632742,0.4806153005714772,0.9705882352941176,0.010017546614928818,0.010017546614928818
COM,科摩罗,174,2011,0.4600736309639495,0.2815212536531687,0.4259153369314485,0.5410302957735451,0.5918276374976357,0.4600736309639496,0.28152125365316866,0.4259153369314487,0.541030295773545,0.5918276374976358,1.0,1.1102230246251565e-16,1.1102230246251565e-16
COG,刚果（布）,178,2011,0.4822161702684606,0.4274242327636015,0.3718903796549775,0.5484313458877724,0.5811187227674912,0.48221617026846064,0.4274242327636015,0.3718903796549777,0.5484313458877723,0.5811187227674913,1.0,5.551115123125783e-17,5.551115123125783e-17
COD,刚果（金）,180,2011,0.3722442084106372,0.2738681237225392,0.318027142674318,0.4218762591135298,0.4752053081321619,0.3722442084106372,0.27386812372253916,0.3180271426743181,0.4218762591135297,0.47520530813216194,1.0,0.0,0.0
BEN,贝宁,204,2011,0.4535438627393837,0.2620972302443842,0.4276637249015629,0.5223614791755533,0.6020530166360344,0.45354386273938374,0.26209723024438414,0.42766372490156307,0.5223614791755533,0.6020530166360345,1.0,5.551115123125783e-17,5.551115123125783e-17
GNQ,赤道几内亚,226,2011,0.4602185743871109,0.5189255343498931,0.1852073170474278,0.5408240224236833,0.5959174237274396,0.5023367091511991,0.6224523816839285,0.250153008769745,0.5408240224236833,0.5959174237274397,0.9117647058823528,0.04211813476408821,0.04211813476408821
ETH,埃塞俄比亚,231,2011,0.384012183527236,0.2563063663988806,0.3778855437003195,0.4425022859748331,0.4593545380349107,0.384012183527236,0.25630636639888055,0.3778855437003196,0.44250228597483304,0.4593545380349107,1.0,0.0,0.0
ERI,厄立特里亚,232,2011,0.3043655941872148,0.1551105963700393,0.3198177935895576,0.4405660484620721,0.3019679383271902,0.3809989492290468,0.4238669209879108,0.35759488913901394,0.4405660484620722,0.30196793832719027,0.8529411764705882,0.076633355041832,0.076633355041832
DJI,吉布提,262,2011,0.3115981972942827,0.0958907317719792,0.4306071505117646,0.5246526567755483,0.1952422501178385,0.3693545394548016,0.2701286128572633,0.43060715051176474,0.5814401443323399,0.19524225011783855,0.8235294117647058,0.05775634216051895,0.05775634216051895
GAB,加蓬,266,2011,0.566872728880476,0.5080413559116645,0.5445872270935497,0.5638009654950507,0.6510613670216391,0.566872728880476,0.5080413559116645,0.5445872270935499,0.5638009654950507,0.6510613670216391,1.0,0.0,0.0
GMB,冈比亚,270,2011,0.4342166309807206,0.235523916933778,0.4435762338367202,0.5206002131225699,0.5371661600298142,0.4342166309807206,0.23552391693377794,0.4435762338367203,0.5206002131225698,0.5371661600298143,1.0,0.0,0.0
GHA,加纳,288,2011,0.4643909628809697,0.2994141448646985,0.4969548386745261,0.4988065432488501,0.5623883247358041,0.4643909628809697,0.29941414486469836,0.4969548386745262,0.49880654324884993,0.5623883247358042,1.0,0.0,0.0
GIN,几内亚,324,2011,0.4396141857642137,0.2520148449472398,0.4001754802789308,0.5001011453360036,0.6061652724946806,0.4396141857642136,0.2520148449472398,0.40017548027893096,0.5001011453360035,0.6061652724946806,1.0,-5.551115123125783e-17,5.551115123125783e-17
CIV,科特迪瓦,384,2011,0.4539550072524957,0.3308842726018289,0.4327536895008564,0.5174445017795507,0.5347375651277468,0.4539550072524957,0.33088427260182884,0.4327536895008565,0.5174445017795506,0.534737565127747,1.0,0.0,0.0
KEN,肯尼亚,404,2011,0.425164465318652,0.271446873819928,0.4056430533261411,0.5152552423722679,0.508312691756271,0.425164465318652,0.27144687381992794,0.40564305332614115,0.5152552423722678,0.508312691756271,1.0,0.0,0.0
LSO,莱索托,426,2011,0.3892410064813419,0.2994014982813293,0.298931491750353,0.4831533316336842,0.4754777042600011,0.39806850431991375,0.2994014982813292,0.3342414831046404,0.4831533316336842,0.4754777042600011,0.9705882352941176,0.00882749783857184,0.00882749783857184
LBR,利比里亚,430,2011,0.3656880759635684,0.1692811786771777,0.330546629737009,0.4792087594153211,0.4837157360247656,0.3656880759635684,0.16928117867717768,0.3305466297370091,0.47920875941532104,0.48371573602476564,1.0,0.0,0.0
MDG,马达加斯加,450,2011,0.4125545339996876,0.2490226866441198,0.3713380189295866,0.5010104975541281,0.5288469328709162,0.41255453399968767,0.2490226866441198,0.37133801892958673,0.501010497554128,0.5288469328709162,1.0,5.551115123125783e-17,5.551115123125783e-17
MWI,马拉维,454,2011,0.4186200441118325,0.2478023691439266,0.3362533431347062,0.5154799942382534,0.574944469930444,0.4186200441118325,0.24780236914392656,0.3362533431347062,0.5154799942382533,0.574944469930444,1.0,0.0,0.0
MLI,马里,466,2011,0.4006784717587074,0.2701578116861134,0.4129957187121145,0.4934117436538087,0.4261486129827929,0.4006784717587074,0.2701578116861133,0.41299571871211455,0.4934117436538086,0.42614861298279305,1.0,0.0,0.0
MUS,毛里求斯,480,2011,0.4683335660753318,0.3911984077670819,0.4703302595381515,0.6224381754858775,0.3893674215102164,0.4897344798695037,0.3911984077670819,0.555933914714839,0.6224381754858774,0.3893674215102165,0.9705882352941176,0.021400913794171916,0.021400913794171916
MOZ,莫桑比克,508,2011,0.4260327574006812,0.2467927793328041,0.3736673012622428,0.4719286373009229,0.6117423117067551,0.4260327574006812,0.24679277933280408,0.37366730126224285,0.4719286373009229,0.6117423117067551,1.0,0.0,0.0
NAM,纳米比亚,516,2011,0.5147722512101723,0.3856056930332305,0.4841227883801632,0.5172606880757229,0.6720998353515727,0.5147722512101722,0.3856056930332304,0.48412278838016326,0.5172606880757228,0.6720998353515728,1.0,-1.1102230246251565e-16,1.1102230246251565e-16
NER,尼日尔,562,2011,0.3790054373613102,0.2342095231384824,0.3704827634183918,0.52105008015442,0.3902793827339468,0.37900543736131026,0.23420952313848237,0.3704827634183918,0.52105008015442,0.3902793827339468,1.0,5.551115123125783e-17,5.551115123125783e-17
NGA,尼日利亚,566,2011,0.4277082318262969,0.3303958703406118,0.4324147133694801,0.5015768592559777,0.4464454843391182,0.4277082318262969,0.33039587034061185,0.4324147133694801,0.5015768592559775,0.4464454843391182,1.0,0.0,0.0
GNB,几内亚（比绍）,624,2011,0.44663579465656,0.2835747669539155,0.3410551542618175,0.4771840141811996,0.6847292432293073,0.4466357946565599,0.28357476695391537,0.34105515426181743,0.4771840141811996,0.6847292432293074,1.0,-1.1102230246251565e-16,1.1102230246251565e-16
RWA,卢旺达,646,2011,0.3955046677344133,0.2537996890357943,0.4459341282550662,0.5061547585904871,0.3761300950563052,0.3955046677344132,0.2537996890357943,0.44593412825506623,0.5061547585904871,0.37613009505630524,1.0,-1.1102230246251565e-16,1.1102230246251565e-16
STP,圣多美和普林西比,678,2011,0.418008474419607,0.2465113346014027,0.3498963929849374,0.5213244848469405,0.5543016852451473,0.4339294201621059,0.24651133460140268,0.413580175954933,0.5213244848469404,0.5543016852451473,0.9705882352941176,0.015920945742498915,0.015920945742498915
SEN,塞内加尔,686,2011,0.4814529132128622,0.2719012654488064,0.4966412860032873,0.519904371770523,0.6373647296288323,0.48145291321286227,0.27190126544880633,0.49664128600328744,0.519904371770523,0.6373647296288323,1.0,5.551115123125783e-17,5.551115123125783e-17
SYC,塞舌尔,690,2011,0.4868958263520271,0.2586611065625839,0.6048183626169155,0.4633676934622924,0.6207361427663164,0.5882192533399659,0.48596516870707135,0.7148998670662106,0.5312758348202654,0.6207361427663164,0.8529411764705882,0.10132342698793884,0.10132342698793884
SLE,塞拉利昂,694,2011,0.4056600876027993,0.2043855006313531,0.3553238611777093,0.5184965453113064,0.5444344432908286,0.40566008760279937,0.20438550063135308,0.3553238611777093,0.5184965453113064,0.5444344432908287,1.0,5.551115123125783e-17,5.551115123125783e-17
ZAF,南非,710,2011,0.4585384704566965,0.4197315308580594,0.6291982741733448,0.4331876953273779,0.3520363814680041,0.4585384704566966,0.4197315308580594,0.629198274173345,0.43318769532737783,0.3520363814680041,1.0,1.1102230246251565e-16,1.1102230246251565e-16
ZWE,津巴布韦,716,2011,0.4238092987038343,0.291526650963158,0.3595285089767966,0.4356384767663448,0.6085435581090376,0.4238092987038342,0.2915266509631579,0.3595285089767967,0.4356384767663447,0.6085435581090377,1.0,-1.1102230246251565e-16,1.1102230246251565e-16
SWZ,斯威士兰,748,2011,0.4301269254613759,0.372471831264596,0.3620629951293325,0.5866043624926583,0.3993685129589165,0.4301269254613759,0.37247183126459593,0.36206299512933254,0.5866043624926583,0.39936851295891657,1.0,0.0,0.0
TGO,多哥,768,2011,0.4181736606234641,0.2706284785761165,0.3886866665792113,0.4449471074276638,0.5684323899108651,0.41817366062346417,0.27062847857611644,0.38868666657921136,0.44494710742766375,0.5684323899108651,1.0,5.551115123125783e-17,5.551115123125783e-17
UGA,乌干达,800,2011,0.4077721483710558,0.2592178130942515,0.397645559685627,0.4778934126226481,0.4963318080816966,0.40777214837105585,0.2592178130942515,0.39764555968562715,0.477893412622648,0.4963318080816967,1.0,5.551115123125783e-17,5.551115123125783e-17
TZA,坦桑尼亚,834,2011,0.444370051786894,0.2508057533865728,0.413420566828967,0.4905782244150701,0.622675662516966,0.444370051786894,0.25080575338657274,0.41342056682896716,0.49057822441506993,0.622675662516966,1.0,0.0,0.0
BFA,布基纳法索,854,2011,0.4457899086822382,0.2750481381632284,0.3962298196399251,0.4979324890772434,0.613949187848556,0.4457899086822382,0.2750481381632283,0.3962298196399252,0.49793248907724347,0.613949187848556,1.0,0.0,0.0
ZMB,赞比亚,894,2011,0.4567474720726207,0.3584383039597953,0.3100516194573081,0.4758634979148552,0.6826364669585243,0.4567474720726207,0.3584383039597952,0.31005161945730814,0.47586349791485516,0.6826364669585243,1.0,0.0,0.0
AGO,安哥拉,24,2012,0.4703672341183206,0.4213484668213321,0.4567437062658108,0.517162281298759,0.4862144820873808,0.47036723411832065,0.4213484668213319,0.4567437062658108,0.517162281298759,0.48621448208738083,1.0,5.551115123125783e-17,5.551115123125783e-17
BWA,博茨瓦纳,72,2012,0.4955441275356174,0.3934738617427777,0.4567136546062592,0.5137935881955117,0.618195405597921,0.4955441275356174,0.39347386174277765,0.45671365460625923,0.5137935881955116,0.6181954055979211,1.0,0.0,0.0
BDI,布隆迪,108,2012,0.3445931392638237,0.2325270666041181,0.3245729334728316,0.4660189935285069,0.3552535634498381,0.3541778332414095,0.23252706660411804,0.36291170938317496,0.46601899352850684,0.3552535634498381,0.9705882352941176,0.009584693977585823,0.009584693977585823
CMR,喀麦隆,120,2012,0.4199855145591034,0.2795813892718365,0.4453974505344506,0.5252305994618308,0.4297326189682957,0.4199855145591035,0.2795813892718365,0.44539745053445073,0.5252305994618308,0.42973261896829573,1.0,1.1102230246251565e-16,1.1102230246251565e-16
CPV,佛得角,132,2012,0.4366841471969634,0.2845330002518094,0.5889220337193721,0.5296852881382049,0.3435962666784674,0.4366841471969634,0.2845330002518093,0.5889220337193722,0.5296852881382048,0.3435962666784674,1.0,0.0,0.0
CAF,中非,140,2012,0.3874845624270805,0.1493439840349743,0.3306557715476796,0.549257902192567,0.5206805919331015,0.39493318020169776,0.1791384551334431,0.3306557715476796,0.5492579021925669,0.5206805919331016,0.9705882352941176,0.00744861777461725,0.00744861777461725
TCD,乍得,148,2012,0.3836649042175831,0.2027942075271552,0.3426318362633318,0.5080440840412975,0.4811894890385477,0.39377938287259484,0.24325212214720268,0.34263183626333177,0.5080440840412973,0.48118948903854764,0.9705882352941176,0.01011447865501175,0.01011447865501175
COM,科摩罗,174,2012,0.4606264619442951,0.2808138218970188,0.430309148904539,0.5402123956867715,0.5911704812888511,0.46062646194429513,0.2808138218970188,0.4303091489045392,0.5402123956867713,0.5911704812888512,1.0,5.551115123125783e-17,5.551115123125783e-17
COG,刚果（布）,178,2012,0.4792681877288747,0.374807281557531,0.3898609905784416,0.560468057412615,0.5919364213669114,0.4792681877288748,0.374807281557531,0.3898609905784417,0.560468057412615,0.5919364213669115,1.0,1.1102230246251565e-16,1.1102230246251565e-16
COD,刚果（金）,180,2012,0.3686115178463275,0.2710701114016706,0.3238913188183419,0.412974407870485,0.4665102332948126,0.3686115178463275,0.2710701114016705,0.32389131881834193,0.412974407870485,0.46651023329481267,1.0,0.0,0.0
BEN,贝宁,204,2012,0.4557471428228306,0.2621532868390902,0.4347558451769912,0.5242735460149227,0.6018058932603183,0.4557471428228306,0.26215328683909017,0.4347558451769913,0.5242735460149226,0.6018058932603184,1.0,0.0,0.0
GNQ,赤道几内亚,226,2012,0.4642362863493514,0.5238771000675924,0.191260589047238,0.5471803134518599,0.594627142830715,0.5071320507179888,0.6283917962434907,0.25832895034588926,0.5471803134518599,0.5946271428307152,0.9117647058823528,0.04289576436863746,0.04289576436863746
ETH,埃塞俄比亚,231,2012,0.3904189921480635,0.2435539311434633,0.4048679063484018,0.4520241366868208,0.461229994413568,0.3904189921480635,0.24355393114346335,0.4048679063484018,0.45202413668682073,0.4612299944135682,1.0,0.0,0.0
ERI,厄立特里亚,232,2012,0.3120883261320427,0.1289836966014606,0.3268995283942547,0.4899513435862969,0.3025187359461588,0.377613446459917,0.35247058302626866,0.36551312328094393,0.4899513435862968,0.3025187359461588,0.8529411764705882,0.06552512032787433,0.06552512032787433
DJI,吉布提,262,2012,0.3119244574555109,0.103126506194818,0.4307139003373292,0.5236438835932912,0.1902135396966052,0.3729404365947509,0.29051212304297525,0.43071390033732926,0.580322183302094,0.1902135396966052,0.8235294117647058,0.061015979139240006,0.061015979139240006
GAB,加蓬,266,2012,0.573897067524535,0.5280502353497147,0.5574373589956164,0.5618975596362431,0.6482031161165652,0.5738970675245348,0.5280502353497147,0.5574373589956165,0.561897559636243,0.6482031161165652,1.0,-1.1102230246251565e-16,1.1102230246251565e-16
GMB,冈比亚,270,2012,0.4396556892265529,0.2542217076602165,0.4515377081816971,0.5181028987811419,0.5347604422831561,0.43965568922655296,0.2542217076602165,0.4515377081816972,0.5181028987811418,0.5347604422831561,1.0,5.551115123125783e-17,5.551115123125783e-17
GHA,加纳,288,2012,0.4638000493431854,0.2909527561946702,0.5006244186514002,0.4999418907524475,0.5636811317742241,0.4638000493431855,0.2909527561946701,0.5006244186514004,0.4999418907524475,0.5636811317742242,1.0,1.1102230246251565e-16,1.1102230246251565e-16
GIN,几内亚,324,2012,0.4449174075462712,0.2647911428898646,0.4054885303053547,0.5024983368028134,0.6068916201870521,0.4449174075462712,0.26479114288986455,0.40548853030535487,0.5024983368028133,0.6068916201870521,1.0,0.0,0.0
CIV,科特迪瓦,384,2012,0.4569260211087012,0.3328804237223509,0.4401634371589132,0.5190245461513852,0.5356356774021556,0.4569260211087012,0.33288042372235077,0.44016343715891326,0.519024546151385,0.5356356774021557,1.0,0.0,0.0
KEN,肯尼亚,404,2012,0.4290113497850354,0.2701909023044066,0.4156773932886812,0.5166361352008679,0.5135409683461857,0.4290113497850353,0.27019090230440657,0.41567739328868125,0.5166361352008678,0.5135409683461856,1.0,-1.1102230246251565e-16,1.1102230246251565e-16
LSO,莱索托,426,2012,0.3947519750433455,0.2819688700602629,0.3270562636669272,0.4848442967949147,0.4851384696512772,0.4044100021843009,0.2819688700602629,0.36568837223074885,0.48484429679491464,0.48513846965127727,0.9705882352941176,0.009658027140955372,0.009658027140955372
LBR,利比里亚,430,2012,0.3664914018788817,0.1580651364218417,0.3459318871108358,0.4761766367733465,0.4857919472095026,0.36649140187888163,0.15806513642184167,0.3459318871108358,0.47617663677334654,0.4857919472095026,1.0,-5.551115123125783e-17,5.551115123125783e-17
MDG,马达加斯加,450,2012,0.4147058046651348,0.2475678599000242,0.3818304666867417,0.4977353627353614,0.531689529338412,0.4147058046651349,0.24756785990002425,0.3818304666867418,0.49773536273536134,0.5316895293384121,1.0,1.1102230246251565e-16,1.1102230246251565e-16
MWI,马拉维,454,2012,0.4175524223494576,0.2491580012409979,0.3377656607042208,0.5079210193592787,0.5753650080933334,0.4175524223494577,0.2491580012409979,0.3377656607042208,0.5079210193592786,0.5753650080933335,1.0,1.1102230246251565e-16,1.1102230246251565e-16
MLI,马里,466,2012,0.4029612856372474,0.2730189567330089,0.4253507153039029,0.4851983747538947,0.4282770957581832,0.4029612856372474,0.2730189567330089,0.42535071530390295,0.48519837475389466,0.42827709575818323,1.0,0.0,0.0
MUS,毛里求斯,480,2012,0.4778817226982593,0.4066529756737387,0.4902611494279146,0.6246261002012145,0.3899866654901696,0.5001895295696293,0.40665297567373865,0.5794923769133947,0.6246261002012143,0.3899866654901696,0.9705882352941176,0.022307806871369962,0.022307806871369962
MOZ,莫桑比克,508,2012,0.4185707375227022,0.2132327457433595,0.373067308843621,0.4753721575075298,0.6126107379962985,0.41857073752270224,0.21323274574335946,0.37306730884362116,0.4753721575075298,0.6126107379962985,1.0,5.551115123125783e-17,5.551115123125783e-17
NAM,纳米比亚,516,2012,0.5142668886130317,0.3763200376467915,0.4833756479999379,0.5196676795053199,0.6777041893000773,0.5142668886130316,0.37632003764679145,0.483375647999938,0.5196676795053198,0.6777041893000773,1.0,-1.1102230246251565e-16,1.1102230246251565e-16
NER,尼日尔,562,2012,0.3835136347734293,0.2548806317322912,0.3682560322742359,0.5187213509822072,0.3921965241049829,0.38351363477342926,0.2548806317322911,0.36825603227423587,0.5187213509822071,0.39219652410498296,1.0,-5.551115123125783e-17,5.551115123125783e-17
NGA,尼日利亚,566,2012,0.4291358551407496,0.3271774182719517,0.4375313724926922,0.5045820467632893,0.447252583035065,0.42913585514074953,0.3271774182719517,0.4375313724926923,0.5045820467632891,0.44725258303506504,1.0,-5.551115123125783e-17,5.551115123125783e-17
GNB,几内亚（比绍）,624,2012,0.4405056566862125,0.2488448850525801,0.3638674661962623,0.4659241216788972,0.6833861538171108,0.44050565668621255,0.24884488505258004,0.3638674661962623,0.46592412167889713,0.6833861538171108,1.0,5.551115123125783e-17,5.551115123125783e-17
RWA,卢旺达,646,2012,0.3994610181166118,0.252127561523664,0.4606829086073643,0.5082602741893406,0.3767733281460782,0.39946101811661183,0.25212756152366395,0.4606829086073645,0.5082602741893405,0.3767733281460782,1.0,5.551115123125783e-17,5.551115123125783e-17
STP,圣多美和普林西比,678,2012,0.4193676833873196,0.2569265304602671,0.3496439130786762,0.5202921483696235,0.5506081416407116,0.43527714081793745,0.25692653046026703,0.41328174280114777,0.5202921483696233,0.5506081416407116,0.9705882352941176,0.015909457430617835,0.015909457430617835
SEN,塞内加尔,686,2012,0.492585869179604,0.2717257257443305,0.5461322432473952,0.5168034745710258,0.6356820331556647,0.492585869179604,0.27172572574433035,0.5461322432473952,0.5168034745710257,0.6356820331556647,1.0,0.0,0.0
SYC,塞舌尔,690,2012,0.4857230584858291,0.2718320947493766,0.6035686484650071,0.4536545286981511,0.6138369620307815,0.5895273195762332,0.5107104486654438,0.7134226955114246,0.5201391720972827,0.6138369620307816,0.8529411764705882,0.10380426109040408,0.10380426109040408
SLE,塞拉利昂,694,2012,0.4291781784494524,0.2607624053181466,0.3585571601872754,0.5251372979237845,0.5722558503686029,0.4291781784494524,0.26076240531814654,0.35855716018727546,0.5251372979237845,0.5722558503686029,1.0,0.0,0.0
ZAF,南非,710,2012,0.4610890071444705,0.4109918041308878,0.6425394854606817,0.4379543522089662,0.3528703867773464,0.4610890071444705,0.4109918041308877,0.6425394854606817,0.4379543522089661,0.35287038677734645,1.0,0.0,0.0
ZWE,津巴布韦,716,2012,0.4385292019886617,0.3096624662882624,0.3913279268195063,0.4502143765840479,0.6029120382628299,0.43852920198866163,0.30966246628826233,0.39132792681950634,0.45021437658404795,0.6029120382628299,1.0,-5.551115123125783e-17,5.551115123125783e-17
SWZ,斯威士兰,748,2012,0.4343310645871792,0.3973380415633202,0.3704154314158981,0.5729941406984091,0.3965766446710895,0.4343310645871792,0.39733804156332003,0.3704154314158982,0.572994140698409,0.3965766446710895,1.0,0.0,0.0
TGO,多哥,768,2012,0.4199575352894329,0.2763478579349278,0.397631393844451,0.4365643351914265,0.5692865541869263,0.4199575352894329,0.27634785793492767,0.3976313938444512,0.43656433519142646,0.5692865541869264,1.0,0.0,0.0
UGA,乌干达,800,2012,0.4086527395759569,0.262219425537894,0.3999958809861452,0.4738746306911294,0.4985210210886591,0.4086527395759569,0.2622194255378939,0.39999588098614525,0.47387463069112934,0.4985210210886591,1.0,0.0,0.0
TZA,坦桑尼亚,834,2012,0.4467238643183252,0.2527667722510267,0.4163903239578989,0.4937928978542459,0.6239454632101294,0.4467238643183253,0.2527667722510267,0.41639032395789893,0.4937928978542459,0.6239454632101296,1.0,5.551115123125783e-17,5.551115123125783e-17
BFA,布基纳法索,854,2012,0.4483175047650654,0.2717344684551182,0.4039393682725014,0.5035992849044535,0.6139968974281884,0.4483175047650654,0.2717344684551181,0.40393936827250143,0.5035992849044534,0.6139968974281885,1.0,0.0,0.0
ZMB,赞比亚,894,2012,0.4619440516251315,0.355087309340764,0.3245681558189289,0.4877749679888322,0.6803457733520011,0.4619440516251315,0.35508730934076405,0.32456815581892895,0.48777496798883213,0.6803457733520011,1.0,0.0,0.0
AGO,安哥拉,24,2013,0.4708054227515451,0.4110312358238969,0.4663178637856219,0.5230935108563869,0.4827790805402747,0.47080542275154513,0.4110312358238968,0.466317863785622,0.5230935108563869,0.48277908054027463,1.0,5.551115123125783e-17,5.551115123125783e-17
BWA,博茨瓦纳,72,2013,0.517738348104243,0.4510822553231208,0.4826421625880466,0.5184868966606789,0.6187420778451254,0.5177383481042429,0.45108225532312085,0.48264216258804665,0.5184868966606788,0.6187420778451254,1.0,-1.1102230246251565e-16,1.1102230246251565e-16
BDI,布隆迪,108,2013,0.3443038136987846,0.2316204969003176,0.3088718651886705,0.4655558055651189,0.3711670871410314,0.3534248524571423,0.23162049690031764,0.3453560202221013,0.46555580556511894,0.37116708714103136,0.9705882352941176,0.00912103875835768,0.00912103875835768
CMR,喀麦隆,120,2013,0.4320001235501391,0.2783724891459255,0.4908835181328671,0.5265505019101023,0.4321939850116616,0.4320001235501391,0.2783724891459255,0.49088351813286724,0.5265505019101022,0.4321939850116617,1.0,0.0,0.0
CPV,佛得角,132,2013,0.4437358438688521,0.2981130598929735,0.6042450255003149,0.5278210460124914,0.3447642440696286,0.44373584386885206,0.2981130598929735,0.604245025500315,0.5278210460124912,0.34476424406962863,1.0,-5.551115123125783e-17,5.551115123125783e-17
CAF,中非,140,2013,0.3714550446405074,0.1022987635757227,0.3355878829257845,0.530903591221787,0.5170299408387352,0.3765572547738131,0.1227076041089455,0.33558788292578456,0.530903591221787,0.5170299408387353,0.9705882352941176,0.005102210133305696,0.005102210133305696
TCD,乍得,148,2013,0.3809861667585729,0.1855880341668118,0.3458529169607481,0.5109074847466879,0.4815962311600439,0.39024247754326075,0.2226132773055632,0.34585291696074816,0.5109074847466878,0.4815962311600439,0.9705882352941176,0.00925631078468786,0.00925631078468786
COM,科摩罗,174,2013,0.4623549670305248,0.2826790369676932,0.4374315596194263,0.5394790173104542,0.5898302542245257,0.4623549670305249,0.28267903696769314,0.4374315596194264,0.5394790173104542,0.5898302542245258,1.0,1.1102230246251565e-16,1.1102230246251565e-16
COG,刚果（布）,178,2013,0.4843808618265751,0.3849716691581799,0.4075978698902573,0.5659758328768093,0.5789780753810541,0.48438086182657514,0.3849716691581799,0.40759786989025737,0.5659758328768092,0.5789780753810542,1.0,5.551115123125783e-17,5.551115123125783e-17
COD,刚果（金）,180,2013,0.366347113584191,0.2586332527413125,0.3303024841180207,0.4137759021197089,0.4626768153577216,0.366347113584191,0.2586332527413125,0.33030248411802077,0.4137759021197089,0.46267681535772165,1.0,0.0,0.0
BEN,贝宁,204,2013,0.460257524729242,0.2696443590559793,0.4392610340775686,0.5244352824633979,0.6076894233200217,0.4602575247292419,0.2696443590559793,0.4392610340775687,0.5244352824633978,0.6076894233200218,1.0,-5.551115123125783e-17,5.551115123125783e-17
GNQ,赤道几内亚,226,2013,0.4565182088632799,0.4885380145242848,0.1969568156089483,0.5480073462380693,0.592570659081817,0.49815078243020555,0.5860024811936513,0.2660226432072845,0.5480073462380692,0.5925706590818172,0.9117647058823528,0.04163257356692568,0.04163257356692568
ETH,埃塞俄比亚,231,2013,0.3963529361180323,0.24906576445145,0.4173680887921385,0.4575545463469911,0.4614233448815497,0.3963529361180323,0.2490657644514499,0.41736808879213855,0.45755454634699105,0.46142334488154974,1.0,0.0,0.0
ERI,厄立特里亚,232,2013,0.3113976366492344,0.1301021674824378,0.3305066921874171,0.4835406761714078,0.3014410107556748,0.3775137639012823,0.35552700096049833,0.36954636771754834,0.4835406761714077,0.3014410107556748,0.8529411764705882,0.06611612725204785,0.06611612725204785
DJI,吉布提,262,2013,0.3414760867425329,0.1762316421163796,0.4409532465496562,0.5384473999308885,0.2102720583732074,0.3509697584136551,0.2142063288008684,0.44095324654965623,0.5384473999308884,0.2102720583732074,0.9411764705882352,0.009493671671122195,0.009493671671122195
GAB,加蓬,266,2013,0.5741417416973716,0.528573949038097,0.5712278743032061,0.5547083408028602,0.6420568026453233,0.5741417416973716,0.528573949038097,0.5712278743032062,0.5547083408028601,0.6420568026453233,1.0,0.0,0.0
GMB,冈比亚,270,2013,0.442505249583992,0.2515554879558985,0.4627290448411542,0.5184930799394383,0.5372433855994769,0.442505249583992,0.2515554879558985,0.4627290448411543,0.5184930799394383,0.5372433855994769,1.0,0.0,0.0
GHA,加纳,288,2013,0.4694981806559553,0.2749606621004697,0.5237496417402158,0.5108051747996911,0.5684772439834443,0.46949818065595533,0.27496066210046965,0.523749641740216,0.5108051747996911,0.5684772439834445,1.0,5.551115123125783e-17,5.551115123125783e-17
GIN,几内亚,324,2013,0.4511286094844376,0.2594564015767642,0.4273899941995928,0.5075180411033232,0.6101500010580705,0.4511286094844376,0.25945640157676414,0.4273899941995928,0.5075180411033231,0.6101500010580705,1.0,0.0,0.0
CIV,科特迪瓦,384,2013,0.4596177118832494,0.3263848382960898,0.4516079070820456,0.5219237162214201,0.5385543859334422,0.4596177118832494,0.3263848382960898,0.4516079070820456,0.5219237162214201,0.5385543859334422,1.0,0.0,0.0
KEN,肯尼亚,404,2013,0.4345952642865642,0.2667912399689548,0.4420325218595129,0.5168563145924425,0.5127009807253468,0.43459526428656425,0.2667912399689548,0.442032521859513,0.5168563145924424,0.5127009807253468,1.0,5.551115123125783e-17,5.551115123125783e-17
LSO,莱索托,426,2013,0.4051281110052061,0.2876939932583461,0.3542433035988577,0.4932649073710319,0.4853102397925888,0.4155889760634081,0.28769399325834605,0.3960867638316657,0.4932649073710318,0.4853102397925888,0.9705882352941176,0.010460865058201985,0.010460865058201985
LBR,利比里亚,430,2013,0.3808954021863137,0.2135894052993495,0.339743261902127,0.4834981161480414,0.4867508253957368,0.3808954021863137,0.2135894052993495,0.33974326190212717,0.4834981161480414,0.4867508253957368,1.0,0.0,0.0
MDG,马达加斯加,450,2013,0.4131917672143587,0.2535401093851994,0.3695302310654534,0.4994009157860109,0.5302958126207713,0.4131917672143588,0.25354010938519933,0.36953023106545346,0.4994009157860109,0.5302958126207715,1.0,1.1102230246251565e-16,1.1102230246251565e-16
MWI,马拉维,454,2013,0.4180572244313594,0.241054822943963,0.3508600445952652,0.5055867264642874,0.5747273037219223,0.4180572244313595,0.24105482294396297,0.3508600445952652,0.5055867264642873,0.5747273037219224,1.0,1.1102230246251565e-16,1.1102230246251565e-16
MLI,马里,466,2013,0.4163644327152663,0.2736584494155522,0.465389131382286,0.4937031583903146,0.4327069916729124,0.4163644327152663,0.27365844941555206,0.46538913138228605,0.4937031583903146,0.43270699167291243,1.0,0.0,0.0
MUS,毛里求斯,480,2013,0.4804164427471302,0.4097682055733658,0.4993977425989577,0.6228622491296395,0.3896375736865576,0.5031399818382768,0.40976820557336574,0.5902918989635443,0.6228622491296394,0.38963757368655766,0.9705882352941176,0.022723539091146605,0.022723539091146605
MOZ,莫桑比克,508,2013,0.4229676907341624,0.2204954765357827,0.380183263817582,0.4746773031974782,0.6165147193858069,0.42296769073416246,0.2204954765357827,0.3801832638175821,0.4746773031974781,0.6165147193858069,1.0,5.551115123125783e-17,5.551115123125783e-17
NAM,纳米比亚,516,2013,0.5284879080005196,0.3989808303766259,0.5121605108420239,0.5225225666589701,0.6802877241244583,0.5284879080005196,0.3989808303766259,0.5121605108420239,0.52252256665897,0.6802877241244585,1.0,0.0,0.0
NER,尼日尔,562,2013,0.384353983621454,0.2506218805288315,0.3806640445088011,0.5124720915032773,0.3936579179449062,0.3843539836214539,0.2506218805288314,0.3806640445088012,0.5124720915032771,0.3936579179449061,1.0,-1.1102230246251565e-16,1.1102230246251565e-16
NGA,尼日利亚,566,2013,0.4326264937707773,0.3216029901028241,0.4487042981371039,0.5068783192901659,0.4533203675530154,0.4326264937707774,0.3216029901028241,0.448704298137104,0.5068783192901659,0.45332036755301547,1.0,1.1102230246251565e-16,1.1102230246251565e-16
GNB,几内亚（比绍）,624,2013,0.4419835497892778,0.2618417957974793,0.3541639763034704,0.4660254106725493,0.6859030163836122,0.4419835497892778,0.26184179579747924,0.3541639763034705,0.46602541067254927,0.6859030163836123,1.0,0.0,0.0
RWA,卢旺达,646,2013,0.4053884603224837,0.25460167384057,0.4829072836829387,0.5082866185672659,0.3757582651991605,0.40538846032248377,0.25460167384056986,0.4829072836829387,0.5082866185672659,0.3757582651991606,1.0,5.551115123125783e-17,5.551115123125783e-17
STP,圣多美和普林西比,678,2013,0.432846146715981,0.2874642909299132,0.3705051301278337,0.5231742890156629,0.5502408767905141,0.44970482886403235,0.2874642909299131,0.43793985872003915,0.5231742890156629,0.5502408767905143,0.9705882352941176,0.016858682148051363,0.016858682148051363
SEN,塞内加尔,686,2013,0.4963771878565324,0.270630873501071,0.5536459326372,0.5232809239597614,0.6379510213280971,0.4963771878565324,0.27063087350107096,0.5536459326372001,0.5232809239597613,0.6379510213280972,1.0,0.0,0.0
SYC,塞舌尔,690,2013,0.4898527790755307,0.2717436747572925,0.5997105077179261,0.4681707887220859,0.6197861451048186,0.5939939142928995,0.5105443276859843,0.7088623440444537,0.5367828403363409,0.6197861451048187,0.8529411764705882,0.10414113521736879,0.10414113521736879
SLE,塞拉利昂,694,2013,0.4439177964210938,0.2971444626831773,0.373150389479114,0.532635844024971,0.5727404894971129,0.4439177964210938,0.29714446268317724,0.37315038947911405,0.532635844024971,0.5727404894971129,1.0,0.0,0.0
ZAF,南非,710,2013,0.4657061907684212,0.4097836876161491,0.6567443059762296,0.4423235729772367,0.3539731965040694,0.4657061907684211,0.409783687616149,0.6567443059762296,0.4423235729772367,0.35397319650406944,1.0,-5.551115123125783e-17,5.551115123125783e-17
ZWE,津巴布韦,716,2013,0.446393335140251,0.2922591301053688,0.4307890264799339,0.4515845061190992,0.6109406778566018,0.4463933351402509,0.29225913010536875,0.430789026479934,0.4515845061190991,0.6109406778566019,1.0,-5.551115123125783e-17,5.551115123125783e-17
SWZ,斯威士兰,748,2013,0.4398189816833963,0.4138618943075752,0.3696142588656393,0.5746190789771959,0.4011806945831748,0.4398189816833963,0.41386189430757514,0.36961425886563937,0.5746190789771958,0.40118069458317474,1.0,0.0,0.0
TGO,多哥,768,2013,0.4297294531662264,0.2699304104187612,0.4163781727223041,0.4574475942851891,0.5751616352386514,0.42972945316622646,0.2699304104187611,0.41637817272230426,0.45744759428518905,0.5751616352386515,1.0,5.551115123125783e-17,5.551115123125783e-17
UGA,乌干达,800,2013,0.40601881454207,0.2611328941878856,0.3945657732415029,0.4736923215072413,0.4946842692316504,0.40601881454207006,0.26113289418788554,0.39456577324150294,0.4736923215072413,0.4946842692316505,1.0,5.551115123125783e-17,5.551115123125783e-17
TZA,坦桑尼亚,834,2013,0.4465342724448954,0.2484322902017713,0.4170480772094586,0.4968391586113977,0.6238175637569537,0.4465342724448954,0.24843229020177132,0.41704807720945863,0.49683915861139777,0.6238175637569537,1.0,0.0,0.0
BFA,布基纳法索,854,2013,0.4497257999383699,0.2556162901930305,0.4192027431231849,0.5076839253663168,0.6164002410709474,0.4497257999383699,0.2556162901930304,0.41920274312318495,0.5076839253663168,0.6164002410709474,1.0,0.0,0.0
ZMB,赞比亚,894,2013,0.4603863636327739,0.3440780594267659,0.3239096551039724,0.4905875591496605,0.6829701808506967,0.46038636363277385,0.3440780594267659,0.3239096551039724,0.4905875591496605,0.6829701808506967,1.0,-5.551115123125783e-17,5.551115123125783e-17
AGO,安哥拉,24,2014,0.472404618518674,0.3943909999799335,0.4702671116335872,0.53201501147607,0.492945350985105,0.4724046185186739,0.39439099997993343,0.47026711163358725,0.5320150114760699,0.49294535098510506,1.0,-1.1102230246251565e-16,1.1102230246251565e-16
BWA,博茨瓦纳,72,2014,0.5283225102196627,0.4597981605340158,0.502746863410443,0.5196603098695214,0.6310847070646708,0.5283225102196627,0.45979816053401573,0.502746863410443,0.5196603098695213,0.6310847070646708,1.0,0.0,0.0
BDI,布隆迪,108,2014,0.3531229613512541,0.2236258052747062,0.3340979533890889,0.4687075426391393,0.3860605441020822,0.36298893078841354,0.22362580527470624,0.3735618311377267,0.4687075426391393,0.3860605441020821,0.9705882352941176,0.00986596943715945,0.00986596943715945
CMR,喀麦隆,120,2014,0.4360417319197389,0.2794346726861769,0.502335926396292,0.5252450517423974,0.4371512768540893,0.4360417319197389,0.27943467268617683,0.5023359263962922,0.5252450517423973,0.4371512768540893,1.0,0.0,0.0
CPV,佛得角,132,2014,0.4469526565813064,0.2934548737924555,0.6232207773183165,0.5269182680793367,0.344216707135117,0.44695265658130645,0.2934548737924555,0.6232207773183166,0.5269182680793367,0.344216707135117,1.0,5.551115123125783e-17,5.551115123125783e-17
CAF,中非,140,2014,0.3824990060065739,0.1385375828518132,0.3357026524502864,0.5296614753611768,0.526094313363019,0.3894086482579877,0.16617615185746826,0.33570265245028663,0.5296614753611767,0.526094313363019,0.9705882352941176,0.006909642251413828,0.006909642251413828
TCD,乍得,148,2014,0.383324577167657,0.1885027265899744,0.3488067393057064,0.5141680890847672,0.4818207536901802,0.3927262599265224,0.22610945762543608,0.34880673930570644,0.514168089084767,0.48182075369018024,0.9705882352941176,0.009401682758865382,0.009401682758865382
COM,科摩罗,174,2014,0.4632960367179448,0.2789455725322309,0.440063130981197,0.5400208225069753,0.594154620851376,0.46329603671794484,0.27894557253223085,0.44006313098119715,0.5400208225069751,0.594154620851376,1.0,5.551115123125783e-17,5.551115123125783e-17
COG,刚果（布）,178,2014,0.4864762678214661,0.3660435512317959,0.4174976095830583,0.5744101117906029,0.5879537986804073,0.486476267821466,0.3660435512317958,0.41749760958305826,0.5744101117906026,0.5879537986804074,1.0,-5.551115123125783e-17,5.551115123125783e-17
COD,刚果（金）,180,2014,0.3761825504023543,0.2694670522376588,0.3407359658922223,0.4176966687896497,0.4768305146898863,0.37618255040235427,0.2694670522376587,0.3407359658922224,0.41769666878964967,0.47683051468988624,1.0,-5.551115123125783e-17,5.551115123125783e-17
BEN,贝宁,204,2014,0.4583380274215389,0.2719273247890137,0.4285301640447411,0.5258631277082162,0.6070314931441847,0.45833802742153884,0.2719273247890136,0.4285301640447412,0.525863127708216,0.6070314931441848,1.0,-5.551115123125783e-17,5.551115123125783e-17
GNQ,赤道几内亚,226,2014,0.4640569405245476,0.4729952754614314,0.2243629834792178,0.5584882224042588,0.6003812807532825,0.507316905747165,0.5673589296488517,0.30303919018226727,0.5584882224042587,0.6003812807532826,0.9117647058823528,0.043259965222617436,0.043259965222617436
ETH,埃塞俄比亚,231,2014,0.3972573963911192,0.2405447310613863,0.4182544949606575,0.4624123053785076,0.4678180541639254,0.3972573963911192,0.24054473106138624,0.4182544949606576,0.46241230537850747,0.4678180541639254,1.0,0.0,0.0
ERI,厄立特里亚,232,2014,0.3156608009092026,0.1312206383634148,0.3329477064082524,0.4900134386978067,0.3084614201673365,0.3823334984900393,0.3585834188947274,0.3722757162002865,0.49001343869780667,0.30846142016733646,0.8529411764705882,0.06667269758083666,0.06667269758083666
DJI,吉布提,262,2014,0.4037124546764348,0.4081351031168593,0.4515780788683114,0.5387695393305363,0.2163670973900323,0.40371245467643485,0.40813510311685924,0.4515780788683116,0.5387695393305362,0.2163670973900323,1.0,5.551115123125783e-17,5.551115123125783e-17
GAB,加蓬,266,2014,0.579291183879875,0.5271335004372277,0.57813755035439,0.5624625750097433,0.649431109718139,0.579291183879875,0.5271335004372276,0.5781375503543901,0.5624625750097432,0.649431109718139,1.0,0.0,0.0
GMB,冈比亚,270,2014,0.4509875900207754,0.2469695657867424,0.4824907836605349,0.5181202771794254,0.556369733456399,0.45098759002077543,0.24696956578674245,0.482490783660535,0.5181202771794253,0.5563697334563991,1.0,5.551115123125783e-17,5.551115123125783e-17
GHA,加纳,288,2014,0.4729916556055643,0.2839768462334719,0.5334052049092666,0.5055036081599276,0.5690809631195913,0.4729916556055644,0.2839768462334718,0.5334052049092667,0.5055036081599275,0.5690809631195914,1.0,1.1102230246251565e-16,1.1102230246251565e-16
GIN,几内亚,324,2014,0.4560325736602903,0.2663687723365963,0.4442173515384765,0.5043755873085616,0.6091685834575269,0.4560325736602903,0.26636877233659617,0.4442173515384765,0.5043755873085616,0.6091685834575269,1.0,0.0,0.0
CIV,科特迪瓦,384,2014,0.4638295541304482,0.3302676354278486,0.4606968336901747,0.5255512250819669,0.5388025223218026,0.46382955413044824,0.33026763542784854,0.46069683369017483,0.5255512250819669,0.5388025223218027,1.0,5.551115123125783e-17,5.551115123125783e-17
KEN,肯尼亚,404,2014,0.4368928527167965,0.2649882751727146,0.4485125038003894,0.5161064740384785,0.5179641578556036,0.4368928527167965,0.26498827517271456,0.4485125038003894,0.5161064740384784,0.5179641578556036,1.0,0.0,0.0
LSO,莱索托,426,2014,0.4106077801707338,0.2904484992864657,0.3695907265793436,0.4927381049887863,0.4896537898283398,0.4215218572421453,0.29044849928646566,0.4132470348649896,0.4927381049887863,0.48965378982833974,0.9705882352941176,0.01091407707141151,0.01091407707141151
LBR,利比里亚,430,2014,0.387553781204211,0.2241843835073473,0.3611187795694139,0.4779822333771912,0.4869297283628915,0.387553781204211,0.2241843835073473,0.3611187795694141,0.47798223337719115,0.4869297283628916,1.0,0.0,0.0
MDG,马达加斯加,450,2014,0.4240319965380286,0.2701531429767099,0.3942598260070749,0.498750001609567,0.5329650155587625,0.4240319965380286,0.2701531429767099,0.3942598260070749,0.498750001609567,0.5329650155587626,1.0,0.0,0.0
MWI,马拉维,454,2014,0.421110219585546,0.2493597681728938,0.3462971056581458,0.5084261274898606,0.5803578770212842,0.42111021958554606,0.24935976817289374,0.34629710565814587,0.5084261274898605,0.5803578770212843,1.0,5.551115123125783e-17,5.551115123125783e-17
MLI,马里,466,2014,0.4207332837318994,0.2755918801925205,0.4778494942482975,0.4982254964804979,0.4312662640062816,0.4207332837318994,0.27559188019252046,0.4778494942482976,0.49822549648049785,0.4312662640062817,1.0,0.0,0.0
MUS,毛里求斯,480,2014,0.4862352151000411,0.4163247630958959,0.5195429871212304,0.6180391796952384,0.3910339304877999,0.5098754008084115,0.4163247630958958,0.6141037299547123,0.6180391796952382,0.39103393048779994,0.9705882352941176,0.023640185708370454,0.023640185708370454
MOZ,莫桑比克,508,2014,0.431301613591346,0.2324484124638677,0.3925974422693504,0.4784629556526736,0.6216976439794921,0.43130161359134594,0.23244841246386774,0.3925974422693504,0.47846295565267355,0.6216976439794921,1.0,-5.551115123125783e-17,5.551115123125783e-17
NAM,纳米比亚,516,2014,0.5359575395535605,0.4027352189510199,0.5316948079363669,0.5223289121542952,0.68707121917256,0.5359575395535605,0.40273521895101977,0.531694807936367,0.5223289121542951,0.68707121917256,1.0,0.0,0.0
NER,尼日尔,562,2014,0.3856338099757118,0.2482273020692771,0.38604686575588,0.515413759083976,0.3928473129937139,0.3856338099757118,0.24822730206927707,0.3860468657558801,0.515413759083976,0.392847312993714,1.0,0.0,0.0
NGA,尼日利亚,566,2014,0.4327942537699309,0.3172301538929125,0.4531782501276749,0.5097870618112982,0.4509815492478384,0.43279425376993097,0.3172301538929124,0.453178250127675,0.5097870618112982,0.45098154924783845,1.0,5.551115123125783e-17,5.551115123125783e-17
GNB,几内亚（比绍）,624,2014,0.4479913968583881,0.2707382312811949,0.3620108780835489,0.4632569140751141,0.6959595639936944,0.44799139685838807,0.2707382312811948,0.36201087808354904,0.4632569140751141,0.6959595639936944,1.0,-5.551115123125783e-17,5.551115123125783e-17
RWA,卢旺达,646,2014,0.410376731754843,0.2488746712049042,0.4941131964501658,0.5098804487888353,0.3886386105754666,0.41037673175484296,0.24887467120490417,0.49411319645016594,0.5098804487888352,0.3886386105754667,1.0,-5.551115123125783e-17,5.551115123125783e-17
STP,圣多美和普林西比,678,2014,0.4341777241498602,0.2835021279531686,0.3735882347518159,0.5224719212760215,0.5571486126184347,0.45117669337265986,0.28350212795316854,0.44158411164301486,0.5224719212760214,0.5571486126184347,0.9705882352941176,0.016998969222799643,0.016998969222799643
SEN,塞内加尔,686,2014,0.5013491778225323,0.2777896034449148,0.5664082893805608,0.5236097545851129,0.6375890638795405,0.5013491778225322,0.27778960344491477,0.5664082893805608,0.5236097545851128,0.6375890638795405,1.0,-1.1102230246251565e-16,1.1102230246251565e-16
SYC,塞舌尔,690,2014,0.4794504624364407,0.2488834206618761,0.5970262772463716,0.4607599045786926,0.6111322472588226,0.5781757012881128,0.46759512907704076,0.7056895633785584,0.5282858654380296,0.6111322472588228,0.8529411764705882,0.09872523885167211,0.09872523885167211
SLE,塞拉利昂,694,2014,0.4415308845546638,0.2679915416116952,0.3952759486413162,0.5301726799337828,0.5726833680318609,0.4415308845546638,0.2679915416116952,0.3952759486413163,0.5301726799337827,0.572683368031861,1.0,0.0,0.0
ZAF,南非,710,2014,0.4738439520575083,0.4141622376454389,0.6631445277649839,0.453302853090587,0.3647661897290229,0.4738439520575082,0.4141622376454388,0.6631445277649838,0.45330285309058704,0.364766189729023,1.0,-1.1102230246251565e-16,1.1102230246251565e-16
ZWE,津巴布韦,716,2014,0.4464660071780627,0.2971074316667434,0.422569781083906,0.4489338963515653,0.617252919610036,0.44646600717806273,0.29710743166674347,0.42256978108390614,0.4489338963515652,0.6172529196100361,1.0,5.551115123125783e-17,5.551115123125783e-17
SWZ,斯威士兰,748,2014,0.4423907794374995,0.4191882126573562,0.369796138616671,0.5744649891924098,0.4061137772835611,0.4423907794374995,0.4191882126573561,0.3697961386166711,0.5744649891924096,0.4061137772835611,1.0,0.0,0.0
TGO,多哥,768,2014,0.434553792600615,0.2672864005070092,0.4298901268900685,0.4660072782019541,0.575031364803428,0.434553792600615,0.2672864005070092,0.42989012689006867,0.466007278201954,0.5750313648034281,1.0,0.0,0.0
UGA,乌干达,800,2014,0.4108357759042447,0.2615888662217751,0.4012225905310678,0.4760022458704239,0.504529400993712,0.4108357759042448,0.26158886622177513,0.40122259053106796,0.4760022458704239,0.5045294009937121,1.0,1.1102230246251565e-16,1.1102230246251565e-16
TZA,坦桑尼亚,834,2014,0.4540937034767233,0.2502616598652427,0.4332006036871238,0.5025147890789095,0.6303977612756173,0.4540937034767234,0.2502616598652427,0.4332006036871238,0.5025147890789095,0.6303977612756174,1.0,1.1102230246251565e-16,1.1102230246251565e-16
BFA,布基纳法索,854,2014,0.4515773472040669,0.2598606245462377,0.4209056957541909,0.5101520764455718,0.6153909920702672,0.4515773472040669,0.2598606245462377,0.4209056957541909,0.5101520764455717,0.6153909920702672,1.0,0.0,0.0
ZMB,赞比亚,894,2014,0.46399022350026,0.3396221518297659,0.3309404573457259,0.497749081797301,0.6876492030282473,0.46399022350026004,0.3396221518297659,0.33094045734572597,0.497749081797301,0.6876492030282473,1.0,5.551115123125783e-17,5.551115123125783e-17
AGO,安哥拉,24,2015,0.4660024487821728,0.362779998414236,0.4780867008656074,0.537292940833262,0.4858501550155857,0.4660024487821728,0.3627799984142359,0.4780867008656075,0.537292940833262,0.4858501550155857,1.0,0.0,0.0
BWA,博茨瓦纳,72,2015,0.512934589397557,0.4164036497373234,0.5060307316656224,0.5146036730056333,0.6147003031816485,0.5129345893975569,0.4164036497373234,0.5060307316656224,0.5146036730056331,0.6147003031816485,1.0,-1.1102230246251565e-16,1.1102230246251565e-16
BDI,布隆迪,108,2015,0.3596461101076946,0.2254138087238608,0.3628636224621113,0.4721035734372519,0.3782034358075546,0.3703615346493677,0.2254138087238608,0.4057253206288034,0.47210357343725184,0.3782034358075547,0.9705882352941176,0.010715424541673124,0.010715424541673124
CMR,喀麦隆,120,2015,0.4332773304134897,0.2775950841762032,0.5046162850928917,0.5253236010549255,0.4255743513299386,0.43327733041348976,0.27759508417620316,0.5046162850928918,0.5253236010549255,0.42557435132993865,1.0,5.551115123125783e-17,5.551115123125783e-17
CPV,佛得角,132,2015,0.4509631396865033,0.3038592227313139,0.6293830743551012,0.5270679554529961,0.3435423062066018,0.45096313968650326,0.30385922273131377,0.6293830743551013,0.527067955452996,0.34354230620660187,1.0,-5.551115123125783e-17,5.551115123125783e-17
CAF,中非,140,2015,0.3828512533853786,0.143952573379972,0.3383520697562354,0.5304381185870662,0.5186622518182409,0.3900309714283152,0.17267144555171854,0.3383520697562354,0.5304381185870661,0.5186622518182409,0.9705882352941176,0.0071797180429366,0.0071797180429366
TCD,乍得,148,2015,0.3791909570625629,0.18084083638558,0.3476890511299041,0.5133244022467033,0.4749095384880644,0.38821049860608314,0.21691900255966096,0.3476890511299041,0.5133244022467032,0.4749095384880645,0.9705882352941176,0.009019541543520249,0.009019541543520249
COM,科摩罗,174,2015,0.4646698836357081,0.2808641597183243,0.4464800345138618,0.5379953642210951,0.5933399760895515,0.46466988363570816,0.2808641597183242,0.44648003451386187,0.537995364221095,0.5933399760895516,1.0,5.551115123125783e-17,5.551115123125783e-17
COG,刚果（布）,178,2015,0.4771527641959948,0.3119563216584723,0.4252636613734331,0.5774079985130373,0.5939830752390363,0.47715276419599467,0.3119563216584723,0.4252636613734331,0.5774079985130371,0.5939830752390363,1.0,-1.1102230246251565e-16,1.1102230246251565e-16
COD,刚果（金）,180,2015,0.3786020370851275,0.2721524105537591,0.3429139818856999,0.4350872003101694,0.4642545555908818,0.3786020370851275,0.27215241055375905,0.34291398188569994,0.4350872003101693,0.4642545555908818,1.0,0.0,0.0
BEN,贝宁,204,2015,0.4516094817697208,0.2613073622617031,0.4295503006466809,0.5243652352066399,0.5912150289638595,0.4516094817697208,0.26130736226170304,0.429550300646681,0.5243652352066397,0.5912150289638596,1.0,0.0,0.0
GNQ,赤道几内亚,226,2015,0.4518942208822989,0.4185722535312827,0.2293910119039466,0.5699626233970625,0.5896509946969036,0.4928805945174788,0.5020783886531247,0.30983037132282454,0.5699626233970623,0.5896509946969037,0.9117647058823528,0.040986373635179874,0.040986373635179874
ETH,埃塞俄比亚,231,2015,0.4080114213508695,0.2360868605396223,0.4641239915967817,0.4690744832587462,0.4627603500083277,0.40801142135086954,0.23608686053962225,0.46412399159678186,0.4690744832587461,0.4627603500083278,1.0,5.551115123125783e-17,5.551115123125783e-17
ERI,厄立特里亚,232,2015,0.3140961573493998,0.1323391092443918,0.3425331690074414,0.4795987987400152,0.3019135524057506,0.3815364020358393,0.3616398368289565,0.3829934201686348,0.4795987987400152,0.3019135524057506,0.8529411764705882,0.0674402446864395,0.0674402446864395
DJI,吉布提,262,2015,0.4092292495022316,0.4228762243572357,0.4614821117557244,0.5409728583338812,0.2115858035620855,0.4092292495022317,0.42287622435723565,0.46148211175572457,0.5409728583338812,0.21158580356208556,1.0,1.1102230246251565e-16,1.1102230246251565e-16
GAB,加蓬,266,2015,0.5769111326304655,0.5129096793493757,0.5788634821631515,0.5715718140717323,0.6442995549376025,0.5769111326304656,0.5129096793493757,0.5788634821631516,0.5715718140717323,0.6442995549376026,1.0,1.1102230246251565e-16,1.1102230246251565e-16
GMB,冈比亚,270,2015,0.4552467773059659,0.2544418795955467,0.4966222247665195,0.5166001163493126,0.5533228885124851,0.45524677730596597,0.25444187959554665,0.4966222247665197,0.5166001163493125,0.5533228885124851,1.0,5.551115123125783e-17,5.551115123125783e-17
GHA,加纳,288,2015,0.4733765304154734,0.2831573827989235,0.5464248114869578,0.5062422318735783,0.557681695502434,0.47337653041547334,0.28315738279892344,0.5464248114869578,0.5062422318735783,0.5576816955024341,1.0,-5.551115123125783e-17,5.551115123125783e-17
GIN,几内亚,324,2015,0.4572904976376257,0.2621871945966587,0.4573581973163357,0.5049189348243622,0.6046976638131465,0.45729049763762575,0.2621871945966586,0.45735819731633576,0.5049189348243621,0.6046976638131465,1.0,5.551115123125783e-17,5.551115123125783e-17
CIV,科特迪瓦,384,2015,0.469283673693209,0.3182220384486345,0.4980006934393841,0.5308425649913738,0.5300693978934435,0.469283673693209,0.31822203844863445,0.49800069343938425,0.5308425649913737,0.5300693978934435,1.0,0.0,0.0
KEN,肯尼亚,404,2015,0.441095003984463,0.2704077543934045,0.4617498627277046,0.5146333296191345,0.5175890691976085,0.441095003984463,0.2704077543934044,0.4617498627277047,0.5146333296191343,0.5175890691976086,1.0,0.0,0.0
LSO,莱索托,426,2015,0.4152779720644409,0.3074004374683598,0.3720827709175345,0.4961110016552142,0.485517678216655,0.4262656396293804,0.30740043746835977,0.4160334411772929,0.49611100165521416,0.48551767821665487,0.9705882352941176,0.010987667564939518,0.010987667564939518
LBR,利比里亚,430,2015,0.4011148387268105,0.2628858031332742,0.3858890185869839,0.4757526236459721,0.4799319095410118,0.40111483872681053,0.2628858031332742,0.38588901858698393,0.47575262364597215,0.47993190954101184,1.0,5.551115123125783e-17,5.551115123125783e-17
MDG,马达加斯加,450,2015,0.423889107094886,0.2695148581324414,0.399911807436408,0.4947833460828852,0.5313464167278092,0.4238891070948859,0.26951485813244136,0.39991180743640814,0.4947833460828851,0.5313464167278091,1.0,-5.551115123125783e-17,5.551115123125783e-17
MWI,马拉维,454,2015,0.4253096241715959,0.2430528293764551,0.3546550079646742,0.5100119793400171,0.5935186800052372,0.42530962417159596,0.24305282937645506,0.35465500796467436,0.510011979340017,0.5935186800052374,1.0,5.551115123125783e-17,5.551115123125783e-17
MLI,马里,466,2015,0.4197429331897702,0.273728987981856,0.4781174221857105,0.4979361303210947,0.4291891922704196,0.4197429331897702,0.27372898798185596,0.4781174221857106,0.49793613032109457,0.4291891922704197,1.0,0.0,0.0
MUS,毛里求斯,480,2015,0.48996405983028,0.4190160971630338,0.5145483049234387,0.6363990303285559,0.3898928069060917,0.513376978079293,0.4190160971630337,0.6081999779194904,0.6363990303285559,0.38989280690609174,0.9705882352941176,0.023412918249012926,0.023412918249012926
MOZ,莫桑比克,508,2015,0.4254197221803783,0.218515712970182,0.3853953116938149,0.4805259716955148,0.6172418923620016,0.4254197221803783,0.218515712970182,0.38539531169381497,0.4805259716955148,0.6172418923620016,1.0,0.0,0.0
NAM,纳米比亚,516,2015,0.5417257566264568,0.4015611000077971,0.561610219165944,0.5228002415138724,0.6809314658182138,0.541725756626457,0.4015611000077971,0.5616102191659442,0.5228002415138724,0.6809314658182138,1.0,1.1102230246251565e-16,1.1102230246251565e-16
NER,尼日尔,562,2015,0.3825081025368272,0.2372164233632999,0.3887824537150116,0.5173362954700815,0.3866972375989159,0.3825081025368272,0.2372164233632999,0.3887824537150116,0.5173362954700815,0.38669723759891594,1.0,0.0,0.0
NGA,尼日利亚,566,2015,0.4249722200478792,0.2967898699727371,0.4580243565739019,0.5140330858150141,0.431041567829864,0.42497222004787927,0.2967898699727371,0.458024356573902,0.5140330858150141,0.4310415678298641,1.0,5.551115123125783e-17,5.551115123125783e-17
GNB,几内亚（比绍）,624,2015,0.4610251529350068,0.2880808211486781,0.3748119167304744,0.4617133160268935,0.7194945578339813,0.4610251529350068,0.28808082114867806,0.3748119167304744,0.46171331602689347,0.7194945578339814,1.0,0.0,0.0
RWA,卢旺达,646,2015,0.4125700193882564,0.2495860851992269,0.506140532221375,0.5124163584540634,0.3821371016783604,0.41257001938825644,0.24958608519922687,0.5061405322213751,0.5124163584540634,0.3821371016783604,1.0,5.551115123125783e-17,5.551115123125783e-17
STP,圣多美和普林西比,678,2015,0.4347102345303568,0.2927737593745821,0.3821489102333885,0.5198777728161166,0.5440404956973403,0.45209873063195216,0.29277375937458205,0.4517028946397699,0.5198777728161165,0.5440404956973403,0.9705882352941176,0.017388496101595374,0.017388496101595374
SEN,塞内加尔,686,2015,0.5039675301616661,0.28279059163392,0.5721180308247561,0.5225617513836546,0.6383997468043335,0.5039675301616661,0.28279059163392,0.5721180308247561,0.5225617513836546,0.6383997468043336,1.0,0.0,0.0
SYC,塞舌尔,690,2015,0.4829248189268291,0.2476962060001595,0.6098638334774468,0.4633911749403487,0.6107480612893612,0.5820697735810194,0.46536462376049065,0.7208636516839155,0.53130275759031,0.6107480612893613,0.8529411764705882,0.09914495465419032,0.09914495465419032
SLE,塞拉利昂,694,2015,0.4310378927467218,0.237176464302432,0.4016712082608521,0.518308049286284,0.566995849137319,0.4310378927467218,0.23717646430243206,0.4016712082608521,0.5183080492862838,0.5669958491373192,1.0,0.0,0.0
ZAF,南非,710,2015,0.4755842358985633,0.4039526613199732,0.6776994935286982,0.4624062551887724,0.3582785335568098,0.47558423589856336,0.4039526613199731,0.6776994935286982,0.4624062551887723,0.3582785335568097,1.0,5.551115123125783e-17,5.551115123125783e-17
ZWE,津巴布韦,716,2015,0.4440870944099842,0.2988443813407572,0.416814632917698,0.4519685383892911,0.6087208249921905,0.4440870944099842,0.29884438134075714,0.41681463291769805,0.45196853838929113,0.6087208249921905,1.0,0.0,0.0
SWZ,斯威士兰,748,2015,0.4434094049827183,0.4208915863552214,0.3752417737587543,0.5731813041199918,0.4043229556969057,0.4434094049827182,0.4208915863552213,0.3752417737587543,0.5731813041199917,0.40432295569690574,1.0,-1.1102230246251565e-16,1.1102230246251565e-16
TGO,多哥,768,2015,0.4324663289871236,0.2613503229325163,0.4315673613380734,0.4755813453537059,0.5613662863241989,0.43246632898712367,0.26135032293251625,0.4315673613380735,0.4755813453537059,0.561366286324199,1.0,5.551115123125783e-17,5.551115123125783e-17
UGA,乌干达,800,2015,0.4074271920451406,0.2654689618973301,0.3839171063926717,0.4775697709970805,0.5027529288934802,0.4074271920451406,0.26546896189733005,0.38391710639267174,0.4775697709970805,0.5027529288934802,1.0,0.0,0.0
TZA,坦桑尼亚,834,2015,0.4597766768872399,0.2592765729206328,0.4482332271341779,0.5033799302858554,0.6282169772082936,0.45977667688723994,0.2592765729206328,0.44823322713417796,0.5033799302858553,0.6282169772082937,1.0,5.551115123125783e-17,5.551115123125783e-17
BFA,布基纳法索,854,2015,0.4511393812951786,0.2596609296006691,0.4172269803460755,0.5096091409850019,0.6180604742489682,0.45113938129517867,0.2596609296006691,0.41722698034607564,0.5096091409850018,0.6180604742489682,1.0,5.551115123125783e-17,5.551115123125783e-17
ZMB,赞比亚,894,2015,0.4650708753501054,0.3250212397173387,0.353295723847466,0.5022178976463634,0.6797486401892534,0.46507087535010533,0.3250212397173387,0.3532957238474661,0.5022178976463633,0.6797486401892534,1.0,-5.551115123125783e-17,5.551115123125783e-17
AGO,安哥拉,24,2016,0.4683909820017909,0.3815473364612029,0.4736004429934205,0.531560451099601,0.4868556974529395,0.46839098200179097,0.38154733646120287,0.4736004429934206,0.531560451099601,0.48685569745293955,1.0,5.551115123125783e-17,5.551115123125783e-17
BWA,博茨瓦纳,72,2016,0.5228640321182034,0.4505987931526006,0.5080901775558904,0.5148543487587065,0.6179128090056164,0.5228640321182034,0.45059879315260065,0.5080901775558905,0.5148543487587064,0.6179128090056165,1.0,0.0,0.0
BDI,布隆迪,108,2016,0.3599895719255444,0.2304652440108362,0.3672285441985597,0.4623981691875255,0.3798663303052561,0.37083389334913647,0.23046524401083618,0.41060582989292793,0.4623981691875255,0.3798663303052561,0.9705882352941176,0.01084432142359204,0.01084432142359204
CMR,喀麦隆,120,2016,0.4350379524815737,0.2737456098692518,0.5100589490473366,0.5259073281161498,0.4304399228935563,0.43503795248157356,0.2737456098692517,0.5100589490473366,0.5259073281161497,0.4304399228935563,1.0,-1.1102230246251565e-16,1.1102230246251565e-16
CPV,佛得角,132,2016,0.4546571720099081,0.3092583750224491,0.6395787076910132,0.5261377898231634,0.3436538155030067,0.454657172009908,0.30925837502244896,0.6395787076910132,0.5261377898231632,0.34365381550300667,1.0,-5.551115123125783e-17,5.551115123125783e-17
CAF,中非,140,2016,0.3806133414047124,0.1443531875241626,0.3258617001506617,0.5315077468876312,0.5207307310563942,0.3878130403103164,0.1731519831465781,0.32586170015066174,0.5315077468876312,0.5207307310563943,0.9705882352941176,0.007199698905603957,0.007199698905603957
TCD,乍得,148,2016,0.3767404099262695,0.1697974109168294,0.3502138548795822,0.5101798883088834,0.4767704855997829,0.3852091542229457,0.2036723881035339,0.35021385487958245,0.5101798883088834,0.4767704855997829,0.9705882352941176,0.008468744296676212,0.008468744296676212
COM,科摩罗,174,2016,0.4654498501269026,0.2754814667637264,0.4553977888625793,0.5379658401090961,0.5929543047722086,0.46544985012690254,0.27548146676372637,0.4553977888625795,0.5379658401090959,0.5929543047722087,1.0,-5.551115123125783e-17,5.551115123125783e-17
COG,刚果（布）,178,2016,0.4767117207384397,0.312827982259253,0.4275491901757335,0.5691752645466851,0.597294445972087,0.4767117207384396,0.312827982259253,0.42754919017573345,0.5691752645466849,0.597294445972087,1.0,-1.1102230246251565e-16,1.1102230246251565e-16
COD,刚果（金）,180,2016,0.3774521736519163,0.2602006352394427,0.3367835764461548,0.4357584093223396,0.4770660735997283,0.37745217365191636,0.26020063523944265,0.3367835764461549,0.4357584093223395,0.47706607359972836,1.0,5.551115123125783e-17,5.551115123125783e-17
BEN,贝宁,204,2016,0.4557223799385041,0.2688450552610913,0.4375317796271561,0.521627579176686,0.5948851056890829,0.45572237993850406,0.2688450552610913,0.4375317796271561,0.5216275791766859,0.5948851056890829,1.0,-5.551115123125783e-17,5.551115123125783e-17
GNQ,赤道几内亚,226,2016,0.4419147491523615,0.3892977987783099,0.2361609755282603,0.5607756891831003,0.5814245331197757,0.48203453941723345,0.46696361229833483,0.3189743230677231,0.5607756891831002,0.5814245331197758,0.9117647058823528,0.040119790264871946,0.040119790264871946
ETH,埃塞俄比亚,231,2016,0.4156314586901822,0.2361416572713201,0.4863470037543115,0.4733725265348803,0.4666646472002171,0.41563145869018225,0.23614165727132008,0.4863470037543116,0.47337252653488027,0.46666464720021716,1.0,5.551115123125783e-17,5.551115123125783e-17
ERI,厄立特里亚,232,2016,0.3146342137556059,0.1334575801253691,0.3422666949090263,0.4788311172791725,0.3039814627088559,0.3825510761798704,0.3646962547631862,0.3826954699682669,0.4788311172791725,0.30398146270885595,0.8529411764705882,0.06791686242426448,0.06791686242426448
DJI,吉布提,262,2016,0.4218730139198372,0.4594961488806495,0.4675137001063865,0.5446621966414265,0.2158200100508863,0.4218730139198371,0.4594961488806493,0.46751370010638665,0.5446621966414263,0.21582001005088636,1.0,-1.1102230246251565e-16,1.1102230246251565e-16
GAB,加蓬,266,2016,0.5806060378513892,0.5162288084870357,0.5914344373495751,0.571864735577516,0.6428961699914301,0.5806060378513892,0.5162288084870357,0.5914344373495752,0.5718647355775159,0.6428961699914301,1.0,0.0,0.0
GMB,冈比亚,270,2016,0.4562936025651803,0.2476129243432474,0.5089782635228757,0.5143566743337831,0.5542265480608154,0.45629360256518037,0.24761292434324728,0.5089782635228757,0.5143566743337831,0.5542265480608155,1.0,5.551115123125783e-17,5.551115123125783e-17
GHA,加纳,288,2016,0.4792587660212037,0.2836192356834909,0.5605195046943302,0.5124562193730009,0.560440104333993,0.47925876602120376,0.2836192356834909,0.5605195046943302,0.5124562193730008,0.5604401043339932,1.0,5.551115123125783e-17,5.551115123125783e-17
GIN,几内亚,324,2016,0.4531176352380152,0.2433184360555043,0.4638582390130475,0.5001197841605328,0.605174081722976,0.4531176352380153,0.24331843605550432,0.46385823901304774,0.5001197841605329,0.6051740817229762,1.0,1.1102230246251565e-16,1.1102230246251565e-16
CIV,科特迪瓦,384,2016,0.472895049341132,0.3176962637042754,0.5108820968517493,0.5312596897600256,0.5317421470484777,0.472895049341132,0.3176962637042754,0.5108820968517493,0.5312596897600256,0.5317421470484778,1.0,0.0,0.0
KEN,肯尼亚,404,2016,0.4445930958529915,0.270973054015748,0.4760319358827064,0.515436011254445,0.5159313822590665,0.4445930958529915,0.2709730540157479,0.47603193588270654,0.5154360112544449,0.5159313822590665,1.0,0.0,0.0
LSO,莱索托,426,2016,0.4209658155499631,0.3052908149816581,0.3898416357993366,0.4954185093771094,0.4933123020417482,0.4324779054179583,0.305290814981658,0.4358899952713178,0.49541850937710935,0.49331230204174814,0.9705882352941176,0.011512089867995179,0.011512089867995179
LBR,利比里亚,430,2016,0.3943101976567668,0.2341093494859117,0.3899883272056963,0.4715224524039484,0.4816206615315105,0.3943101976567667,0.23410934948591172,0.3899883272056964,0.4715224524039483,0.48162066153151056,1.0,-5.551115123125783e-17,5.551115123125783e-17
MDG,马达加斯加,450,2016,0.4241882421088209,0.2757550660013421,0.3943960802321481,0.4951956775586488,0.5314061446431445,0.4241882421088209,0.2757550660013421,0.3943960802321482,0.49519567755864874,0.5314061446431445,1.0,0.0,0.0
MWI,马拉维,454,2016,0.4259530950493344,0.2430454485985868,0.357975246197055,0.5055192588274311,0.5972724265742644,0.4259530950493344,0.2430454485985868,0.3579752461970551,0.5055192588274311,0.5972724265742644,1.0,0.0,0.0
MLI,马里,466,2016,0.4177972872445394,0.2719992509495011,0.4762937633012006,0.4917128697606598,0.431183264966796,0.4177972872445394,0.2719992509495011,0.47629376330120066,0.49171286976065975,0.4311832649667961,1.0,0.0,0.0
MUS,毛里求斯,480,2016,0.4931406690392174,0.4217890365696297,0.5275784311083317,0.6349462073659711,0.3882490011129372,0.5171464826028629,0.42178903656962957,0.6236016853629137,0.634946207365971,0.3882490011129373,0.9705882352941176,0.024005813563645506,0.024005813563645506
MOZ,莫桑比克,508,2016,0.4245786257236835,0.2297782208794146,0.368118610166872,0.4808344815684062,0.6195831902800413,0.4245786257236835,0.22977822087941466,0.36811861016687214,0.480834481568406,0.6195831902800413,1.0,0.0,0.0
NAM,纳米比亚,516,2016,0.5462113255509036,0.4009237261706129,0.5751047181695895,0.5240738824214302,0.6847429754419818,0.5462113255509036,0.40092372617061284,0.5751047181695896,0.52407388242143,0.6847429754419818,1.0,0.0,0.0
NER,尼日尔,562,2016,0.3849764480615584,0.2444626533879532,0.3889145923738927,0.5182434810961059,0.3882850653882816,0.38497644806155834,0.24446265338795314,0.3889145923738928,0.5182434810961057,0.38828506538828167,1.0,-5.551115123125783e-17,5.551115123125783e-17
NGA,尼日利亚,566,2016,0.4273135578826712,0.2946519882882443,0.4658653568156893,0.51249151360383,0.4362453728229212,0.4273135578826713,0.29465198828824435,0.4658653568156894,0.51249151360383,0.43624537282292125,1.0,5.551115123125783e-17,5.551115123125783e-17
GNB,几内亚（比绍）,624,2016,0.4688110958682927,0.2893337919999164,0.4000499181485397,0.4657574835398319,0.7201031897848829,0.4688110958682927,0.2893337919999164,0.40004991814853974,0.4657574835398318,0.7201031897848829,1.0,0.0,0.0
RWA,卢旺达,646,2016,0.4123195825141957,0.242314530814483,0.5111294455215134,0.5131522601017015,0.382682093619085,0.4123195825141957,0.24231453081448293,0.5111294455215134,0.5131522601017015,0.38268209361908506,1.0,0.0,0.0
STP,圣多美和普林西比,678,2016,0.4444242361817615,0.3105850453374369,0.3999113506535848,0.5199484482618897,0.5472521004741348,0.46262095682026,0.3105850453374368,0.47269823320757853,0.5199484482618897,0.5472521004741349,0.9705882352941176,0.018196720638498476,0.018196720638498476
SEN,塞内加尔,686,2016,0.5067715835240028,0.2814533567324332,0.5817026809229608,0.5231174736720564,0.6408128227685608,0.5067715835240028,0.2814533567324331,0.5817026809229608,0.5231174736720563,0.6408128227685608,1.0,0.0,0.0
SYC,塞舌尔,690,2016,0.4758378199688837,0.2807712493651247,0.5609588439240646,0.4602553334925983,0.6013658530937475,0.5799089663406941,0.5275050794418709,0.6630575851165684,0.5277073477105896,0.6013658530937477,0.8529411764705882,0.10407114637181042,0.10407114637181042
SLE,塞拉利昂,694,2016,0.4397233407607847,0.2698744482003141,0.4101852171723528,0.5103352368837247,0.5684984607867469,0.4397233407607847,0.26987444820031403,0.41018521717235285,0.5103352368837247,0.5684984607867469,1.0,0.0,0.0
ZAF,南非,710,2016,0.4833400159001578,0.4087613591545307,0.6804419666687326,0.4691919927497952,0.3749647450275729,0.48334001590015785,0.4087613591545307,0.6804419666687325,0.4691919927497952,0.374964745027573,1.0,5.551115123125783e-17,5.551115123125783e-17
ZWE,津巴布韦,716,2016,0.4524183475957407,0.3070368607557333,0.4284448367524202,0.4583396691326659,0.6158520237421434,0.45241834759574073,0.3070368607557332,0.4284448367524202,0.4583396691326659,0.6158520237421435,1.0,5.551115123125783e-17,5.551115123125783e-17
SWZ,斯威士兰,748,2016,0.4389286854472281,0.405113213699184,0.3809357340955061,0.5608520945708056,0.4088136994234165,0.4389286854472281,0.40511321369918396,0.3809357340955061,0.5608520945708056,0.4088136994234165,1.0,0.0,0.0
TGO,多哥,768,2016,0.4381833995656225,0.2618332653738836,0.4437169957374596,0.480544676578132,0.5666386605730149,0.4381833995656226,0.2618332653738835,0.44371699573745965,0.48054467657813194,0.566638660573015,1.0,5.551115123125783e-17,5.551115123125783e-17
UGA,乌干达,800,2016,0.4076801786092247,0.2726889535314631,0.3854523270484085,0.4711186031308649,0.5014608307261621,0.4076801786092247,0.27268895353146305,0.3854523270484085,0.4711186031308649,0.5014608307261623,1.0,0.0,0.0
TZA,坦桑尼亚,834,2016,0.4649267499250115,0.2642105315595641,0.4629849725188926,0.5039034277496732,0.6286080678719159,0.4649267499250115,0.264210531559564,0.46298497251889265,0.5039034277496733,0.6286080678719159,1.0,0.0,0.0
BFA,布基纳法索,854,2016,0.457551220441708,0.2663582283481814,0.4349386063000257,0.5076611280408763,0.6212469190777485,0.457551220441708,0.2663582283481814,0.4349386063000257,0.5076611280408763,0.6212469190777485,1.0,0.0,0.0
ZMB,赞比亚,894,2016,0.4691223928481348,0.3210949448652026,0.3684153156742983,0.5024624593061524,0.6845168515468861,0.46912239284813484,0.32109494486520257,0.3684153156742984,0.5024624593061523,0.6845168515468862,1.0,5.551115123125783e-17,5.551115123125783e-17
AGO,安哥拉,24,2017,0.4675634258810136,0.3808053966075324,0.4655328067703914,0.5277641396807036,0.4961513604654269,0.46756342588101363,0.3808053966075324,0.46553280677039155,0.5277641396807035,0.49615136046542696,1.0,5.551115123125783e-17,5.551115123125783e-17
BWA,博茨瓦纳,72,2017,0.5250023046728063,0.4274749985866004,0.5338742430074156,0.5179947867870316,0.6206651903101776,0.5250023046728063,0.4274749985866005,0.5338742430074156,0.5179947867870314,0.6206651903101776,1.0,0.0,0.0
BDI,布隆迪,108,2017,0.3643871851044442,0.2311804564818782,0.3631943978123652,0.4634848175768666,0.3996890685466669,0.3751123774985182,0.23118045648187824,0.406095167388661,0.46348481757686655,0.39968906854666697,0.9705882352941176,0.010725192394074046,0.010725192394074046
CMR,喀麦隆,120,2017,0.435942767161167,0.2728405677402553,0.5151535645518736,0.5257878254761909,0.4299891108763483,0.43594276716116703,0.2728405677402553,0.5151535645518738,0.5257878254761906,0.42998911087634833,1.0,5.551115123125783e-17,5.551115123125783e-17
CPV,佛得角,132,2017,0.4552831935676491,0.3038584161880354,0.6493277333145293,0.5250329315362336,0.342913693231798,0.4552831935676491,0.30385841618803533,0.6493277333145294,0.5250329315362336,0.342913693231798,1.0,0.0,0.0
CAF,中非,140,2017,0.3837092149069216,0.1447390120841334,0.3340884626704201,0.5328448060052986,0.5231645788678343,0.3909281570361067,0.17361478060087346,0.33408846267042025,0.5328448060052986,0.5231645788678344,0.9705882352941176,0.007218942129185113,0.007218942129185113
TCD,乍得,148,2017,0.3765972660834229,0.173305546741569,0.347664101408717,0.5077244086483857,0.47769500753502,0.3852409806879342,0.20788040515961412,0.347664101408717,0.5077244086483857,0.47769500753502,0.9705882352941176,0.008643714604511299,0.008643714604511299
COM,科摩罗,174,2017,0.4684620544934917,0.2790937882623539,0.4676579411546804,0.5368645160620789,0.5902319724948539,0.46846205449349176,0.2790937882623538,0.46765794115468057,0.5368645160620787,0.590231972494854,1.0,5.551115123125783e-17,5.551115123125783e-17
COG,刚果（布）,178,2017,0.4887783051543323,0.3668707066925173,0.4251653400180208,0.5548225898481359,0.6082545840586551,0.4887783051543323,0.36687070669251726,0.42516534001802087,0.5548225898481358,0.6082545840586552,1.0,0.0,0.0
COD,刚果（金）,180,2017,0.3920835801068906,0.2815942657673316,0.3376276764698226,0.4421443831886509,0.5069679950017572,0.3920835801068906,0.2815942657673315,0.3376276764698228,0.4421443831886509,0.5069679950017573,1.0,0.0,0.0
BEN,贝宁,204,2017,0.4567345941408001,0.2731325290692302,0.436700371145821,0.5226699621600933,0.5944355141880557,0.4567345941408001,0.2731325290692302,0.43670037114582105,0.5226699621600932,0.5944355141880558,1.0,0.0,0.0
GNQ,赤道几内亚,226,2017,0.4330359933568019,0.3823389205230445,0.2286696864102925,0.5349025555580844,0.5862328109357859,0.47215197263486985,0.45861642169561184,0.3088561023499974,0.5349025555580843,0.586232810935786,0.9117647058823528,0.03911597927806798,0.03911597927806798
ETH,埃塞俄比亚,231,2017,0.4240497110369611,0.2439761607979081,0.4779497878786115,0.480090940896093,0.4941819545752318,0.42404971103696115,0.24397616079790813,0.47794978787861153,0.4800909408960929,0.4941819545752319,1.0,5.551115123125783e-17,5.551115123125783e-17
ERI,厄立特里亚,232,2017,0.3146240569045112,0.134576051006346,0.3529654699246282,0.4724198650830827,0.2985348416039879,0.3833413427395546,0.36775267269741524,0.39465799157373266,0.47241986508308265,0.29853484160398797,0.8529411764705882,0.06871728583504344,0.06871728583504344
DJI,吉布提,262,2017,0.4459514900869966,0.5349258217273671,0.4895670053802359,0.5469492680816486,0.2123638651587348,0.4459514900869967,0.534925821727367,0.4895670053802361,0.5469492680816485,0.2123638651587349,1.0,1.1102230246251565e-16,1.1102230246251565e-16
GAB,加蓬,266,2017,0.5680283442933393,0.4714122437671687,0.5822279651927006,0.5662499799653168,0.6522231882481712,0.5680283442933394,0.4714122437671687,0.5822279651927007,0.5662499799653168,0.6522231882481712,1.0,1.1102230246251565e-16,1.1102230246251565e-16
GMB,冈比亚,270,2017,0.4570897144929017,0.2511994290601342,0.5093413440351717,0.5154560019092024,0.5523620829670988,0.4570897144929018,0.2511994290601342,0.5093413440351718,0.5154560019092023,0.5523620829670989,1.0,1.1102230246251565e-16,1.1102230246251565e-16
GHA,加纳,288,2017,0.4873460720991731,0.2974666285937933,0.5762584211019671,0.5126281305814866,0.5630311081194452,0.48734607209917313,0.29746662859379325,0.5762584211019672,0.5126281305814866,0.5630311081194453,1.0,5.551115123125783e-17,5.551115123125783e-17
GIN,几内亚,324,2017,0.4797881463102043,0.3358350780875797,0.4725481631188238,0.5059277875411339,0.6048415564932798,0.4797881463102043,0.33583507808757973,0.4725481631188239,0.5059277875411338,0.6048415564932799,1.0,0.0,0.0
CIV,科特迪瓦,384,2017,0.4786023003407547,0.3168806161076603,0.5318541773571144,0.5320791945510052,0.5335952133472393,0.4786023003407548,0.3168806161076602,0.5318541773571145,0.532079194551005,0.5335952133472394,1.0,1.1102230246251565e-16,1.1102230246251565e-16
KEN,肯尼亚,404,2017,0.4469759400238113,0.2681672692372914,0.4831296422657782,0.517685151021572,0.5189216975706037,0.44697594002381136,0.26816726923729134,0.4831296422657784,0.5176851510215719,0.5189216975706037,1.0,5.551115123125783e-17,5.551115123125783e-17
LSO,莱索托,426,2017,0.4202396167994642,0.3044168293390932,0.4025286391721732,0.4939806309120563,0.4800323677745342,0.4321263560367712,0.3044168293390931,0.4500755961214012,0.4939806309120562,0.48003236777453406,0.9705882352941176,0.011886739237306987,0.011886739237306987
LBR,利比里亚,430,2017,0.3918649128926603,0.226431540788243,0.3884401592346732,0.4690909107966169,0.483497040751108,0.39186491289266034,0.226431540788243,0.3884401592346732,0.469090910796617,0.48349704075110816,1.0,5.551115123125783e-17,5.551115123125783e-17
MDG,马达加斯加,450,2017,0.4261492012562696,0.2784340930236992,0.3928574450123974,0.4977809223927067,0.5355243445962753,0.42614920125626965,0.27843409302369915,0.3928574450123974,0.49778092239270666,0.5355243445962754,1.0,5.551115123125783e-17,5.551115123125783e-17
MWI,马拉维,454,2017,0.427651002879901,0.2325342775823445,0.3602755054499635,0.5158282656457263,0.6019659628415694,0.4276510028799009,0.23253427758234446,0.36027550544996356,0.5158282656457261,0.6019659628415694,1.0,-1.1102230246251565e-16,1.1102230246251565e-16
MLI,马里,466,2017,0.4188989700856445,0.2685814791496917,0.4807489434867386,0.4950134432838707,0.4312520144222768,0.4188989700856445,0.2685814791496917,0.48074894348673863,0.49501344328387065,0.4312520144222769,1.0,0.0,0.0
MUS,毛里求斯,480,2017,0.4914526458131175,0.4199266857387616,0.534392088006272,0.6255438246536095,0.3859479848538272,0.5157684936153406,0.4199266857387615,0.6316554792151641,0.6255438246536094,0.38594798485382725,0.9705882352941176,0.024315847802223123,0.024315847802223123
MOZ,莫桑比克,508,2017,0.4339261269897797,0.2691445192860879,0.3630411986881361,0.4840846946639177,0.6194340953209772,0.43392612698977967,0.26914451928608796,0.3630411986881361,0.48408469466391757,0.6194340953209772,1.0,-5.551115123125783e-17,5.551115123125783e-17
NAM,纳米比亚,516,2017,0.5480628373331418,0.3978061014391977,0.5789282515970644,0.531299108355609,0.6842178879406959,0.5480628373331418,0.39780610143919765,0.5789282515970645,0.5312991083556089,0.6842178879406959,1.0,0.0,0.0
NER,尼日尔,562,2017,0.3996470752355761,0.2455296686612302,0.4190189324039619,0.5194246186250489,0.4146150812520633,0.39964707523557597,0.24552966866123016,0.4190189324039619,0.5194246186250486,0.41461508125206326,1.0,-1.1102230246251565e-16,1.1102230246251565e-16
NGA,尼日利亚,566,2017,0.4281568605215108,0.3048554398693741,0.4584476176082803,0.5116585291696444,0.4376658554387445,0.42815686052151075,0.304855439869374,0.4584476176082804,0.5116585291696442,0.43766585543874453,1.0,-5.551115123125783e-17,5.551115123125783e-17
GNB,几内亚（比绍）,624,2017,0.4749836263515679,0.2871061093049675,0.4216184694061365,0.4732158237674017,0.7179941029277661,0.47498362635156793,0.2871061093049675,0.42161846940613656,0.4732158237674016,0.7179941029277661,1.0,5.551115123125783e-17,5.551115123125783e-17
RWA,卢旺达,646,2017,0.4214946534136516,0.2549718875560579,0.5154305717036202,0.5138980978152915,0.4016780565796367,0.42149465341365155,0.2549718875560578,0.5154305717036204,0.5138980978152913,0.4016780565796367,1.0,-5.551115123125783e-17,5.551115123125783e-17
STP,圣多美和普林西比,678,2017,0.4485337291026263,0.3057052268082992,0.4145119378588315,0.5222377200337152,0.5516800317096594,0.4673948039938802,0.30570522680829915,0.4899562374238473,0.5222377200337152,0.5516800317096594,0.9705882352941176,0.018861074891253937,0.018861074891253937
SEN,塞内加尔,686,2017,0.5088561169919011,0.2808185499658928,0.582818785087253,0.5292714988478804,0.6425156340665784,0.5088561169919011,0.2808185499658928,0.5828187850872532,0.5292714988478803,0.6425156340665784,1.0,0.0,0.0
SYC,塞舌尔,690,2017,0.4803240984006085,0.2811449705786757,0.5760154335526623,0.463883538388057,0.6002524510830393,0.5852953834029941,0.5282072162841902,0.6808545876370965,0.5318672786076508,0.6002524510830393,0.8529411764705882,0.10497128500238562,0.10497128500238562
SLE,塞拉利昂,694,2017,0.4370630477135491,0.2516876009286103,0.4122102218677536,0.5149519918272911,0.5694023762305412,0.4370630477135491,0.25168760092861026,0.4122102218677536,0.5149519918272911,0.5694023762305412,1.0,0.0,0.0
ZAF,南非,710,2017,0.4895712516083048,0.4148045798017216,0.6952019948198531,0.480944382786846,0.3673340490247985,0.4895712516083047,0.41480457980172153,0.6952019948198531,0.480944382786846,0.3673340490247984,1.0,-5.551115123125783e-17,5.551115123125783e-17
ZWE,津巴布韦,716,2017,0.4482234391957462,0.2725059557489002,0.447150316995954,0.4565802712815003,0.6166572127566305,0.44822343919574625,0.27250595574890013,0.44715031699595403,0.45658027128150025,0.6166572127566305,1.0,5.551115123125783e-17,5.551115123125783e-17
SWZ,斯威士兰,748,2017,0.4461363064797605,0.4028853151308001,0.4163943509899476,0.5603069312386175,0.4049586285596769,0.4461363064797605,0.4028853151308001,0.4163943509899476,0.5603069312386173,0.4049586285596769,1.0,0.0,0.0
TGO,多哥,768,2017,0.4446515716124369,0.2709943740177511,0.4516515217831482,0.4885260572791388,0.5674343333697097,0.44465157161243696,0.27099437401775106,0.4516515217831484,0.48852605727913884,0.5674343333697097,1.0,5.551115123125783e-17,5.551115123125783e-17
UGA,乌干达,800,2017,0.411486318850046,0.2678787929079737,0.3938286633069838,0.4726009117094188,0.5116369074758078,0.41148631885004605,0.2678787929079737,0.39382866330698385,0.47260091170941876,0.5116369074758079,1.0,5.551115123125783e-17,5.551115123125783e-17
TZA,坦桑尼亚,834,2017,0.4658328325046568,0.2624760179188365,0.4611523249390209,0.5071844439099893,0.6325185432507804,0.4658328325046568,0.26247601791883657,0.4611523249390209,0.5071844439099893,0.6325185432507804,1.0,0.0,0.0
BFA,布基纳法索,854,2017,0.4632816642918644,0.2675361743487616,0.4530514359310499,0.5065476301568431,0.6259914167308029,0.4632816642918644,0.26753617434876154,0.45305143593104996,0.5065476301568431,0.6259914167308029,1.0,0.0,0.0
ZMB,赞比亚,894,2017,0.4765851307483799,0.3259121191037175,0.3960775118978851,0.4962056997594797,0.6881451922324374,0.47658513074837994,0.3259121191037175,0.3960775118978852,0.49620569975947965,0.6881451922324374,1.0,5.551115123125783e-17,5.551115123125783e-17
AGO,安哥拉,24,2018,0.470630242880608,0.4012315385527486,0.4678761748343445,0.5230553611613289,0.49035789697401,0.47063024288060795,0.4012315385527485,0.4678761748343447,0.5230553611613287,0.49035789697401,1.0,-5.551115123125783e-17,5.551115123125783e-17
BWA,博茨瓦纳,72,2018,0.5234674959427702,0.422772593854984,0.5372175861324651,0.5183890964174137,0.6154907073662179,0.5234674959427702,0.422772593854984,0.5372175861324652,0.5183890964174137,0.6154907073662179,1.0,0.0,0.0
BDI,布隆迪,108,2018,0.3677455841394066,0.2320933902414817,0.3625307350928418,0.4754564979839908,0.400901713239312,0.3784511784603975,0.23209339024148168,0.40535311237680555,0.4754564979839907,0.40090171323931206,0.9705882352941176,0.010705594320990885,0.010705594320990885
CMR,喀麦隆,120,2018,0.4399193563408705,0.2729875069846481,0.5209791353120524,0.5273133463969606,0.4383974366698211,0.4399193563408705,0.27298750698464797,0.5209791353120524,0.5273133463969605,0.43839743666982117,1.0,0.0,0.0
CPV,佛得角,132,2018,0.4623399004088847,0.3145898263347722,0.6607479776197998,0.5303032555713012,0.3437185421096655,0.4623399004088847,0.31458982633477217,0.6607479776197999,0.5303032555713011,0.34371854210966557,1.0,0.0,0.0
CAF,中非,140,2018,0.3854395017307287,0.1446625723579124,0.3400700932362999,0.5337028717527869,0.5233224695759158,0.3926546313842584,0.1735230909720308,0.3400700932363,0.5337028717527869,0.5233224695759159,0.9705882352941176,0.007215129653529662,0.007215129653529662
TCD,乍得,148,2018,0.3795915200229265,0.1777704335968833,0.351348073202864,0.5089988622312925,0.4802487110606661,0.38845792344752683,0.21323604729528467,0.35134807320286415,0.5089988622312924,0.4802487110606661,0.9705882352941176,0.008866403424600322,0.008866403424600322
COM,科摩罗,174,2018,0.4714365276546796,0.2752294180949696,0.4801517752632101,0.5400318904783507,0.5903330267821877,0.47143652765467947,0.2752294180949695,0.48015177526321023,0.5400318904783505,0.5903330267821877,1.0,-1.1102230246251565e-16,1.1102230246251565e-16
COG,刚果（布）,178,2018,0.4887275592098251,0.3749565381722303,0.4270279648624114,0.5447512264101468,0.6081745073945118,0.48872755920982514,0.3749565381722303,0.42702796486241146,0.5447512264101468,0.6081745073945118,1.0,5.551115123125783e-17,5.551115123125783e-17
COD,刚果（金）,180,2018,0.3977287603166051,0.2990487574932476,0.3456120252817938,0.4422563938535549,0.503997864637824,0.3977287603166051,0.2990487574932476,0.34561202528179386,0.4422563938535549,0.503997864637824,1.0,0.0,0.0
BEN,贝宁,204,2018,0.4622316003853078,0.2827390158491484,0.4433095046917353,0.523393520381171,0.5994843606191764,0.4622316003853077,0.28273901584914835,0.44330950469173525,0.5233935203811709,0.5994843606191764,1.0,-1.1102230246251565e-16,1.1102230246251565e-16
GNQ,赤道几内亚,226,2018,0.437902905588979,0.3791273567218005,0.2406113179782361,0.5400898061097834,0.5917831415460961,0.47790558380165027,0.45476414346937544,0.32498524408134627,0.5400898061097832,0.5917831415460962,0.9117647058823528,0.04000267821267128,0.04000267821267128
ETH,埃塞俄比亚,231,2018,0.4271072896628586,0.2440777478123005,0.4770044744555722,0.4905327377307002,0.4968141986528614,0.42710728966285855,0.24407774781230046,0.4770044744555722,0.49053273773070005,0.4968141986528615,1.0,-5.551115123125783e-17,5.551115123125783e-17
ERI,厄立特里亚,232,2018,0.3166584073216727,0.135694521887323,0.3543455841443579,0.4733228101687282,0.3032707130862818,0.3859009349278749,0.3708090906316443,0.39620112582484557,0.4733228101687282,0.3032707130862818,0.8529411764705882,0.0692425276062022,0.0692425276062022
DJI,吉布提,262,2018,0.4713273627254628,0.5891882636785984,0.5308077072698428,0.5484032001664397,0.2169102797869704,0.47132736272546283,0.5891882636785983,0.5308077072698429,0.5484032001664396,0.2169102797869704,1.0,5.551115123125783e-17,5.551115123125783e-17
GAB,加蓬,266,2018,0.5740631686419821,0.4850075633337621,0.592566798394243,0.566083854240289,0.6525944585996342,0.574063168641982,0.48500756333376205,0.5925667983942431,0.5660838542402888,0.6525944585996342,1.0,-1.1102230246251565e-16,1.1102230246251565e-16
GMB,冈比亚,270,2018,0.4630414964452367,0.2510860917097711,0.5230857796157647,0.5257234495203882,0.5522706649350229,0.46304149644523673,0.25108609170977103,0.5230857796157649,0.5257234495203881,0.552270664935023,1.0,5.551115123125783e-17,5.551115123125783e-17
GHA,加纳,288,2018,0.4923801601288791,0.2951429210090779,0.5917416964458325,0.5164344648619471,0.566201558198659,0.4923801601288792,0.29514292100907785,0.5917416964458326,0.516434464861947,0.5662015581986592,1.0,1.1102230246251565e-16,1.1102230246251565e-16
GIN,几内亚,324,2018,0.4786685393055654,0.304817942351018,0.4875792607715919,0.5164055321627538,0.6058714219368978,0.4786685393055654,0.30481794235101795,0.487579260771592,0.5164055321627536,0.6058714219368979,1.0,0.0,0.0
CIV,科特迪瓦,384,2018,0.4771999689166536,0.3069215422514932,0.5332306678437279,0.5337479022623982,0.5348997633089954,0.4771999689166536,0.30692154225149315,0.5332306678437279,0.5337479022623982,0.5348997633089955,1.0,0.0,0.0
KEN,肯尼亚,404,2018,0.4531557734608614,0.2752834873665404,0.5040674328690768,0.5185307659981905,0.5147414076096377,0.45315577346086133,0.27528348736654035,0.504067432869077,0.5185307659981903,0.5147414076096378,1.0,-5.551115123125783e-17,5.551115123125783e-17
LSO,莱索托,426,2018,0.4217094343993744,0.3154245892449547,0.387340476347161,0.500971321955099,0.4831013500502833,0.433147664602974,0.31542458924495465,0.4330933971615592,0.5009713219550989,0.48310135005028326,0.9705882352941176,0.011438230203599575,0.011438230203599575
LBR,利比里亚,430,2018,0.3980629074120375,0.2275419190913862,0.3976106247428582,0.4840097754128933,0.4830893104010124,0.3980629074120375,0.22754191909138616,0.3976106247428582,0.4840097754128933,0.4830893104010124,1.0,0.0,0.0
MDG,马达加斯加,450,2018,0.4286359668834986,0.2792353814579627,0.3979445047865952,0.5017058125150113,0.5356581687744252,0.4286359668834986,0.2792353814579626,0.3979445047865952,0.5017058125150113,0.5356581687744253,1.0,0.0,0.0
MWI,马拉维,454,2018,0.4275195359558281,0.2324562144104152,0.3645223890001808,0.5201385139778126,0.5929610264349037,0.42751953595582814,0.2324562144104152,0.3645223890001809,0.5201385139778125,0.5929610264349038,1.0,5.551115123125783e-17,5.551115123125783e-17
MLI,马里,466,2018,0.4253854683288152,0.2758773190305653,0.4985472985565451,0.4939059773539969,0.4332112783741534,0.42538546832881524,0.2758773190305652,0.49854729855654534,0.49390597735399683,0.43321127837415346,1.0,5.551115123125783e-17,5.551115123125783e-17
MUS,毛里求斯,480,2018,0.4978434816814965,0.4267488421927193,0.53811775448382,0.6421399293901918,0.3843674006592547,0.522328854334598,0.4267488421927193,0.6360592450962258,0.6421399293901918,0.3843674006592547,0.9705882352941176,0.024485372653101467,0.024485372653101467
MOZ,莫桑比克,508,2018,0.436336624951387,0.2553258518348795,0.3888196234802903,0.4872018741733898,0.6139991503169882,0.4363366249513869,0.2553258518348795,0.38881962348029037,0.4872018741733897,0.6139991503169882,1.0,-5.551115123125783e-17,5.551115123125783e-17
NAM,纳米比亚,516,2018,0.5598472859338907,0.4175916563442686,0.5978583892917801,0.5423054996156096,0.6816335984839045,0.5598472859338907,0.41759165634426854,0.5978583892917801,0.5423054996156094,0.6816335984839045,1.0,0.0,0.0
NER,尼日尔,562,2018,0.4011982569332289,0.2434742781067097,0.4244187534953998,0.5191727459480263,0.4177272501827801,0.40119825693322897,0.24347427810670974,0.42441875349539976,0.5191727459480262,0.4177272501827802,1.0,5.551115123125783e-17,5.551115123125783e-17
NGA,尼日利亚,566,2018,0.4333473814173851,0.3057343306053404,0.471814087753375,0.511042263561182,0.444798843749643,0.4333473814173851,0.30573433060534033,0.47181408775337513,0.5110422635611819,0.4447988437496431,1.0,0.0,0.0
GNB,几内亚（比绍）,624,2018,0.47823503747371,0.2784837908938068,0.4285135747138783,0.4888608476065046,0.7170819366806502,0.47823503747371,0.2784837908938068,0.4285135747138783,0.4888608476065046,0.7170819366806502,1.0,0.0,0.0
RWA,卢旺达,646,2018,0.4277041751328895,0.2609730133641536,0.527206410065141,0.51856143487803,0.4040758422242334,0.4277041751328895,0.26097301336415357,0.527206410065141,0.51856143487803,0.40407584222423343,1.0,0.0,0.0
STP,圣多美和普林西比,678,2018,0.4442601087698351,0.3078111980765029,0.3915606070416616,0.5256621961993995,0.5520064337617764,0.46207685482551275,0.3078111980765028,0.46282759126437223,0.5256621961993995,0.5520064337617765,0.9705882352941176,0.017816746055677624,0.017816746055677624
SEN,塞内加尔,686,2018,0.5119435929528273,0.2758006920742908,0.5993574517514251,0.5296622699269674,0.642953958058626,0.5119435929528273,0.27580069207429075,0.5993574517514252,0.5296622699269672,0.642953958058626,1.0,0.0,0.0
SYC,塞舌尔,690,2018,0.4924882286179008,0.2778133647202265,0.5864712733871736,0.4954363620212771,0.6102319143429263,0.5983593877231884,0.5219478894585122,0.6932134691952152,0.5680442778960999,0.6102319143429265,0.8529411764705882,0.1058711591052876,0.1058711591052876
SLE,塞拉利昂,694,2018,0.4388559484616144,0.252591034993146,0.4098538957531099,0.5245894306786026,0.5683894324215991,0.43885594846161446,0.25259103499314595,0.40985389575311004,0.5245894306786026,0.5683894324215992,1.0,5.551115123125783e-17,5.551115123125783e-17
ZAF,南非,710,2018,0.4967622059402085,0.4125673464593775,0.7003038396041409,0.4988464870336627,0.3753311506636527,0.4967622059402085,0.4125673464593775,0.700303839604141,0.49884648703366263,0.3753311506636527,1.0,0.0,0.0
ZWE,津巴布韦,716,2018,0.4543173107111227,0.3009979651801118,0.4435786020243386,0.4643990818578692,0.6082935937821711,0.45431731071112263,0.3009979651801117,0.4435786020243386,0.46439908185786916,0.6082935937821712,1.0,-5.551115123125783e-17,5.551115123125783e-17
SWZ,斯威士兰,748,2018,0.4460466957821695,0.3924674086175095,0.4254741421884304,0.5609316889127672,0.4053135434099709,0.4460466957821695,0.39246740861750945,0.4254741421884305,0.5609316889127671,0.40531354340997083,1.0,0.0,0.0
TGO,多哥,768,2018,0.4485740517365759,0.2699295732657758,0.4583843968801691,0.4928759661884579,0.5731062706119008,0.4485740517365759,0.2699295732657757,0.45838439688016924,0.49287596618845786,0.5731062706119008,1.0,0.0,0.0
UGA,乌干达,800,2018,0.4151890890842007,0.2630381025980959,0.40396677213917,0.4820470336349651,0.5117044479645719,0.41518908908420077,0.26303810259809585,0.40396677213917,0.4820470336349651,0.511704447964572,1.0,5.551115123125783e-17,5.551115123125783e-17
TZA,坦桑尼亚,834,2018,0.4668270126694307,0.2580154343423493,0.4707497136747537,0.5097711635073695,0.6287717391532501,0.4668270126694306,0.25801543434234925,0.47074971367475377,0.5097711635073694,0.6287717391532502,1.0,-1.1102230246251565e-16,1.1102230246251565e-16
BFA,布基纳法索,854,2018,0.4649270167639114,0.2723714041430017,0.4459706665345083,0.5081551932187014,0.6332108031594345,0.46492701676391146,0.2723714041430017,0.44597066653450834,0.5081551932187014,0.6332108031594345,1.0,5.551115123125783e-17,5.551115123125783e-17
ZMB,赞比亚,894,2018,0.476848546300283,0.3328347997424123,0.3996792028978699,0.4918819626796655,0.6829982198811845,0.47684854630028306,0.3328347997424122,0.39967920289787007,0.4918819626796655,0.6829982198811845,1.0,5.551115123125783e-17,5.551115123125783e-17
AGO,安哥拉,24,2019,0.4680057834505632,0.3949071381535175,0.4701873463596203,0.5244301554813817,0.4824984938077331,0.4680057834505632,0.39490713815351747,0.4701873463596204,0.5244301554813817,0.48249849380773313,1.0,0.0,0.0
BWA,博茨瓦纳,72,2019,0.527376341484576,0.4012451254474258,0.5666922164113194,0.5222081212174682,0.6193599028620904,0.527376341484576,0.4012451254474258,0.5666922164113195,0.5222081212174681,0.6193599028620904,1.0,0.0,0.0
BDI,布隆迪,108,2019,0.3626333260967707,0.2299784667731094,0.366746945043444,0.4767423139321776,0.3770655786383516,0.3734634258153294,0.2299784667731094,0.4100673439176789,0.47674231393217753,0.37706557863835166,0.9705882352941176,0.010830099718558694,0.010830099718558694
CMR,喀麦隆,120,2019,0.4450039490871885,0.2724227983455136,0.5386229536222442,0.5287897031883432,0.4401803411926527,0.4450039490871885,0.27242279834551353,0.5386229536222443,0.5287897031883432,0.44018034119265276,1.0,0.0,0.0
CPV,佛得角,132,2019,0.4672762256191837,0.3260674538543589,0.6679931558602287,0.5292491199962557,0.3457951727658913,0.4672762256191837,0.32606745385435887,0.6679931558602289,0.5292491199962556,0.34579517276589133,1.0,0.0,0.0
CAF,中非,140,2019,0.3878239008660336,0.1445397627784837,0.3470816457111428,0.5342004164274403,0.5254737785470678,0.39503290532059965,0.17337578059674777,0.3470816457111428,0.5342004164274402,0.5254737785470678,0.9705882352941176,0.00720900445456607,0.00720900445456607
TCD,乍得,148,2019,0.38004782582971,0.1779272652618233,0.3503463499284367,0.5105798548294926,0.4813378332990871,0.3889220513245105,0.2134241672410253,0.3503463499284369,0.5105798548294926,0.48133783329908714,0.9705882352941176,0.008874225494800547,0.008874225494800547
COM,科摩罗,174,2019,0.4730213086114039,0.2693749204404387,0.4915820675246685,0.5399249862617272,0.591203260218781,0.4730213086114039,0.26937492044043865,0.49158206752466865,0.5399249862617272,0.5912032602187811,1.0,0.0,0.0
COG,刚果（布）,178,2019,0.4841860483667957,0.3501439648313732,0.437103872354265,0.5432079564609341,0.6062883998206102,0.4841860483667957,0.3501439648313731,0.4371038723542651,0.5432079564609342,0.6062883998206103,1.0,0.0,0.0
COD,刚果（金）,180,2019,0.3972253591054931,0.2760873873776706,0.3525036582193697,0.4681500016331806,0.4921603891917516,0.3972253591054931,0.2760873873776705,0.35250365821936974,0.46815000163318055,0.4921603891917517,1.0,0.0,0.0
BEN,贝宁,204,2019,0.4639592566311473,0.2812160444015316,0.4467896057991135,0.5267888184979388,0.6010425578260056,0.46395925663114734,0.28121604440153153,0.4467896057991135,0.5267888184979388,0.6010425578260056,1.0,5.551115123125783e-17,5.551115123125783e-17
GNQ,赤道几内亚,226,2019,0.4409696180597877,0.3727468460751223,0.2576321281951595,0.5434391079495522,0.5900603900193168,0.48214621447127587,0.44711070615421217,0.3479746537620225,0.543439107949552,0.5900603900193169,0.9117647058823528,0.04117659641148819,0.04117659641148819
ETH,埃塞俄比亚,231,2019,0.4289829256161834,0.2463362737207402,0.4757525133490717,0.4948916076843123,0.4989513077106094,0.42898292561618345,0.2463362737207402,0.47575251334907187,0.49489160768431223,0.4989513077106095,1.0,5.551115123125783e-17,5.551115123125783e-17
ERI,厄立特里亚,232,2019,0.3211546637692402,0.1368129927683002,0.3699325450639651,0.4714172266745557,0.3064558905701398,0.3913419637480839,0.3738655085658739,0.41362922918176614,0.47141722667455566,0.3064558905701398,0.8529411764705882,0.07018729997884371,0.07018729997884371
DJI,吉布提,262,2019,0.4803861251091466,0.6197152374389541,0.5358101666195813,0.5484265224846169,0.2175925738934341,0.4803861251091466,0.6197152374389538,0.5358101666195815,0.5484265224846168,0.2175925738934341,1.0,0.0,0.0
GAB,加蓬,266,2019,0.5760164488595382,0.481250438471349,0.6018443317895775,0.5693684717142244,0.6516025534630017,0.5760164488595382,0.48125043847134896,0.6018443317895776,0.5693684717142244,0.6516025534630018,1.0,0.0,0.0
GMB,冈比亚,270,2019,0.4622547705399957,0.2604464160894419,0.5105218815577097,0.5256981762190265,0.5523526082938047,0.46225477053999564,0.26044641608944186,0.5105218815577098,0.5256981762190263,0.5523526082938047,1.0,-5.551115123125783e-17,5.551115123125783e-17
GHA,加纳,288,2019,0.4921061152069669,0.2987986879824942,0.5852524487629933,0.5169990239857999,0.5673743000965802,0.4921061152069669,0.2987986879824941,0.5852524487629934,0.5169990239857998,0.5673743000965803,1.0,0.0,0.0
GIN,几内亚,324,2019,0.4811606120644089,0.2970025698781635,0.4971072116156514,0.52359548441023,0.6069371823535911,0.48116061206440897,0.2970025698781634,0.49710721161565147,0.5235954844102298,0.6069371823535911,1.0,5.551115123125783e-17,5.551115123125783e-17
CIV,科特迪瓦,384,2019,0.4817458334345445,0.3134545371846353,0.5441861239008908,0.5339895703906764,0.5353531022619755,0.4817458334345446,0.31345453718463534,0.5441861239008909,0.5339895703906763,0.5353531022619756,1.0,5.551115123125783e-17,5.551115123125783e-17
KEN,肯尼亚,404,2019,0.4592555049535873,0.2768864262757959,0.5271573473026249,0.5198744466317684,0.5131037996041601,0.4592555049535873,0.27688642627579585,0.527157347302625,0.5198744466317683,0.5131037996041601,1.0,0.0,0.0
LSO,莱索托,426,2019,0.4257979389044367,0.3012170459746125,0.4160297741335164,0.4995515409871618,0.486393394522456,0.43808336895545374,0.30121704597461246,0.4651714943375848,0.49955154098716176,0.486393394522456,0.9705882352941176,0.012285430051017066,0.012285430051017066
LBR,利比里亚,430,2019,0.3903996391997431,0.2234754725863977,0.3789826103166006,0.4754217327878479,0.4837187411081262,0.3903996391997431,0.22347547258639766,0.37898261031660074,0.4754217327878479,0.4837187411081262,1.0,0.0,0.0
MDG,马达加斯加,450,2019,0.4205217991645755,0.2697640593462556,0.3769957628610429,0.5015955098662649,0.5337318645847389,0.42052179916457555,0.26976405934625547,0.3769957628610431,0.5015955098662649,0.5337318645847389,1.0,5.551115123125783e-17,5.551115123125783e-17
MWI,马拉维,454,2019,0.4335743771084304,0.2432817097571832,0.3767985896717676,0.5245516490370711,0.5896655599676993,0.4335743771084303,0.24328170975718316,0.3767985896717676,0.5245516490370709,0.5896655599676993,1.0,-1.1102230246251565e-16,1.1102230246251565e-16
MLI,马里,466,2019,0.4247358159521088,0.2708392713562014,0.5013910824745682,0.4924440451122575,0.4342688648654082,0.4247358159521088,0.2708392713562013,0.5013910824745682,0.4924440451122575,0.43426886486540833,1.0,0.0,0.0
MUS,毛里求斯,480,2019,0.5096417551861026,0.427684294844362,0.5716663726619033,0.6516096878099796,0.3876066654281654,0.5356536532348861,0.427684294844362,0.6757139648570376,0.6516096878099796,0.38760666542816546,0.9705882352941176,0.026011898048783566,0.026011898048783566
MOZ,莫桑比克,508,2019,0.442656546998301,0.2650244721695185,0.4011667722531686,0.487979792892279,0.6164551506782378,0.4426565469983009,0.2650244721695184,0.40116677225316866,0.48797979289227905,0.6164551506782378,1.0,-5.551115123125783e-17,5.551115123125783e-17
NAM,纳米比亚,516,2019,0.5573707291219119,0.3887360703073238,0.6023375687228483,0.5534197242144498,0.6849895532430252,0.5573707291219119,0.3887360703073238,0.6023375687228484,0.5534197242144497,0.6849895532430252,1.0,0.0,0.0
NER,尼日尔,562,2019,0.4210216221315287,0.2432808569727413,0.4408189782469578,0.5204698357828839,0.479516817523532,0.4210216221315287,0.24328085697274124,0.44081897824695787,0.5204698357828837,0.47951681752353204,1.0,0.0,0.0
NGA,尼日利亚,566,2019,0.4282760245569075,0.2848858245976214,0.4696749380512113,0.5102861427381267,0.4482571928406705,0.4282760245569074,0.28488582459762146,0.46967493805121124,0.5102861427381264,0.4482571928406705,1.0,-1.1102230246251565e-16,1.1102230246251565e-16
GNB,几内亚（比绍）,624,2019,0.4771915393944936,0.2644945575448035,0.4351151886878849,0.4913698397571752,0.7177865715881109,0.47719153939449366,0.26449455754480344,0.435115188687885,0.4913698397571752,0.7177865715881109,1.0,5.551115123125783e-17,5.551115123125783e-17
RWA,卢旺达,646,2019,0.4242646961079291,0.2598384525072926,0.5362695803789383,0.5221139003632373,0.3788368511822482,0.42426469610792916,0.25983845250729254,0.5362695803789386,0.5221139003632373,0.3788368511822482,1.0,5.551115123125783e-17,5.551115123125783e-17
STP,圣多美和普林西比,678,2019,0.4436762983309109,0.2997620550303702,0.3995844499814554,0.5256349129866529,0.5497237753251653,0.46185814437233297,0.2997620550303701,0.47231183414714345,0.5256349129866529,0.5497237753251654,0.9705882352941176,0.01818184604142209,0.01818184604142209
SEN,塞内加尔,686,2019,0.516979993794026,0.2786770979533364,0.6179492228921287,0.5288976298895375,0.6423960244411017,0.516979993794026,0.27867709795333634,0.6179492228921287,0.5288976298895373,0.6423960244411018,1.0,0.0,0.0
SYC,塞舌尔,690,2019,0.5025106733673246,0.2719140941873927,0.6002721316428068,0.5139013271174925,0.6239551405216064,0.6083902956980412,0.510864506889577,0.709526187760278,0.5892153476207033,0.6239551405216065,0.8529411764705882,0.10587962233071657,0.10587962233071657
SLE,塞拉利昂,694,2019,0.4429419477584109,0.2607324862378115,0.4137988593248705,0.5280219262206636,0.5692145192502979,0.4429419477584109,0.26073248623781137,0.41379885932487054,0.5280219262206636,0.569214519250298,1.0,0.0,0.0
ZAF,南非,710,2019,0.5005288120657131,0.4090751286742725,0.7266452989598643,0.4936265223873922,0.3727682982413234,0.500528812065713,0.40907512867427237,0.7266452989598643,0.49362652238739213,0.3727682982413234,1.0,-1.1102230246251565e-16,1.1102230246251565e-16
ZWE,津巴布韦,716,2019,0.4372022326865638,0.244497812446753,0.4341436015607058,0.4569126412575724,0.6132548754812239,0.4372022326865638,0.244497812446753,0.4341436015607058,0.45691264125757236,0.613254875481224,1.0,0.0,0.0
SWZ,斯威士兰,748,2019,0.4590277139229186,0.4174027787331176,0.4569830304264027,0.5631189919527254,0.398606054579429,0.45902771392291863,0.41740277873311754,0.45698303042640276,0.5631189919527254,0.398606054579429,1.0,5.551115123125783e-17,5.551115123125783e-17
TGO,多哥,768,2019,0.4521970359410282,0.2744259131228577,0.4647839540921709,0.4950908556410926,0.5744874209079915,0.45219703594102817,0.2744259131228577,0.464783954092171,0.49509085564109245,0.5744874209079915,1.0,-5.551115123125783e-17,5.551115123125783e-17
UGA,乌干达,800,2019,0.4128771201498165,0.2579139313025777,0.4094801565883052,0.4865398002787457,0.4975745924296371,0.4128771201498165,0.25791393130257767,0.40948015658830533,0.4865398002787457,0.49757459242963714,1.0,0.0,0.0
TZA,坦桑尼亚,834,2019,0.4758086410261393,0.2637632187476399,0.480241515284629,0.50948631187034,0.6497435182019482,0.4758086410261393,0.26376321874763997,0.48024151528462905,0.5094863118703399,0.6497435182019482,1.0,0.0,0.0
BFA,布基纳法索,854,2019,0.4692563701286342,0.2735206909313714,0.4603307340145005,0.5094569965534032,0.6337170590152617,0.4692563701286342,0.2735206909313714,0.4603307340145006,0.509456996553403,0.6337170590152618,1.0,0.0,0.0
ZMB,赞比亚,894,2019,0.4814095655305251,0.3223168074754871,0.4155390451713506,0.5080780262896863,0.6797043831855766,0.48140956553052505,0.322316807475487,0.41553904517135054,0.5080780262896862,0.6797043831855766,1.0,-5.551115123125783e-17,5.551115123125783e-17
AGO,安哥拉,24,2020,0.4681790743825006,0.3703714635287408,0.4788938684337802,0.531748574635296,0.4917023909321856,0.4681790743825006,0.37037146352874073,0.4788938684337803,0.5317485746352959,0.4917023909321856,1.0,0.0,0.0
BWA,博茨瓦纳,72,2020,0.5286515059968114,0.3820364359626739,0.5842174804000136,0.5216477674365846,0.6267043401879734,0.5286515059968114,0.38203643596267395,0.5842174804000138,0.5216477674365845,0.6267043401879735,1.0,0.0,0.0
BDI,布隆迪,108,2020,0.3648322782112735,0.228105282599102,0.3738407847092789,0.4742195955554467,0.3831634499812666,0.37587186022275054,0.22810528259910204,0.41799911275518686,0.4742195955554467,0.3831634499812666,0.9705882352941176,0.011039582011477034,0.011039582011477034
CMR,喀麦隆,120,2020,0.4480731300077336,0.2668389428300676,0.5569260018930423,0.5289459749160643,0.4395816003917602,0.44807313000773363,0.2668389428300675,0.5569260018930424,0.5289459749160642,0.4395816003917602,1.0,5.551115123125783e-17,5.551115123125783e-17
CPV,佛得角,132,2020,0.462305089534389,0.2615374651900926,0.699874941345282,0.5394886062515312,0.3483193453506503,0.462305089534389,0.2615374651900926,0.699874941345282,0.5394886062515309,0.34831934535065034,1.0,0.0,0.0
CAF,中非,140,2020,0.3893078966545731,0.1415537897409156,0.3596568104995966,0.5333753156228814,0.5226456707548989,0.3963679739729986,0.16979409901461737,0.35965681049959664,0.5333753156228813,0.522645670754899,0.9705882352941176,0.007060077318425506,0.007060077318425506
TCD,乍得,148,2020,0.3790822508636494,0.1644398782787672,0.3592112001919392,0.5113808337367352,0.4812970912471562,0.38728378511437805,0.19724601528168187,0.35921120019193925,0.5113808337367349,0.4812970912471562,0.9705882352941176,0.00820153425072867,0.00820153425072867
COM,科摩罗,174,2020,0.4855352356282388,0.2669645467177393,0.5460208613204145,0.5374831825673065,0.5916723519074952,0.48553523562823886,0.2669645467177392,0.5460208613204146,0.5374831825673065,0.5916723519074952,1.0,5.551115123125783e-17,5.551115123125783e-17
COG,刚果（布）,178,2020,0.4887817917043454,0.3452084905241377,0.4648920975295068,0.5448444606582381,0.6001821181054992,0.4887817917043454,0.34520849052413766,0.4648920975295069,0.5448444606582379,0.6001821181054992,1.0,0.0,0.0
COD,刚果（金）,180,2020,0.3980189296792325,0.2808664846204382,0.3658337100392013,0.4502443550432941,0.4951311690139965,0.3980189296792326,0.2808664846204382,0.3658337100392014,0.45024435504329396,0.4951311690139967,1.0,5.551115123125783e-17,5.551115123125783e-17
BEN,贝宁,204,2020,0.4633576834510247,0.2800084512980839,0.4551220463173343,0.5267547417746583,0.591545494414022,0.4633576834510247,0.2800084512980839,0.4551220463173345,0.5267547417746582,0.5915454944140222,1.0,0.0,0.0
GNQ,赤道几内亚,226,2020,0.4366766122422206,0.3462892161092739,0.275953268129484,0.5413042259040731,0.5831597388260515,0.47813976386201884,0.4153747176629419,0.37272037305500905,0.541304225904073,0.5831597388260515,0.9117647058823528,0.041463151619798244,0.041463151619798244
ETH,埃塞俄比亚,231,2020,0.432052028471016,0.2508754949377135,0.4832598016752409,0.4972684349802674,0.4968043822908421,0.432052028471016,0.25087549493771344,0.483259801675241,0.4972684349802674,0.4968043822908422,1.0,0.0,0.0
ERI,厄立特里亚,232,2020,0.3266629613504135,0.1379314636492772,0.3887236581714878,0.4706757358937958,0.3093209876870935,0.3978896528614514,0.37692192650010303,0.4346399613648132,0.47067573589379574,0.3093209876870935,0.8529411764705882,0.07122669151103789,0.07122669151103789
DJI,吉布提,262,2020,0.4787919447243726,0.608061833150754,0.536329622297567,0.5508948060497499,0.2198815173994192,0.47879194472437253,0.6080618331507539,0.5363296222975671,0.5508948060497498,0.21988151739941925,1.0,-5.551115123125783e-17,5.551115123125783e-17
GAB,加蓬,266,2020,0.5760188155196423,0.4845887483461192,0.601974724995994,0.569834663729763,0.6476771250066927,0.5760188155196423,0.4845887483461192,0.6019747249959941,0.5698346637297629,0.6476771250066927,1.0,0.0,0.0
GMB,冈比亚,270,2020,0.4604218663513481,0.2439744029394573,0.520473956780469,0.5256188025486426,0.5516203031368235,0.46042186635134813,0.2439744029394572,0.5204739567804691,0.5256188025486426,0.5516203031368236,1.0,5.551115123125783e-17,5.551115123125783e-17
GHA,加纳,288,2020,0.5014937991689348,0.289270829870194,0.639760775917695,0.5152582920402721,0.5616852988475778,0.5014937991689347,0.289270829870194,0.639760775917695,0.515258292040272,0.5616852988475779,1.0,-1.1102230246251565e-16,1.1102230246251565e-16
GIN,几内亚,324,2020,0.5014651104033858,0.3868916960824704,0.4915179645157696,0.5214661952819599,0.605984585733343,0.5014651104033858,0.3868916960824703,0.49151796451576973,0.5214661952819599,0.6059845857333431,1.0,0.0,0.0
CIV,科特迪瓦,384,2020,0.4821405880814479,0.305054900875633,0.5580556676293699,0.5335654211939203,0.5318863626268686,0.48214058808144794,0.3050549008756329,0.5580556676293701,0.5335654211939201,0.5318863626268686,1.0,5.551115123125783e-17,5.551115123125783e-17
KEN,肯尼亚,404,2020,0.4601798945948444,0.2754118210488248,0.5372409923587966,0.5204245624420429,0.5076422025297131,0.4601798945948443,0.2754118210488247,0.5372409923587967,0.5204245624420428,0.5076422025297133,1.0,-5.551115123125783e-17,5.551115123125783e-17
LSO,莱索托,426,2020,0.4176707454911882,0.2997302222021181,0.3894560333941621,0.4987826773382772,0.4827140490301955,0.42917144845451755,0.29973022220211804,0.43545884524747946,0.49878267733827714,0.48271404903019555,0.9705882352941176,0.011500702963329335,0.011500702963329335
LBR,利比里亚,430,2020,0.3933618347728259,0.2467877361289415,0.3776795760771793,0.4664676503344838,0.4825123765506989,0.39336183477282594,0.24678773612894142,0.37767957607717945,0.4664676503344838,0.482512376550699,1.0,5.551115123125783e-17,5.551115123125783e-17
MDG,马达加斯加,450,2020,0.4168703687878407,0.2472981154313452,0.3886107432261417,0.4944501848606521,0.5371224316332237,0.4168703687878407,0.24729811543134517,0.3886107432261418,0.49445018486065195,0.5371224316332238,1.0,0.0,0.0
MWI,马拉维,454,2020,0.4345968413443849,0.230811657373393,0.3853904321511969,0.5230444013246044,0.5991408745283454,0.4345968413443849,0.23081165737339293,0.385390432151197,0.5230444013246042,0.5991408745283454,1.0,0.0,0.0
MLI,马里,466,2020,0.4421087529698652,0.2890440105590618,0.5572597576010263,0.4876813689761313,0.4344498747432413,0.44210875296986524,0.28904401055906176,0.5572597576010264,0.48768136897613124,0.4344498747432414,1.0,5.551115123125783e-17,5.551115123125783e-17
MUS,毛里求斯,480,2020,0.5048329181085872,0.396806034858451,0.5808687800701801,0.6489998296331155,0.3926570278726021,0.5312635430490592,0.39680603485845106,0.6865912798320678,0.6489998296331155,0.3926570278726022,0.9705882352941176,0.026430624940471992,0.026430624940471992
MOZ,莫桑比克,508,2020,0.4430691316037307,0.2381886980302202,0.4205921540078352,0.4885732365520545,0.624922437824813,0.44306913160373074,0.23818869803022016,0.42059215400783523,0.4885732365520545,0.6249224378248132,1.0,5.551115123125783e-17,5.551115123125783e-17
NAM,纳米比亚,516,2020,0.5655947851404576,0.385402054942434,0.6358180108958091,0.5525462961701628,0.6886127785534244,0.5655947851404576,0.385402054942434,0.6358180108958091,0.5525462961701627,0.6886127785534244,1.0,0.0,0.0
NER,尼日尔,562,2020,0.4215468719450748,0.2384640594972212,0.4507380645963346,0.5202086274434762,0.4767767362432671,0.4215468719450748,0.23846405949722116,0.45073806459633475,0.5202086274434761,0.4767767362432672,1.0,0.0,0.0
NGA,尼日利亚,566,2020,0.4278034666734073,0.2739061317786561,0.4854470384344196,0.5114478398248768,0.4404128566556767,0.4278034666734073,0.2739061317786561,0.48544703843441966,0.5114478398248767,0.4404128566556767,1.0,0.0,0.0
GNB,几内亚（比绍）,624,2020,0.4829560827776521,0.2689966753860038,0.4582185090335655,0.4882593931089933,0.7163497535820458,0.4829560827776521,0.2689966753860038,0.4582185090335656,0.4882593931089933,0.7163497535820457,1.0,0.0,0.0
RWA,卢旺达,646,2020,0.4257089733458826,0.2470569751583104,0.5506213620125353,0.5205956027575852,0.3845619534550996,0.42570897334588265,0.2470569751583104,0.5506213620125354,0.5205956027575851,0.38456195345509964,1.0,5.551115123125783e-17,5.551115123125783e-17
STP,圣多美和普林西比,678,2020,0.4575267090540417,0.3165053671726917,0.4403863591024825,0.5272868601515112,0.5459282497894814,0.4775651189078668,0.3165053671726917,0.5205399985177832,0.527286860151511,0.5459282497894814,0.9705882352941176,0.0200384098538251,0.0200384098538251
SEN,塞内加尔,686,2020,0.5230409605790747,0.268348829185654,0.6402362008989584,0.5301352862422669,0.6534435259894193,0.5230409605790747,0.26834882918565395,0.6402362008989585,0.5301352862422668,0.6534435259894193,1.0,0.0,0.0
SYC,塞舌尔,690,2020,0.5149532279579359,0.2403332346209744,0.6654375237100233,0.5240124151546953,0.6300297383460507,0.6172303608027389,0.4515312814539412,0.7865521727594769,0.6008082506514867,0.6300297383460508,0.8529411764705882,0.102277132844803,0.102277132844803
SLE,塞拉利昂,694,2020,0.4414256721200589,0.2514644674464582,0.4207965379857008,0.5247225823049714,0.5687191007431052,0.44142567212005884,0.2514644674464582,0.4207965379857008,0.5247225823049713,0.5687191007431052,1.0,-5.551115123125783e-17,5.551115123125783e-17
ZAF,南非,710,2020,0.513401603589865,0.4223555330520329,0.7484080154533955,0.5044512230301736,0.3783916428238578,0.513401603589865,0.4223555330520328,0.7484080154533955,0.5044512230301735,0.3783916428238579,1.0,0.0,0.0
ZWE,津巴布韦,716,2020,0.4329715164851213,0.2060082285732837,0.4506753117220442,0.4524022891620732,0.6228002364830839,0.43297151648512133,0.2060082285732838,0.4506753117220444,0.4524022891620732,0.622800236483084,1.0,5.551115123125783e-17,5.551115123125783e-17
SWZ,斯威士兰,748,2020,0.4649683811842934,0.4159128384484529,0.4700055864142706,0.567761169737213,0.406193930137237,0.4649683811842934,0.4159128384484528,0.47000558641427065,0.567761169737213,0.406193930137237,1.0,0.0,0.0
TGO,多哥,768,2020,0.4543495823997686,0.2738780739248406,0.4854365163694848,0.4915513553497166,0.5665323839550326,0.4543495823997687,0.2738780739248406,0.48543651636948487,0.4915513553497166,0.5665323839550327,1.0,1.1102230246251565e-16,1.1102230246251565e-16
UGA,乌干达,800,2020,0.4131179727479815,0.2536531668354076,0.4245121082422118,0.4794234272910374,0.4948831886232693,0.41311797274798157,0.25365316683540756,0.4245121082422119,0.4794234272910374,0.49488318862326947,1.0,5.551115123125783e-17,5.551115123125783e-17
TZA,坦桑尼亚,834,2020,0.473591830414891,0.2612089271719985,0.4747743239408194,0.5106150014752989,0.6477690690714476,0.47359183041489106,0.2612089271719984,0.47477432394081953,0.5106150014752989,0.6477690690714476,1.0,5.551115123125783e-17,5.551115123125783e-17
BFA,布基纳法索,854,2020,0.4729152524017759,0.2894693292334035,0.4627361472332973,0.5079725480153089,0.6314829851250939,0.47291525240177595,0.2894693292334034,0.46273614723329737,0.507972548015309,0.631482985125094,1.0,5.551115123125783e-17,5.551115123125783e-17
ZMB,赞比亚,894,2020,0.49476116523637,0.3546156326361835,0.4477725080358176,0.4883886648547593,0.6882678554187196,0.49476116523637004,0.3546156326361835,0.44777250803581764,0.4883886648547593,0.6882678554187197,1.0,5.551115123125783e-17,5.551115123125783e-17
AGO,安哥拉,24,2021,0.4741027027196594,0.3980312713856188,0.4811414321850672,0.522913064388573,0.4943250429193787,0.4741027027196595,0.3980312713856188,0.48114143218506733,0.522913064388573,0.49432504291937873,1.0,1.1102230246251565e-16,1.1102230246251565e-16
BWA,博茨瓦纳,72,2021,0.5506105756100113,0.4394682594143811,0.6176174097516054,0.5218365626261908,0.6235200706478676,0.5506105756100113,0.4394682594143811,0.6176174097516054,0.5218365626261907,0.6235200706478676,1.0,0.0,0.0
BDI,布隆迪,108,2021,0.3694609640338341,0.2310111478538308,0.3850219525211713,0.4755043158097862,0.3863064399505482,0.38083072783416927,0.2310111478538308,0.43050100772251204,0.4755043158097861,0.3863064399505482,0.9705882352941176,0.011369763800335164,0.011369763800335164
CMR,喀麦隆,120,2021,0.4497468775959609,0.2722969572915683,0.5573439000524518,0.529217724752655,0.4401289282871686,0.44974687759596094,0.2722969572915683,0.5573439000524519,0.529217724752655,0.4401289282871686,1.0,5.551115123125783e-17,5.551115123125783e-17
CPV,佛得角,132,2021,0.4813871895693122,0.3001514589549287,0.7366409558668856,0.5408412476216267,0.3479150958338077,0.48138718956931215,0.3001514589549286,0.7366409558668857,0.5408412476216264,0.34791509583380775,1.0,-5.551115123125783e-17,5.551115123125783e-17
CAF,中非,140,2021,0.3895195144912207,0.1405534758573949,0.3591919015554224,0.5311095199236536,0.5272231606284119,0.39652970057484926,0.1685942201919091,0.3591919015554225,0.5311095199236535,0.5272231606284119,0.9705882352941176,0.007010186083628578,0.007010186083628578
TCD,乍得,148,2021,0.3910578285095799,0.1694019817393933,0.405874924176017,0.507042233744378,0.4819121743785313,0.39950685054681123,0.20319806988831865,0.405874924176017,0.5070422337443778,0.48191217437853145,0.9705882352941176,0.008449022037231357,0.008449022037231357
COM,科摩罗,174,2021,0.4873703879788932,0.2712880532527206,0.5547079532588566,0.5323560671442444,0.5911294782597513,0.4873703879788932,0.27128805325272054,0.5547079532588568,0.5323560671442443,0.5911294782597513,1.0,0.0,0.0
COG,刚果（布）,178,2021,0.4947824834409479,0.3616886602143799,0.4742597859675592,0.5409486657595878,0.6022328218222647,0.4947824834409479,0.3616886602143798,0.47425978596755924,0.5409486657595876,0.6022328218222648,1.0,0.0,0.0
COD,刚果（金）,180,2021,0.386286296734865,0.2957910625297999,0.375495384748825,0.3813626373723258,0.4924961022885096,0.3862862967348651,0.29579106252979986,0.37549538474882505,0.38136263737232573,0.49249610228850965,1.0,1.1102230246251565e-16,1.1102230246251565e-16
BEN,贝宁,204,2021,0.4696391887803395,0.2819722738352015,0.4693616518876419,0.5346155685299349,0.5926072608685798,0.4696391887803395,0.2819722738352014,0.46936165188764195,0.5346155685299347,0.59260726086858,1.0,0.0,0.0
GNQ,赤道几内亚,226,2021,0.4382093804978033,0.3552046195133078,0.2906702530953976,0.5274814067383498,0.579481242644158,0.4814073752757908,0.4260687647182023,0.3925980870024533,0.5274814067383495,0.5794812426441581,0.9117647058823528,0.043197994777987525,0.043197994777987525
ETH,埃塞俄比亚,231,2021,0.4380534740199036,0.2487896603358321,0.5092226308656307,0.4974209400542622,0.4967806648238893,0.4380534740199036,0.24878966033583208,0.5092226308656309,0.49742094005426213,0.49678066482388933,1.0,0.0,0.0
ERI,厄立特里亚,232,2021,0.3274653038313921,0.1390489340476274,0.392506837273988,0.4681364435609129,0.3101690004430401,0.39928776665072624,0.3799756104400052,0.4388700121589469,0.4681364435609129,0.31016900044304,0.8529411764705882,0.07182246281933413,0.07182246281933413
DJI,吉布提,262,2021,0.4787511167106713,0.602143153897648,0.5374268847946193,0.5511634837721037,0.2242709443783141,0.4787511167106712,0.6021431538976478,0.5374268847946194,0.5511634837721036,0.22427094437831413,1.0,-5.551115123125783e-17,5.551115123125783e-17
GAB,加蓬,266,2021,0.5745043421750321,0.4746000419947527,0.608378244320048,0.5651937834672828,0.649845298918045,0.5745043421750321,0.47460004199475264,0.608378244320048,0.5651937834672827,0.6498452989180451,1.0,0.0,0.0
GMB,冈比亚,270,2021,0.4602022670453763,0.2470336143766756,0.5171751055911784,0.5262999136367184,0.550300434576933,0.46020226704537637,0.24703361437667554,0.5171751055911785,0.5262999136367184,0.5503004345769331,1.0,5.551115123125783e-17,5.551115123125783e-17
GHA,加纳,288,2021,0.5013513836581811,0.2931632109093741,0.6443816116023612,0.5054871315901466,0.5623735805308426,0.5013513836581811,0.29316321090937403,0.6443816116023613,0.5054871315901464,0.5623735805308427,1.0,0.0,0.0
GIN,几内亚,324,2021,0.5082336509949194,0.3973766729044736,0.5049429403088883,0.5236397474599505,0.6069752433063651,0.5082336509949192,0.3973766729044735,0.5049429403088883,0.5236397474599503,0.6069752433063651,1.0,-1.1102230246251565e-16,1.1102230246251565e-16
CIV,科特迪瓦,384,2021,0.4879519894135298,0.3137116780204735,0.5786423630751634,0.5276878036195403,0.5317661129389418,0.4879519894135298,0.3137116780204735,0.5786423630751636,0.5276878036195402,0.5317661129389419,1.0,0.0,0.0
KEN,肯尼亚,404,2021,0.4646810331156892,0.2838980777280034,0.5405531327082055,0.5225203338683061,0.5117525881582419,0.4646810331156893,0.2838980777280034,0.5405531327082056,0.5225203338683061,0.5117525881582421,1.0,1.1102230246251565e-16,1.1102230246251565e-16
LSO,莱索托,426,2021,0.4182699951593465,0.3033343492260373,0.3999500358026988,0.4869771225460249,0.4828184730626247,0.43008058780019653,0.3033343492260373,0.44719240636609936,0.4869771225460249,0.48281847306262465,0.9705882352941176,0.011810592640850048,0.011810592640850048
LBR,利比里亚,430,2021,0.396067792330496,0.2739549727698665,0.3745513324929646,0.4515461626440614,0.4842187014150913,0.39606779233049594,0.2739549727698664,0.37455133249296463,0.4515461626440613,0.4842187014150913,1.0,-5.551115123125783e-17,5.551115123125783e-17
MDG,马达加斯加,450,2021,0.422578376355065,0.2638148742096844,0.3957749602336398,0.4947319329733963,0.5359917380035396,0.42257837635506507,0.26381487420968436,0.3957749602336398,0.4947319329733963,0.5359917380035397,1.0,5.551115123125783e-17,5.551115123125783e-17
MWI,马拉维,454,2021,0.4398738050275703,0.2360238523264661,0.3978661259815039,0.5247827898485541,0.6008224519537569,0.43987380502757034,0.2360238523264661,0.397866125981504,0.5247827898485541,0.6008224519537569,1.0,5.551115123125783e-17,5.551115123125783e-17
MLI,马里,466,2021,0.4310810300133801,0.2794676692022401,0.5530321544048025,0.4576029947620327,0.434221301684445,0.4310810300133801,0.2794676692022401,0.5530321544048026,0.4576029947620327,0.4342213016844451,1.0,0.0,0.0
MUS,毛里求斯,480,2021,0.5126343876725141,0.4222667588560827,0.5950730390879432,0.6406572943224476,0.3925404584235828,0.5397113331857847,0.42226675885608256,0.7033808211410254,0.6406572943224477,0.392540458423583,0.9705882352941176,0.027076945513270556,0.027076945513270556
MOZ,莫桑比克,508,2021,0.4483762114327594,0.2622120295217851,0.4227487727758596,0.4849971096935707,0.6235469337398223,0.44837621143275935,0.262212029521785,0.4227487727758596,0.4849971096935707,0.6235469337398223,1.0,-5.551115123125783e-17,5.551115123125783e-17
NAM,纳米比亚,516,2021,0.5670696642358746,0.3871879017730106,0.6441127051699093,0.5487379696391291,0.6882400803614497,0.5670696642358746,0.3871879017730105,0.6441127051699091,0.548737969639129,0.6882400803614497,1.0,0.0,0.0
NER,尼日尔,562,2021,0.4238602635258779,0.2337709387328596,0.4668110910114291,0.5171833324611161,0.477675691898107,0.423860263525878,0.23377093873285953,0.4668110910114293,0.5171833324611161,0.47767569189810705,1.0,1.1102230246251565e-16,1.1102230246251565e-16
NGA,尼日利亚,566,2021,0.4295475856615096,0.2869142384613409,0.4805993856648885,0.5104304602895285,0.4402462582302803,0.42954758566150963,0.2869142384613408,0.48059938566488863,0.5104304602895285,0.44024625823028035,1.0,5.551115123125783e-17,5.551115123125783e-17
GNB,几内亚（比绍）,624,2021,0.4889301106143713,0.2776106867099494,0.4697748450199299,0.49162082573275,0.7167140849948561,0.4889301106143714,0.27761068670994926,0.4697748450199301,0.4916208257327499,0.7167140849948562,1.0,1.1102230246251565e-16,1.1102230246251565e-16
RWA,卢旺达,646,2021,0.4390466422266231,0.273494457237349,0.5716437591673716,0.5224585769338034,0.3885897755679684,0.4390466422266231,0.273494457237349,0.5716437591673718,0.5224585769338033,0.3885897755679684,1.0,0.0,0.0
STP,圣多美和普林西比,678,2021,0.4608513696877106,0.3080144792674905,0.4614778394594357,0.5272508884624517,0.5466622715614646,0.4818494816737223,0.30801447926749037,0.5454702874034827,0.5272508884624516,0.5466622715614647,0.9705882352941176,0.020998111986011703,0.020998111986011703
SEN,塞内加尔,686,2021,0.524334696808648,0.2771411036248362,0.642085210171197,0.5257361018234472,0.6523763716151113,0.524334696808648,0.2771411036248361,0.6420852101711972,0.5257361018234472,0.6523763716151115,1.0,0.0,0.0
SYC,塞舌尔,690,2021,0.5220093418219965,0.2568011300957358,0.6331257924425112,0.5648346556417143,0.633275789108025,0.6279297703173459,0.48247069754550004,0.7483594626574283,0.64761313195843,0.6332757891080251,0.8529411764705882,0.10592042849534933,0.10592042849534933
SLE,塞拉利昂,694,2021,0.4493497915851158,0.2629938192637512,0.4423983090630449,0.5227447176166962,0.5692623203969709,0.4493497915851158,0.26299381926375115,0.4423983090630449,0.522744717616696,0.569262320396971,1.0,0.0,0.0
ZAF,南非,710,2021,0.5226793504147842,0.4520014817965863,0.7485833501806022,0.505455144100059,0.3846774255818894,0.5226793504147842,0.4520014817965863,0.7485833501806022,0.505455144100059,0.38467742558188933,1.0,0.0,0.0
ZWE,津巴布韦,716,2021,0.4559356097893917,0.2858160597157548,0.4701263585583718,0.4499406375184326,0.6178593833650075,0.45593560978939174,0.28581605971575474,0.4701263585583719,0.4499406375184326,0.6178593833650076,1.0,5.551115123125783e-17,5.551115123125783e-17
SWZ,斯威士兰,748,2021,0.4703042797917762,0.4164503323261039,0.4941579418482514,0.5676580123701737,0.4029508326225757,0.47030427979177614,0.4164503323261039,0.4941579418482515,0.5676580123701734,0.4029508326225757,1.0,-5.551115123125783e-17,5.551115123125783e-17
TGO,多哥,768,2021,0.4518925183038021,0.2697435552872677,0.4835013531531011,0.4854424772300479,0.5688826875447917,0.4518925183038021,0.2697435552872676,0.4835013531531013,0.4854424772300478,0.5688826875447917,1.0,0.0,0.0
UGA,乌干达,800,2021,0.4200573109540627,0.2543460602238075,0.4454516128745083,0.4827903370744066,0.497641233643528,0.42005731095406257,0.2543460602238074,0.4454516128745083,0.48279033707440655,0.497641233643528,1.0,-1.1102230246251565e-16,1.1102230246251565e-16
TZA,坦桑尼亚,834,2021,0.474763335103868,0.261874952341304,0.4834760409812133,0.5016903077611036,0.6520120393318509,0.4747633351038679,0.261874952341304,0.4834760409812134,0.5016903077611035,0.6520120393318509,1.0,-5.551115123125783e-17,5.551115123125783e-17
BFA,布基纳法索,854,2021,0.4665722007999991,0.2914571005007705,0.4721083172266384,0.4713121239828469,0.631411261489741,0.4665722007999992,0.29145710050077045,0.47210831722663843,0.47131212398284683,0.6314112614897411,1.0,1.1102230246251565e-16,1.1102230246251565e-16
ZMB,赞比亚,894,2021,0.4826261625853657,0.3722380078500096,0.4448657080708304,0.4262153478046729,0.6871855866159501,0.4826261625853657,0.37223800785000954,0.4448657080708304,0.42621534780467285,0.6871855866159501,1.0,0.0,0.0
