Alpha-3 code,Numeric,Year,SDI,SDI_Economy,SDI_Society,SDI_Resource,SDI_Ecology,SDI_Economy_TwoStage,SDI_Society_TwoStage,SDI_Resource_TwoStage,SDI_Ecology_TwoStage,SDI_TwoStage,rank_global_critic,rank_two_stage,rank_change_two_stage_minus_global,abs_rank_change,sdi_difference,SDI_Equal,SDI_Average,SDI_Entropy_Global,SDI_Economy_Entropy,SDI_Society_Entropy,SDI_Resource_Entropy,SDI_Ecology_Entropy,SDI_Entropy_TwoStage,Country
AGO,24,2001,0.3860822289012725,0.3520617824984728,0.2651053679790754,0.5001035366250624,0.4307810913586525,0.349185323415268,0.2792617066040634,0.4995912220679936,0.4392157890102576,0.3918135102743957,28.0,23.0,-5.0,5.0,0.0057312813731231,0.3948120336677316,0.3892884926627787,0.09787724864254849,0.17294706289780024,0.09689828876666855,0.02823836321642694,0.2467622187813567,0.1362114834155631,Angola
AGO,24,2002,0.3897287719467692,0.3287194725606114,0.2671013737378742,0.5168844060227924,0.4379797904007623,0.327185582340466,0.2821449208759774,0.5156905649502532,0.4471394497492366,0.3930401294789833,29.0,25.0,-4.0,4.0,0.003311357532214,0.395331285191816,0.3912056872006975,0.09057980557709078,0.13353370822233734,0.089921211223851,0.02920766601583081,0.248227420493045,0.12522250148876604,Angola
AGO,24,2003,0.3951246076258017,0.3309510408175324,0.2802100173984191,0.5190354894744447,0.4401420626557503,0.3305272589844812,0.2957522018501367,0.5176739511060363,0.4495860701780125,0.3983848705296667,29.0,24.0,-5.0,5.0,0.0032602629038649,0.4033426133412451,0.3991924696519422,0.09100676393989465,0.13252123516518882,0.09405330725395299,0.029038871204547408,0.24820379178100446,0.12595430135117341,Angola
AGO,24,2004,0.402424177986764,0.366492633833866,0.2944512503366723,0.516725633455501,0.4371256172539208,0.3663645514597509,0.3102633622033935,0.5154746680221478,0.4464057485932737,0.4096270825696415,28.0,21.0,-7.0,7.0,0.0072029045828774,0.4155568499931579,0.4100441971803308,0.0940395445963195,0.14326752239647805,0.10048016893600792,0.029691837804168675,0.24660994505968253,0.1300123685490843,Angola
AGO,24,2005,0.4066280831799995,0.4048115722836244,0.3057265576977643,0.5118722573519121,0.4284655370750918,0.4031767344091759,0.3221944427124287,0.510990136695681,0.4370625429533814,0.4183559641926668,28.0,18.0,-10.0,10.0,0.0117278810126673,0.421923553836489,0.4155311323839949,0.09732832270067057,0.16042494950284975,0.10175189082773639,0.03075062306647343,0.24369391182201214,0.13415534380476793,Angola
AGO,24,2006,0.4203945508793572,0.4162706689021807,0.3257078052228364,0.5124899676947309,0.4455954128913448,0.4147514428852486,0.3422302004192514,0.5114490125868404,0.4557985381507443,0.4310572985105211,22.0,15.0,-7.0,7.0,0.0106627476311639,0.43383534520066,0.4274604074069928,0.10138770141744796,0.16573100772465266,0.11295993093104806,0.0319644984888428,0.24796080813938642,0.1396540613209825,Angola
AGO,24,2007,0.4244363965058302,0.4272321620951397,0.3533833745228456,0.5070461281017749,0.4334528932984986,0.4251332622242407,0.3697100974017354,0.5061249109951875,0.4426156519659081,0.4358959806467679,21.0,15.0,-6.0,6.0,0.0114595841409377,0.4375204018926951,0.4318410043571024,0.10718400039838237,0.18244500749512918,0.1291289358790575,0.03346681953401025,0.24414694962190672,0.1472969281325259,Angola
AGO,24,2008,0.438903516854859,0.422413661265379,0.4164347199048335,0.497621038276766,0.4293025507716928,0.4198800375524729,0.4367659155698516,0.4969839846701462,0.4381757634835152,0.4479514253189965,20.0,9.0,-11.0,11.0,0.0090479084641375,0.4446865758682002,0.4416355884961255,0.1161391755614367,0.19513745340892458,0.1669029742870531,0.03480640667860884,0.24246027524627078,0.15982677740521434,Angola
AGO,24,2009,0.4422781395803993,0.3648102013535644,0.4306093784579229,0.520620496208944,0.4347185444993938,0.3642591200645795,0.4510146499773352,0.5188811259052775,0.4441477636796933,0.4445756649067214,21.0,13.0,-8.0,8.0,0.0022975253263221,0.4433658422917284,0.4434788701256267,0.11576535791682004,0.18084395377972495,0.1778063959752886,0.035133509000882926,0.2432248740709907,0.1592521832067218,Angola
AGO,24,2010,0.4401691324384102,0.4075122405944328,0.4280112506340109,0.5142762915692591,0.4192231582625317,0.4058564325786556,0.4489862084194504,0.5127793159562448,0.4272198831748111,0.4487104600322905,24.0,14.0,-10.0,10.0,0.0085413275938802,0.4453270355940747,0.4439229751486826,0.11596343490585002,0.189251330613298,0.1702892608663968,0.03652551471348239,0.23852909408510026,0.15864880006956936,Angola
AGO,24,2011,0.46601175721363,0.4161291715485545,0.439121657777091,0.515042512922182,0.4776446919304529,0.4142737161222711,0.4591008072594953,0.5134976213287824,0.4846907729623799,0.4678907294182322,18.0,9.0,-9.0,9.0,0.0018789722046021,0.4610035921812269,0.4590725314751235,0.12379308363137505,0.19266366940418908,0.1831932395056711,0.0370336358657368,0.27041771150820954,0.1708270640709516,Angola
AGO,24,2012,0.4677454067723464,0.4224030245443996,0.437800138572656,0.518943982812967,0.4789622977102283,0.4213484668213319,0.4567437062658108,0.517162281298759,0.4862144820873808,0.4703672341183206,18.0,9.0,-9.0,9.0,0.0026218273459742,0.4654074269929496,0.4629612399279399,0.12572449386635137,0.19733188628999437,0.18509648075665672,0.03868579364835778,0.2701742167701817,0.17282209436629764,Angola
AGO,24,2013,0.4695024418377606,0.4117132455754497,0.4480531148738347,0.5251946452973256,0.4757619916754554,0.4110312358238968,0.466317863785622,0.5230935108563869,0.4827790805402746,0.4708054227515451,21.0,9.0,-12.0,12.0,0.0013029809137845,0.4660139991032182,0.4646326525075737,0.12859437023056694,0.19934031248100192,0.19847661307560208,0.03964203597172328,0.2688157998554818,0.17656869034595227,Angola
AGO,24,2014,0.473725394455486,0.3936943727282969,0.4523415545136369,0.5345424888487229,0.4850348333169151,0.3943909999799334,0.4702671116335872,0.5320150114760699,0.492945350985105,0.4724046185186739,22.0,11.0,-11.0,11.0,-0.0013207759368121,0.4683646647347482,0.4678961273594426,0.13124501065783828,0.194599898040429,0.21111470520594294,0.04168509687843256,0.27093074028053526,0.17958261010133494,Angola
AGO,24,2015,0.4704829902528226,0.3612021634541757,0.4600202270160843,0.540121076976548,0.4784647931535226,0.3627799984142359,0.4780867008656075,0.537292940833262,0.4858501550155857,0.4660024487821728,22.0,12.0,-10.0,10.0,-0.0044805414706498,0.4632450034451688,0.4645164731179177,0.12912056569485109,0.18202838985116185,0.2130131968272876,0.041850119482654095,0.2686562845702479,0.1763869976828379,Angola
AGO,24,2016,0.4708701593775966,0.3819768014138909,0.4554023895682908,0.5340118324462069,0.4792607671197361,0.3815473364612028,0.4736004429934206,0.531560451099601,0.4868556974529395,0.4683909820017909,22.0,14.0,-8.0,8.0,-0.0024791773758056,0.4636380848049172,0.4641525976594394,0.13001183875550248,0.19172262108163013,0.21057989710477576,0.041206438259659375,0.2682766840991627,0.177946410136307,Angola
AGO,24,2017,0.4709968851836258,0.3808209401823251,0.4489531506720028,0.5298744854371151,0.4876271912205219,0.3808053966075324,0.4655328067703915,0.5277641396807035,0.4961513604654269,0.4675634258810136,23.0,16.0,-7.0,7.0,-0.0034334593026121,0.463679458563156,0.4637521915360181,0.1285040657823642,0.1812606587766999,0.2117408993690465,0.04092182872609524,0.26998840025184384,0.17597794678092138,Angola
AGO,24,2018,0.4715353192595232,0.4021465233484932,0.4514047618892528,0.5249942666292079,0.4822091626491383,0.4012315385527485,0.4678761748343447,0.5230553611613287,0.49035789697401,0.4706302428806079,24.0,17.0,-7.0,7.0,-0.0009050763789152,0.4655298757493672,0.4649847233964737,0.12844826113772287,0.18154547639387808,0.21388285386587116,0.04056247235613431,0.26812538424178217,0.17602904671441644,Angola
AGO,24,2019,0.4692922667924183,0.3954480813289756,0.4547094411502145,0.5264530537041415,0.4749587327364976,0.3949071381535174,0.4701873463596204,0.5244301554813817,0.4824984938077331,0.4680057834505632,25.0,19.0,-6.0,6.0,-0.0012864833418551,0.4637168537023413,0.4636205230918241,0.12856934671106607,0.17593276821061932,0.2231871061482255,0.04033002756865989,0.26584413831237436,0.17632351005996977,Angola
AGO,24,2020,0.4733920845193464,0.3701549746428408,0.4644301231432499,0.5339395419076802,0.4831982146956338,0.3703714635287407,0.4788938684337803,0.5317485746352959,0.4917023909321856,0.4681790743825006,25.0,20.0,-5.0,5.0,-0.0052130101368458,0.4650966484146446,0.4663671519055164,0.12851892039339752,0.16468195575363234,0.2391644723890654,0.03830449137932485,0.2675360857617896,0.17742175132095306,Angola
AGO,24,2021,0.4769618490869019,0.398636923218902,0.4673705763783559,0.5247918967160442,0.4855734436789742,0.3980312713856188,0.4811414321850673,0.522913064388573,0.4943250429193787,0.4741027027196595,26.0,20.0,-6.0,6.0,-0.0028591463672424,0.4698803743322967,0.4700080971236108,0.13035930066585588,0.1681081105100662,0.24584385923203972,0.03844579205232346,0.2679012854473809,0.18007476181045257,Angola
BWA,72,2001,0.4718623267565705,0.4104572350816969,0.285807554531769,0.5155723252046307,0.6195842788869729,0.4108968758068333,0.2905007410845059,0.512447839971884,0.6207577795103532,0.4586508090933941,6.0,7.0,1.0,1.0,-0.0132115176631764,0.4647624350937508,0.4573616777893584,0.12826198151704743,0.1831343003346471,0.21603791386937016,0.017819455979568893,0.3391180179753469,0.18902742203973327,Botswana
BWA,72,2002,0.4756769110223647,0.4086885503374916,0.2969087889695044,0.5169953055206964,0.6208952530672305,0.4090000206554865,0.3014008931552855,0.513766648638289,0.6222827478739446,0.4616125775807514,5.0,5.0,0.0,0.0,-0.0140643334416132,0.468589962409935,0.4616544172710471,0.1312454894200716,0.18246023663570943,0.23337738815958717,0.018245892695399425,0.3389859898064875,0.1932673768242959,Botswana
BWA,72,2003,0.4777027204654241,0.4119426113181399,0.3077590657194881,0.5148053789816223,0.6177560847709018,0.4125363100148173,0.3120933507352516,0.5116359651463307,0.6190275055533678,0.4638232828624418,5.0,5.0,0.0,0.0,-0.0138794376029822,0.4697166238723224,0.4630607945608473,0.1319807066011492,0.1822287872539275,0.23825517912533853,0.018562283185030018,0.33764787054442963,0.1941735300271814,Botswana
BWA,72,2004,0.4755268481576611,0.3955620003215135,0.3040309363149204,0.5107259031711658,0.623072173207737,0.3957447287705794,0.3072294653749246,0.5077297331683603,0.6247183590064949,0.4588555715800898,6.0,7.0,1.0,1.0,-0.0166712765775712,0.4649426737787367,0.4587307639030125,0.1323105655152609,0.18091688017346866,0.240259765336924,0.01870600160187002,0.3386334869725924,0.19462903352121377,Botswana
BWA,72,2005,0.475235682695955,0.430320144023561,0.2998002419142174,0.5135410931861306,0.611499904729799,0.4289085089208265,0.3036960327305828,0.5103562823968468,0.6120329584874593,0.4637484456339288,6.0,7.0,1.0,1.0,-0.0114872370620261,0.4684749233872084,0.460994602981056,0.131708875209734,0.19406453115046737,0.22496646477908294,0.019065638808891873,0.33528685031512334,0.19334587126339137,Botswana
BWA,72,2006,0.4864404847221946,0.4512581012394981,0.3213533622160175,0.5005425517699493,0.6247198679366223,0.4494999280737876,0.3236652351809146,0.4976632638588699,0.6264463750432481,0.474318700539205,6.0,5.0,-1.0,1.0,-0.0121217841829895,0.4784427609427283,0.4704974197851863,0.14422598063940004,0.21059283218371913,0.27776674842039084,0.019631969677126965,0.3387106131639056,0.21167554086128565,Botswana
BWA,72,2007,0.4897593757475716,0.4459797637713634,0.3414836679117484,0.5003576937218219,0.6195540900617617,0.444248117378727,0.3427341454829631,0.4974463072377065,0.6209600175255969,0.4763471469062484,6.0,6.0,0.0,0.0,-0.0134122288413232,0.4784857137253957,0.4714838793701462,0.14407269642048806,0.20975770542265298,0.2778601865646383,0.020132752930493436,0.3368689806283511,0.21115490638653395,Botswana
BWA,72,2008,0.4951968690827329,0.4106363778090813,0.3696230563825341,0.5113423918921007,0.6181816123221803,0.4100971064090286,0.3691323401685936,0.5080139741432035,0.6196017347565417,0.4767112888693419,5.0,6.0,1.0,1.0,-0.018485580213391,0.4791007522167412,0.4747004975953323,0.147635323082161,0.19792081399906297,0.3110611271416009,0.020495844565056515,0.3360279365892743,0.21637643057374867,Botswana
BWA,72,2009,0.4898999615598569,0.3484963109388022,0.3751339091227132,0.5154793623409912,0.6192826340027472,0.3494495025810806,0.3730637310872228,0.5122440462441916,0.620779430274172,0.4638841775466668,6.0,8.0,2.0,2.0,-0.0260157840131901,0.4651144370581074,0.4636859723501643,0.14070847860005425,0.1555105688963289,0.3180378179506692,0.01905268697643181,0.3360310279569202,0.20715802544508752,Botswana
BWA,72,2010,0.5016990427507505,0.3905692746453758,0.408102558169849,0.5164885150857921,0.6091901647685459,0.392538210452613,0.4045804246056728,0.5131821890651951,0.6098371229660766,0.4800344867723893,5.0,7.0,2.0,2.0,-0.0216645559783611,0.4822006415033769,0.4796790256142324,0.14809743882503892,0.17667414804832152,0.34049841290481414,0.019905983004601092,0.3328530361280464,0.2174828950214458,Botswana
BWA,72,2011,0.5165094531340312,0.4027056975251828,0.436415242986935,0.5193929059070368,0.6208821957552676,0.4039891264078679,0.4309431936467648,0.5159171057561525,0.6226108807147244,0.4933650766313774,4.0,5.0,1.0,1.0,-0.0231443765026537,0.4930238944154475,0.4910548877996024,0.15482445957190621,0.18330589760710708,0.36905738419261436,0.020699511049792826,0.3354329099202039,0.22712392569242956,Botswana
BWA,72,2012,0.521200063786766,0.3925951636688208,0.4636324934873812,0.5171160961589913,0.6166977522347168,0.3934738617427776,0.4567136546062592,0.5137935881955116,0.6181954055979211,0.4955441275356174,5.0,6.0,1.0,1.0,-0.0256559362511485,0.4943415914121707,0.4940668136518477,0.15888869204608522,0.18170593088436554,0.39298099213032184,0.021844402186270193,0.33380474561915763,0.2325840177050288,Botswana
BWA,72,2013,0.538386554407767,0.4514491798647217,0.4916064015116315,0.5219215137539044,0.6171894830541472,0.4510822553231208,0.4826421625880466,0.5184868966606788,0.6187420778451254,0.5177383481042429,4.0,4.0,0.0,0.0,-0.020648206303524,0.5159470605785386,0.5144578646129505,0.17111951693994615,0.20740946172471747,0.43164447358108177,0.024418530078126985,0.33371247695615275,0.24929623558501973,Botswana
BWA,72,2014,0.5502233766231587,0.460842159770153,0.5126441303927245,0.5231344004245855,0.6285698933645155,0.4597981605340157,0.502746863410443,0.5196603098695213,0.6310847070646708,0.5283225102196627,4.0,4.0,0.0,0.0,-0.0219008664034959,0.5248237278998185,0.5239741493538571,0.1791662212660034,0.2117262503429413,0.4700179499944841,0.02525137675529375,0.336675794166352,0.2609178428147678,Botswana
BWA,72,2015,0.5389350293863095,0.4165151693070105,0.5156293188218264,0.5183730020462969,0.6139299157139395,0.4164036497373234,0.5060307316656224,0.5146036730056331,0.6147003031816485,0.5129345893975569,5.0,5.0,0.0,0.0,-0.0260004399887526,0.5086336066596653,0.509833077201621,0.17156427029724214,0.19213529686495184,0.4507343871094607,0.024485715012139,0.3328210279821686,0.25004410674218003,Botswana
BWA,72,2016,0.5452816197963214,0.4503862063968857,0.5178056136267393,0.5188462657040551,0.6170683709992484,0.4505987931526006,0.5080901775558905,0.5148543487587064,0.6179128090056165,0.5228640321182034,4.0,4.0,0.0,0.0,-0.0224175876781179,0.5198498111060844,0.5198015817362677,0.1801970050272134,0.20379255772077523,0.4860384648313047,0.02561010941162046,0.33365080515100515,0.2622729842786764,Botswana
BWA,72,2017,0.5514762750074057,0.4260613527476607,0.544753266342601,0.5218205504216145,0.6193581274826353,0.4274749985866005,0.5338742430074156,0.5179947867870314,0.6206651903101776,0.5250023046728063,4.0,4.0,0.0,0.0,-0.0264739703345994,0.5226966516679944,0.5245647030433956,0.18365918521922747,0.19161237760759572,0.5160706964471344,0.02662825389707943,0.3338500590137493,0.26704034674138977,Botswana
BWA,72,2018,0.5503055080194065,0.421254621051962,0.5486752924824001,0.5221318812839193,0.6145279817483472,0.422772593854984,0.5372175861324652,0.5183890964174137,0.6154907073662179,0.5234674959427702,5.0,4.0,-1.0,1.0,-0.0268380120766362,0.5219310131049997,0.5242575928782778,0.18882354428561027,0.19646874604405754,0.540676373105586,0.02749811983456573,0.33225282845742427,0.27422401686040837,Botswana
BWA,72,2019,0.5585815910170139,0.3984987304212277,0.5800097868744586,0.525936080826695,0.6179377201646806,0.4012451254474258,0.5666922164113195,0.5222081212174681,0.6193599028620904,0.527376341484576,4.0,5.0,1.0,1.0,-0.0312052495324378,0.5256845057195286,0.5300086999449616,0.19624894409500004,0.1893086492603423,0.5839680153432769,0.030106761825543785,0.3328715036157102,0.2840637325112183,Botswana
BWA,72,2020,0.5637498926918885,0.3794717848860744,0.5985338457915297,0.5251785868531399,0.6244566215179653,0.3820364359626739,0.5842174804000138,0.5216477674365845,0.6267043401879735,0.5286515059968114,5.0,5.0,0.0,0.0,-0.035098386695077,0.5248621408053636,0.5309634086413849,0.19816654584819515,0.18005853102307834,0.6106984344296778,0.02781787414316974,0.33425606314468825,0.2882077256851535,Botswana
BWA,72,2021,0.5809959937914325,0.437397923341928,0.6344417391329236,0.5254748225421938,0.6216170588755218,0.4394682594143811,0.6176174097516054,0.5218365626261907,0.6235200706478676,0.5506105756100113,4.0,4.0,0.0,0.0,-0.0303854181814212,0.5468692660013119,0.5517062493518096,0.21311513461518716,0.2010356405614781,0.6762468085132165,0.028739278656343938,0.3333369248407041,0.30983966314293565,Botswana
BDI,108,2001,0.3287801419975595,0.2508088650310224,0.2668762161740885,0.4430914935942942,0.3364488073627646,0.2551504277033051,0.2838674221265443,0.4435107267152855,0.3431913062252421,0.3314299706925943,44.0,45.0,1.0,1.0,0.0026498286950347,0.3484951402157774,0.3499567475129746,0.05480155664298377,0.035942325936508535,0.08733886155378538,0.01009020866167972,0.19109639007446416,0.08111694655660945,Burundi
BDI,108,2002,0.3355316170939561,0.2565824026595412,0.2718941228192565,0.4303824990656339,0.356007996991437,0.2610033954645435,0.2900243461219424,0.4308949917146561,0.3642628519999411,0.3365463963252708,44.0,45.0,1.0,1.0,0.0010147792313146,0.3530427068958422,0.3537956795100772,0.0551365796684604,0.03225396649759807,0.08839632725467969,0.00986453071597199,0.1971473930430341,0.08191555437782097,Burundi
BDI,108,2003,0.3279401515326355,0.2434644658108674,0.2675194621905266,0.3913086967927777,0.3661698731270619,0.2474465488894672,0.2857762746843388,0.3921222630166162,0.3753513877962058,0.325174118596657,44.0,45.0,1.0,1.0,-0.0027660329359784,0.3406140209056518,0.3409368175514594,0.054424391588991,0.03048540643757226,0.08591583116954106,0.00907396387957395,0.19984999415953927,0.08133129891155663,Burundi
BDI,108,2004,0.3308623856238624,0.245313584029099,0.2838390781685124,0.4178861897585338,0.3461034128097544,0.2495398977502623,0.30134655227863,0.4184196537967407,0.353487797668028,0.3306984753734152,44.0,45.0,1.0,1.0,-0.0001639102504471,0.3460100689014404,0.3471082110765553,0.056433141861817325,0.028415255164671662,0.10390640703064004,0.009588702886756959,0.19405563996334357,0.08399150126135305,Burundi
BDI,108,2005,0.3400957512602039,0.245099091414383,0.3042929565848208,0.4314127584298131,0.3480996557749164,0.2488720720804043,0.3248277117201203,0.4317703782271242,0.3556719406170563,0.3402855256611763,44.0,45.0,1.0,1.0,0.0001897744009723,0.3527529322027417,0.35462263482101,0.05772404816587464,0.0271390414443462,0.11178855708158275,0.009859503052971025,0.1945028280812921,0.08582248241504803,Burundi
BDI,108,2006,0.349330468439626,0.2311894294805124,0.311969340253299,0.4411204730803321,0.3665756839254307,0.2359266949992335,0.3323489760094791,0.4413457852485932,0.3758244702117601,0.3463614816172665,44.0,45.0,1.0,1.0,-0.0029689868223595,0.360030635472539,0.3623458195533743,0.05934250032504637,0.02550252529381636,0.11809894802542409,0.01003956905351367,0.19955485346130294,0.08829897395851427,Burundi
BDI,108,2007,0.336288857706826,0.233549835415276,0.3167050213623538,0.4216548823777567,0.3386807422004564,0.2380354930675638,0.337018895995383,0.4220062900077663,0.3454232922223709,0.3356209928232709,44.0,45.0,1.0,1.0,-0.000667864883555,0.3489019106114578,0.3510993410117374,0.058569164745466695,0.025810250677863016,0.12121882701427808,0.009668013218232638,0.19192313310289993,0.08715505600331841,Burundi
BDI,108,2008,0.3314478214132772,0.2158869416315804,0.2992685518027734,0.4223582404192958,0.3444835973624099,0.2207683720728349,0.3199839135582,0.4226759426791547,0.3517392752502127,0.3287918758901005,45.0,45.0,0.0,0.0,-0.0026559455231766,0.3418531335974673,0.3442021097019591,0.056089009832041604,0.023834408622718017,0.10683997503980175,0.009700136846911175,0.19345711024336523,0.08345790768819905,Burundi
BDI,108,2009,0.341784709499166,0.2285963321942362,0.3087406395962931,0.4302605919478014,0.3559926676941407,0.2330879750253386,0.32880875705651,0.430463779903997,0.364315679173031,0.3391690477897192,44.0,45.0,1.0,1.0,-0.0026156617094468,0.3501213626986194,0.3521900162718687,0.05887107613270116,0.023991423339278613,0.12022340662724106,0.009841062238533985,0.19651646131186776,0.08764308837923035,Burundi
BDI,108,2010,0.3437466942168862,0.2210773889035544,0.3193118824482192,0.447713218366877,0.3461970804103845,0.2258452755372392,0.3390950806437522,0.4477366147031441,0.3536372832288973,0.3415785635282582,45.0,45.0,0.0,0.0,-0.0021681306886279,0.3529122961077159,0.3558527305699793,0.06035944966758391,0.02437028502145144,0.128175971002632,0.010868231147045219,0.19374699427038677,0.08929037036037886,Burundi
BDI,108,2011,0.3535648623429253,0.2258827847253456,0.3554684248663566,0.445065575002511,0.3457765731917223,0.2304955118751052,0.3739213707997165,0.4451093113810331,0.3530600983855961,0.3506465731103627,43.0,45.0,2.0,2.0,-0.0029182892325625,0.3625429551281792,0.3661306400112104,0.06512174787682973,0.02474341709964561,0.1561763212911302,0.010896164972591533,0.19400293588859402,0.09645470981299034,Burundi
BDI,108,2012,0.3560929704607369,0.2280577837146148,0.3440716000559665,0.4662095967519198,0.347890801532696,0.232527066604118,0.3629117093831749,0.4660189935285068,0.3552535634498381,0.3541778332414095,43.0,45.0,2.0,2.0,-0.0019151372193274,0.3656585263621827,0.369380433293389,0.0636446796408721,0.02470301703814754,0.14495646126849332,0.011312113934907822,0.19518780617707657,0.0940398496046563,Burundi
BDI,108,2013,0.3571944676326656,0.2269119482782798,0.3258564001443176,0.4657458892600304,0.3648015889480731,0.2316204969003176,0.3453560202221013,0.4655558055651189,0.3711670871410313,0.3534248524571423,43.0,44.0,1.0,1.0,-0.0037696151755233,0.3647317685509444,0.3679429509837333,0.062412550344113436,0.022263530988799886,0.12765054342681553,0.011868388888838918,0.2069442109138469,0.09218166855457531,Burundi
BDI,108,2014,0.3699941052575144,0.2187470797925471,0.3552661443445172,0.4689822872478889,0.3785658040063305,0.2236258052747062,0.3735618311377267,0.4687075426391393,0.3860605441020821,0.3629889307884135,43.0,45.0,2.0,2.0,-0.0070051744691009,0.373738542765215,0.3777697180738826,0.06759882111146652,0.023089984628322496,0.15393734516796995,0.011867916978074548,0.2114529467929649,0.10008704839183297,Burundi
BDI,108,2015,0.3770084100755034,0.2208222106446025,0.3869008866993422,0.472383857984293,0.371478380299506,0.2254138087238608,0.4057253206288034,0.4721035734372518,0.3782034358075547,0.3703615346493677,43.0,45.0,2.0,2.0,-0.0066468754261357,0.3800331733408862,0.3849175977812629,0.070342294556237,0.022874513913875495,0.1718024097046395,0.01188595585553648,0.210187847375891,0.10418768171248562,Burundi
BDI,108,2016,0.3774403208310349,0.2257168904481957,0.3917066047325938,0.4625695085805487,0.3729945326788965,0.2304652440108361,0.4106058298929279,0.4623981691875255,0.3798663303052561,0.3708338933491364,44.0,45.0,1.0,1.0,-0.0066064274818984,0.3815440359702987,0.3860909977848044,0.07056590946758988,0.023283135786722524,0.17226369054570057,0.011978021930907749,0.21038060946076734,0.10447636443102454,Burundi
BDI,108,2017,0.383461285449119,0.2265838168411321,0.3875033242163867,0.4636553929499682,0.391179169330822,0.2311804564818782,0.406095167388661,0.4634848175768665,0.3996890685466669,0.3751123774985182,44.0,45.0,1.0,1.0,-0.0083489079506008,0.3843800060845004,0.3886579043183006,0.07180613838781703,0.025313593755486943,0.1722296494584907,0.012232377696751165,0.21542260092610224,0.10629955545920777,Burundi
BDI,108,2018,0.386513422518473,0.2273734011805955,0.3871877725430634,0.475759139414701,0.3923034555145056,0.2320933902414816,0.4053531123768055,0.4754564979839907,0.400901713239312,0.3784511784603975,44.0,45.0,1.0,1.0,-0.0080622440580755,0.3873892701158541,0.391720330029657,0.07271303408855785,0.024902398183052142,0.1772438425211768,0.012409568936307035,0.215796213933036,0.107588005893393,Burundi
BDI,108,2019,0.379742050601327,0.2253127579786565,0.3923848783367312,0.4770714076128475,0.3704457649226917,0.2299784667731094,0.4100673439176789,0.4767423139321775,0.3770655786383516,0.3734634258153294,44.0,45.0,1.0,1.0,-0.0062786247859976,0.3823659153736847,0.3870623482757206,0.07320222753331088,0.024496626972830803,0.1860526727560137,0.012423966872190184,0.20979370397350958,0.10819174264363607,Burundi
BDI,108,2020,0.3831814669572518,0.2238177671599751,0.400043918516973,0.4745146938897442,0.376039228822383,0.228105282599102,0.4179991127551868,0.4742195955554467,0.3831634499812666,0.3758718602227505,44.0,45.0,1.0,1.0,-0.0073096067345012,0.3839493772495139,0.3889769284827544,0.07424299322650908,0.023522682560904735,0.19227003790549418,0.012315155707627812,0.2113411950137951,0.10986226779695546,Burundi
BDI,108,2021,0.3885248910788569,0.2264382107207433,0.4132853160612359,0.4758312247803246,0.37891994614991,0.2310111478538308,0.430501007722512,0.4755043158097861,0.3863064399505482,0.3808307278341692,44.0,45.0,1.0,1.0,-0.0076941632446876,0.3890014881905239,0.3940820638136122,0.07665654598059173,0.023563147690503657,0.20355440042898812,0.013140738868787631,0.2120989542466185,0.11308931030872449,Burundi
CMR,120,2001,0.3741308487834889,0.2800152183849452,0.3131302820005942,0.5278893133591023,0.3691749037387544,0.2835098835253071,0.3289810949337426,0.5265988109522831,0.3799722570548168,0.3797655116165375,35.0,29.0,-6.0,6.0,0.0056346628330485,0.3943363313483935,0.3943642030702183,0.06850666027529512,0.0560432704986609,0.09949831576001958,0.03237925450292635,0.16990062662970862,0.08945536684782886,Cameroon
CMR,120,2002,0.3757472988891014,0.2758496312987918,0.3232578180929054,0.5276523258629842,0.3670589579217634,0.2794463998225961,0.3396567506895551,0.5263484509476258,0.3776906152696596,0.3807855541823591,35.0,33.0,-2.0,2.0,0.0050382552932576,0.3953573137001382,0.3959463328830752,0.06942595474826792,0.05453361871113671,0.10860716672289175,0.03189500518030866,0.16925065721784158,0.09107161195804467,Cameroon
CMR,120,2003,0.3789424554270728,0.2761163754066298,0.329966776589373,0.5268983477750978,0.3707396939325382,0.2798000224976773,0.3464747221437894,0.525563698520896,0.3817253000584945,0.3833909358052143,36.0,31.0,-5.0,5.0,0.0044484803781415,0.3978916993511092,0.3986265992085676,0.06997223108528672,0.054412718200412005,0.11254952446063646,0.0314539606575603,0.1701176317604927,0.09213345876977536,Cameroon
CMR,120,2004,0.3812036027638553,0.2794775110782437,0.3361773651064489,0.5293156861476449,0.3693154777042615,0.2833001871429175,0.3528739162567924,0.5279478944508933,0.3796855002565114,0.3859518745267786,36.0,32.0,-4.0,4.0,0.0047482717629233,0.4002873601838391,0.4011248005827084,0.0701773520832386,0.05449666273531175,0.113866448821583,0.031133949146867748,0.17099461485987402,0.09262291889090912,Cameroon
CMR,120,2005,0.3888319353472749,0.2755757697423932,0.344975629190724,0.5263339172761166,0.3862696879000732,0.2789662968714805,0.3616375738059633,0.5250893430312822,0.3963907943855702,0.390521002023574,34.0,32.0,-2.0,2.0,0.001689066676299,0.4031885510369594,0.4044500880098051,0.0728997487391073,0.05481266120844129,0.12270540958793755,0.03058585856448704,0.180694458296824,0.09719959691442247,Cameroon
CMR,120,2006,0.3974103667112507,0.2868986004101763,0.3562587054742827,0.5381614821566693,0.3897971415192455,0.2899189174578209,0.3727918276294656,0.5372429375599618,0.4002370884878151,0.4000476927837658,33.0,30.0,-3.0,3.0,0.0026373260725151,0.4112753253606298,0.4126048414113374,0.08914374116220987,0.05731237330330254,0.13113048582304787,0.058612045150347084,0.18179766482810883,0.10721314227620159,Cameroon
CMR,120,2007,0.4061315312387646,0.2894201792602351,0.3738307977660026,0.5296552742983767,0.4035010930086078,0.2924445549817127,0.3910434492599876,0.5282854125058386,0.4129510523610844,0.4061811172771558,32.0,28.0,-4.0,4.0,4.9586038391113973e-05,0.4160962664082601,0.417678678578148,0.07971171622191604,0.05789634805375505,0.14164290295828275,0.033233949901943866,0.19234494483378917,0.10627953643694271,Cameroon
CMR,120,2008,0.4087258242298974,0.2843269018441588,0.3862367582094955,0.5281148743655376,0.403311264725342,0.287285830474485,0.4030226888183883,0.5268158202547624,0.4123759976868307,0.4073750843086166,33.0,28.0,-5.0,5.0,-0.0013507399212808,0.4162594186838556,0.4185261552361272,0.08149420500658672,0.05914964527484554,0.1513354727110453,0.032786266914123806,0.19346337205924702,0.10918368923981542,Cameroon
CMR,120,2009,0.413228848332731,0.2700336961376697,0.3962001394545386,0.5309848152263226,0.4111349870111938,0.2737748326439174,0.4125195586532145,0.5295275387027623,0.4205335598016053,0.4090888724503749,33.0,29.0,-4.0,4.0,-0.004139975882356,0.4182775731108248,0.4213033973398958,0.08199315315587626,0.05240113754031922,0.1600630311019343,0.0322048799833922,0.19680012039972988,0.1103672922563439,Cameroon
CMR,120,2010,0.4164113399578732,0.2748539094551444,0.4014865763224091,0.5294460177912106,0.4147359156151806,0.2784969652216851,0.417820827611738,0.527972577561624,0.424030333237852,0.4120801759082248,34.0,31.0,-3.0,3.0,-0.0043311640496483,0.4207632837811638,0.4237224766735817,0.0826133538750118,0.05415269843063015,0.16297730987282977,0.03128435493050821,0.19875593152866153,0.11179257369065741,Cameroon
CMR,120,2011,0.4201971931864445,0.2773613970045885,0.4146400986534915,0.5273544516025899,0.4147795553073681,0.2809502848598891,0.4302324420342596,0.5259347244926078,0.4240796778538093,0.4152992823101414,32.0,30.0,-2.0,2.0,-0.004897910876303,0.4234648155851055,0.4267774711895284,0.08498387936526712,0.054659546629113626,0.17721549192338742,0.031076540415157228,0.19877927141478488,0.1154327125956108,Cameroon
CMR,120,2012,0.4269071475443085,0.2758157013254316,0.4309001819153732,0.5266402304491511,0.4210140014166648,0.2795813892718365,0.4453974505344507,0.5252305994618308,0.4297326189682957,0.4199855145591035,31.0,28.0,-3.0,3.0,-0.0069216329852049,0.4275677509034107,0.4313684314755005,0.0882673747897559,0.05396734569260836,0.1939694299725157,0.030985861985026474,0.20304061659164796,0.12049081356044962,Cameroon
CMR,120,2013,0.4405129660757983,0.2744737973852592,0.4739997131551529,0.5279560139317088,0.4232174917093941,0.2783724891459255,0.4908835181328672,0.5265505019101022,0.4321939850116617,0.4320001235501391,29.0,28.0,-1.0,1.0,-0.0085128425256592,0.4370827143389563,0.4424356388881166,0.09364993781622616,0.05331193387884782,0.22634986733607992,0.030988914218234735,0.20351641713029817,0.12854178314086517,Cameroon
CMR,120,2014,0.4459693965382457,0.2755060813108899,0.4866656819944105,0.5267185019838194,0.4282868672431437,0.2794346726861768,0.5023359263962922,0.5252450517423973,0.4371512768540893,0.4360417319197389,29.0,27.0,-2.0,2.0,-0.0099276646185068,0.440717970076445,0.4463947688242332,0.09809094894126354,0.05439638801012425,0.2490503464655776,0.031060000698342218,0.20626229469889712,0.1351922574682353,Cameroon
CMR,120,2015,0.4427035946438575,0.273499877691793,0.4891921336673796,0.5268808666170334,0.4179047819884584,0.2775950841762031,0.5046162850928918,0.5253236010549255,0.4255743513299386,0.4332773304134897,30.0,26.0,-4.0,4.0,-0.0094262642303677,0.4381083268294382,0.4440624693453198,0.0975261963890952,0.053249951101145325,0.2530640638410897,0.02969177228685271,0.20399149999884203,0.13499932180698243,Cameroon
CMR,120,2016,0.4455968685590191,0.2694366770183184,0.494934909962444,0.5274771993043332,0.4223293081161069,0.2737456098692517,0.5100589490473366,0.5259073281161497,0.4304399228935563,0.4350379524815735,30.0,28.0,-2.0,2.0,-0.0105589160774455,0.4400279145043501,0.4463398208924523,0.09871495340716684,0.0507917631928635,0.26168305710156875,0.029707315605580594,0.20507803336344133,0.13681504231586356,Cameroon
CMR,120,2017,0.4469241298369698,0.2684963580773189,0.5005147436315378,0.5273384138181132,0.4218772356018756,0.2728405677402553,0.5151535645518738,0.5257878254761906,0.4299891108763483,0.435942767161167,30.0,29.0,-1.0,1.0,-0.0109813626758027,0.4409049715101774,0.4475113389141984,0.10042215133203124,0.050349030280366566,0.27235624797997493,0.029781109703719198,0.20480730545536563,0.1393234233548566,Cameroon
CMR,120,2018,0.4519974575788439,0.2686070985497201,0.5066224860123645,0.528885524191874,0.4299364809073115,0.2729875069846479,0.5209791353120524,0.5273133463969605,0.4383974366698211,0.4399193563408705,29.0,28.0,-1.0,1.0,-0.0120781012379734,0.4451232550424572,0.4519655577835423,0.10328534485449534,0.05163942598788842,0.28453021648044063,0.029925526174573832,0.2082952244681286,0.14359759827775787,Cameroon
CMR,120,2019,0.4584919664103907,0.2680857110296464,0.5258156517577544,0.5303812223136647,0.4315632998731021,0.2724227983455135,0.5386229536222443,0.5287897031883432,0.4401803411926527,0.4450039490871885,29.0,27.0,-2.0,2.0,-0.0134880173232022,0.4497291871997901,0.4573076539311191,0.1077838891968579,0.05284461226526896,0.3101490677272941,0.029769813144630185,0.20881061991882718,0.1503935282640051,Cameroon
CMR,120,2020,0.4630789016679053,0.2624377344869287,0.5444670622051562,0.5305710289638788,0.4309958235791518,0.2668389428300675,0.5569260018930424,0.5289459749160642,0.4395816003917602,0.4480731300077336,29.0,27.0,-2.0,2.0,-0.0150057716601716,0.452353399982893,0.4609865260965171,0.11126324304746617,0.050360302626239487,0.3348568995483634,0.029394901169200117,0.20856642222424435,0.15579463139201183,Cameroon
CMR,120,2021,0.4640524128180717,0.2679233388041896,0.5445786302501348,0.5307882919764101,0.4314690135700416,0.2722969572915683,0.5573439000524519,0.529217724752655,0.4401289282871686,0.4497468775959609,29.0,28.0,-1.0,1.0,-0.0143055352221108,0.4544935288693668,0.4629201873745402,0.11315803169239765,0.052864489936354835,0.3404962291102508,0.030384106423434903,0.2086541056044127,0.1580997327686133,Cameroon
CPV,132,2001,0.3881428443522507,0.2711637368141676,0.4192940553727574,0.5306050135479141,0.323349982107164,0.2774226722560486,0.4374030144302115,0.5284040575785023,0.3457562187143955,0.3972464907447894,27.0,20.0,-7.0,7.0,0.0091036463925387,0.4080942728077438,0.4131036640885663,0.06670346526916401,0.06544765512660299,0.149625091270125,0.017286791461127677,0.1423241761117967,0.0936709284924131,Cape Verde
CPV,132,2002,0.3887678348198978,0.2733736180519048,0.4210202434202716,0.529174475575084,0.3236916819297258,0.2799245588528769,0.4388669674702079,0.5269746269236575,0.346091643737888,0.3979644492461576,30.0,20.0,-10.0,10.0,0.0091966144262597,0.4093577299432977,0.4142184044158039,0.06682092408449979,0.06636518570839667,0.15168059353106506,0.016419103159412807,0.14268523493266266,0.0942875293328843,Cape Verde
CPV,132,2003,0.391987163715755,0.2736671804535192,0.4316771268875132,0.5290448643722976,0.3238738803317963,0.2801665817031809,0.4494321912211078,0.5268731262341749,0.3462686535515418,0.4006851381775013,31.0,23.0,-8.0,8.0,0.0086979744617463,0.4114945943470557,0.4168302219929271,0.06807248782094275,0.06726839022221698,0.16003981732227762,0.01576378941858476,0.14286778201057654,0.09648494474341397,Cape Verde
CPV,132,2004,0.3938043251056014,0.2791881273421138,0.4376177341770404,0.5284561766064557,0.3223955126142844,0.2862974479562729,0.4553999743739311,0.5262470018946058,0.3443109780291088,0.4030638505634797,31.0,23.0,-8.0,8.0,0.0092595254578782,0.413976495308136,0.4192087905941066,0.06901475284961109,0.07189274281584519,0.16147058356482666,0.015571028871561692,0.14285255776703962,0.09794672825481829,Cape Verde
CPV,132,2005,0.3969769428198239,0.2985986941175302,0.4398578241683112,0.523993051743612,0.3248366448504577,0.3050486524507564,0.4575375908891347,0.521427327809975,0.3466318989512204,0.4076613675252716,31.0,22.0,-9.0,9.0,0.0106844247054476,0.4171961960940438,0.421789069129899,0.06942395217421053,0.07486862638615172,0.16178731086686904,0.014819923102759992,0.14431484690936744,0.09894767681628705,Cape Verde
CPV,132,2006,0.402850966753511,0.2972803855991799,0.4599398169668384,0.5233706536763665,0.3255459404074878,0.3040005339111945,0.4775711443431532,0.5207638751905618,0.347358377951334,0.4124234828490609,32.0,23.0,-9.0,9.0,0.0095725160955498,0.4213022457448124,0.4267003014146791,0.07395913570717326,0.07796406116711009,0.186440795631691,0.014403299771800602,0.14484773580614574,0.10591397309418686,Cape Verde
CPV,132,2007,0.4069442048481219,0.2887044274948975,0.4775374364336941,0.5242222958647343,0.3251548307144377,0.2962027874073911,0.4946513450565674,0.5214266380251589,0.3467619246799217,0.4147606737922598,31.0,22.0,-9.0,9.0,0.0078164689441379,0.4243035308994997,0.4303891751427928,0.0769089260000194,0.0789242451764201,0.20258247516633207,0.014433277483550685,0.1452749139024081,0.11030372793217773,Cape Verde
CPV,132,2008,0.4132690519376308,0.2888210502873952,0.4969913140045324,0.5249950136665807,0.326289385046709,0.2958816320656628,0.5118438460639727,0.5221872591138941,0.3480231157542739,0.4194839632494508,31.0,22.0,-9.0,9.0,0.00621491131182,0.427090958657108,0.4339380545305681,0.08121554968114862,0.08193302603483299,0.22534044038667309,0.0142229650623811,0.14580228736315226,0.11682467971175986,Cape Verde
CPV,132,2009,0.4169012387695584,0.2750695168040509,0.5153289483068533,0.5248525033772553,0.3264775602995258,0.2819741406287316,0.528820600043537,0.5221541346261273,0.3480301831836433,0.4202447646205098,32.0,24.0,-8.0,8.0,0.0033435258509514,0.4271596846172816,0.4355224729662131,0.08597463598126352,0.08285283153668721,0.25376119161473587,0.013698769416925575,0.14650275683407055,0.1242038873506048,Cape Verde
CPV,132,2010,0.4281985690677035,0.2749951651910525,0.5484595944026082,0.5310879482964501,0.3271244261027998,0.2817828676760719,0.559825273594594,0.5288989491730847,0.3486700338667937,0.429794281077636,30.0,24.0,-6.0,6.0,0.0015957120099325,0.4376958975510419,0.4473116882170004,0.11043149494505623,0.0759439576987607,0.2849814978736906,0.05372056292303623,0.14718914443418127,0.14045879073241718,Cape Verde
CPV,132,2011,0.4303567844877263,0.2746818170635945,0.5651701101821649,0.527412127760837,0.3217498302725016,0.2816419558349483,0.5765793334749237,0.5250441743870431,0.3418149740652008,0.4312701094405289,28.0,22.0,-6.0,6.0,0.0009133249528026,0.438398657631088,0.4487624738467448,0.1124385565697765,0.07743189316256086,0.29682863135384346,0.053335045166772656,0.146927170455395,0.143630685034643,Cape Verde
CPV,132,2012,0.4361415234230529,0.2775887337046629,0.5784918571350713,0.5319493318856324,0.3231913721065561,0.2845330002518093,0.5889220337193722,0.5296852881382048,0.3435962666784674,0.4366841471969634,28.0,22.0,-6.0,6.0,0.0005426237739104,0.443487817396775,0.454365648654333,0.11571682366172163,0.07978318350157855,0.31408786278310313,0.05316823992359059,0.14735259589467672,0.14859797052573726,Cape Verde
CPV,132,2013,0.4430434036274452,0.2916290731220997,0.5954717438146326,0.5302153198079558,0.3243158267667557,0.2981130598929735,0.604245025500315,0.5278210460124912,0.3447642440696286,0.443735843868852,28.0,22.0,-6.0,6.0,0.0006924402414067,0.4492978357372727,0.4602224486792139,0.1146680533274183,0.08104534592043909,0.3417311749527746,0.04140155422429979,0.14786843039384162,0.15301162637283877,Cape Verde
CPV,132,2014,0.4483528550785999,0.286847468710926,0.6166670534804691,0.5294110601620398,0.3239311565899442,0.2934548737924555,0.6232207773183166,0.5269182680793367,0.344216707135117,0.4469526565813064,27.0,22.0,-5.0,5.0,-0.0014001984972935,0.4519057532234721,0.4636939979984563,0.1196874400838956,0.08180148342272833,0.36992807274192663,0.04170071887966036,0.1479605502245277,0.16034770631721074,Cape Verde
CPV,132,2015,0.4515074385779524,0.2973664389251342,0.6233416249138105,0.5295209879198299,0.323321257467069,0.3038592227313137,0.6293830743551013,0.527067955452996,0.3435423062066018,0.4509631396865032,28.0,22.0,-6.0,6.0,-0.0005442988914491,0.4558980311417476,0.4675879390474136,0.12319951211018344,0.08411084664185774,0.3845075994384066,0.04304837187621709,0.14786172703209868,0.16488213624714504,Cape Verde
CPV,132,2016,0.4550485155490744,0.3022291052542724,0.6335680152060673,0.5286386628690138,0.3235148343654977,0.3092583750224489,0.6395787076910132,0.5261377898231632,0.3436538155030066,0.454657172009908,27.0,21.0,-6.0,6.0,-0.0003913435391663,0.4594978150630892,0.4712648329268982,0.12521160560178127,0.08708973852818847,0.3919681714165287,0.04346864285919716,0.14807381641609585,0.16765009230500252,Cape Verde
CPV,132,2017,0.4570450582394086,0.2967363791623021,0.6442605576881865,0.5276235614816382,0.3229130401652613,0.3038584161880353,0.6493277333145294,0.5250329315362336,0.342913693231798,0.4552831935676491,28.0,22.0,-6.0,6.0,-0.0017618646717594,0.4604472870955998,0.4729343764685955,0.1291758120427447,0.08549524546208959,0.41754438165823765,0.043392568736501554,0.148049239035989,0.17362035872320444,Cape Verde
CPV,132,2018,0.4632611272341596,0.3075964486696567,0.6560483811177141,0.5325506525760579,0.3236786169196356,0.3145898263347721,0.6607479776197999,0.5303032555713011,0.3437185421096655,0.4623399004088847,27.0,21.0,-6.0,6.0,-0.0009212268252749,0.4662728996583814,0.4788896981992523,0.13396760878956465,0.09207003300324886,0.4193142217330697,0.04990387044911783,0.14836263899859603,0.1774126910460081,Cape Verde
CPV,132,2019,0.4673849226601913,0.3188460698153844,0.6635476246011868,0.5315613783752652,0.3254305153686675,0.3260674538543588,0.6679931558602289,0.5292491199962556,0.3457951727658913,0.4672762256191837,26.0,20.0,-6.0,6.0,-0.0001086970410076,0.472084956829977,0.4844962957521631,0.1376501354951549,0.0950628192040954,0.4365081004204903,0.050254449412184155,0.14906004869915393,0.18272135443398094,Cape Verde
CPV,132,2020,0.4713835095303104,0.2549002967591744,0.696561763329591,0.5409013158960263,0.3274565742802439,0.2615374651900926,0.699874941345282,0.5394886062515309,0.3483193453506503,0.462305089534389,26.0,23.0,-3.0,3.0,-0.0090784199959214,0.4667052735823995,0.4838511095927959,0.16326056801893818,0.09082277225563141,0.4862526573394754,0.08558622726988384,0.14954515686531156,0.20305170343257556,Cape Verde
CPV,132,2021,0.4867698452636665,0.2922834746579635,0.7313960039028666,0.5422413637867787,0.3272129653412493,0.3001514589549286,0.7366409558668857,0.5408412476216264,0.3479150958338077,0.4813871895693121,22.0,17.0,-5.0,5.0,-0.0053826556943544,0.4867789418547295,0.5029982816423956,0.1737732175079973,0.09184786161779211,0.5155023846138195,0.09622813118435043,0.1497561876716776,0.2133336412719099,Cape Verde
CAF,140,2001,0.4080606996874998,0.1814052291044999,0.2576561444490376,0.5509016851657664,0.5157104924302789,0.1882428224064556,0.2715078467450688,0.5493965111891428,0.5223095387542117,0.3828641797737198,19.0,27.0,8.0,8.0,-0.02519651991378,0.4011334545891989,0.4046536265557578,0.08495164997001924,0.03368942637035678,0.08119412217551632,0.05460207592141305,0.24955981429891871,0.10476135969155122,Central African Republic
CAF,140,2002,0.4070635723655044,0.1793108985130785,0.2568096209100219,0.5504483183068345,0.5146080197157483,0.186125474154035,0.2707510155076092,0.5489470420053681,0.5211172821388145,0.3817352034514567,22.0,31.0,9.0,9.0,-0.0253283689140476,0.3997753770415061,0.4034148414151868,0.08400455842606543,0.03288027083122923,0.07916807246932175,0.05378814571926351,0.24920387321954493,0.10376009055983985,Central African Republic
CAF,140,2003,0.4054928723515377,0.1619390369755405,0.2636751115350401,0.5478804361332121,0.5115218615952901,0.1686844334614484,0.2779439480680351,0.5464613700665546,0.5177628010467722,0.3777131381607026,25.0,36.0,11.0,11.0,-0.0277797341908351,0.3944018546735109,0.3997110036622563,0.08357233440440666,0.028468317239270905,0.08593024933142403,0.05247683562358985,0.24828855023773588,0.10379098810800516,Central African Republic
CAF,140,2004,0.4052942561281002,0.1739413306474543,0.2671986604797359,0.5462475480834266,0.505473511174623,0.1813980040467234,0.2816707589513392,0.54486430366334,0.5111762455102242,0.3797773280429067,27.0,34.0,7.0,7.0,-0.0255169280851935,0.3982699786092302,0.4024894789808305,0.08289136586301322,0.027932683709141006,0.08609360279559561,0.05177257234847017,0.24658432414125458,0.10309579574861534,Central African Republic
CAF,140,2005,0.4088809764033035,0.1660864769031802,0.2669227040147982,0.5457885166946816,0.5179466100943969,0.1733552065405526,0.2822131278202567,0.5444122393355562,0.5243988108883896,0.3810948461461888,27.0,34.0,7.0,7.0,-0.0277861302571146,0.398271496494586,0.4030598347081249,0.08194513407981091,0.026425202273351517,0.08042826916507861,0.05087790623656488,0.25133539358626367,0.10226669281531467,Central African Republic
CAF,140,2006,0.4134706461977702,0.1734454787740125,0.2767561464640017,0.5460340929029832,0.5199576032078157,0.1807763149753971,0.2922011468466903,0.5446347455858445,0.5265976225357243,0.386052457485914,29.0,34.0,5.0,5.0,-0.0274181887118561,0.403601125926619,0.4082767975621157,0.08295023919081919,0.027626226281044816,0.08639122482348949,0.05033209591878431,0.25183438198232455,0.10404598225141079,Central African Republic
CAF,140,2007,0.4138005966905085,0.1730578182831072,0.2868124967691093,0.5460248961151947,0.5128233676317729,0.1804281258177147,0.3021421775441052,0.5446137096321685,0.5188178110768328,0.3865004560177053,29.0,35.0,6.0,6.0,-0.0273001406728031,0.4039047735182089,0.409110007446403,0.08311865861552153,0.026991145489015045,0.0913526584088014,0.04984022457792284,0.24982529046270607,0.10450232973461134,Central African Republic
CAF,140,2008,0.4122519020497742,0.1634434159004191,0.2862217842794767,0.546468959946415,0.511773484471546,0.1709728414085874,0.3016940038566094,0.5450503289420092,0.5176924284800907,0.3838524006718242,32.0,36.0,4.0,4.0,-0.02839950137795,0.4006152534518583,0.4064336965901947,0.08188614623993465,0.023469896244326865,0.08989948359399855,0.04919448835341669,0.24947429155510886,0.10300953993671275,Central African Republic
CAF,140,2009,0.4205953011068971,0.1721172842557783,0.3097792238974191,0.5472780062086171,0.5120322885600289,0.1804477309884241,0.3244556697000754,0.5458292927610757,0.5175415090334703,0.3920685506207613,29.0,36.0,7.0,7.0,-0.0285267504861357,0.4079528769023217,0.4133383750338508,0.08376505214521535,0.021308867640691714,0.09977104621854135,0.0498452949637906,0.2512269604153742,0.10553804230959946,Central African Republic
CAF,140,2010,0.4294020964851839,0.169334993093539,0.3341911333884589,0.5484393737201608,0.5160782158105726,0.1773371523674414,0.3515278933255739,0.5469520519920913,0.5219615625517356,0.3994446650592106,28.0,34.0,6.0,6.0,-0.0299574314259733,0.433568142432261,0.4448765369836657,0.08509931662806094,0.022757694409269186,0.1034481711247678,0.050447647990242546,0.25229369835598203,0.10723680297006538,Central African Republic
CAF,140,2011,0.4189129881683636,0.1688404884903304,0.3071741175072524,0.5485017352591401,0.5099046746170942,0.1765077754572651,0.3231817095412022,0.5469970332797869,0.5152232649724381,0.3904774458126731,34.0,37.0,3.0,3.0,-0.0284355423556905,0.4073411587359993,0.4138622230690356,0.08440816207470558,0.02475984068330474,0.09968333849867768,0.05016928667233087,0.25055181390229786,0.10629106993915279,Central African Republic
CAF,140,2012,0.4239851598629398,0.171439193306233,0.3151917390097286,0.5508456040346399,0.5149030065716229,0.1791384551334431,0.3306557715476796,0.5492579021925669,0.5206805919331016,0.3949331802016977,33.0,37.0,4.0,4.0,-0.029051979661242,0.4116787816756703,0.4183900828170999,0.08587522427413143,0.02582964181313455,0.10597854578842403,0.050216412048716734,0.25189251469098684,0.10847927858531553,Central African Republic
CAF,140,2013,0.4144881680992058,0.1173675057363391,0.321380802925363,0.5318406316551291,0.5115478603120985,0.1227076041089455,0.3355878829257845,0.530903591221787,0.5170299408387353,0.3765572547738131,36.0,42.0,6.0,6.0,-0.0379309133253927,0.3881738102240593,0.4001874610340099,0.08435429986494483,0.01767025737820707,0.114755090135702,0.04738729961720281,0.25092204939827645,0.10768367413234708,Central African Republic
CAF,140,2014,0.4217969594621298,0.1584889549242628,0.3210243684335632,0.5305632481588425,0.5198534913410707,0.1661761518574682,0.3357026524502866,0.5296614753611767,0.526094313363019,0.3894086482579877,36.0,40.0,4.0,4.0,-0.0323883112041421,0.4064421980216416,0.4140026244810122,0.08389433945447912,0.017639423637737996,0.10967601246181422,0.04749996718465383,0.2531682590347112,0.1069959155797293,Central African Republic
CAF,140,2015,0.420692370344817,0.1646508381199919,0.3229208715410521,0.5313859153017055,0.5130308310582272,0.1726714455517185,0.3383520697562354,0.5304381185870661,0.5186622518182409,0.3900309714283152,37.0,40.0,3.0,3.0,-0.0306613989165018,0.4103629014497272,0.4179872693230985,0.08322797976145552,0.018208305316272395,0.10645414773283907,0.04763537648188206,0.25123159758605973,0.1058823567792633,Central African Republic
CAF,140,2016,0.4181908570669331,0.1653686308433923,0.3112632612117327,0.5325050985377822,0.5148944311073312,0.1731519831465781,0.3258617001506617,0.5315077468876312,0.5207307310563943,0.3878130403103164,38.0,40.0,2.0,2.0,-0.0303778167566167,0.4044609143783536,0.4107860500065645,0.08362657731934629,0.01959864664142037,0.10822569319732367,0.047230443626216784,0.2516785027475855,0.10668332155313659,Central African Republic
CAF,140,2017,0.421736300866536,0.1659241094971166,0.3190764632949819,0.5338969413714338,0.5171200460773516,0.1736147806008734,0.3340884626704202,0.5328448060052986,0.5231645788678344,0.3909281570361067,38.0,42.0,4.0,4.0,-0.0308081438304292,0.4064476599243989,0.4130580159039552,0.08402273788312642,0.020348030438106443,0.1103492214387926,0.046885315694700995,0.2522488188337444,0.10745784660133612,Central African Republic
CAF,140,2018,0.4237675489972856,0.1660682946604202,0.3249350119637844,0.5347964665648266,0.5172696067516697,0.1735230909720308,0.3400700932363,0.5337028717527869,0.5233224695759159,0.3926546313842584,38.0,42.0,4.0,4.0,-0.0311129176130272,0.4096269065409478,0.416942724617072,0.08430022690623985,0.018681132499648423,0.11469569477779297,0.04648759034178344,0.2525020720308857,0.10809162241252762,Central African Republic
CAF,140,2019,0.4271040641641048,0.1658410804575173,0.3332431440249008,0.5353304218367354,0.5192617248218714,0.1733757805967477,0.3470816457111428,0.5342004164274402,0.5254737785470678,0.3950329053205996,39.0,41.0,2.0,2.0,-0.0320711588435051,0.4082026725380546,0.4151555273337106,0.08624820691994904,0.019053741334826017,0.12602641455238564,0.0462010507237764,0.25335607585882247,0.11115932061745262,Central African Republic
CAF,140,2020,0.4292236650115855,0.1622705500203304,0.3454045189673139,0.5344871218970922,0.5166623440140302,0.1697940990146173,0.3596568104995966,0.5333753156228813,0.522645670754899,0.3963679739729986,39.0,42.0,3.0,3.0,-0.0328556910385868,0.4152222650547694,0.4244470288755751,0.08704066421293973,0.018665645804893008,0.13328862318180845,0.04571950175717223,0.2526050154687819,0.1125696965531639,Central African Republic
CAF,140,2021,0.4300470149725749,0.1609706185506101,0.3450416394678208,0.5321596598896405,0.5208947107312311,0.1685942201919091,0.3591919015554225,0.5311095199236535,0.5272231606284119,0.3965297005748492,39.0,42.0,3.0,3.0,-0.0335173143977256,0.4095298493929734,0.4173688350547845,0.08796632463521113,0.020763686423334413,0.1366188575298414,0.045202192691489916,0.25437874712312014,0.11424087094194646,Central African Republic
TCD,148,2001,0.3609882712479332,0.2171763786532668,0.2617190339211034,0.4954223203305881,0.4072151122142142,0.2238681158759494,0.2767305254880382,0.4948852215628214,0.4249442238177684,0.3551070216861444,37.0,42.0,5.0,5.0,-0.0058812495617888,0.3714579296044436,0.3722604457953727,0.06248370973875775,0.07304129517355411,0.07442000851039748,0.011456644795847487,0.20872111683838335,0.09190976632954562,Chad
TCD,148,2002,0.3616217250478747,0.2109690194631256,0.266723926042963,0.4986124816423956,0.4048920693866421,0.2178792070611125,0.2816949127824556,0.4979958114709288,0.4224224219967558,0.3549980883278132,38.0,41.0,3.0,3.0,-0.0066236367200614,0.3711428668930112,0.3725990948855981,0.06251426245530119,0.06989132459488137,0.07831797130588612,0.01150080773912392,0.20804486719306842,0.09193874270823996,Chad
TCD,148,2003,0.3643225595087891,0.2408590568165425,0.2652102298867198,0.496887811697045,0.4053912678650167,0.2464805526420929,0.2809488749009571,0.4962784147257267,0.4229806919249742,0.3616721335484377,37.0,39.0,2.0,2.0,-0.0026504259603514,0.3762178022874016,0.3755949199564006,0.06449171014507828,0.0823871093928947,0.07695022209060086,0.011568194679411108,0.20815940285185894,0.09476623225369141,Chad
TCD,148,2004,0.37334971390805,0.3118809234662836,0.2676281529868985,0.4873611554532506,0.411835134508784,0.3148265008998995,0.2834325475980355,0.4876083698090077,0.4288281329996507,0.3786738878266483,39.0,35.0,-4.0,4.0,0.0053241739185982,0.3894669416316275,0.3840212534118035,0.07110964851491819,0.11124950361222151,0.08075088958320843,0.011944552103238167,0.21352017518611083,0.10436628012119473,Chad
TCD,148,2005,0.379163067485562,0.2587270384116641,0.2692499240370443,0.4943873944633524,0.4380378445994172,0.2620582361692965,0.2855308437954191,0.4944611858650917,0.4542128754166022,0.3740657853116023,37.0,39.0,2.0,2.0,-0.0050972821739596,0.3818148592043915,0.3807555827936186,0.07039226059268286,0.09658415845867717,0.07620980653576119,0.012268915331427172,0.22944001339029568,0.1036257234290403,Chad
TCD,148,2006,0.385171393481077,0.2416697156566187,0.2731478709251744,0.4961454045245494,0.4551193203009526,0.2447796653015297,0.289808591747767,0.4961230789655497,0.4705357226270665,0.3753117646604783,38.0,39.0,1.0,1.0,-0.0098596288205987,0.3821516061507295,0.3826385110009257,0.0705918302481069,0.09091354760166,0.07411220657708135,0.012215041914372473,0.23972950719018443,0.10424257582082457,Chad
TCD,148,2007,0.3879366767004522,0.2470218523603073,0.2802673520560625,0.4969897062235643,0.4546877176518589,0.2507104872676587,0.296598845615335,0.4968575022293309,0.4700619982512792,0.378557208340901,37.0,37.0,0.0,0.0,-0.0093794683595512,0.3867295396542515,0.3869325969696253,0.07088154782186175,0.08888894831488181,0.07796321996398142,0.012235146171506724,0.23961620085919258,0.10467587882739063,Chad
TCD,148,2008,0.3925812296612859,0.2384423319072312,0.2854387517615966,0.4965699508323966,0.4657853467415726,0.2423268988337342,0.3016765731067879,0.4964123497154575,0.4809094698852367,0.3803313228853041,36.0,38.0,2.0,2.0,-0.0122499067759818,0.3875564128701722,0.3884733728182248,0.0716337990972867,0.08505561194177179,0.0809616399423462,0.012238627998669954,0.24562279818878985,0.10596966951789444,Chad
TCD,148,2009,0.3941087260401023,0.215128107174801,0.2923635533328845,0.5079545220259023,0.4647296714205859,0.2200326812008815,0.3081552824780229,0.5072756042308488,0.4797678746313968,0.3788078606352876,37.0,38.0,1.0,1.0,-0.0153008654048147,0.3872851435271185,0.3900980076661046,0.07046692578891459,0.07150486704194661,0.08813796388634065,0.01228170236376456,0.2452586450664768,0.10429579458963215,Chad
TCD,148,2010,0.3989035322701053,0.2394626796794738,0.2964665555828447,0.5087359368079718,0.4665291202950088,0.244938747573461,0.3120145448671785,0.5080999104748034,0.4816336702211074,0.3866717182841376,35.0,38.0,3.0,3.0,-0.0122318139859676,0.3962927070495701,0.3971175312746033,0.07221226031627168,0.07730567651574027,0.09105643782935387,0.012554890852142432,0.24602843078858166,0.10673635899645456,Chad
TCD,148,2011,0.4039193806584873,0.2364845561940071,0.3170170292101485,0.5063982779020715,0.4655946106596972,0.240920917024479,0.3336485250822256,0.5058444823632742,0.4806153005714772,0.390257306260364,36.0,38.0,2.0,2.0,-0.0136620743981232,0.3964296120462795,0.3988586361587267,0.07517970143621856,0.08162371856456838,0.10456086132364481,0.01257498242898886,0.245682811724793,0.11111059351049876,Chad
TCD,148,2012,0.4075040149967349,0.2382789681914413,0.325912945673604,0.5087566246691818,0.4661214378719707,0.2432521221472026,0.3426318362633317,0.5080440840412973,0.4811894890385476,0.3937793828725948,36.0,38.0,2.0,2.0,-0.01372463212414,0.4006774987211753,0.4031109407298531,0.07662629033328028,0.08102956406950267,0.11158424018492986,0.013285679715798852,0.24574764524508702,0.1129117823038296,Chad
TCD,148,2013,0.4069495065063442,0.2172020092987314,0.3293136955280741,0.5117571195374603,0.4664785972010919,0.2226132773055632,0.3458529169607481,0.5109074847466878,0.4815962311600439,0.3902424775432607,39.0,38.0,-1.0,1.0,-0.0167070289630835,0.3971950264651361,0.401241057065949,0.07582694438440918,0.07234598632283586,0.11559043993838194,0.013349546049994573,0.24570819436409055,0.11174854166882574,Chad
TCD,148,2014,0.4092257007701229,0.220867764723233,0.3328364535832304,0.5151571577330007,0.466682481943229,0.226109457625436,0.3488067393057064,0.514168089084767,0.4818207536901802,0.3927262599265224,39.0,39.0,0.0,0.0,-0.0164994408436005,0.3993266816782638,0.4034064465529255,0.07693334463615445,0.07270999182290892,0.12170882158007336,0.01339581467617756,0.24566859063768673,0.11337080467921165,Chad
TCD,148,2015,0.405206812884629,0.2106541557414484,0.3316529750250266,0.5143879458186401,0.4603583860675261,0.2169190025596609,0.3476890511299041,0.5133244022467032,0.4749095384880645,0.3882104986060831,40.0,41.0,1.0,1.0,-0.0169963142785459,0.3960836779071485,0.4006949556903348,0.07499142988058231,0.06493170719841238,0.11970915321563715,0.013417834395210392,0.2438431497278,0.11047546113426499,Chad
TCD,148,2016,0.4045160304023746,0.1975209056891074,0.3343828542392719,0.5111694181439006,0.4620849331986029,0.2036723881035339,0.3502138548795824,0.5101798883088834,0.4767704855997829,0.3852091542229457,40.0,41.0,1.0,1.0,-0.0193068761794288,0.3923363970917939,0.3981345396330273,0.07449266395024715,0.05879200305717123,0.12343115815236878,0.013185168908264823,0.2442020808934043,0.10990260275280228,Chad
TCD,148,2017,0.4042519889942523,0.2021195450094889,0.332558726032332,0.5086465068223025,0.4629236169563986,0.2078804051596141,0.347664101408717,0.5077244086483857,0.47769500753502,0.3852409806879342,41.0,43.0,2.0,2.0,-0.019011008306318,0.3927177338642386,0.3978522969180008,0.07481234323523885,0.059812667020223115,0.12459550908171121,0.013047763825327519,0.24432266898221083,0.11044465222736817,Chad
TCD,148,2018,0.4069664023732235,0.2067548713384599,0.3360991175814815,0.50979149073117,0.4652952852168078,0.2132360472952846,0.3513480732028641,0.5089988622312924,0.4802487110606661,0.3884579234475268,42.0,43.0,1.0,1.0,-0.0185084789256967,0.3964185395375527,0.4009595176150747,0.07539113468691316,0.05815882817168313,0.12905726103136242,0.013243268307011188,0.24443083276919284,0.1112225475698124,Chad
TCD,148,2019,0.4075693868936985,0.2069433648201323,0.3356621718656544,0.5114110189777037,0.4662801070346867,0.2134241672410253,0.3503463499284369,0.5105798548294926,0.4813378332990871,0.3889220513245105,43.0,44.0,1.0,1.0,-0.0186473355691879,0.3970379200164895,0.4015736984823278,0.07600061784043274,0.05883963752448642,0.13205018497868862,0.01337457616980362,0.24392428261281351,0.11204717032144804,Chad
TCD,148,2020,0.4086698125715213,0.1903769000913355,0.3448635417164866,0.5123238733047374,0.4662308209009096,0.1972460152816818,0.3592112001919392,0.5113808337367349,0.4812970912471562,0.387283785114378,42.0,44.0,2.0,2.0,-0.0213860274571432,0.3950235517268844,0.4011226994566774,0.07620005265903244,0.05253511649978584,0.1398551984963513,0.013376086696477522,0.243772998135455,0.11238484995701742,Chad
TCD,148,2021,0.4221391758415452,0.1969093568439738,0.3896244868469034,0.5077816514897373,0.4668036479341394,0.2031980698883186,0.405874924176017,0.5070422337443778,0.4819121743785314,0.3995068505468112,41.0,40.0,-1.0,1.0,-0.022632325294734,0.4036853870806745,0.4113323275442224,0.08301446452726333,0.05565003744886862,0.17720563907272002,0.013452919401936984,0.24360277832348085,0.12247784356175162,Chad
COM,174,2001,0.3755672355828975,0.29607419911717,0.3169244972710501,0.5410326925638675,0.3566794803704265,0.3023592380744309,0.3341421506242799,0.5390043596904759,0.3750596204311108,0.3876413422050744,34.0,26.0,-8.0,8.0,0.0120741066221768,0.4013717609554189,0.4010421377431613,0.057740218360233124,0.07736992973313475,0.07733195687704733,0.022757857015163127,0.13104540636637851,0.07712628749793093,Comoros
COM,174,2002,0.3804733179290572,0.2969600223916642,0.3338156721976912,0.5416119300269546,0.3558250906159445,0.3032764842682894,0.351250667745568,0.5395509796189649,0.3741639371861772,0.39206051720475,34.0,27.0,-7.0,7.0,0.0115871992756927,0.4051866161594415,0.4055135429396297,0.059789866201142176,0.07852272547047577,0.08726936341628981,0.023213759404901717,0.13073914651494833,0.07993624870165392,Comoros
COM,174,2003,0.3822987643194974,0.2976771509696563,0.3411935379125154,0.5393391627663446,0.3559126602685803,0.3037137100734395,0.3590759945545801,0.537274501256037,0.3743029096707904,0.3935917788887118,34.0,27.0,-7.0,7.0,0.0112930145692143,0.4063492716513422,0.4070528365022958,0.060103318944780534,0.07874753141609375,0.08873505068260829,0.023331956674390024,0.13053354265742248,0.08033702035762863,Comoros
COM,174,2004,0.3860116117365794,0.2965057705002143,0.3533490140522557,0.5402017593369401,0.3561967275001601,0.3028470334006318,0.3719690068584505,0.5381044260734673,0.3746548375084929,0.3968938259602606,34.0,29.0,-5.0,5.0,0.0108822142236812,0.4095226012840719,0.410656853999527,0.061201954681348224,0.07693634294892933,0.09630823021211263,0.023656390526186455,0.13040120396892285,0.08182554191403782,Comoros
COM,174,2005,0.3859569269509456,0.2944355805000408,0.3558153785052947,0.5416433256093631,0.3539701576702398,0.301100213729401,0.3743246765273631,0.5394974565971504,0.3722763986257463,0.3967996863699152,35.0,30.0,-5.0,5.0,0.0108427594189696,0.4098275000214013,0.4110510958750836,0.061816683826799286,0.07549844677754308,0.10037125095935412,0.02431206649970768,0.12941466180125444,0.08239910650946483,Comoros
COM,174,2006,0.4042276198260638,0.2814425040820897,0.3605240637115434,0.5396815733363978,0.4061677992040888,0.2875379580051002,0.3788608225396004,0.5375650824367701,0.4212281463082633,0.4062980023224335,31.0,27.0,-4.0,4.0,0.0020703824963696,0.4157609611263372,0.417260252862174,0.06529737674506417,0.06983546614092585,0.10143157227827011,0.02399930563475409,0.15883453035383308,0.08852521860194579,Comoros
COM,174,2007,0.4059947687645861,0.279588414095715,0.366793378988817,0.5423336934354618,0.4050917282918292,0.2857901470611458,0.3848157896482794,0.5402225673307448,0.4200719444865727,0.4077251121316857,34.0,26.0,-8.0,8.0,0.0017303433670995,0.4175892012837097,0.4193343453082571,0.0663080822998697,0.06748836954631347,0.11008067008145868,0.02412254636048983,0.1582196387920885,0.08997780619508762,Comoros
COM,174,2008,0.4068654552852443,0.2731879070657378,0.37106129650331,0.5426914843907972,0.4061383917353394,0.2798619629024402,0.3889328904803789,0.5405490343836096,0.4212750330307072,0.407654730199284,35.0,27.0,-8.0,8.0,0.0007892749140396,0.4180413948567502,0.4199825319230835,0.06589439362719127,0.06553442354674252,0.10814604168356287,0.024578110978018198,0.15834004466057003,0.0891496552172234,Comoros
COM,174,2009,0.4068312578396028,0.2774785726285337,0.3714886693398561,0.5418235790407748,0.4046446510685129,0.2839308594873645,0.3884295605379148,0.539656576272317,0.4195872161187894,0.4079010531040964,34.0,30.0,-4.0,4.0,0.0010697952644936,0.418261997088485,0.4200432174044347,0.0662523208334682,0.0654152739874893,0.11016770933650455,0.02492944675358995,0.1574241625180161,0.08948414814889998,Comoros
COM,174,2010,0.4784477629755701,0.2759623036309878,0.3944753179648408,0.5415478792304409,0.5834333482435297,0.2823498784132212,0.4113245957663647,0.5393460536510128,0.5909332449784719,0.4559884432022676,10.0,11.0,1.0,1.0,-0.0224593197733024,0.4576968784330316,0.4582589010255854,0.08606593582158019,0.06510409233224938,0.12859722139976526,0.025378003490054448,0.26698266158159223,0.12151549470091533,Comoros
COM,174,2011,0.4836222203557711,0.2749965320750213,0.4101892426454637,0.5432694234905263,0.5842824774279166,0.2815212536531686,0.4259153369314487,0.541030295773545,0.5918276374976358,0.4600736309639496,10.0,11.0,1.0,1.0,-0.0235485893918215,0.4613736559267664,0.4625579058334038,0.08994021068803829,0.06601097262446454,0.14886272357910404,0.02594797276306715,0.26720388392647365,0.12700638822327734,Comoros
COM,174,2012,0.484587339771386,0.2743588602447167,0.415110546225579,0.5424600547135742,0.5836449656025897,0.2808138218970188,0.4303091489045392,0.5402123956867713,0.5911704812888512,0.4606264619442951,12.0,13.0,1.0,1.0,-0.0239608778270908,0.4613830437893121,0.4627175326473081,0.09008326779827226,0.06477346409990199,0.15013057193191617,0.026343450744956372,0.2668381191179229,0.12702140147367436,Comoros
COM,174,2013,0.4865416243475964,0.2760427941481682,0.4230099170551121,0.5417600000047962,0.5824100527632797,0.2826790369676931,0.4374315596194264,0.5394790173104542,0.5898302542245258,0.4623549670305249,12.0,12.0,0.0,0.0,-0.0241866573170714,0.4634769796268552,0.4649747648553129,0.09377849237008232,0.06584896773175905,0.1699438033136173,0.026940996816506083,0.2660891671733664,0.13220573375881223,Comoros
COM,174,2014,0.4883835212898106,0.2724336413886917,0.4256393007582494,0.5422979863217154,0.5863368479523612,0.2789455725322308,0.4400631309811971,0.5400208225069751,0.594154620851376,0.4632960367179448,12.0,14.0,2.0,2.0,-0.0250874845718657,0.4635017411937927,0.4651384754114511,0.09245556716437754,0.0655050996634967,0.16037686146654068,0.027237471571586836,0.2673363551178749,0.13011394695487477,Comoros
COM,174,2015,0.4899397871102584,0.2746553946341766,0.4323339319884319,0.5402551763951482,0.5855615263830298,0.2808641597183242,0.4464800345138618,0.537995364221095,0.5933399760895516,0.4646698836357081,13.0,14.0,1.0,1.0,-0.0252699034745502,0.464555852854877,0.4663575908254105,0.09271460369529326,0.062234569593304825,0.16544411795452846,0.027333848476040153,0.26686812444029473,0.13047016511604204,Comoros
COM,174,2016,0.4918145814151769,0.2690866547654309,0.441617098104459,0.54021177329989,0.5852352219564076,0.2754814667637263,0.4553977888625795,0.5379658401090959,0.5929543047722087,0.4654498501269025,14.0,15.0,1.0,1.0,-0.0263647312882743,0.4659435606941629,0.4682733966962041,0.09669898125288122,0.06216976728256805,0.17705985644869662,0.03127298462447606,0.26719838453118316,0.13442524822173096,Comoros
COM,174,2017,0.4946525114135012,0.2727872722920748,0.4533952121993996,0.53916698608992,0.5827553213464274,0.2790937882623538,0.4676579411546805,0.5368645160620787,0.590231972494854,0.4684620544934917,16.0,15.0,-1.0,1.0,-0.0261904569200094,0.4685821660271304,0.4711995371251012,0.09781779461288181,0.06209310947836691,0.18307877809862608,0.031768229007576816,0.2663552357191252,0.13582383807592374,Comoros
COM,174,2018,0.4988099671387604,0.2688584327051243,0.4669220032955314,0.5422944988599738,0.5828460007251176,0.2752294180949695,0.4801517752632102,0.5400318904783505,0.5903330267821877,0.4714365276546794,14.0,15.0,1.0,1.0,-0.0273734394840809,0.4716225980624189,0.4749327034994652,0.10074129807186284,0.061248930689928434,0.1995507379070724,0.032351032939102464,0.26645756426008776,0.13990206644904776,Comoros
COM,174,2019,0.501933549000568,0.2631130186786696,0.4792728168284019,0.5422129450375456,0.5835517391802831,0.2693749204404386,0.4915820675246686,0.5399249862617272,0.5912032602187811,0.4730213086114039,16.0,17.0,1.0,1.0,-0.028912240389164,0.4727988966521446,0.4767932336535329,0.10293359635285555,0.059629798558792295,0.21337286083053375,0.03256268340950082,0.2667954865086062,0.14309020732685826,Comoros
COM,174,2020,0.5175967041472157,0.2606524729528569,0.5346851110925395,0.5397481992588355,0.5840156400717216,0.2669645467177392,0.5460208613204146,0.5374831825673065,0.5916723519074952,0.4855352356282388,12.0,12.0,0.0,0.0,-0.0320614685189768,0.4827762466220383,0.4887742161754224,0.11140780740319069,0.05745964323179959,0.2663282719316628,0.032371255885518785,0.2673215438724652,0.1558701787303616,Comoros
COM,174,2021,0.5199783850527496,0.2651682761511758,0.5448318030202293,0.534700154621517,0.5836101147981563,0.2712880532527205,0.5547079532588568,0.5323560671442443,0.5911294782597513,0.4873703879788932,11.0,13.0,2.0,2.0,-0.0326079970738564,0.4845344843524297,0.4906102229840472,0.11286005654438816,0.05589578696047477,0.28577314806149684,0.029384007454521438,0.26721707834681596,0.15956750520582724,Comoros
COG,178,2001,0.4088345778410245,0.3823715455496448,0.3057540026952228,0.5593989449311769,0.4152991836090671,0.3795212245481799,0.3227860592342526,0.5575689140856481,0.4223013704863384,0.4205443920886047,18.0,13.0,-5.0,5.0,0.0117098142475802,0.4213492003824281,0.417310827311397,0.12792020176576765,0.13369899458739776,0.09624694420995303,0.1114549111080351,0.21172808605356874,0.13828223398973866,"Congo, Rep."
COG,178,2002,0.4094697196474121,0.3894301713151076,0.3038917331218467,0.5597432767037445,0.4157987338420951,0.3866828443651148,0.3205362044912718,0.5577683404685901,0.4228655973504328,0.4219632466688524,19.0,14.0,-5.0,5.0,0.0124935270214402,0.4253069957506066,0.4211331403801339,0.12695443934371498,0.13647930609659567,0.09039878496422007,0.11053192287802978,0.21172597323383796,0.13728399679317088,"Congo, Rep."
COG,178,2003,0.4205172133856296,0.4174220077339758,0.3083670387958453,0.5669571823068413,0.4282389265048358,0.4135241566694306,0.3247988272240365,0.5645062208940614,0.4364011133111845,0.4348075795246782,18.0,9.0,-9.0,9.0,0.0142903661390486,0.4363468350693258,0.4313411403933465,0.12828987007639736,0.138304846809016,0.09898640344029083,0.10870717406365962,0.21508113440179547,0.14026988967869047,"Congo, Rep."
COG,178,2004,0.4144356357953254,0.4125749384754878,0.3043726644367514,0.5663482574471306,0.4168742840515214,0.4089759232056182,0.3205106255305609,0.5641534146167329,0.4240123134550128,0.4294130692019812,22.0,12.0,-10.0,10.0,0.0149774334066558,0.4303460623446591,0.425353335708957,0.12684940776282813,0.13520618308707497,0.10127624861360848,0.1071729318361802,0.21172641608046674,0.1388454449043326,"Congo, Rep."
COG,178,2005,0.4133815964747491,0.402506312246729,0.3071965561523833,0.5627181314208212,0.4174242178512839,0.3993704405547378,0.3228756774296234,0.5605325596447773,0.4245486167308814,0.426831823590005,25.0,16.0,-9.0,9.0,0.0134502271152558,0.4278286941063717,0.4231011783028108,0.12725716909484386,0.1334206079021842,0.10691673895217998,0.10667944137752425,0.2118834153058188,0.1397250508844268,"Congo, Rep."
COG,178,2006,0.4183407546437508,0.3957925558056118,0.3145862384010628,0.5581631482359362,0.4301102526320836,0.3929169209768935,0.329243756592093,0.5560026012883201,0.4383575082300869,0.4291301967718484,26.0,16.0,-10.0,10.0,0.0107894421280975,0.4301594669738482,0.42552116905956,0.1302130823400509,0.13810889015310848,0.11759957671672808,0.10634929953434748,0.2153285096382971,0.1443465690106203,"Congo, Rep."
COG,178,2007,0.4661568967133001,0.3290573142434439,0.3195042680025964,0.5615912943164265,0.5796343316718437,0.3272502666494853,0.3329946941360346,0.5591189758646617,0.5814397570216875,0.4502009234179673,10.0,8.0,-2.0,2.0,-0.0159559732953327,0.4447573462934461,0.4415033430276063,0.14259420471416903,0.12951784328612073,0.12569650507703034,0.10198100034333064,0.3128515124571633,0.16751171529091125,"Congo, Rep."
COG,178,2008,0.4760495236934825,0.4103096283828625,0.3398461882217474,0.557006966316765,0.5635651942575882,0.4067437425151624,0.3516726639932651,0.5545764066465771,0.5639024854866004,0.4692238246604012,7.0,8.0,1.0,1.0,-0.0068256990330812,0.4626309444123928,0.4570119685270624,0.14745331226840055,0.14016732829201844,0.1488265543548009,0.10167652088059562,0.3081600853418846,0.1747076222173249,"Congo, Rep."
COG,178,2009,0.4843988039807098,0.3802510363369856,0.3435003739767383,0.5722552612717431,0.58564909446586,0.3773872553574923,0.3534591519569478,0.5689651130639386,0.5859690907311902,0.4714451527773922,7.0,7.0,0.0,0.0,-0.0129536512033176,0.4651372735730966,0.4602531176494783,0.15236295386050713,0.1438436804864312,0.15882967585850852,0.10301281522821673,0.32085116396690827,0.18163433388501618,"Congo, Rep."
COG,178,2010,0.4816902809262811,0.3664555863423924,0.3575665832231011,0.5662224623004657,0.5752834498008645,0.3654621436174163,0.3659147789194202,0.5630343335919813,0.5744158717097774,0.4672067819596488,9.0,8.0,-1.0,1.0,-0.0144834989666323,0.4602737371917257,0.4562294443901882,0.15276209110106495,0.11302450328486821,0.1767442089382181,0.10925536501221265,0.31806692612712945,0.17927275084060712,"Congo, Rep."
COG,178,2011,0.4912428775358206,0.4324944247575865,0.3634839672186977,0.5512654498049929,0.5814281439258467,0.4274242327636015,0.3718903796549777,0.5484313458877723,0.5811187227674913,0.4822161702684606,7.0,7.0,0.0,0.0,-0.0090267072673599,0.4717489137198787,0.4657994021846737,0.15932434000244217,0.15181451351391045,0.17829037509680154,0.10794408178348916,0.3196212944492677,0.1894175662108672,"Congo, Rep."
COG,178,2012,0.4956752178429081,0.3746035673393353,0.3817066106024627,0.5639340155518223,0.592515591579929,0.374807281557531,0.3898609905784417,0.560468057412615,0.5919364213669115,0.4792681877288748,7.0,8.0,1.0,1.0,-0.0164070301140333,0.4739298444538022,0.4703456960945201,0.1564052273682081,0.10890603929518602,0.1912227083828828,0.11025677772029091,0.3274970942579458,0.18447065491407638,"Congo, Rep."
COG,178,2013,0.4995233991448888,0.3866725417279292,0.399454501597696,0.5700767505209595,0.5808161586283358,0.3849716691581799,0.4075978698902573,0.5659758328768092,0.5789780753810542,0.4843808618265751,7.0,8.0,1.0,1.0,-0.0151425373183137,0.477262167498878,0.474732758611157,0.15946719320247546,0.1255529245432811,0.19989178918885228,0.10867840033837735,0.3243306381270916,0.18961343804940056,"Congo, Rep."
COG,178,2014,0.5045274279771081,0.3660372954805616,0.4093994415964287,0.5787874850917528,0.5889678702610625,0.3660435512317958,0.4174976095830582,0.5744101117906026,0.5879537986804074,0.486476267821466,7.0,8.0,1.0,1.0,-0.0180511601556421,0.481458039527182,0.4798308190080136,0.16060764549637432,0.11657854176312202,0.209322729119308,0.11031813620227547,0.3262258996175669,0.1906113266755681,"Congo, Rep."
COG,178,2015,0.5029898660645234,0.3123873843182144,0.4175619755685663,0.5820154781830343,0.5956969351927377,0.3119563216584723,0.4252636613734331,0.5774079985130371,0.5939830752390363,0.4771527641959946,7.0,8.0,1.0,1.0,-0.0258371018685287,0.4720731821963643,0.4731495457206012,0.16520666682799057,0.13355272122185724,0.2181360054126799,0.10919067022908165,0.33118101531293065,0.19801510304413736,"Congo, Rep."
COG,178,2016,0.5032252733539365,0.3141502993179484,0.420031389386353,0.5733787694124578,0.598671876564472,0.312827982259253,0.4275491901757334,0.5691752645466849,0.597294445972087,0.4767117207384396,10.0,10.0,0.0,0.0,-0.0265135526154969,0.4701496939052219,0.4713316279821484,0.16262689969460398,0.13166309025490205,0.22012200664211018,0.10391223285948929,0.3318177099363615,0.19687875992321574,"Congo, Rep."
COG,178,2017,0.5098107638413407,0.3696704024979646,0.4160934095505613,0.5580719294047916,0.6086543836188515,0.3668707066925172,0.4251653400180208,0.5548225898481358,0.6082545840586552,0.4887783051543323,9.0,8.0,-1.0,1.0,-0.0210324586870084,0.4802539589398402,0.4787316696033493,0.15925005872035977,0.12965204860978416,0.2106823365293161,0.10020265940541752,0.3347100696158765,0.19381177854009857,"Congo, Rep."
COG,178,2018,0.5096194679996805,0.3782763339404381,0.4183100971675134,0.547441371750379,0.6093318412895944,0.3749565381722303,0.4270279648624114,0.5447512264101468,0.6081745073945118,0.4887275592098251,9.0,9.0,0.0,0.0,-0.0208919087898553,0.4795896383468172,0.4777051517879623,0.16006907854918667,0.13355022244371187,0.21651934588632107,0.09798840670950001,0.33662382205814095,0.19617044927441846,"Congo, Rep."
COG,178,2019,0.508039261380613,0.35007084151514,0.4288131733802224,0.5458555796346836,0.6076080657346555,0.3501439648313731,0.4371038723542651,0.5432079564609342,0.6062883998206103,0.4841860483667957,13.0,9.0,-4.0,4.0,-0.0238532130138172,0.478413491994012,0.4774378941351624,0.15523837132016904,0.09642901751861688,0.2291928777940002,0.09716339896652504,0.33603069174531275,0.18970399650611372,"Congo, Rep."
COG,178,2020,0.5145906992006292,0.3459796117745184,0.4583985365382661,0.5477479102386948,0.6020416139975694,0.3452084905241376,0.4648920975295069,0.5448444606582379,0.6001821181054992,0.4887817917043454,13.0,11.0,-2.0,2.0,-0.0258089074962837,0.4822548938502584,0.4830938488191824,0.15924552831694766,0.09879318944898258,0.2630443316275227,0.09355021377359443,0.3344574892493638,0.1974613060248659,"Congo, Rep."
COG,178,2021,0.5196669089517315,0.3628946854348072,0.4686748231302825,0.543619380445422,0.6039155249565044,0.3616886602143798,0.4742597859675592,0.5409486657595876,0.6022328218222648,0.4947824834409479,12.0,10.0,-2.0,2.0,-0.0248844255107836,0.4879450280738535,0.4884000810635754,0.16334095505287194,0.10671116204915009,0.28130641460374195,0.09273285103910896,0.3349698872627176,0.20393007873867963,"Congo, Rep."
COD,180,2001,0.3570792550852858,0.2333697332310701,0.2706981726567645,0.4274315336504492,0.4313357751691914,0.235779098938051,0.2889914058186168,0.4285566208787115,0.4354601353943586,0.3471968152574344,40.0,43.0,3.0,3.0,-0.0098824398278513,0.3619875834929359,0.3604457332350625,0.07017452837237248,0.027095549802537745,0.061396653965780465,0.030972083160457596,0.2611641985506428,0.09515712136985466,"Congo, Dem. Rep."
COD,180,2002,0.3590577863799178,0.2454463554740009,0.272841892769654,0.4255701120389956,0.4317337809397894,0.2483893660459834,0.2910915497471079,0.4267177152683047,0.4359518795560829,0.3505376276543697,40.0,43.0,3.0,3.0,-0.008520158725548,0.3669893670616608,0.3646604105071512,0.0702860965905676,0.028529205498231833,0.06275324504349684,0.030327350541275597,0.2609185573791062,0.09563208961552762,"Congo, Dem. Rep."
COD,180,2003,0.3593312069644752,0.2547206966657418,0.2783183405160658,0.401093943286782,0.4387670557340573,0.2577398539039586,0.2964541083212647,0.4024137960025266,0.4436737604374231,0.3500703796662933,39.0,42.0,3.0,3.0,-0.0092608272981818,0.3671411638326061,0.364079622347577,0.07129172069152286,0.031554132662673186,0.066785655708347,0.029445444834909375,0.2625929686635601,0.09759455046737242,"Congo, Dem. Rep."
COD,180,2004,0.3623292805646051,0.2620209787762591,0.2847738078526096,0.419016219850555,0.4288283930430707,0.2648460916664336,0.3033802315905714,0.420113856291697,0.4328897259802136,0.3553074763822289,40.0,43.0,3.0,3.0,-0.0070218041823761,0.3717624925980798,0.3689975913860696,0.07212854524304463,0.035298490807273146,0.07071620374603513,0.029442578509365033,0.25948195716844424,0.09873480755777939,"Congo, Dem. Rep."
COD,180,2005,0.3629979351203295,0.2576646739904208,0.2821736940297161,0.426828201952012,0.4298549687025746,0.2601147993289219,0.300683325712102,0.4277735178140792,0.4340605493723901,0.3556580480568733,41.0,43.0,2.0,2.0,-0.0073398870634562,0.3708468961664617,0.3683995127091231,0.07215710863799518,0.036027928307984354,0.07070889797950751,0.029242600897454642,0.25951307840042026,0.09887312639634169,"Congo, Dem. Rep."
COD,180,2006,0.3726982040238861,0.2637526276325264,0.2826389844306672,0.4319128624065593,0.4509929319967284,0.2663418449112684,0.3002982111015174,0.432881341867493,0.4564781821780217,0.3639998950145751,41.0,42.0,1.0,1.0,-0.0086983090093109,0.3787630662537423,0.3757330062319728,0.07313843476067301,0.035011256969096946,0.07142808789683452,0.029119306462267493,0.2667934054138432,0.10058801418551055,"Congo, Dem. Rep."
COD,180,2007,0.3767359720120455,0.2708239231958911,0.2916293415340014,0.4269979465882175,0.4550705528375568,0.2734797242822793,0.3090783566635212,0.4278424329758085,0.4593085691468604,0.3674272707671173,40.0,42.0,2.0,2.0,-0.0093087012449281,0.3816535506594925,0.3785105675634699,0.07486713354553484,0.035241118932811066,0.07703146840304914,0.028970765592203903,0.2722589586644443,0.1033755778981271,"Congo, Dem. Rep."
COD,180,2008,0.3819573743461646,0.2667875918647123,0.2928003187612316,0.4225461755528735,0.4724831779364511,0.2692833862805687,0.3098456417161061,0.4234633780235929,0.4751884321599841,0.369445209545063,40.0,40.0,0.0,0.0,-0.0125121648011016,0.3820927686868408,0.3789486756084588,0.07787940949230608,0.037820081455369095,0.08076701299367489,0.02888458940778462,0.2853814157651236,0.10821327490548804,"Congo, Dem. Rep."
COD,180,2009,0.3795548407732365,0.2496038189622618,0.2920814323202104,0.418241931019673,0.4751603664065662,0.2521169951795722,0.3090803934614411,0.4192061748578772,0.4781556764869268,0.3646398099964543,41.0,44.0,3.0,3.0,-0.0149150307767821,0.377087299536143,0.3746164880266008,0.07749366795905818,0.03642605943111847,0.08107447072750422,0.028334395916020064,0.28593859275726896,0.10794337970797793,"Congo, Dem. Rep."
COD,180,2010,0.3800047959986681,0.2540797362234688,0.296126929852031,0.4289089215310039,0.4653680898264083,0.2566446097054037,0.3128247319566862,0.4298346205870411,0.4675169265525966,0.3667052222004319,41.0,44.0,3.0,3.0,-0.0132995737982361,0.3788310152341068,0.3764799280088542,0.07866532028514679,0.04039930328847889,0.0856690045663305,0.02862392457949545,0.2830619090664251,0.10943853537518247,"Congo, Dem. Rep."
COD,180,2011,0.3847529108583959,0.27155312411736,0.3015516101332923,0.4206649140750364,0.4724328924684389,0.2738681237225391,0.3180271426743181,0.4218762591135297,0.4752053081321619,0.3722442084106372,41.0,42.0,1.0,1.0,-0.0125087024477587,0.3832876129960689,0.3800270615181165,0.08073252495351868,0.04506817827139066,0.09151856700388519,0.028603601237948372,0.2849634365716872,0.11253844577122786,"Congo, Dem. Rep."
COD,180,2012,0.381482971735844,0.2683503180578838,0.3082501100896369,0.411540446244364,0.4644342510836295,0.2710701114016705,0.3238913188183419,0.412974407870485,0.4665102332948126,0.3686115178463275,41.0,43.0,2.0,2.0,-0.0128714538895164,0.3804240359798536,0.3774583126200559,0.08133286867855752,0.04250226014444796,0.100407171719346,0.028480989705597086,0.2824448387197478,0.11345881507228471,"Congo, Dem. Rep."
COD,180,2013,0.380755316073045,0.2553241105170501,0.3154383749851718,0.4123747719972044,0.4608507249689023,0.2586332527413125,0.3303024841180207,0.4137759021197089,0.4626768153577216,0.366347113584191,42.0,43.0,1.0,1.0,-0.014408202488854,0.3780324850170608,0.3757390352893964,0.08221379498171469,0.03942533231707903,0.10907294896675726,0.028855395150452177,0.28094694980632956,0.11457515656015452,"Congo, Dem. Rep."
COD,180,2014,0.3910840698528899,0.2667768205406155,0.3264987506849158,0.4164792335818069,0.4737590320937703,0.2694670522376587,0.3407359658922224,0.4176966687896496,0.4768305146898862,0.3761825504023542,41.0,44.0,3.0,3.0,-0.0149015194505356,0.3864301208402803,0.3840284893104354,0.08561380202170482,0.04348132333774534,0.12175310457444412,0.02909991031780357,0.28391247794983326,0.11956170404495657,"Congo, Dem. Rep."
COD,180,2015,0.3917592363524316,0.2696598511509994,0.3291267638687769,0.4344247992307116,0.4621245605170939,0.272152410553759,0.3429139818856999,0.4350872003101693,0.4642545555908818,0.3786020370851275,41.0,44.0,3.0,3.0,-0.0131571992673041,0.3894669905321635,0.3875606234449297,0.08606553644480555,0.04554437887113831,0.12446854630445703,0.02950451312103822,0.28016198182851887,0.1199198550312881,"Congo, Dem. Rep."
COD,180,2016,0.3928818072455082,0.2577422442730074,0.3228561234837945,0.4351403322169624,0.4741860232260346,0.2602006352394426,0.3367835764461549,0.4357584093223395,0.4770660735997283,0.3774521736519163,41.0,44.0,3.0,3.0,-0.0154296335935918,0.3881398816128992,0.3865214417511101,0.08568670312683743,0.04140476329921863,0.12447778628058069,0.029148258633849896,0.2835984008172284,0.11965730225771941,"Congo, Dem. Rep."
COD,180,2017,0.4082753722533513,0.2807065164869195,0.3239099280503084,0.4417132307161067,0.5035206010476473,0.2815942657673315,0.3376276764698228,0.4421443831886509,0.5069679950017573,0.3920835801068906,40.0,40.0,0.0,0.0,-0.0161917921464607,0.399813217946414,0.3972066458381015,0.09079884964705758,0.05682625074651674,0.12517783423629655,0.029344553828295237,0.2982775127803521,0.12740653789786516,"Congo, Dem. Rep."
COD,180,2018,0.4120694907867804,0.2990315163702947,0.3322798530494773,0.4413757323453448,0.5007267937866643,0.2990487574932476,0.3456120252817938,0.4422563938535549,0.503997864637824,0.3977287603166051,41.0,41.0,0.0,0.0,-0.0143407304701753,0.4039188352767431,0.4009867977108634,0.09452385911525109,0.06815751061694098,0.133891753826389,0.030234237405127682,0.2972623635641229,0.13238646635314513,"Congo, Dem. Rep."
COD,180,2019,0.4126643204093662,0.274625598069091,0.339717498252556,0.4680857905691428,0.4898147120474061,0.2760873873776705,0.3525036582193697,0.4681500016331805,0.4921603891917517,0.3972253591054931,41.0,40.0,-1.0,1.0,-0.015438961303873,0.4061292468334047,0.404904607192916,0.09317789355670487,0.052322220517358985,0.14535871447094179,0.030217853868077734,0.2938942017746467,0.1304482476577563,"Congo, Dem. Rep."
COD,180,2020,0.4145240214707753,0.2797736809267141,0.3535313380686098,0.4496675170426709,0.4924650224945994,0.2808664846204382,0.3658337100392014,0.4502443550432939,0.4951311690139967,0.3980189296792326,41.0,40.0,-1.0,1.0,-0.0165050917915427,0.4051253933118942,0.4039349880011693,0.09650242179610526,0.05566322956618873,0.16298632480650033,0.029736600569503446,0.2941371243129475,0.135630819813785,"Congo, Dem. Rep."
COD,180,2021,0.403988771155284,0.2952223183933504,0.3645304727051114,0.3784612053737944,0.4899744741433396,0.2957910625297998,0.375495384748825,0.3813626373723257,0.4924961022885096,0.3862862967348651,43.0,44.0,1.0,1.0,-0.0177024744204188,0.3888274054941408,0.386213491605866,0.10063483381800785,0.06311581429362695,0.1816496318048392,0.029501834711584667,0.2930262057442934,0.14182337163858605,"Congo, Dem. Rep."
BEN,204,2001,0.4551307635926334,0.2589297654597068,0.3251355471672508,0.5241886921812092,0.5916765932934752,0.2631254853966797,0.3434711195934941,0.5226448584434985,0.5972594788071263,0.4316252355601996,7.0,8.0,1.0,1.0,-0.0235055280324338,0.4371193036413938,0.4355007296342029,0.07423100481014194,0.03725325627268298,0.0954393867234406,0.0190178150847118,0.27878490873763406,0.10762384170461736,Benin
BEN,204,2002,0.4550957555572346,0.2553127414387037,0.3261233853509535,0.5266109941141663,0.5906970173639714,0.259492588897374,0.344696765398221,0.5250178460139534,0.5961982708043103,0.4313513677784646,7.0,9.0,2.0,2.0,-0.0237443877787699,0.4367561985612144,0.4353988887569986,0.07407994810044602,0.03736316062906704,0.0936204329989266,0.019398291715666746,0.27839625063264173,0.10719453399407552,Benin
BEN,204,2003,0.4573782395019796,0.2488114794887542,0.3318065112969833,0.527156864777966,0.5944036919494022,0.2531156238890765,0.3504297563796645,0.5255303811714971,0.6002801776911818,0.432338984782855,7.0,12.0,5.0,5.0,-0.0250392547191246,0.4376028596483403,0.4367061340025291,0.0747264202874352,0.036525338148644816,0.0969432613292731,0.01965853453152322,0.27907980531404947,0.10805173483087266,Benin
BEN,204,2004,0.457334132349705,0.2515240269570595,0.3411317509262028,0.5273843646950562,0.585620347334418,0.2559353987372617,0.3597791428209083,0.5257324974197777,0.5906907374537633,0.4330344441079277,7.0,11.0,4.0,4.0,-0.0242996882417772,0.4382258578323818,0.4376596512613378,0.0758249216741902,0.03592904678663683,0.10531616776251351,0.020017315970565344,0.2765487241694128,0.10945281367228211,Benin
BEN,204,2005,0.458606922355654,0.250154782934624,0.3422574364677725,0.5281173258729703,0.5882787744675257,0.2543456072050938,0.3609871420408797,0.5264693203477617,0.5936653248660216,0.4338668486149392,8.0,10.0,2.0,2.0,-0.0247400737407148,0.4382179270680644,0.4377937758000886,0.07582048825557923,0.035541179743842716,0.10502805519905284,0.020150233135526077,0.2768376719662187,0.10938928501116009,Benin
BEN,204,2006,0.4624709772933808,0.2563307191778313,0.3509987333466933,0.5238337383763824,0.5920419949620591,0.2605015363178365,0.3693525355446195,0.522216054931848,0.5978091218871469,0.4374698121703627,11.0,13.0,2.0,2.0,-0.025001165123018,0.4418261509084636,0.4413180624560487,0.07803845922393679,0.03791651989336085,0.11350380998290782,0.020729447931707334,0.27744639117137626,0.11239904224483807,Benin
BEN,204,2007,0.4667993625902909,0.2564437669557121,0.3673693366033927,0.5229883836064051,0.5911211797726365,0.2607201276147577,0.3856742617019575,0.5213186295470787,0.5958051851365779,0.440879551000093,9.0,10.0,1.0,1.0,-0.0259198115901979,0.4446478461855172,0.4447041718621578,0.08145138671777877,0.04080855677762598,0.127741065383623,0.021167375336459848,0.27945886062188086,0.11729396452989743,Benin
BEN,204,2008,0.470620024335507,0.2581893627131806,0.3788455166670676,0.5242506391090458,0.590965858349976,0.2622950389119362,0.3961200755766803,0.5225321823462546,0.5954174648245799,0.4440911904148628,11.0,12.0,1.0,1.0,-0.0265288339206442,0.4463757681513252,0.44678273380333,0.08381525446692557,0.04173170164333347,0.13870779482641885,0.021666845731046328,0.2802087754075606,0.12057877940208982,Benin
BEN,204,2009,0.4770553955705398,0.2524836964234959,0.3937239897686926,0.5232301736714915,0.5992463196189236,0.2566123780905656,0.4097215740595163,0.5214953987179202,0.6044380124577566,0.4480668408314396,10.0,12.0,2.0,2.0,-0.0289885547391001,0.4496212190277834,0.4506580355810629,0.08704350736979552,0.04081934912308789,0.1570787313126894,0.021691404536250927,0.2821778119287308,0.12544182422518976,Benin
BEN,204,2010,0.4832062014358841,0.2556314945276517,0.4125153163978984,0.5224458301849677,0.6002375072062132,0.259589016148524,0.4270281889930613,0.5206736296447045,0.6055585547085024,0.4532123473736981,8.0,12.0,4.0,4.0,-0.029993854062186,0.4535646667023774,0.4550451224776187,0.09000486266074675,0.041272806368909544,0.17386365363661757,0.021872976322524544,0.28204127983098737,0.12976267903975974,Benin
BEN,204,2011,0.4831489213662756,0.2581161706998211,0.4141074387282312,0.5241402537291492,0.5969177832209497,0.2620972302443841,0.427663724901563,0.5223614791755533,0.6020530166360345,0.4535438627393837,11.0,15.0,4.0,4.0,-0.0296050586268918,0.4539530908363101,0.455446604646802,0.09110169920804292,0.04179333599483907,0.17947510552208143,0.02239571958421658,0.2807257128592116,0.13109746849008716,Benin
BEN,204,2012,0.4856399969246915,0.2580756767592699,0.4216039618979285,0.5260867483475773,0.5965857416641187,0.2621532868390901,0.4347558451769913,0.5242735460149226,0.6018058932603184,0.4557471428228306,11.0,15.0,4.0,4.0,-0.0298928541018609,0.4561399288139097,0.4578918416600652,0.09259085326133135,0.0416332569003696,0.1872932145793527,0.022972381228305375,0.2801615950517965,0.13301511193995602,Benin
BEN,204,2013,0.4901845513236613,0.2656544788069313,0.4269243072659781,0.526273162729638,0.6019098045906012,0.2696443590559793,0.4392610340775687,0.5244352824633978,0.6076894233200218,0.4602575247292419,11.0,14.0,3.0,3.0,-0.0299270265944194,0.4607770994728334,0.4622707770716834,0.09571039285576469,0.04537956754459114,0.19855916396410744,0.023829042456402598,0.2811367976805493,0.1372261429114126,Benin
BEN,204,2014,0.4871623768245192,0.2682215761471851,0.4152731024939843,0.5277843124481996,0.6012444825510352,0.2719273247890136,0.4285301640447412,0.525863127708216,0.6070314931441848,0.4583380274215388,13.0,15.0,2.0,2.0,-0.0288243494029803,0.4590502645212506,0.4601438636379913,0.09474215538969352,0.04938862339905052,0.18664225834095813,0.024674914534786548,0.28048803535386846,0.1352984579071659,Benin
BEN,204,2015,0.4807788514451683,0.2574687516250592,0.4174697243436845,0.5262774710268958,0.5866919041359769,0.261307362261703,0.429550300646681,0.5243652352066397,0.5912150289638596,0.4516094817697208,19.0,20.0,1.0,1.0,-0.0291693696754475,0.4526815531855829,0.4545889945551238,0.09498410197493076,0.04402383102061103,0.19701135437312,0.024896849513295252,0.27601435253468565,0.13548659686042797,Benin
BEN,204,2016,0.4847858284899757,0.2650668801946311,0.4254748118023435,0.523555324587478,0.590031242501195,0.2688450552610913,0.4375317796271561,0.5216275791766859,0.5948851056890829,0.455722379938504,20.0,20.0,0.0,0.0,-0.0290634485514716,0.4567127289647139,0.4585395615356533,0.09641542935843836,0.0448216266001231,0.20220467630133962,0.025645432289437387,0.27629843957137173,0.13724254369056796,Benin
BEN,204,2017,0.4852794165255034,0.2693751763024911,0.4250240376226272,0.5246720420976494,0.5895505540635346,0.2731325290692302,0.436700371145821,0.5226699621600932,0.5944355141880558,0.4567345941408001,20.0,21.0,1.0,1.0,-0.0285448223847032,0.4583176317082311,0.4599927938326062,0.09850128035992045,0.04787808338949112,0.20971300412539837,0.02647224946130952,0.27549022102603477,0.13988838950055843,Benin
BEN,204,2018,0.49050634040989,0.2794830913941505,0.4320057461519451,0.5254909535315844,0.5941247191262109,0.2827390158491483,0.4433095046917352,0.5233935203811709,0.5994843606191764,0.4622316003853077,19.0,22.0,3.0,3.0,-0.0282747400245823,0.4630766415973784,0.4645849496861171,0.10147283574939178,0.05482560813620042,0.21662081651191406,0.02750356709188237,0.2760513397346623,0.1437503328686648,Benin
BEN,204,2019,0.4926467642263903,0.2777317491956764,0.4359812735316128,0.5289605021183953,0.5954237187871938,0.2812160444015315,0.4467896057991135,0.5267888184979388,0.6010425578260056,0.4639592566311473,18.0,21.0,3.0,3.0,-0.0286875075952429,0.4649332082779829,0.466648473384914,0.10306128022761132,0.05315526091816266,0.2245001878947512,0.02869968088013292,0.2757298353982305,0.14552124127281932,Benin
BEN,204,2020,0.4919152211833917,0.2766108042742233,0.4448414237214501,0.5289514740653952,0.5866522549019141,0.2800084512980839,0.4551220463173345,0.5267547417746582,0.5915454944140222,0.4633576834510247,19.0,22.0,3.0,3.0,-0.028557537732367,0.4638904289050345,0.4662343904524086,0.10477727122787282,0.051497853166606544,0.23596791592251212,0.029730726659374977,0.2728149763392516,0.14750286802193632,Benin
BEN,204,2021,0.4986868373599059,0.2784029338229381,0.46038411638849,0.5369379784666719,0.587426412514204,0.2819722738352014,0.4693616518876419,0.5346155685299347,0.59260726086858,0.4696391887803395,19.0,22.0,3.0,3.0,-0.0290476485795664,0.470167959754575,0.4729922613701023,0.11005647829319519,0.05352518818199239,0.2606389902922349,0.031437105495009124,0.27234451180535113,0.15448644894364688,Benin
GNQ,226,2001,0.4912688182458025,0.8004456767835456,0.1505557172044141,0.5054221769086706,0.5997870452334892,0.7825886551398562,0.1566700339443566,0.504346062636823,0.6031677648266465,0.5116931291369206,2.0,1.0,-1.0,1.0,0.020424310891118,0.5054334866614816,0.4871195090063522,0.22606868605748073,0.6826195968146991,0.05900737843639027,0.08949417113264016,0.3432672454496526,0.29359709795834554,Equatorial Guinea
GNQ,226,2002,0.4669226702236528,0.7430703649846008,0.1536583225060848,0.4493768042016184,0.586704929728907,0.7237363935147015,0.1597232149359315,0.4415516714055228,0.5865271195914524,0.4778845998619021,6.0,3.0,-3.0,3.0,0.0109619296382493,0.4660554050720698,0.4499616853478068,0.2238656448675072,0.6624557688399278,0.05880746961819254,0.09255401387682635,0.3417085316459534,0.28888144599522503,Equatorial Guinea
GNQ,226,2003,0.4743880483914959,0.7221805401473282,0.157356609179153,0.457275867727871,0.6047444772051421,0.7037815331435068,0.1633620639459125,0.4488952208016086,0.6046461775039221,0.4801712488487375,6.0,4.0,-2.0,2.0,0.0057832004572415,0.4680362150771428,0.4536491999865772,0.223832465345942,0.6406931906247066,0.061470027288128795,0.09573955325527307,0.35274574556695093,0.2876621291837649,Equatorial Guinea
GNQ,226,2004,0.503267296485195,0.7245035835971472,0.1928277480153328,0.5306728533645763,0.6119447779496011,0.7090395098093072,0.2028333493202448,0.5270677950659304,0.6147820673924849,0.5134306803969918,4.0,3.0,-1.0,1.0,0.0101633839117968,0.5040318873708991,0.4919486419295372,0.2317581351001851,0.6157779077645705,0.08170053871014327,0.11334853919709265,0.3524068676118798,0.2908084633209216,Equatorial Guinea
GNQ,226,2005,0.4854828956348452,0.6535417203023596,0.2049739913891296,0.4838079698383137,0.6084387603580822,0.6395759310410611,0.2150617863068019,0.4774176147214226,0.6090541189694142,0.4852773627596749,5.0,4.0,-1.0,1.0,-0.0002055328751703,0.4722290756004241,0.4624909616774134,0.22936405668183318,0.578687406874669,0.08279861694719898,0.12077194987554316,0.352835038083784,0.2837732529452988,Equatorial Guinea
GNQ,226,2006,0.4889129413652818,0.5739998333935822,0.2161350132801978,0.5176936062404762,0.6145023094342545,0.5610542480642791,0.2262646778025821,0.5086695144927086,0.6158237021775428,0.4779530356342781,5.0,4.0,-1.0,1.0,-0.0109599057310037,0.4734884597671688,0.4687124109661469,0.22197961486376436,0.5126701625255402,0.09016077127581576,0.12603099462054004,0.35402806821698524,0.2707224991597203,Equatorial Guinea
GNQ,226,2007,0.4905297606464845,0.6031730195786619,0.2188645407159426,0.5325168016458551,0.5995738894502951,0.5917401500714753,0.2287406931975707,0.5222463600620397,0.5993759843016154,0.4855257969081753,5.0,4.0,-1.0,1.0,-0.0050039637383092,0.480692179578912,0.4748428427557086,0.22933387521620935,0.519832336324599,0.09304818565414981,0.1382754484458871,0.34994120735670714,0.2752742944453358,Equatorial Guinea
GNQ,226,2008,0.4888791084824913,0.6327399225692405,0.1913386353997495,0.5497360153606949,0.5936118120297281,0.6213965934423061,0.1971603278961635,0.5388882301574149,0.5929729305357859,0.4876045205079176,6.0,4.0,-2.0,2.0,-0.0012745879745736,0.4830200320776127,0.4765822558414971,0.2393229482575834,0.5412237666526905,0.08032747257744981,0.15517612564522457,0.3479832653408098,0.28117765755404367,Equatorial Guinea
GNQ,226,2009,0.4949626072314621,0.583614655924541,0.209111040360275,0.5699862085966237,0.6009308981343225,0.5733614214881558,0.215965136135794,0.5581421799158254,0.6009074510094816,0.4870940471373142,5.0,4.0,-1.0,1.0,-0.0078685600941479,0.4815839137362041,0.479106687185843,0.23599358107439783,0.5075852210103878,0.09208376935392518,0.1558101579600331,0.34975472296948534,0.27630846782345786,Equatorial Guinea
GNQ,226,2010,0.4939772348085631,0.5987973366667871,0.2310180064629526,0.5432744829276892,0.5958144540816337,0.588244731920866,0.2362391632480704,0.5332997472427488,0.5953213725487033,0.4882762537400971,6.0,5.0,-1.0,1.0,-0.005700981068466,0.4749333676276132,0.4717869507173906,0.22849327286129417,0.48150445424708127,0.11394187407673399,0.14354982802147653,0.3480439835965832,0.27176003498546875,Equatorial Guinea
GNQ,226,2011,0.5037471414509366,0.632125255595617,0.2458741183501497,0.5514794115000238,0.5962892148540622,0.6224523816839285,0.250153008769745,0.5408240224236833,0.5959174237274397,0.5023367091511991,6.0,4.0,-2.0,2.0,-0.0014104322997374,0.4904518758900718,0.4856142365770847,0.23433075079130117,0.4836272006019515,0.1282384749968721,0.14973340606433086,0.3479083548795943,0.2773768591356872,Equatorial Guinea
GNQ,226,2012,0.5073163250222025,0.6368603450734388,0.2543517827035931,0.5578001542413784,0.5949094911837828,0.6283917962434907,0.2583289503458892,0.5471803134518599,0.5946271428307152,0.5071320507179888,6.0,4.0,-2.0,2.0,-0.0001842743042136,0.4960422237453981,0.4911698182846797,0.23956503929857922,0.4809548910729188,0.13629369817590833,0.15855746025856032,0.3470744802952106,0.28072013245064953,Equatorial Guinea
GNQ,226,2013,0.5029612786725012,0.5917209419673286,0.261533690590469,0.5585335424115075,0.5927748927512844,0.5860024811936513,0.2660226432072845,0.5480073462380692,0.5925706590818172,0.4981507824302055,6.0,6.0,0.0,0.0,-0.0048104962422956,0.4868562458463177,0.4847024091182957,0.2303450582742738,0.44216902180145407,0.1413874644621072,0.15239400446695475,0.34598136095859156,0.2704829629222769,Equatorial Guinea
GNQ,226,2014,0.513963210534031,0.5718195539326839,0.2949245190904432,0.5687817488457203,0.5997210761185436,0.5673589296488517,0.3030391901822672,0.5584882224042587,0.6003812807532826,0.507316905747165,6.0,6.0,0.0,0.0,-0.006646304786866,0.4959971959914186,0.4951172855510084,0.2297285685425893,0.42123474176723097,0.1590605639956402,0.15224020501707536,0.3474161224419113,0.26998790830546443,Equatorial Guinea
GNQ,226,2015,0.5060538815845905,0.504445295718215,0.3020321659017323,0.5797297026037687,0.5895819104480408,0.5020783886531247,0.3098303713228245,0.5699626233970623,0.5896509946969037,0.4928805945174788,6.0,7.0,1.0,1.0,-0.0131732870671117,0.4839816692699298,0.4869729982146609,0.2157836744901425,0.37054785036508414,0.16731524033135814,0.14054684964651137,0.34405266326718503,0.2556156509025347,Equatorial Guinea
GNQ,226,2016,0.4990905202771117,0.4678269035942195,0.3116140867798582,0.5698413775198167,0.5830284659704316,0.4669636122983348,0.3189743230677231,0.5607756891831002,0.5814245331197758,0.4820345394172334,12.0,8.0,-4.0,4.0,-0.0170559808598782,0.4744995773612911,0.4785347119960649,0.20515554189706875,0.33278933858641835,0.17684782146848738,0.1298895442266883,0.3428944861017123,0.24560529759582655,Equatorial Guinea
GNQ,226,2017,0.4919161031705697,0.4595522549728658,0.3028611578078868,0.5445469553444733,0.5875724833754218,0.4586164216956118,0.3088561023499974,0.5349025555580843,0.586232810935786,0.4721519726348698,17.0,14.0,-3.0,3.0,-0.0197641305356998,0.4662070183193787,0.4694347468774338,0.19824076953828132,0.315559505735903,0.1731744455513111,0.12306433173778461,0.3439718543611031,0.23894253434652546,Equatorial Guinea
GNQ,226,2018,0.4983618441430286,0.455595921041055,0.3201970843371218,0.5478580768187962,0.5922478009330211,0.4547641434693754,0.3249852440813462,0.5400898061097832,0.5917831415460962,0.4779055838016502,16.0,12.0,-4.0,4.0,-0.0204562603413783,0.471428747455612,0.4752304104476103,0.19484472514555096,0.29456436762620375,0.19436242704882442,0.11663256252290005,0.3445560446386738,0.2375288504591505,Equatorial Guinea
GNQ,226,2019,0.5033933840076649,0.447544150188475,0.3445433221398369,0.5510449857012354,0.5903934931431142,0.4471107061542121,0.3479746537620225,0.543439107949552,0.5900603900193169,0.4821462144712758,14.0,10.0,-4.0,4.0,-0.021247169536389,0.4763232313639037,0.4806682193610075,0.19427772020889333,0.2797634275190532,0.2245098962047678,0.1112617934623127,0.34352080757670933,0.23976398119071077,Equatorial Guinea
GNQ,226,2020,0.5028157198649124,0.4136533342428009,0.3704030242903683,0.5493326615505648,0.5842137165675807,0.4153747176629419,0.372720373055009,0.541304225904073,0.5831597388260515,0.4781397638620188,17.0,16.0,-1.0,1.0,-0.0246759560028935,0.4748471266715208,0.4806390893101483,0.19226532492095236,0.2634439691810825,0.2459073583438045,0.10663736339601201,0.3415672203650927,0.23938897782149793,Equatorial Guinea
GNQ,226,2021,0.504545273131011,0.4239975937315295,0.3902964904283601,0.5355797091637315,0.5810953147002937,0.4260687647182023,0.3925980870024533,0.5274814067383495,0.5794812426441581,0.4814073752757908,17.0,16.0,-1.0,1.0,-0.0231378978552202,0.4774745661415585,0.4822170293469939,0.1941517421144357,0.25872504186557527,0.26313417159357616,0.10664948498272181,0.3408810601061411,0.24234743963700361,Equatorial Guinea
ETH,231,2001,0.3519083949190916,0.2364171087343105,0.2728940777363138,0.3927135927015124,0.4342145699958996,0.240865494708654,0.2872071926217973,0.3947384896976177,0.4469987912766039,0.3424524920761682,41.0,44.0,3.0,3.0,-0.0094559028429234,0.3611151942034988,0.3581398658470562,0.05346509218124625,0.01742110701857864,0.093507121157223,0.00882461744788422,0.20053505647212083,0.08007197552395168,Ethiopia
ETH,231,2002,0.3512386273162654,0.2367999920739904,0.2812905020558314,0.3784719849382613,0.4336269440725272,0.2407006079294517,0.2959453003921128,0.3806538491069446,0.4463626059327565,0.3409155908403165,41.0,44.0,3.0,3.0,-0.0103230364759488,0.3584172118872583,0.3557966540197976,0.05404726421202958,0.01823881233930592,0.09655984770858649,0.008729278636384145,0.20038528002322697,0.08097830467687589,Ethiopia
ETH,231,2003,0.3447451213186016,0.2326248606365375,0.289928634080056,0.3398039749370132,0.4325424740212515,0.2362684614011259,0.3047014911798655,0.3424615643029534,0.4451634826729381,0.3321487498892207,42.0,44.0,2.0,2.0,-0.0125963714293809,0.3492725578829491,0.3468216117179024,0.054319322751019625,0.018027625452366212,0.10120669659248728,0.007882114181384903,0.20012518571602853,0.08181040548556673,Ethiopia
ETH,231,2004,0.3485747730238959,0.2411291780716713,0.2809514092250866,0.3700455546546,0.4298633171037185,0.2458711551303429,0.2967819790127045,0.3722246731352427,0.442717447654943,0.3393988137333082,42.0,44.0,2.0,2.0,-0.0091759592905876,0.3584491538430253,0.35522695416971,0.051181807219706464,0.01958336139308893,0.08625741968497917,0.008443240835342505,0.1922562369733583,0.07663506472169224,Ethiopia
ETH,231,2005,0.36217213521923,0.2290457873845127,0.3174621495595119,0.3911696480529932,0.4298765409641557,0.2339203080562406,0.3359806552923729,0.392935704704999,0.4426005236435755,0.351359297924297,42.0,44.0,2.0,2.0,-0.0108128372949329,0.367772572729429,0.3667521341301654,0.055300279364866305,0.020518830750665434,0.10791269091377363,0.00897751562368762,0.19264033393313346,0.08251234280531503,Ethiopia
ETH,231,2006,0.3681382923543835,0.22953357211247,0.3202413176809681,0.4102672338143406,0.4328556596585262,0.2343582562011815,0.3397223968510685,0.4116977492707975,0.4454235989557261,0.3578005003196934,42.0,44.0,2.0,2.0,-0.01033779203469,0.373198293201208,0.3725402878836399,0.05480705603528543,0.02068309920186663,0.10204301392426401,0.009322078137671826,0.19453524130767993,0.08164585814287059,Ethiopia
ETH,231,2007,0.3725519628243851,0.2439116054340226,0.3317172054921459,0.4097579657624588,0.4307760238372937,0.2483904797188059,0.3514005202121771,0.4110281885561368,0.4429953582754694,0.3634536366906473,41.0,43.0,2.0,2.0,-0.0090983261337377,0.3778300450561668,0.3771412948583272,0.055930844435758076,0.021735662678439738,0.108274172360684,0.009187998412164815,0.19430742316187394,0.08337631415329061,Ethiopia
ETH,231,2008,0.3733828783784401,0.2368809493632546,0.3261058571128015,0.4237850607679712,0.4320806389486334,0.2414108997730721,0.3467095608690852,0.424789127130846,0.4444271773871341,0.3643341912900343,42.0,42.0,0.0,0.0,-0.0090486870884057,0.3780919925535944,0.3777156358329041,0.05418669848503805,0.021695715080212154,0.09666542242477784,0.009523695937242675,0.19454892211792155,0.08060843889003855,Ethiopia
ETH,231,2009,0.3802689127300801,0.2350608708213731,0.3411586765534485,0.4347684957655575,0.4331498444918559,0.2396628572978809,0.36158373728123,0.4355594604711114,0.4455969432515547,0.3706007495754443,40.0,43.0,3.0,3.0,-0.0096681631546358,0.3836590641093991,0.3840919077345586,0.056119901629876096,0.021394658020107718,0.1075683817406982,0.009745552723227104,0.1948588930096874,0.0833918713734301,Ethiopia
ETH,231,2010,0.3900903186901582,0.2556596449201838,0.3596620519244278,0.4414771974082276,0.4338315709185192,0.2601639495021092,0.3811070927345232,0.4421025867840522,0.4459064741801321,0.3823200258002042,40.0,40.0,0.0,0.0,-0.007770292889954,0.3944727417289712,0.3946835944186503,0.05905829270940537,0.025588240481160887,0.11865386606256131,0.010011880148555856,0.19630539149354226,0.08763984454645508,Ethiopia
ETH,231,2011,0.3939374759099499,0.2520929423320645,0.3565049265070769,0.441962543942184,0.4479653840347436,0.2563063663988805,0.3778855437003196,0.442502285974833,0.4593545380349107,0.384012183527236,39.0,39.0,0.0,0.0,-0.0099252923827138,0.3944353755918179,0.3946115374154646,0.06040490551704034,0.02738925514596686,0.11603452117803234,0.00995218955265481,0.2062524981439596,0.0899071160051534,Ethiopia
ETH,231,2012,0.4031928888370711,0.239273992060774,0.3845389560409701,0.4516661538283943,0.4497487751167867,0.2435539311434633,0.4048679063484018,0.4520241366868207,0.4612299944135682,0.3904189921480635,39.0,39.0,0.0,0.0,-0.0127738966890075,0.3995922603449833,0.4015651330833212,0.06473274141076987,0.026296718536739455,0.14188540222283053,0.010112930616769725,0.20695743761875157,0.09631312224877282,Ethiopia
ETH,231,2013,0.4089431531207029,0.2442929048062302,0.3973668900262593,0.4573512502756317,0.4500711031658059,0.2490657644514499,0.4173680887921385,0.457554546346991,0.4614233448815497,0.3963529361180323,38.0,37.0,-1.0,1.0,-0.0125902170026706,0.4061791181342882,0.4082948318455853,0.06652945207590892,0.025497922865679472,0.15268504341700612,0.010230741448186056,0.20740017750862172,0.09895347130987334,Ethiopia
ETH,231,2014,0.4113110588553649,0.2355953902548632,0.3984566494754934,0.4623482840352165,0.4559668284101789,0.2405447310613862,0.4182544949606576,0.4624123053785074,0.4678180541639254,0.3972573963911192,38.0,38.0,0.0,0.0,-0.0140536624642457,0.4071492323561257,0.4096803480753634,0.0677481259288481,0.025740049206270946,0.15726220507349936,0.010534403203459282,0.20909366746096197,0.10065758123604789,Ethiopia
ETH,231,2015,0.4238392867301564,0.2309129212211988,0.4437450053265311,0.469168985732633,0.451482623599258,0.2360868605396222,0.4641239915967818,0.4690744832587461,0.4627603500083278,0.4080114213508695,36.0,37.0,1.0,1.0,-0.0158278653792868,0.4159899998530771,0.4205021110343036,0.07411629542515566,0.02543859043257618,0.19587198017568563,0.010706655981983148,0.2082125097807405,0.11005743409274636,Ethiopia
ETH,231,2016,0.4328685419017954,0.2309952322581873,0.4665345291313947,0.4735657628923874,0.4552729432925977,0.23614165727132,0.4863470037543116,0.4733725265348802,0.4666646472002171,0.4156314586901822,33.0,36.0,3.0,3.0,-0.0172370832116131,0.4222239286870349,0.4275569437398845,0.07726348676268746,0.026256109023894202,0.21176343186606394,0.010923409148119236,0.20975971861704562,0.11467566716378075,Ethiopia
ETH,231,2017,0.4433067349839933,0.2389832125699011,0.4573757631544003,0.4804237441166897,0.4845220246935253,0.2439761607979081,0.4779497878786115,0.4800909408960929,0.4941819545752319,0.4240497110369611,31.0,35.0,4.0,4.0,-0.0192570239470321,0.4294884174174487,0.4339877679205688,0.07947020774414058,0.027859109546018487,0.2062657271619302,0.011059579113326088,0.22815915333202152,0.11833589228832408,Ethiopia
ETH,231,2018,0.4463120386856177,0.2393327330278306,0.4568919007944537,0.4910148193760357,0.4869518823774385,0.2440777478123004,0.4770044744555722,0.4905327377307,0.4968141986528615,0.4271072896628585,31.0,36.0,5.0,5.0,-0.0192047490227591,0.4318405339816409,0.4365173541910478,0.08082963410559096,0.028478811187834678,0.21220032646398357,0.011320119505217895,0.22899066821622827,0.1202474813433161,Ethiopia
ETH,231,2019,0.4479098385969633,0.2414932856415172,0.4557263954171966,0.4954861056100696,0.4889310881784356,0.2463362737207402,0.4757525133490718,0.4948916076843122,0.4989513077106095,0.4289829256161834,32.0,33.0,1.0,1.0,-0.0189269129807798,0.4338584175194258,0.4383987383821231,0.08204548133198433,0.02999867397402932,0.21668960975520193,0.011506726140175809,0.22968811106802112,0.12197078023435703,Ethiopia
ETH,231,2020,0.450751128440072,0.2463756263440715,0.4639321247370619,0.4979051075002167,0.4869334500040507,0.2508754949377134,0.483259801675241,0.4972684349802674,0.4968043822908422,0.432052028471016,32.0,33.0,1.0,1.0,-0.018699099969056,0.436176290114939,0.4410556005676876,0.08600920229076783,0.03298232386519507,0.23709359951942682,0.01175720400320209,0.22903535380712087,0.12771712029873622,Ethiopia
ETH,231,2021,0.4583835201613747,0.2443101999980445,0.4906366323889761,0.4980910802236772,0.4869160462649963,0.248789660335832,0.5092226308656309,0.4974209400542621,0.4967806648238893,0.4380534740199036,31.0,33.0,2.0,2.0,-0.0203300461414711,0.4409536138790701,0.4469057898068397,0.09217303663638365,0.034726913202566226,0.2721498429668549,0.011761002656385897,0.22895583956539933,0.1368983995978016,Ethiopia
ERI,232,2001,0.3434159782444388,0.3265863264646969,0.3047966330136941,0.4982771197272453,0.2848066454910787,0.3492876052968624,0.3226310641134767,0.4975351427157938,0.3065075844214206,0.3689903491368884,43.0,36.0,-7.0,7.0,0.0255743708924495,0.4042174293097149,0.3891302103648087,0.05680410268114195,0.03184729648168618,0.10408069437752478,0.010671056698385322,0.16406849299772852,0.0776668851388312,Eritrea
ERI,232,2002,0.3506382168385429,0.3290219799265464,0.3249482521926679,0.5052880882709129,0.2833540872302365,0.3495071086996055,0.3442063677926979,0.5044558359271293,0.3049621691585617,0.3757828703944986,42.0,35.0,-7.0,7.0,0.0251446535559556,0.405872933115638,0.3936163444080408,0.060843214980301534,0.06470224451421179,0.12017407619387427,0.010732951775297213,0.163635891239789,0.08981129093079307,Eritrea
ERI,232,2003,0.3395358919312744,0.283502086603084,0.3079551695659394,0.4950158912711148,0.2806660273281775,0.3043415610641753,0.327827814438539,0.4943936549542778,0.301994037394393,0.3571392669628462,43.0,40.0,-3.0,3.0,0.0176033750315718,0.3876323830603308,0.3798184794794382,0.05635872153155608,0.015297617344237069,0.1060891912919805,0.010365009491085144,0.16305440117914186,0.07370155482661114,Eritrea
ERI,232,2004,0.3443871979425115,0.2940349238334025,0.3097299416769695,0.5045057787495295,0.2843372720720695,0.3154237896844892,0.3296809658427996,0.5036282403806761,0.3052387428655833,0.363492934693387,43.0,41.0,-2.0,2.0,0.0191057367508755,0.3941659750629199,0.3850137322031147,0.053470048295232164,0.017826402109117442,0.1053286626423306,0.010506587241074302,0.1467784521920405,0.07011002604614071,Eritrea
ERI,232,2005,0.3460269892181056,0.3077070748412437,0.3138565964557043,0.50443331603425,0.2835411100751051,0.3300455551071449,0.3345235457963199,0.5035477363803648,0.3044013906374394,0.3681295569803173,43.0,41.0,-2.0,2.0,0.0221025677622116,0.4019492497040802,0.3905478631522865,0.05204193618161074,0.01884957935678507,0.09807104642580843,0.010496396004198372,0.1465781014695063,0.06849878081407454,Eritrea
ERI,232,2006,0.3513080536917343,0.2990834426000581,0.3246316414299251,0.5091297560561954,0.2870046709972729,0.3208645524501834,0.3453759902742819,0.5082528168374351,0.3081842638034829,0.3706694058413458,43.0,41.0,-2.0,2.0,0.0193613521496114,0.4043786241334443,0.395931900626992,0.0536729282786617,0.017967581522261415,0.10544287019159493,0.010574306170136463,0.14754268744881557,0.0703818613332021,Eritrea
ERI,232,2007,0.3550051181241018,0.3072450680652724,0.336789124812125,0.5089375303334753,0.2861682412775134,0.3295641158756438,0.3571524167394946,0.5080562636909163,0.3072877761810487,0.3755151431217758,43.0,40.0,-3.0,3.0,0.020510024997674,0.4097134610423564,0.4002055091868486,0.05544030332932273,0.018684232467307344,0.11467201184599667,0.010563411453134441,0.14727986584455635,0.0727998804027487,Eritrea
ERI,232,2008,0.3510542865322319,0.2705245102208829,0.337249973361002,0.5029619722387855,0.2845351273131611,0.2905844832046892,0.3571644155746224,0.5023794995676069,0.3055135078905636,0.3639104765593706,43.0,43.0,0.0,0.0,0.0128561900271386,0.3940572345859901,0.3912164782594379,0.055735345431387764,0.013699991513537626,0.11822519333543732,0.010303160787841447,0.14671980480973484,0.0722370376116378,Eritrea
ERI,232,2009,0.3530130371378082,0.3013204647845218,0.3301520866356304,0.509453225227815,0.2866486813357197,0.3233459845444492,0.3504920646622592,0.5087283123845467,0.3078636101016505,0.3726074929232264,43.0,42.0,-1.0,1.0,0.0195944557854181,0.4049652052592994,0.3960797964768302,0.05411326612258827,0.015911331024145166,0.10866406022889237,0.010438445206828122,0.14727391251622027,0.07057193724402148,Eritrea
ERI,232,2010,0.3547164801575655,0.3055360328630164,0.3370794698958445,0.5119917991941603,0.2837246486343896,0.3278081553563255,0.3574781869686312,0.5111928573083732,0.3045892421131956,0.3752671104366314,43.0,42.0,-1.0,1.0,0.0205506302790658,0.4083937181072079,0.3991041841665697,0.05472352754961584,0.017446401151648614,0.11190691724631527,0.010496121008813267,0.14670824765761453,0.07163942176609792,Eritrea
ERI,232,2011,0.3419869227365175,0.4056155896592858,0.3371367608527264,0.4389644888787531,0.2812783053859071,0.4238669209879108,0.3575948891390139,0.4405660484620722,0.3019679383271902,0.3809989492290468,45.0,40.0,-5.0,5.0,0.0390120264925293,0.4038606585432281,0.3787224083781602,0.05837845354131394,0.1697775053379194,0.11058679149479345,0.009969748714604043,0.14597225772595707,0.10907657581831849,Eritrea
ERI,232,2012,0.3525454880838922,0.331688352142534,0.3450297452254429,0.4900017481885447,0.2817831312184721,0.3524705830262686,0.3655131232809439,0.4899513435862968,0.3025187359461588,0.377613446459917,44.0,41.0,-3.0,3.0,0.0250679583760248,0.4072739813594165,0.3944100444896296,0.05571784043735425,0.06357174138491,0.11129563179315188,0.010338263035215647,0.1460807422304136,0.08282159461092278,Eritrea
ERI,232,2013,0.3519805316301123,0.3348454439154905,0.3491496864062507,0.4833588274057122,0.280797265533745,0.3555270009604983,0.3695463677175483,0.4835406761714077,0.3014410107556748,0.3775137639012823,44.0,41.0,-3.0,3.0,0.0255332322711699,0.4069139299425663,0.3934850867665165,0.056596216422921265,0.06807218666147405,0.11581016081114755,0.01019650192344507,0.14582153409782847,0.0849750958734738,Eritrea
ERI,232,2014,0.3571077328093247,0.3380025356884465,0.3517213618461611,0.4898792295756859,0.2872512055695919,0.3585834188947274,0.3722757162002865,0.4900134386978066,0.3084614201673364,0.3823334984900393,45.0,43.0,-2.0,2.0,0.0252257656807146,0.4116015647427882,0.3985628222098899,0.0605274635198179,0.07257263193803672,0.11325243457756784,0.016928804437711477,0.1473568667315124,0.0875276844212071,Eritrea
ERI,232,2015,0.3555407909610552,0.3411596274614022,0.3626378115136878,0.4791025819420511,0.281239402890774,0.3616398368289565,0.3829934201686348,0.4795987987400152,0.3019135524057506,0.3815364020358393,45.0,43.0,-2.0,2.0,0.025995611074784,0.4109529432596692,0.3974566100985793,0.06174373145534143,0.07707307721459943,0.12122488180375209,0.016668049641159186,0.14560683849359748,0.09014321178827706,Eritrea
ERI,232,2016,0.3562455500594778,0.3443167192343588,0.3624421213522329,0.4782640345017201,0.2831613191056677,0.3646962547631862,0.3826954699682669,0.4788311172791725,0.3039814627088559,0.3825510761798704,45.0,43.0,-2.0,2.0,0.0263055261203925,0.4111367484245559,0.3971045578960759,0.06257494124573121,0.08157352249116344,0.12159206180001947,0.017542652325356466,0.14621091529544392,0.09172978797799583,Eritrea
ERI,232,2017,0.3566266526008503,0.3474738110073147,0.3752243406092743,0.4715985848364769,0.2781738568232249,0.3677526726974152,0.3946579915737326,0.4724198650830826,0.2985348416039879,0.3833413427395546,45.0,44.0,-1.0,1.0,0.0267146901387042,0.4112661243779419,0.3969291983331214,0.06642541317508346,0.08607396776772615,0.13652989035244845,0.01929429927809101,0.14486267387266574,0.09669020781773283,Eritrea
ERI,232,2018,0.3596171329523547,0.3506309027802706,0.377701262245927,0.4724938642449824,0.2827214956836463,0.3708090906316443,0.3962011258248455,0.4733228101687282,0.3032707130862818,0.3859009349278749,45.0,44.0,-1.0,1.0,0.0262838019755202,0.4125082074472125,0.3978013887158945,0.06882942561978776,0.09057441304428884,0.14638791825160818,0.01938272419935978,0.14654510422770392,0.10072253993074018,Eritrea
ERI,232,2019,0.3662536036418076,0.353787994553227,0.3967398780867317,0.4704938928927046,0.2857375027144705,0.3738655085658739,0.4136292291817661,0.4714172266745556,0.3064558905701398,0.3913419637480839,45.0,42.0,-3.0,3.0,0.0250883601062762,0.4170328252489588,0.4027930400643366,0.07384584025554189,0.09507485832085287,0.1711080079598204,0.01922215300150164,0.14745504938451506,0.1082150171666725,Eritrea
ERI,232,2020,0.3739792789454922,0.356945086326183,0.4191937469938016,0.469467050917381,0.288357403236707,0.376921926500103,0.4346399613648132,0.4706757358937957,0.3093209876870935,0.3978896528614514,45.0,41.0,-4.0,4.0,0.0239103739159591,0.4225576673512803,0.4090438276974266,0.08580755009459153,0.09957530359741557,0.19746425074671606,0.03019989933172746,0.1481509374300776,0.11884759777648418,Eritrea
ERI,232,2021,0.3752747387481455,0.3600996430117766,0.4238511634673926,0.4668445111705055,0.2892040846133087,0.3799756104400052,0.4388700121589469,0.4681364435609129,0.31016900044304,0.3992877666507262,45.0,41.0,-4.0,4.0,0.0240130279025807,0.4233549205076057,0.4094924542323468,0.08654162847647263,0.10407568576828709,0.2038743563097099,0.029111514050561595,0.14818579391590544,0.12131183751111602,Eritrea
DJI,262,2001,0.3112989016423163,0.3902302155014442,0.2983661830762448,0.5795647711956171,0.1729282785466763,0.3978575124047517,0.3121962270143331,0.5732468910380946,0.1937828888722818,0.3692708798323653,45.0,35.0,-10.0,10.0,0.057971978190049,0.37834755455017,0.3616757648100454,0.05487938817952573,0.08098833015983437,0.09091121604153889,0.010998040676151942,0.13930736356086426,0.08055123760959737,Djibouti
DJI,262,2002,0.3106359776973098,0.3912929517459587,0.2960869787111077,0.5790464993471001,0.1732666175750052,0.3988590791186044,0.3098489909633233,0.5727810989102128,0.1941501198194042,0.3689098222028862,45.0,38.0,-7.0,7.0,0.0582738445055764,0.378246272106028,0.3612995481004529,0.055113696999024527,0.08453112994810273,0.09169939996858752,0.010968355253288826,0.13915662719537442,0.08158887809133837,Djibouti
DJI,262,2003,0.3247588095462327,0.3952085135795083,0.3391417372415231,0.5782611675374058,0.1730227258012561,0.4028835561245868,0.3552197959236253,0.5719975477372715,0.1939220190889499,0.3810057297186084,45.0,33.0,-12.0,12.0,0.0562469201723757,0.3892945715275353,0.3758897811856198,0.05946827414061902,0.0840308241823727,0.11239048163127646,0.010940632178285361,0.1390531319876551,0.0866037674948974,Djibouti
DJI,262,2004,0.3250573674012234,0.3314788631852819,0.351005915066897,0.5798864259318289,0.1719106381054057,0.3378116640879621,0.3675158002249136,0.5736180539634574,0.1926906011091031,0.3679090298463591,45.0,39.0,-6.0,6.0,0.0428516624451357,0.3755944386743618,0.3760933482821836,0.05980377973702311,0.07472115262747422,0.11546204232512669,0.01097328764529975,0.13883332967150722,0.08499745306735197,Djibouti
DJI,262,2005,0.3285699502646924,0.3433639702235391,0.3581652232974177,0.5808882233996409,0.1726349242073536,0.3499649115316133,0.3750104914462331,0.5746675595199919,0.1935021198665691,0.3732862705911018,45.0,40.0,-5.0,5.0,0.0447163203264094,0.3810905292283217,0.380099250192471,0.06073562323415401,0.07573474836212027,0.11950485935366477,0.01098863224767304,0.13899076271575098,0.08630475066980225,Djibouti
DJI,262,2006,0.3316356523102593,0.3240979342255668,0.3664667902528856,0.5823763927499762,0.175286491317555,0.3300264487855051,0.3835075043434347,0.5761896278107581,0.1965882856973069,0.3715779666592512,45.0,40.0,-5.0,5.0,0.0399423143489919,0.37844308230149,0.3822536175658526,0.062047378594797295,0.0837316494156068,0.12396383497584475,0.011016733455222081,0.1394763493178108,0.08954714179112111,Djibouti
DJI,262,2007,0.3320470538815704,0.2302298405419177,0.3801680216341434,0.5821464938308955,0.1779855091098121,0.2341737803646252,0.3978721037157604,0.5759544023601377,0.2002138954785612,0.3520535454797712,45.0,44.0,-1.0,1.0,0.0200064915982007,0.3570831368315127,0.3804874639513823,0.0633688437856313,0.07032635154582959,0.13212702254599096,0.010999994929044682,0.13956490570519905,0.08825456868151607,Djibouti
DJI,262,2008,0.3324124869549295,0.2184592213226304,0.3912669741548833,0.5805580738718535,0.1723045354992546,0.2221365814461075,0.4087591897690915,0.5743098059172249,0.193392027633751,0.3496494011915437,44.0,44.0,0.0,0.0,0.0172369142366142,0.3537015746551162,0.3800867653322229,0.06478559711991753,0.06936396620400503,0.13998280889613374,0.010957809706573422,0.13851438927617413,0.08970474352072158,Djibouti
DJI,262,2009,0.3414884403207613,0.3011833091283863,0.3977256370672787,0.5832347085849197,0.1768621052134598,0.3065830915549438,0.4147877419085906,0.5770604575635978,0.1988171093264971,0.3743121000884074,45.0,40.0,-5.0,5.0,0.032823659767646,0.3800924775186492,0.39142779071106,0.06809149305191031,0.08225399259699094,0.1526936539102998,0.011012141125834984,0.13935045257254072,0.0963275600514166,Djibouti
DJI,262,2010,0.3462940403126404,0.3596651900121759,0.4049511589994815,0.5809121785566576,0.1761404970463267,0.3663019463991241,0.421627383941982,0.5747055375630716,0.19805134424886,0.3901715530382594,44.0,37.0,-7.0,7.0,0.043877512725619,0.3967824274514338,0.3972861734847624,0.06957098971197556,0.09058387802563395,0.15878738601812084,0.01094853347283283,0.13911122496177197,0.0998577556195899,Djibouti
DJI,262,2011,0.3443563542285667,0.2655305617683705,0.4142127619802849,0.5876181771877139,0.1731189622486061,0.2701286128572633,0.4306071505117647,0.5814401443323399,0.1952422501178385,0.3693545394548016,44.0,43.0,-1.0,1.0,0.0249981852262348,0.3744319121163048,0.3943051094637194,0.0701295693043631,0.07910672044528545,0.1638505389904918,0.011107634068504254,0.1378314838188516,0.09797409433078327,Djibouti
DJI,262,2012,0.3435170560444912,0.2856810127895133,0.4144098043727878,0.586689049194398,0.1686557549611697,0.2905121230429752,0.4307139003373292,0.580322183302094,0.1902135396966052,0.3729404365947509,45.0,42.0,-3.0,3.0,0.0294233805502596,0.3783740477221967,0.3943580594076105,0.07179519835723996,0.08980799748498343,0.16871438828867347,0.011995523328451567,0.13674363422628208,0.10181538583209762,Djibouti
DJI,262,2013,0.3378560051517367,0.2089400232945014,0.4251104066580975,0.5413974954520848,0.1890559036193823,0.2142063288008684,0.4409532465496562,0.5384473999308884,0.2102720583732074,0.3509697584136551,45.0,45.0,0.0,0.0,0.0131137532619183,0.3488745760142548,0.3707297603395733,0.09603551124081967,0.16933238569656012,0.17618837058641063,0.028973298407240146,0.14873504886164923,0.13080727588796504,Djibouti
DJI,262,2014,0.3657741404103173,0.4010400322346203,0.4363304568450469,0.541868155599311,0.1946439564702152,0.4081351031168592,0.4515780788683116,0.5387695393305362,0.2163670973900323,0.4037124546764348,44.0,37.0,-7.0,7.0,0.0379383142661175,0.4127037693923425,0.4149975900146297,0.10084983561830269,0.1789472930636997,0.18926729958628624,0.030283423300418916,0.15028345170195992,0.13719536691309117,Djibouti
DJI,262,2015,0.3696539994790098,0.415864921495845,0.4468584518083797,0.5440281752105839,0.1901692265129022,0.4228762243572356,0.4614821117557245,0.5409728583338812,0.2115858035620855,0.4092292495022317,44.0,36.0,-8.0,8.0,0.0395752500232218,0.4177799989813658,0.4200317359148899,0.1042957718223262,0.18492681597403762,0.20043422730796795,0.031739939758860164,0.14894648706217745,0.14151186752576078,Djibouti
DJI,262,2016,0.3792835338995011,0.4571691824551777,0.4536499155682234,0.5478029769829336,0.1939993539172512,0.4594961488806493,0.4675137001063866,0.5446621966414263,0.2158200100508863,0.4218730139198371,43.0,34.0,-9.0,9.0,0.0425894800203359,0.426631648008684,0.4282037383266087,0.11802744393968055,0.24791294444908177,0.2106827683933371,0.033553336571677646,0.15000122257185536,0.16053756799648797,Djibouti
DJI,262,2017,0.3964911280775509,0.5359513036699782,0.4791569398959089,0.5501041104612574,0.1907739655716738,0.534925821727367,0.4895670053802361,0.5469492680816485,0.2123638651587349,0.4459514900869967,43.0,26.0,-17.0,17.0,0.0494603620094458,0.4476851314952809,0.4477586725977082,0.1407039413410696,0.32875929355343014,0.2592756366764185,0.034814537442264454,0.14908900441243952,0.19298461802113817,Djibouti
DJI,262,2018,0.417053400095413,0.5911753146263483,0.5177723938181353,0.551592283894935,0.1951426861291325,0.5891882636785983,0.5308077072698429,0.5484032001664396,0.2169102797869704,0.4713273627254628,39.0,16.0,-23.0,23.0,0.0542739626300498,0.4692350683884948,0.468594573232089,0.15125729710816857,0.3595133036984619,0.2850091326936131,0.03595657686820062,0.1512365021184302,0.20792887884467645,Djibouti
DJI,262,2019,0.4229012605745005,0.6218752398933226,0.5228743780998621,0.5517449807028781,0.1958747165472815,0.6197152374389538,0.5358101666195815,0.5484265224846168,0.2175925738934341,0.4803861251091466,40.0,14.0,-26.0,26.0,0.057484864534646,0.4774441181200333,0.4757575298222949,0.15781473540905602,0.3908656175311651,0.28715483087975446,0.03732076772080748,0.15164836945339133,0.2167473963962796,Djibouti
DJI,262,2020,0.4211403526211001,0.5973815501266454,0.5235874383632858,0.5541938118683922,0.1979176343905658,0.6080618331507539,0.5363296222975671,0.5508948060497498,0.2198815173994192,0.4787919447243725,40.0,15.0,-25.0,25.0,0.0576515921032723,0.4826962819378572,0.4803852395658942,0.17787442538576556,0.49855011902486085,0.29376483381013085,0.037675386052639016,0.15216089398007968,0.2455378082169276,Djibouti
DJI,262,2021,0.4227161179107805,0.5942392012552982,0.5249026642840056,0.5545946995786089,0.2020873393756652,0.6021431538976478,0.5374268847946194,0.5511634837721036,0.2242709443783141,0.4787511167106712,40.0,18.0,-22.0,22.0,0.0560349987998906,0.4810015036371552,0.4791537908566094,0.1775883914420471,0.49329636758894446,0.2932012834140032,0.038751575522034294,0.15331211054456484,0.2446403342673867,Djibouti
GAB,266,2001,0.4873128411512775,0.54398274260643,0.3971705422889586,0.6235731590761525,0.4614403799790081,0.5382351598385511,0.4142996364247084,0.6190547460613721,0.4685559077606905,0.5100363625213306,3.0,3.0,0.0,0.0,0.022723521370053,0.504435491138796,0.4981749276108672,0.2261469735929801,0.4390140885705599,0.15266603235969123,0.1703657796897947,0.25048466549254716,0.25313264152814824,Gabon
GAB,266,2002,0.5379943376386271,0.5172541093003598,0.4029028606931306,0.6177296418877248,0.6090268617669806,0.5123476001693688,0.4191497341833357,0.6133650689230222,0.6122586092576207,0.5392802531333368,1.0,1.0,0.0,0.0,0.0012859154947096,0.5281929272378375,0.5212943848226033,0.2354629034646477,0.4148223970627196,0.16143035375349954,0.1661295305239134,0.34446288836244116,0.27171129242564346,Gabon
GAB,266,2003,0.5401800816172592,0.528218468072094,0.4070900455340029,0.6153762472110169,0.6090249711522807,0.5230461742270933,0.4229798661184838,0.6110797031974119,0.612228757869194,0.5423336253530457,2.0,2.0,0.0,0.0,0.0021535437357865,0.5314372581039878,0.5241790553106246,0.23338277727735485,0.4099516217338564,0.1645200503875659,0.16267198236832875,0.3444884848458638,0.2704080348339037,Gabon
GAB,266,2004,0.5388422596956801,0.5205263232411699,0.4166303117329574,0.6101100589068282,0.6034385160255292,0.515276323016446,0.4314122698096254,0.6061292369598421,0.6061637325162017,0.5397453905755287,2.0,1.0,-1.0,1.0,0.0009031308798486,0.5280947866395429,0.5215176714227306,0.23142972724971644,0.3980324362788955,0.17943456918947853,0.15847023851916256,0.34284829136808975,0.2696963838389066,Gabon
GAB,266,2005,0.5447844863349312,0.538791759198975,0.4307997708417868,0.5917472501264942,0.6122342473028922,0.5329166607266962,0.4441243583842329,0.5882185207102115,0.6157921309626145,0.5452629176959388,2.0,1.0,-1.0,1.0,0.0004784313610076,0.5322080826515257,0.5250541379234995,0.23342404160658153,0.39401360862127693,0.20616572215235188,0.15425379864937788,0.3452073464924144,0.27491011897885526,Gabon
GAB,266,2006,0.5444698226185882,0.5140978614379935,0.444357149528061,0.5821076511950289,0.6148731113469298,0.5097512474230026,0.4574823521980625,0.5788112275206276,0.6185476089874885,0.5411481090322953,2.0,1.0,-1.0,1.0,-0.0033217135862929,0.5264986485083173,0.5207528535351974,0.226362155643004,0.3573563754721422,0.21431041555400338,0.14994825849904886,0.3460321108916696,0.266911790104216,Gabon
GAB,266,2007,0.5540668447677222,0.5369278683869944,0.4648539476856386,0.5770598179279268,0.6192765958370294,0.5330881163450654,0.4777271447381524,0.5739303497425279,0.6213530658249288,0.5515246691626686,2.0,1.0,-1.0,1.0,-0.0025421756050535,0.5355814495503941,0.5291968126999568,0.22683764387245403,0.35337884343793424,0.2253522088048741,0.14665394772963475,0.352582661178263,0.2694919152876765,Gabon
GAB,266,2008,0.5500998438635147,0.53898175529423,0.4704716455386999,0.5666788680593878,0.6090585065881998,0.534082845923569,0.4827671677814151,0.5638651710887461,0.610059917813054,0.5476937756516961,2.0,1.0,-1.0,1.0,-0.0024060682118186,0.5285196967480069,0.5228642903550691,0.22267771672898193,0.33300476937982804,0.23690670824611226,0.14242557660268362,0.3498651149460793,0.2655505422936758,Gabon
GAB,266,2009,0.5642244896497441,0.4714574007484264,0.4831779011458069,0.5723192908929835,0.65875872993513,0.4696340659062337,0.4938785251332107,0.5693305053118654,0.6588657267640047,0.5479272057788286,1.0,1.0,0.0,0.0,-0.0162972838709155,0.531468312930852,0.5279990853195512,0.22241606416283263,0.2945590180787245,0.2586110367042171,0.1400559787988041,0.3762156130461999,0.26736041165698643,Gabon
GAB,266,2010,0.5710439649740621,0.5266065751621586,0.4992510060427334,0.5584709232324847,0.6524785779096675,0.5226311873176667,0.5092331905990787,0.5557208006582997,0.6517620488435091,0.5598368068546385,2.0,1.0,-1.0,1.0,-0.0112071581194235,0.5406015089575815,0.5354710981745727,0.2266421040337935,0.32089803597630895,0.26804129398283777,0.136714520995835,0.37469897040436306,0.27508820533983624,Gabon
GAB,266,2011,0.5820703279627412,0.5111279202369124,0.5384198595766009,0.5668013399957154,0.6518631200971837,0.5080413559116645,0.5445872270935499,0.5638009654950507,0.6510613670216391,0.566872728880476,2.0,2.0,0.0,0.0,-0.0151975990822651,0.5464624124914566,0.54322540299236,0.23309361230366457,0.3133013503284698,0.32161671055120306,0.13438651575385882,0.37456693554893244,0.285967878045616,Gabon
GAB,266,2012,0.5876587149852641,0.5323135418420252,0.5518521483135166,0.5654354973979442,0.6494546643282988,0.5280502353497147,0.5574373589956165,0.561897559636243,0.6482031161165652,0.5738970675245348,2.0,2.0,0.0,0.0,-0.0137616474607292,0.5510559890137204,0.5477190589709843,0.2350723067084552,0.32313750691911775,0.3330618813989379,0.13126612954525657,0.3741622784955112,0.2904069490897059,Gabon
GAB,266,2013,0.5886256801345016,0.5327533960405603,0.5670953400345298,0.5581207496332408,0.6438159043794319,0.528573949038097,0.5712278743032062,0.5547083408028601,0.6420568026453233,0.5741417416973716,2.0,2.0,0.0,0.0,-0.0144839384371299,0.5520491651896193,0.549407347440644,0.23738004057999565,0.32291640973897295,0.3567178012158659,0.1285577314614934,0.3725720721262935,0.2951910036356564,Gabon
GAB,266,2014,0.5949928422494803,0.5310978741716185,0.5752715986025856,0.5663386234905141,0.6505578166798308,0.5271335004372276,0.5781375503543901,0.5624625750097432,0.649431109718139,0.579291183879875,2.0,1.0,-1.0,1.0,-0.0157016583696053,0.5576452627489654,0.5554886910447111,0.23858781097780732,0.32000527818787455,0.3732103877386335,0.12595967064959812,0.3743619426065238,0.2983843197956575,Gabon
GAB,266,2015,0.5935835494247765,0.5162097162172573,0.576395224709801,0.5756998834844906,0.6457834513600148,0.5129096793493757,0.5788634821631516,0.5715718140717323,0.6442995549376026,0.5769111326304656,2.0,2.0,0.0,0.0,-0.0166724167943109,0.5569934837141856,0.5558283895393341,0.2373328717022617,0.31442008972383645,0.37972596567073563,0.1236726682151701,0.37293833510379204,0.2976892646783835,Gabon
GAB,266,2016,0.5974754331837782,0.5190148478384022,0.5898172694020261,0.5759472159150612,0.6444484400569507,0.5162288084870357,0.5914344373495752,0.5718647355775159,0.6428961699914301,0.5806060378513892,2.0,1.0,-1.0,1.0,-0.0168693953323889,0.5607738591446376,0.5600221659606682,0.23659366806320398,0.30360611876503507,0.39304306319237686,0.12167407746141834,0.37242782486322235,0.29768777107051314,Gabon
GAB,266,2017,0.5898793662549345,0.4706779968590374,0.5790235585762094,0.5702913843282533,0.6530699889559755,0.4714122437671687,0.5822279651927007,0.5662499799653168,0.6522231882481712,0.5680283442933394,2.0,2.0,0.0,0.0,-0.0218510219615951,0.5508602612950884,0.551203411282553,0.22716206704202965,0.26437948251142473,0.3829326592913292,0.11911006034059166,0.37490221796176115,0.2853311050262767,Gabon
GAB,266,2018,0.5950987310831762,0.4852304856467925,0.5905538873070937,0.5696457270802054,0.6531743604039638,0.485007563333762,0.5925667983942431,0.5660838542402888,0.6525944585996342,0.574063168641982,2.0,2.0,0.0,0.0,-0.0210355624411942,0.5558544845675732,0.5561130953357232,0.22953308717607268,0.27162156114902936,0.39621394912089714,0.11699912023078761,0.37464688164207627,0.2898703780356976,Gabon
GAB,266,2019,0.5976529693847938,0.4806228712637281,0.6002242931571088,0.5729969842197284,0.6521010196236712,0.4812504384713489,0.6018443317895776,0.5693684717142244,0.6516025534630018,0.5760164488595382,2.0,2.0,0.0,0.0,-0.0216365205252556,0.559172867017692,0.5598634664189086,0.23134398832947412,0.2690285441285382,0.4140722435832217,0.11572284575966037,0.37410669212581976,0.29323258139931,Gabon
GAB,266,2020,0.5972846646875651,0.4842349282607515,0.6015507427697384,0.5735181393732943,0.6484087313921265,0.4845887483461192,0.6019747249959941,0.5698346637297629,0.6476771250066927,0.5760188155196423,3.0,2.0,-1.0,1.0,-0.0212658491679228,0.5583947155336401,0.5593210675053201,0.23183930684365728,0.27934939240358503,0.41496847182648844,0.11322756464313108,0.37291917711428707,0.2951161514968729,Gabon
GAB,266,2021,0.5975478114075577,0.4730256600654314,0.6085323872884523,0.5686042273506151,0.6503610521765524,0.4746000419947526,0.608378244320048,0.5651937834672827,0.6498452989180451,0.5745043421750321,3.0,2.0,-1.0,1.0,-0.0230434692325256,0.5581264547325709,0.5595239854207603,0.23378241205019668,0.27294648932245547,0.43799499186257074,0.11149447361898296,0.37343843893602907,0.29896859843500956,Gabon
GMB,270,2001,0.4263596218658548,0.2489148602332462,0.3204264922546931,0.5278018204809193,0.5180175236424377,0.2547238033207749,0.3374810861826095,0.5263059189641626,0.530502684911496,0.4122533733447607,15.0,16.0,1.0,1.0,-0.014106248521094,0.431815504617793,0.4305995244319516,0.10849106011240316,0.038094983588401375,0.11024854085739474,0.013349446063023403,0.5072045155087128,0.16722437150438307,"Gambia, The"
GMB,270,2002,0.4257109085442758,0.2395285668676634,0.3257752720041305,0.5241644954865452,0.5173937147343218,0.2443679419878026,0.3432072418305434,0.522730128670806,0.5299005053166733,0.4100514544514564,17.0,19.0,2.0,2.0,-0.0156594540928194,0.4273300625468193,0.426931249712998,0.10757288417858406,0.035194870700114365,0.10804692509699293,0.013282401737693003,0.5071255969988158,0.165912448633404,"Gambia, The"
GMB,270,2003,0.4309754847130408,0.252425180332008,0.3383486354302687,0.5186763998163825,0.5201612348600669,0.2579833325896719,0.356657636835243,0.5172736004235867,0.5325054672203011,0.4161050092672007,16.0,18.0,2.0,2.0,-0.0148704754458401,0.433881856582909,0.433007918302958,0.11084573510516928,0.03648116072148378,0.12280165956978506,0.013359899022341915,0.51069386341818,0.1708341456829477,"Gambia, The"
GMB,270,2004,0.4355523685015905,0.2372701899538065,0.3528230744426621,0.5287807401121224,0.5206881398738595,0.2422362025722488,0.3708533588703773,0.5272709917649414,0.5329799678221412,0.4183351302574272,16.0,18.0,2.0,2.0,-0.0172172382441633,0.4336964812530303,0.4345378840365039,0.11438496581142805,0.03874336049892732,0.13539068376058946,0.01388828075331379,0.5157889132680795,0.17595280957022752,"Gambia, The"
GMB,270,2005,0.4354158713699588,0.2346526182255508,0.3540025347448458,0.5279209824366712,0.5207999956629309,0.2400326882317385,0.3717258492573208,0.5264442672353744,0.5331718296920732,0.4178436586041267,16.0,19.0,3.0,3.0,-0.017572212765832,0.4345656734582773,0.4352963541304946,0.11438316309947652,0.03510352819812449,0.1384354444446779,0.014016555151191889,0.5161532533130372,0.17592719527675788,"Gambia, The"
GMB,270,2006,0.4412981815997758,0.2330119806835571,0.3756994487810582,0.5266792271545117,0.5206973588374606,0.2383897427954697,0.3927289448262555,0.5252243422006633,0.5331089180225949,0.4223629869612458,15.0,19.0,4.0,4.0,-0.0189351946385299,0.438629767941223,0.4401619459983159,0.1173426827273164,0.03260454518604225,0.1578479526580961,0.014043266319691333,0.5170050359765119,0.1803752000350854,"Gambia, The"
GMB,270,2007,0.4458279840244194,0.2361808135665169,0.3879647098254759,0.5259259916394643,0.5224945428108312,0.2416744842022915,0.4029076246683275,0.5244877029339831,0.5345292396720416,0.4258997628691609,17.0,19.0,2.0,2.0,-0.0199282211552584,0.4415846125122192,0.443210793275104,0.11972371141360512,0.03209711727534272,0.1670564666046554,0.014721028304043855,0.5208619379315067,0.18368413752888718,"Gambia, The"
GMB,270,2008,0.4557314979676267,0.2505742408688604,0.4098032371749009,0.5263990104465672,0.5265325771345655,0.2561732258917045,0.423331855170716,0.5249378661172549,0.5385420586958329,0.4357462514688771,16.0,18.0,2.0,2.0,-0.0199852464987496,0.450732139126336,0.4523786449640356,0.12488966269716034,0.03533968618096425,0.19049935066899687,0.015026139673490502,0.5243165999582572,0.1912954441204272,"Gambia, The"
GMB,270,2009,0.4601802241580882,0.2614616887374912,0.418533863142381,0.5261114898681848,0.5279075563193416,0.2666997439276709,0.4312481317604051,0.5246426432718063,0.5401211276997222,0.4406779116649011,17.0,15.0,-2.0,2.0,-0.019502312493187,0.4549538484909046,0.4564798364333426,0.12698574911422755,0.04131066186226301,0.19553086586426763,0.015313838207855163,0.5247845945283695,0.19423499011568882,"Gambia, The"
GMB,270,2010,0.4634281568584308,0.2592465109222719,0.4317982364880465,0.5277193345363467,0.5259662709383602,0.264595253183004,0.4438535434185522,0.5262013817614719,0.5380882413124884,0.4431846049188791,18.0,18.0,0.0,0.0,-0.0202435519395517,0.4570399983017826,0.4592026951494383,0.12960123288548064,0.04271702430608446,0.2101943356166697,0.015624171759246862,0.5231826997685212,0.19792955786263056,"Gambia, The"
GMB,270,2011,0.458007645570107,0.2311432454269754,0.4311893289407118,0.5220238056482898,0.5250174290343482,0.2355239169337779,0.4435762338367203,0.5206002131225698,0.5371661600298143,0.4342166309807206,21.0,20.0,-1.0,1.0,-0.0237910145893864,0.4464925606639529,0.4501418618248552,0.12718955176256486,0.03791063971327707,0.20290710990968763,0.015334659232159393,0.5217941783560167,0.1944866468027852,"Gambia, The"
GMB,270,2012,0.4615929783979497,0.2493175669112934,0.4398709475992698,0.519509077289076,0.5227041784891764,0.2542217076602165,0.4515377081816972,0.5181028987811418,0.5347604422831561,0.4396556892265529,22.0,20.0,-2.0,2.0,-0.0219372891713967,0.4532492894667119,0.456109201566243,0.12949916530615138,0.040997786857195045,0.21446666529766106,0.015401416519048425,0.5204957368149626,0.1978404013722168,"Gambia, The"
GMB,270,2013,0.4658174300772374,0.2469065442983354,0.4522917157656826,0.5199138487629552,0.5248904221202385,0.2515554879558985,0.4627290448411543,0.5184930799394383,0.5372433855994769,0.442505249583992,22.0,23.0,1.0,1.0,-0.0233121804932454,0.4551054450374712,0.4585344343838976,0.1324519232119191,0.04086893047429628,0.23225083640635585,0.015354352556205215,0.5206322561841595,0.2022765939052542,"Gambia, The"
GMB,270,2014,0.4786912686208456,0.2427443818938822,0.4733015875815306,0.5195099404055336,0.5449767631764609,0.2469695657867424,0.482490783660535,0.5181202771794253,0.5563697334563991,0.4509875900207754,18.0,20.0,2.0,2.0,-0.0277036786000702,0.4610963147266802,0.4653042059256715,0.13749309984292743,0.038589174459105924,0.25342280413534596,0.015307922297907351,0.5333051740514994,0.21015626873596466,"Gambia, The"
GMB,270,2015,0.4828584393955966,0.2499495592429085,0.4888876650374011,0.5179607092819358,0.5420863397161944,0.2544418795955466,0.4966222247665197,0.5166001163493125,0.5533228885124851,0.4552467773059659,16.0,18.0,2.0,2.0,-0.0276116620896306,0.4653461971786838,0.4696344250791155,0.1395706854512481,0.03722775264744779,0.2683964575773368,0.015366355222039826,0.531826324979042,0.2132042226064666,"Gambia, The"
GMB,270,2016,0.4856060302555582,0.2430748894408617,0.501957144347161,0.5156994057299031,0.5428395301703695,0.2476129243432472,0.5089782635228757,0.5143566743337831,0.5542265480608155,0.4562936025651803,18.0,19.0,1.0,1.0,-0.0293124276903778,0.4664096613417545,0.4714865941332675,0.14212670424027907,0.03508022762516058,0.28601544488176067,0.01526279295312761,0.5320295469955623,0.2170970031139028,"Gambia, The"
GMB,270,2017,0.4858172258686669,0.2465420519232015,0.5025604707565711,0.5168320373769277,0.5410251251077376,0.2511994290601342,0.5093413440351718,0.5154560019092023,0.5523620829670989,0.4570897144929018,19.0,20.0,1.0,1.0,-0.028727511375765,0.4674781440684766,0.4723724558974482,0.14219405912782945,0.03587309911418631,0.2866311868028731,0.015301851431803888,0.5307505084003026,0.21713916143729145,"Gambia, The"
GMB,270,2018,0.4922300758873866,0.2462135655081883,0.5173714249541026,0.5271625075605126,0.5408261701702852,0.251086091709771,0.5230857796157649,0.5257234495203881,0.552270664935023,0.4630414964452367,18.0,20.0,2.0,2.0,-0.0291885794421498,0.4731272100525932,0.4786411550247009,0.14435887393445349,0.03659311515207697,0.2989240108868812,0.015581691028394408,0.5296846930295755,0.22019587752423203,"Gambia, The"
GMB,270,2019,0.4893794242376079,0.2558246721000092,0.5034911607095311,0.5271364137322232,0.540771140354921,0.2604464160894418,0.5105218815577098,0.5256981762190263,0.5523526082938047,0.4622547705399956,19.0,22.0,3.0,3.0,-0.0271246536976122,0.4732715800916652,0.478130500119075,0.14342235905640127,0.036632934496701915,0.292349244982377,0.016174605561058836,0.5287354979262132,0.21847307074158773,"Gambia, The"
GMB,270,2020,0.490242332370457,0.2390626065871874,0.5149575823948043,0.5270433959447396,0.539977630142614,0.2439744029394572,0.5204739567804691,0.5256188025486426,0.5516203031368236,0.4604218663513481,20.0,24.0,4.0,4.0,-0.0298204660191089,0.4715624177736107,0.4776249009815378,0.14603075663333637,0.032259356955416284,0.31352731019968977,0.01609297063257691,0.5278245185024605,0.22242603907253586,"Gambia, The"
GMB,270,2021,0.4893875072557765,0.2416974669861757,0.5119688940637704,0.5277657657443348,0.5386806392130015,0.2470336143766755,0.5171751055911785,0.5262999136367184,0.5503004345769331,0.4602022670453763,21.0,25.0,4.0,4.0,-0.0291852402104002,0.4720999894023371,0.4778366889956266,0.14692376920940659,0.031831829742731944,0.3202652259537479,0.01613670450114499,0.5266106529078295,0.2237111032763636,"Gambia, The"
GHA,288,2001,0.4445598410016892,0.2793214650220523,0.3457796610931624,0.4926524946188382,0.5566823351410958,0.2810181443363625,0.3647128938628428,0.4917241833495737,0.5659004142156457,0.4258389089411062,10.0,10.0,0.0,0.0,-0.018720932060583,0.4294662642371026,0.4282573835320324,0.07377202147667816,0.057694277382764496,0.10098721791380148,0.014279400659396717,0.2620360945983199,0.10874924763857065,Ghana
GHA,288,2002,0.4460301902529013,0.2906120952825444,0.3482992229525194,0.4918092823811953,0.5550793989107491,0.2923783109347249,0.3674138512039805,0.4908917469714686,0.5642181847709724,0.4287255234702866,12.0,11.0,-1.0,1.0,-0.0173046667826146,0.4322349857208736,0.4305921140849668,0.07381904726547667,0.057461682066700645,0.1022820856014313,0.014281530947989157,0.2611721628780035,0.10879936537353115,Ghana
GHA,288,2003,0.4513520823957473,0.2978703618450574,0.3583614902361596,0.4898341598253994,0.5600580959386877,0.2994505664141322,0.3771738032374812,0.488759044601517,0.5694488745868328,0.4337080722099907,9.0,10.0,1.0,1.0,-0.0176440101857565,0.4368682489683827,0.4352788937230722,0.07582308858595414,0.05980247245427438,0.11041439611514071,0.014233105878069247,0.26289488694397745,0.11183621534786545,Ghana
GHA,288,2004,0.4523658468108075,0.2812607709646943,0.3705771080871646,0.4996630132056001,0.5533126193025903,0.2837284249729074,0.3894801691464061,0.4984153061378594,0.5621616929774194,0.433446398308648,11.0,10.0,-1.0,1.0,-0.0189194485021594,0.4372751285955497,0.4368564498461079,0.07673341072361292,0.05770361928778089,0.11957536504597334,0.014470694239554176,0.26037866565824963,0.1130320860578895,Ghana
GHA,288,2005,0.4555782164547397,0.2729841259696289,0.3802190814800389,0.5027800936835136,0.5555323085115788,0.2758334532593849,0.3981853596619641,0.5015282550346932,0.5646585759478499,0.435051410975973,12.0,9.0,-3.0,3.0,-0.0205268054787667,0.4391074305439063,0.4393650021583251,0.07939214777240208,0.05739010664851079,0.13510472698185788,0.014631336191320812,0.2605825842916488,0.11692718852833459,Ghana
GHA,288,2006,0.4649197291126036,0.2652506937143525,0.404296809199059,0.5123933981986258,0.5589666336617114,0.2681505945502014,0.4216950225811531,0.5110979675080547,0.5684723007658273,0.4423539713513091,9.0,8.0,-1.0,1.0,-0.0225657577612944,0.4434766636900186,0.4452478218801583,0.08143363460033966,0.054159613806444545,0.1496698550190911,0.014786511929614273,0.26114012257237473,0.11993902583188117,Ghana
GHA,288,2007,0.4649237170333186,0.2610044456142146,0.4175769164052632,0.5111007948221001,0.5505059268973024,0.2647322464739288,0.4342197398527394,0.509768608119884,0.5593246302982804,0.4420113061862081,11.0,9.0,-2.0,2.0,-0.0229124108471104,0.444836302658841,0.446990144996533,0.08295598638522299,0.052088612053139395,0.16340148838705684,0.014792416526843762,0.2583550393178601,0.12215938907122502,Ghana
GHA,288,2008,0.4683700436786628,0.2633301003314275,0.4320311244614249,0.5107762645813911,0.5476138901030867,0.2672584912732199,0.4470226734995886,0.5094176234860378,0.5562232245279222,0.4449805031966921,12.0,11.0,-1.0,1.0,-0.0233895404819707,0.4479706509309147,0.4504163499984973,0.08579570429931055,0.05441650557366627,0.1778118020940855,0.01520077276052449,0.2571295108030892,0.12613964780784137,Ghana
GHA,288,2009,0.4781754929255948,0.2733531947637118,0.454854942213704,0.5059850049663069,0.5551932362677533,0.2764882199316153,0.4685685020255863,0.5046662953652886,0.5645549450014751,0.4535694905809914,8.0,9.0,1.0,1.0,-0.0246060023446034,0.4547073671120947,0.457561401070268,0.0909100171213374,0.059008774353405034,0.20204088462333283,0.015198605885289162,0.2588528654078985,0.1337752825674814,Ghana
GHA,288,2010,0.484730719451636,0.2775567918789645,0.4721903078282838,0.5064998286412921,0.55734484039935,0.2807275381363243,0.4848981352570283,0.5052562827071654,0.5669186451467556,0.4594501503118184,7.0,9.0,2.0,2.0,-0.0252805691398176,0.4601494207563643,0.4633698943530544,0.09478976185014372,0.06230416391722384,0.2208312492541157,0.015440040660431692,0.25910509847952173,0.13942013807782325,Ghana
GHA,288,2011,0.488303959559884,0.296702454713949,0.485515614243944,0.4999209170737592,0.5532240036367139,0.2994141448646983,0.4969548386745262,0.4988065432488499,0.5623883247358042,0.4643909628809697,8.0,10.0,2.0,2.0,-0.0239129966789143,0.4643621677186533,0.4671241724949294,0.09970020612540385,0.07343419496300252,0.2382862508952432,0.015875583126979176,0.25800445055347304,0.1464001198846745,Ghana
GHA,288,2012,0.4891830194103035,0.2883699361276527,0.4898954046407567,0.5011676082633315,0.5543912273471213,0.2909527561946701,0.5006244186514004,0.4999418907524475,0.5636811317742242,0.4638000493431855,9.0,10.0,1.0,1.0,-0.025382970067118,0.4630752059009336,0.4664331373052854,0.10236096818311169,0.07477867934228187,0.25184051192002654,0.01616258526202058,0.2580812312257508,0.15021575193751996,Ghana
GHA,288,2013,0.498018543407476,0.2717884315205963,0.5139458188630632,0.5122997774166955,0.5587868941708884,0.2749606621004696,0.523749641740216,0.5108051747996911,0.5684772439834445,0.4694981806559553,8.0,10.0,2.0,2.0,-0.0285203627515207,0.4673564327949772,0.4725001877017928,0.1047178019638802,0.06521172409778732,0.2729721581418014,0.016877367677723,0.2588473534738308,0.15347715084778563,Ghana
GHA,288,2014,0.5013363898791394,0.2810753586841973,0.5242180378400265,0.5068971641370701,0.5593280376770707,0.2839768462334718,0.5334052049092667,0.5055036081599275,0.5690809631195914,0.4729916556055644,8.0,10.0,2.0,2.0,-0.028344734273575,0.4700594834784856,0.4751049051500042,0.10724815144268779,0.06934226422845619,0.2831354861930849,0.017062166118569748,0.2589618358036079,0.15712543808592966,Ghana
GHA,288,2015,0.5019650827670601,0.279869116281334,0.5391320730154662,0.5077819840385428,0.5489081250165588,0.2831573827989234,0.5464248114869578,0.5062422318735783,0.5576816955024341,0.4733765304154733,8.0,10.0,2.0,2.0,-0.0285885523515867,0.4711473786434294,0.4769128555864834,0.11221907310329597,0.06752601253599971,0.3112188713258334,0.019073045022876794,0.25606167393898677,0.16346990070592415,Ghana
GHA,288,2016,0.5087950218503308,0.2802146366744245,0.5543950620679091,0.514180573729509,0.551505416186245,0.2836192356834909,0.5605195046943302,0.5124562193730008,0.5604401043339932,0.4792587660212037,7.0,9.0,2.0,2.0,-0.029536255829127,0.4771306180824705,0.4834900223079487,0.11639992881457929,0.06668807822911808,0.3347063820629349,0.019541786818470068,0.25708571444718037,0.16950549038942586,Ghana
GHA,288,2017,0.5162965592605672,0.294153946261311,0.5705785086920462,0.5143079012910928,0.5538879907550915,0.2974666285937932,0.5762584211019672,0.5126281305814866,0.5630311081194453,0.4873460720991731,7.0,9.0,2.0,2.0,-0.028950487161394,0.4857532259700843,0.4921341346931054,0.12192842254095596,0.07200004152290634,0.3589181696596354,0.020377175681965735,0.2579274899601373,0.1773057192061612,Ghana
GHA,288,2018,0.5227986728676468,0.2918559432350222,0.5873473057342281,0.5180487007807502,0.5568506183738453,0.2951429210090778,0.5917416964458326,0.516434464861947,0.5662015581986592,0.4923801601288792,6.0,8.0,2.0,2.0,-0.0304185127387676,0.4904882238238148,0.4976619915740689,0.1279970200962488,0.07363960873536345,0.38474918879379316,0.023001063638006834,0.2587576746074893,0.1850368839436632,Ghana
GHA,288,2019,0.5211651159465797,0.2955015173567306,0.5784670662043845,0.5186528419529731,0.5578868709328855,0.2987986879824941,0.5852524487629934,0.5169990239857998,0.5673743000965803,0.4921061152069669,8.0,8.0,0.0,0.0,-0.0290590007396127,0.4899899962293893,0.4966433489130016,0.12547865423648535,0.07768725686687027,0.36263914063954905,0.023835074615365735,0.25914331947392216,0.1808261978989268,Ghana
GHA,288,2020,0.5352926530136255,0.2859864548365672,0.6382221209664676,0.5169474696960181,0.552733838554208,0.289270829870194,0.639760775917695,0.515258292040272,0.5616852988475779,0.5014937991689347,6.0,8.0,2.0,2.0,-0.0337988538446908,0.4999313668648293,0.5097330569051305,0.1434990217102329,0.07709819219928248,0.46688918146293507,0.025533165023632436,0.2578265200563451,0.20683676468554876,Ghana
GHA,288,2021,0.5352783564261454,0.2893175161922298,0.6430655538368906,0.5067942516978794,0.5534053643208122,0.293163210909374,0.6443816116023613,0.5054871315901464,0.5623735805308427,0.5013513836581811,6.0,9.0,3.0,3.0,-0.0339269727679643,0.5005273158502195,0.5101638095055321,0.15025817502317776,0.0787995481479038,0.48830300266596816,0.03111946931702483,0.2580955559443406,0.21407939401880932,Ghana
GIN,324,2001,0.3987776282752499,0.2781996626902221,0.3150919294125603,0.5052015237531462,0.4489793488207509,0.2809421689356696,0.3344727680956083,0.5044960690462494,0.4625441455715721,0.3956137879122749,24.0,22.0,-2.0,2.0,-0.003163840362975,0.4085686426199373,0.4075757452720711,0.07238253457548643,0.05503360330238892,0.0770789407826656,0.04022038254993839,0.1952093762227257,0.09188557571442965,Guinea
GIN,324,2002,0.4525644795961905,0.2716749611519179,0.334337319781408,0.5026096820725667,0.5849728878264997,0.2747865988682651,0.3549827060825617,0.5019329327609765,0.5924673098641304,0.4310423868939834,8.0,10.0,2.0,2.0,-0.021522092702207,0.4368060180193082,0.4350667315754621,0.08669519291277991,0.05384362436762743,0.09025157505255615,0.039812094883523975,0.2780763366133259,0.11549590772925837,Guinea
GIN,324,2003,0.4488797181812134,0.2588418365551786,0.3331309043699392,0.4936482078966843,0.585626336944365,0.261985748336851,0.3544511856885759,0.4930278649796133,0.5932095898234433,0.4256685972071209,11.0,13.0,2.0,2.0,-0.0232111209740925,0.4299462258733791,0.4285417009227067,0.08484008975546209,0.04743065697752889,0.08828380304316664,0.038987635028592836,0.2781192729116289,0.11320534199022933,Guinea
GIN,324,2004,0.4497135351139545,0.2634925820714349,0.3331013364705381,0.501365677761349,0.5818200420377415,0.2664899402119497,0.3545349969362026,0.5005880894594874,0.5890782754391329,0.4276728255116931,12.0,13.0,1.0,1.0,-0.0220407096022613,0.4321899025593945,0.4307911843464294,0.08443055604944233,0.04858917530352218,0.08709300756244014,0.03851924576646148,0.27697177406467544,0.11279330067427482,Guinea
GIN,324,2005,0.4540193245007292,0.2701667711717291,0.334683856289396,0.4886760261066008,0.5972449403067551,0.2725612567979466,0.3560979410452579,0.4880887077650938,0.604249528106526,0.430249358428706,13.0,13.0,0.0,0.0,-0.0237699660720231,0.4334854987252458,0.431636601271679,0.08627450931558302,0.053823000117732174,0.08744915514140258,0.03780416511757098,0.28517073950887345,0.1160617649713948,Guinea
GIN,324,2006,0.4624907238635237,0.2696084141392675,0.3508932432675463,0.5037492967449061,0.5989238548675085,0.2714299789316903,0.3709029734997608,0.5029941420265087,0.6061067551093599,0.4378584623918299,10.0,12.0,2.0,2.0,-0.0246322614716938,0.4393194839539074,0.4383195408640627,0.089622931310536,0.05662619735556351,0.10524857657337168,0.03746140485783282,0.2855338509273704,0.1212175074285346,Guinea
GIN,324,2007,0.463003381256936,0.2658062212725984,0.3509358463211374,0.506913617369936,0.5998540716027754,0.2688172521041166,0.3707956174840057,0.5060897528030306,0.6063590205284666,0.4380154107299049,13.0,13.0,0.0,0.0,-0.0249879705270311,0.4407557657865653,0.4395168269815038,0.08879096532949557,0.050453363104630874,0.10614988566940442,0.03696500157546315,0.2877897083730996,0.1203394896806495,Guinea
GIN,324,2008,0.4636714762588298,0.2640172877227248,0.3560111914838064,0.5050659072388752,0.5992897240761511,0.2667999062499696,0.3751045605567982,0.504310643194512,0.6057720727853024,0.4379967956966455,14.0,16.0,2.0,2.0,-0.0256746805621842,0.4397004638096801,0.4387256613271816,0.08942552428158426,0.04996710043915038,0.11255118901554385,0.03634250286545767,0.28754509451563137,0.12160147170894582,Guinea
GIN,324,2009,0.4649596421759529,0.2553369194613233,0.3620887351465885,0.5037085129450699,0.60182913829738,0.2583614130394747,0.3806685380101743,0.5030117314838134,0.6085589892280823,0.4376501679403862,15.0,18.0,3.0,3.0,-0.0273094742355667,0.4388969569280096,0.4384142288691188,0.08934796862341442,0.044493956618408444,0.11898120399148965,0.035760060317336445,0.2881510264836534,0.121846561852722,Guinea
GIN,324,2010,0.4678167184238059,0.270606914352363,0.3696696443456492,0.4986560282006373,0.6009170694778927,0.2732246908173863,0.3879531201522274,0.4981984750135997,0.6075931856584521,0.4417423679104164,17.0,19.0,2.0,2.0,-0.0260743505133895,0.4419811415931132,0.4410495508930577,0.09113320544739671,0.050736566721022405,0.12539510555329358,0.03515615408757651,0.2877139691565429,0.12475044887960884,Guinea
GIN,324,2011,0.4686784018606625,0.2485661642838481,0.3825077709480116,0.5007155602703461,0.5996824472772112,0.2520148449472398,0.4001754802789309,0.5001011453360035,0.6061652724946806,0.4396141857642136,16.0,19.0,3.0,3.0,-0.0290642160964489,0.4405649361965461,0.4408963734786713,0.09251463350991923,0.04922627661822419,0.13723135338408143,0.03459297234737076,0.2873655229902282,0.12710403133497616,Guinea
GIN,324,2012,0.4728561383997826,0.2619152431236405,0.388163904103682,0.5032230005940435,0.6003044418089603,0.2647911428898645,0.4054885303053548,0.5024983368028133,0.6068916201870521,0.4449174075462712,16.0,18.0,2.0,2.0,-0.0279387308535113,0.4451897176696641,0.4453131733517731,0.09416579090479404,0.05388200614188166,0.14379188874387103,0.034093511821927325,0.28735087342874094,0.12977957003410523,Guinea
GIN,324,2013,0.4810415254638208,0.2562418749294329,0.4111518998376785,0.5084054324139937,0.6032477383664466,0.2594564015767641,0.4273899941995928,0.5075180411033231,0.6101500010580705,0.4511286094844376,13.0,16.0,3.0,3.0,-0.0299129159793832,0.4506178516580421,0.4517700100181903,0.09663706880864234,0.05096923365013701,0.16281288444345166,0.03349676642047242,0.2879761085938393,0.1338137482769751,Guinea
GIN,324,2014,0.486130271792338,0.2633931663601265,0.428620050593916,0.50521933617157,0.6023252655137027,0.2663687723365961,0.4442173515384765,0.5043755873085616,0.6091685834575269,0.4560325736602903,15.0,16.0,1.0,1.0,-0.0300976981320477,0.4544595287412429,0.4559269832099659,0.09945554667880857,0.05223307801502948,0.18051643194195682,0.032903109169655574,0.2875501055920289,0.1383006811796677,Guinea
GIN,324,2015,0.4884608197861509,0.2588065293070392,0.4431887804859765,0.5058684341840285,0.5982178919074899,0.2621871945966586,0.4573581973163357,0.5049189348243621,0.6046976638131465,0.4572904976376257,14.0,17.0,3.0,3.0,-0.0311703221485251,0.4555376180612702,0.4576948925722863,0.10153784768964308,0.0498062257408221,0.198341270329738,0.032334249736484924,0.28627468893445507,0.14168910868537504,Guinea
GIN,324,2016,0.4871625626580449,0.2393492209798699,0.4504187312969192,0.5009982099765501,0.5986407571284658,0.2433184360555043,0.4638582390130477,0.5001197841605329,0.6051740817229762,0.4531176352380153,17.0,22.0,5.0,5.0,-0.0340449274200296,0.4525735895574161,0.455509756157441,0.10489534585281517,0.05799054509382697,0.21121535896576912,0.03192804312791931,0.28618738470286575,0.1468303329725953,Guinea
GIN,324,2017,0.5037423830905522,0.3354755094672977,0.4599304666774774,0.5068934922214205,0.5982976052297854,0.3358350780875797,0.4725481631188239,0.5059277875411338,0.6048415564932799,0.4797881463102043,11.0,10.0,-1.0,1.0,-0.0239542367803479,0.4750221707516592,0.4750352677993463,0.11088686780659564,0.08099912370672002,0.22415518943975976,0.03168739547796434,0.28587036642099956,0.15567801876136092,Guinea
GIN,324,2018,0.5065631970779545,0.3031726351167662,0.4752219351871234,0.5175927804652336,0.5992039364767433,0.3048179423510179,0.487579260771592,0.5164055321627536,0.6058714219368979,0.4786685393055654,11.0,10.0,-1.0,1.0,-0.027894657772389,0.474316965035722,0.4762430874086888,0.1105975792270656,0.07029756962552132,0.23417413215715452,0.031494505606290205,0.28579522081495423,0.15544035705098008,Guinea
GIN,324,2019,0.5103137183191716,0.2948761432806627,0.4851207706470152,0.5250396870312257,0.600211438585457,0.2970025698781634,0.4971072116156514,0.5235954844102298,0.6069371823535911,0.4811606120644089,11.0,13.0,2.0,2.0,-0.0291531062547626,0.4771253368669735,0.4798409627457515,0.11182974752356371,0.06714071330980072,0.24526845764909988,0.03130507176772328,0.28591706526927707,0.15740782699897524,Guinea
GIN,324,2020,0.5207572562468341,0.3893773331542693,0.4808982596662491,0.5229171124155734,0.5993325013028679,0.3868916960824703,0.4915179645157697,0.5214661952819599,0.6059845857333431,0.5014651104033858,11.0,9.0,-2.0,2.0,-0.0192921458434482,0.4934845290624996,0.4928406164575919,0.11804754566509927,0.10559115581159445,0.2439318895737146,0.030981532798091904,0.2854573449658975,0.1664904807873246,Guinea
GIN,324,2021,0.5265029819214013,0.3999307548962715,0.4929311534534017,0.5251020527173842,0.600295463132946,0.3973766729044735,0.5049429403088883,0.5236397474599503,0.6069752433063651,0.5082336509949192,10.0,8.0,-2.0,2.0,-0.018269330926482,0.4992481899501816,0.4986888125946198,0.11980308932406292,0.10354007427546981,0.24947100574525247,0.03309040852515922,0.2862054638310446,0.16807673809423151,Guinea
CIV,384,2001,0.439198930464635,0.308682516297502,0.3216682475971518,0.5308052174088721,0.5289176982770185,0.3111995548034065,0.3385549938708172,0.5291290022522351,0.5385320349991969,0.429353896481414,13.0,9.0,-4.0,4.0,-0.009845033983221,0.4327519327350728,0.4305653116406792,0.07020630818228323,0.071056552941721,0.09414567296316315,0.017511369600934606,0.21980327223223473,0.10062921693451338,Côte d'Ivoire
CIV,384,2002,0.4410552425114633,0.3172830858768679,0.3280119129303898,0.5283989434595566,0.527151022704174,0.3192247356003512,0.3449348832972701,0.5268257520355972,0.5366740176574467,0.4319148471476663,14.0,8.0,-6.0,6.0,-0.009140395363797,0.4346302435545047,0.4324076813975943,0.07162101230301166,0.0779894984938614,0.09718087008811589,0.017175643078514838,0.2189643271301127,0.10282758469765121,Côte d'Ivoire
CIV,384,2003,0.4423925554366865,0.3122622840717187,0.3321589958948707,0.5294205645254499,0.5286960907194941,0.3143310439269276,0.3491512029437147,0.5278808085487728,0.538427295607559,0.4324475877567435,14.0,11.0,-3.0,3.0,-0.009944967679943,0.4349407820037753,0.433092001339577,0.07173423369943828,0.07673503784480219,0.1000098335828715,0.016876390449955977,0.21902519063272108,0.10316161312758769,Côte d'Ivoire
CIV,384,2004,0.4423426745120032,0.3233650481179491,0.3387012902559453,0.5211090090040833,0.5240230013397853,0.3256592110283282,0.355729804431005,0.5199144954707109,0.5333781125064011,0.4336704058591113,14.0,9.0,-5.0,5.0,-0.0086722686528919,0.4371494048575035,0.4348732834763334,0.07472619808251679,0.08026306003667742,0.10384183992795215,0.02078321888935251,0.2173951900150493,0.10557082721725786,Côte d'Ivoire
CIV,384,2005,0.4463549396917171,0.3200632071743161,0.3506851520373043,0.5184316171917517,0.5280746787787701,0.3221447764490383,0.3677197589223892,0.5172928504745281,0.5375268030721311,0.4361710472295217,14.0,8.0,-6.0,6.0,-0.0101838924621953,0.438519802035122,0.436767211462678,0.07640030572856991,0.08357214897597752,0.10926348581837424,0.020636467223720974,0.2191567003795489,0.10815720059940541,Côte d'Ivoire
CIV,384,2006,0.4510223104334696,0.3280120593030483,0.3616257297223214,0.5175770104178536,0.5296505174898247,0.3299446785574047,0.3781064538565816,0.5165564332624766,0.5393160768131823,0.4409809106224113,14.0,9.0,-5.0,5.0,-0.0100413998110582,0.4425660230598391,0.4407888365590405,0.07826954865079855,0.08632302430377811,0.11855615163436159,0.0202853296791241,0.21924730582171656,0.11110295285974509,Côte d'Ivoire
CIV,384,2007,0.4512433272021806,0.3167673180683584,0.3741727497527436,0.5171215123032142,0.5244308834632867,0.3190572151522273,0.389465694781557,0.5160936223857854,0.5337006705684109,0.4395793007219952,15.0,12.0,-3.0,3.0,-0.0116640264801853,0.4410249649259384,0.4401775724778026,0.08044144902143037,0.08341638019945052,0.13478224223979363,0.02074026937342654,0.21744729093647633,0.11409654568728675,Côte d'Ivoire
CIV,384,2008,0.4573795017543653,0.3264884134365257,0.3928468191563672,0.5168731950844034,0.5227897154648671,0.3289028207290728,0.4072461368779664,0.5158222598457148,0.5319637917932819,0.445983752311509,15.0,10.0,-5.0,5.0,-0.0113957494428563,0.4467812316463097,0.4461085918325665,0.08418701274366418,0.08863363540376244,0.15161701668428024,0.021018345169874806,0.2166476327490856,0.11947915750175078,Côte d'Ivoire
CIV,384,2009,0.4641576026821414,0.3370191367141041,0.4027493622427335,0.522019689569134,0.5266182579259047,0.3388892270421804,0.4162170262565942,0.5207572240343553,0.5361972777327052,0.4530151887664587,16.0,10.0,-6.0,6.0,-0.0111424139156826,0.4527273561395308,0.4520409841218675,0.08588449960882599,0.0913149657255656,0.16254769845884792,0.01962469314646091,0.21736966955759016,0.12271425672211614,Côte d'Ivoire
CIV,384,2010,0.4691150579304874,0.3326413227393441,0.4147959164275557,0.5270891225197463,0.5291504840968787,0.3349270856301967,0.4276143357455074,0.5256377923717647,0.539012860858015,0.4567980186513709,16.0,10.0,-6.0,6.0,-0.0123170392791164,0.4564493822953041,0.4562632137772301,0.08753375595669416,0.08925701039444518,0.17330575168466048,0.019913341188430123,0.21775521820427254,0.1250578303679521,Côte d'Ivoire
CIV,384,2011,0.466945511099191,0.3298193733274259,0.4196713482744988,0.5185836980196122,0.5251562246479838,0.3308842726018288,0.4327536895008565,0.5174445017795506,0.534737565127747,0.4539550072524957,17.0,14.0,-3.0,3.0,-0.0129905038466953,0.4514513671473396,0.4518741733248391,0.08746214631015098,0.08789427189810899,0.17727704841191094,0.01936124205336881,0.2163008175467874,0.12520834497754404,Côte d'Ivoire
CIV,384,2012,0.4699847880122607,0.3304750191890008,0.427447673204951,0.5203188818892862,0.5259728206710167,0.3328804237223507,0.4401634371589132,0.519024546151385,0.5356356774021557,0.4569260211087012,17.0,14.0,-3.0,3.0,-0.0130587669035595,0.4564742900600978,0.4567813283873423,0.08910240416998863,0.08895364345503634,0.1846115013660393,0.0198258993857719,0.2162481311119845,0.12740979382970802,Côte d'Ivoire
CIV,384,2013,0.4741674123714114,0.3233346184810727,0.4393775851876956,0.5233775303630636,0.528627335335711,0.3263848382960898,0.4516079070820456,0.5219237162214201,0.5385543859334422,0.4596177118832494,18.0,15.0,-3.0,3.0,-0.014549700488162,0.4596220232186352,0.4604759332807412,0.09020173212665382,0.08437300130139451,0.1931677676428895,0.02061317194026291,0.21665729135142286,0.12870280805899245,Côte d'Ivoire
CIV,384,2014,0.4785805781984399,0.3272527238883519,0.4496952673371464,0.5271586125642859,0.5288027821234106,0.3302676354278485,0.4606968336901748,0.5255512250819669,0.5388025223218027,0.4638295541304482,19.0,13.0,-6.0,6.0,-0.0147510240679916,0.4626270526700217,0.4637293975542673,0.09369751623191609,0.08727321937884358,0.20888847924813497,0.02141729656738542,0.21633363689796575,0.13347815802308244,Côte d'Ivoire
CIV,384,2015,0.4874714205993527,0.3154074164609124,0.4912507335326854,0.5325959482201901,0.5207384518501527,0.3182220384486344,0.4980006934393842,0.5308425649913737,0.5300693978934435,0.469283673693209,15.0,11.0,-4.0,4.0,-0.0181877469061437,0.4677665697528203,0.471091898477198,0.10477180485207835,0.08435372330824502,0.2755567404005397,0.02300935766307121,0.21373520930489853,0.1491637576691886,Côte d'Ivoire
CIV,384,2016,0.4919379486111787,0.3145623405357415,0.5046218869747219,0.5330386437302154,0.5222315847438479,0.3176962637042754,0.5108820968517493,0.5312596897600256,0.5317421470484778,0.472895049341132,13.0,11.0,-2.0,2.0,-0.0190428992700466,0.4709688589442504,0.4747820189415768,0.1081511015870456,0.08589422897073169,0.28719648671196457,0.025298240365889624,0.21373611183174834,0.15303126697008357,Côte d'Ivoire
CIV,384,2017,0.4990530719936705,0.3135334989247378,0.5265790491571491,0.5339192888694289,0.5238624340586128,0.3168806161076602,0.5318541773571145,0.532079194551005,0.5335952133472394,0.4786023003407548,13.0,11.0,-2.0,2.0,-0.0204507716529157,0.4760737075310532,0.4806757878178618,0.11144031354987449,0.08736057451305881,0.3092175434762971,0.02399609560021671,0.21378855803880087,0.15859069290709338,Côte d'Ivoire
CIV,384,2018,0.4987015496601631,0.3032782009395658,0.5273209760028623,0.5356671527415009,0.525002853938189,0.3069215422514931,0.5332306678437279,0.5337479022623982,0.5348997633089955,0.4771999689166536,15.0,13.0,-2.0,2.0,-0.0215015807435094,0.4744040348160456,0.4794291278364992,0.10962240166419478,0.08510926603302035,0.30256370286308687,0.023381702920908524,0.2137838773563291,0.1562096372933362,Côte d'Ivoire
CIV,384,2019,0.5031299756130324,0.3099224751474429,0.5387083735232183,0.5359490219871108,0.52537941675814,0.3134545371846353,0.5441861239008909,0.5339895703906763,0.5353531022619756,0.4817458334345446,15.0,11.0,-4.0,4.0,-0.0213841421784878,0.4783632596364485,0.4834704779337824,0.11144319710463411,0.08682221295617629,0.3103023757269305,0.02388075279437253,0.21361144924952302,0.15865419768175057,Côte d'Ivoire
CIV,384,2020,0.5050035570252951,0.3015611010237601,0.5531409955957657,0.5354986763163028,0.5221254209081106,0.3050549008756329,0.5580556676293701,0.5335654211939201,0.5318863626268686,0.4821405880814479,15.0,14.0,-1.0,1.0,-0.0228629689438471,0.4775139289446432,0.4836923947598373,0.11251668731610663,0.08352496673303095,0.32285727177719087,0.023361999217850014,0.21233230494502497,0.1605191356682742,Côte d'Ivoire
CIV,384,2021,0.5110500798227521,0.30990239108273,0.5743169733502287,0.5295126799642585,0.5220107064938941,0.3137116780204735,0.5786423630751636,0.5276878036195402,0.5317661129389419,0.4879519894135298,15.0,12.0,-3.0,3.0,-0.0230980904092222,0.4826572964507474,0.48901702328583,0.1167620949739029,0.0856107176755555,0.3443715988377028,0.02401279544255532,0.21199939926100064,0.16649862780420355,Côte d'Ivoire
KEN,404,2001,0.3969515333231863,0.2752555795966648,0.254347217287477,0.5117521542729448,0.4904422242550595,0.2789458238595728,0.2674128325356567,0.5105721666998374,0.5014675439755514,0.3895995917676546,26.0,25.0,-1.0,1.0,-0.0073519415555316,0.404339968452447,0.4005519676292798,0.07614173357540306,0.05377335207917218,0.08897518428343042,0.013079800533848518,0.2995717576804579,0.11385002364422725,Kenya
KEN,404,2002,0.4016358665194017,0.2773891195087937,0.2595995321758183,0.5138174263959392,0.4970956893194281,0.2806889092704037,0.2724565209216255,0.5128543236284531,0.5086278519138733,0.3936569014335889,25.0,24.0,-1.0,1.0,-0.0079789650858128,0.4069843547748149,0.4033119297803702,0.08296231546531475,0.054862784683472984,0.09441691280179318,0.023672579920679955,0.30182757478121097,0.11869496304678927,Kenya
KEN,404,2003,0.4038260484800542,0.2833070999257821,0.2666450518211583,0.5111732584022366,0.4967853722976194,0.2865877388609054,0.2799267801829904,0.5102478799235972,0.5082500324759502,0.3962531078608608,27.0,25.0,-2.0,2.0,-0.0075729406191933,0.4091805064216394,0.4054708200972088,0.08387110525231374,0.05581644692811982,0.10066007103278442,0.02301776364052508,0.302027338345668,0.12038040498677433,Kenya
KEN,404,2004,0.4103078387620343,0.2833832617824758,0.2820824168521897,0.5127942236799661,0.5011296796847153,0.2868121609867251,0.2957353775305243,0.5118430861354719,0.5128003062739241,0.4017977327316613,24.0,24.0,0.0,0.0,-0.008510106030373,0.4141433807975082,0.4109006791558757,0.08513463177295533,0.05658920260356978,0.10653830381163766,0.022678727344524464,0.30412594653064945,0.12248304507259535,Kenya
KEN,404,2005,0.4152519191549507,0.2866944401571283,0.2971204388705621,0.5132352469018809,0.5010816786276018,0.2900870856653249,0.3108744909785138,0.51224797197749,0.5127089443234089,0.4064796232361843,22.0,23.0,1.0,1.0,-0.0087722959187663,0.4182205421071434,0.4154013751775443,0.0866704158559742,0.05897060817502974,0.1140315777179624,0.022375081597522165,0.3042689738471477,0.1249115603344155,Kenya
KEN,404,2006,0.4188522772747013,0.27859443151213,0.3118911915056521,0.5161749006968004,0.500252783441067,0.2823920151452447,0.3254008690333632,0.5151255984715245,0.511752505706569,0.4086677470891754,25.0,25.0,0.0,0.0,-0.0101845301855259,0.4196276304540438,0.4177635617254057,0.08766273796536415,0.05559804627614347,0.12426655165543889,0.022153400457036974,0.30411216808779207,0.12653254161910285,Kenya
KEN,404,2007,0.4202164186515782,0.2779452639820952,0.3244624514671414,0.5157927839927792,0.4942762715097036,0.2820718391333759,0.3369883741664904,0.5147219421054823,0.5052503360224833,0.409758122856958,24.0,25.0,1.0,1.0,-0.0104582957946202,0.4207875253621378,0.4193284765962956,0.0896465921263933,0.055309572936408695,0.13869402164002384,0.021906047163749866,0.3024132586966199,0.12958072510920057,Kenya
KEN,404,2008,0.4258462847004661,0.267267233621716,0.3447250866952042,0.5148711250911137,0.497728149472222,0.2709279932978369,0.3567781022282111,0.5138264425211224,0.5090172859653896,0.41263745600314,25.0,25.0,0.0,0.0,-0.013208828697326,0.4216715845658082,0.4215048972092751,0.09252820830797631,0.0549597453507566,0.15680578596787684,0.021475883296803763,0.30325732557787793,0.13412468504832878,Kenya
KEN,404,2009,0.4284287683599015,0.2667517550932491,0.3499784744097713,0.5135234325509588,0.5015290841379036,0.2707119900644954,0.3615985095049867,0.5124825174023265,0.5130914902952234,0.414471126816758,25.0,27.0,2.0,2.0,-0.0139576415431435,0.4237447433298716,0.4236989816902295,0.09358930350096653,0.05174159147345758,0.16641081367148491,0.021127484754305155,0.30450242687293344,0.13594557919304529,Kenya
KEN,404,2010,0.4328464885980108,0.2749510668397276,0.3642645841486346,0.5165359501318857,0.4973966884375769,0.2794333126166371,0.3750357929032529,0.5154208493561295,0.5084418564578731,0.4195829528334731,27.0,28.0,1.0,1.0,-0.0132635357645377,0.429754114611553,0.4297463009937299,0.09628235448880135,0.054104068034609654,0.181085168641351,0.021028614898372766,0.30367857444500024,0.1399741065048334,Kenya
KEN,404,2011,0.4408609614228599,0.2671379403296209,0.3951629780281973,0.5163909993679945,0.4973036715103738,0.2714468738199279,0.4056430533261411,0.5152552423722678,0.508312691756271,0.425164465318652,26.0,26.0,0.0,0.0,-0.0156964961042079,0.4337210525645411,0.4353008369649112,0.09956933603003644,0.05500523756952572,0.19985702056588697,0.020997847578193986,0.30369405992982973,0.1448885414108591,Kenya
KEN,404,2012,0.4459214224153947,0.265790827800653,0.4055764431719988,0.517789452980345,0.5024547392495485,0.2701909023044065,0.4156773932886812,0.5166361352008678,0.5135409683461856,0.4290113497850353,25.0,27.0,2.0,2.0,-0.0169100726303593,0.4371713333717596,0.4391422042588895,0.10094805977911778,0.05356691773647015,0.20706750496819315,0.021055924643060477,0.3062842979234586,0.14699366131779562,Kenya
KEN,404,2013,0.4525812250856672,0.2622474690188888,0.4305217152800021,0.5180311947622795,0.5016932507184558,0.2667912399689548,0.442032521859513,0.5168563145924424,0.5127009807253468,0.4345952642865642,26.0,26.0,0.0,0.0,-0.0179859607991029,0.4417561524030726,0.4448197115758148,0.10365874427232616,0.05203457646897982,0.22473714281405616,0.021184557024811583,0.30596774839516894,0.1509810061757541,Kenya
KEN,404,2014,0.4560124281250819,0.2602400413522991,0.4376430659312574,0.5172696067118067,0.5065158165037955,0.2649882751727145,0.4485125038003894,0.5161064740384784,0.5179641578556036,0.4368928527167965,26.0,26.0,0.0,0.0,-0.0191195754082854,0.4445232719207236,0.4478583282051526,0.1061786502805561,0.05168365978314361,0.2376794132642641,0.021647837548655097,0.30714623267226066,0.15453928581708087,Kenya
KEN,404,2015,0.4603813981899096,0.265746152678966,0.4514697687564794,0.5157992091079244,0.5061735931742237,0.2704077543934044,0.4617498627277047,0.5146333296191343,0.5175890691976086,0.441095003984463,24.0,25.0,1.0,1.0,-0.0192863942054465,0.4479135773636699,0.4515150131986353,0.10853320557114278,0.051939931965820064,0.24983702935933771,0.02236031047466022,0.30656485227116603,0.157675531017746,Kenya
KEN,404,2016,0.4643198926154897,0.2662731561858981,0.46592748381921,0.5165910053713828,0.504639546850064,0.2709730540157479,0.4760319358827065,0.5154360112544449,0.5159313822590665,0.4445930958529915,24.0,24.0,0.0,0.0,-0.0197267967624982,0.4506372148110529,0.4547594984822384,0.10997468754880103,0.05118229639926677,0.25940358217015647,0.022618729415017184,0.3055034239777293,0.1596770079905424,Kenya
KEN,404,2017,0.4675000526888408,0.2633327777566933,0.4730782020679425,0.5188074590027449,0.5073742814783955,0.2681672692372913,0.4831296422657784,0.5176851510215719,0.5189216975706037,0.4469759400238113,24.0,24.0,0.0,0.0,-0.0205241126650294,0.4522886095404889,0.4567446618766602,0.1129918218179696,0.05166769567239681,0.26658373605255403,0.02590994531530941,0.3058940035009438,0.16251384513530104,Kenya
KEN,404,2018,0.4736775401309439,0.2702755599819058,0.4949959962493451,0.5197829006940962,0.5035223473892992,0.2752834873665403,0.504067432869077,0.5185307659981903,0.5147414076096378,0.4531557734608613,23.0,25.0,2.0,2.0,-0.0205217666700825,0.4581816537232935,0.4631840918072182,0.11385346363573229,0.05364434304001697,0.28700413263176716,0.020719734448247967,0.30413533600802833,0.16637588653201513,Kenya
KEN,404,2019,0.4807342400523482,0.2717746739521736,0.5192515922515231,0.5211639534013712,0.5019293357621797,0.2768864262757958,0.527157347302625,0.5198744466317683,0.5131037996041601,0.4592555049535873,21.0,24.0,3.0,3.0,-0.0214787350987609,0.4633330382547085,0.4692255848590768,0.11830482737012642,0.05539519401639951,0.3109360612637309,0.021552076201707557,0.3022604367788645,0.17253594206517564,Kenya
KEN,404,2020,0.4821885823734071,0.2707118955850365,0.5305148071642863,0.5216586151884908,0.4969051371258393,0.2754118210488247,0.5372409923587967,0.5204245624420428,0.5076422025297133,0.4601798945948443,22.0,25.0,3.0,3.0,-0.0220086877785627,0.4628025702377563,0.4693274246992309,0.12213376546857341,0.05595021588311651,0.3293966134009749,0.02341562256649697,0.300238815646874,0.1772503168743656,Kenya
KEN,404,2021,0.4863556705096075,0.2787022308502634,0.5349188276992015,0.5237660191784193,0.5006809587876436,0.2838980777280034,0.5405531327082056,0.5225203338683061,0.5117525881582421,0.4646810331156893,23.0,24.0,1.0,1.0,-0.0216746373939182,0.4680576351742318,0.4741487839633771,0.12660192379440188,0.05798023208246022,0.34122021581104384,0.027368190903541784,0.3010883973255025,0.1819142590306371,Kenya
LSO,426,2001,0.3781947284050013,0.3018149560248951,0.1993730508940308,0.4747333110282112,0.4808247221754292,0.302822281813179,0.2030641588072104,0.4747677178924214,0.4889115818235988,0.3673914350841024,33.0,38.0,5.0,5.0,-0.0108032933208988,0.3938503312092812,0.39283028733503,0.08207392976823272,0.05669643361694143,0.10678535720647908,0.016511591449064725,0.3045140974772395,0.12112686993743119,Lesotho
LSO,426,2002,0.3842324088839641,0.3270658742586678,0.218426429639792,0.4741021357701733,0.4742452566694715,0.3263598154376644,0.224142455819081,0.4741126040269027,0.4817662744440851,0.3765952874319333,32.0,34.0,2.0,2.0,-0.0076371214520308,0.4000121673078172,0.3987843648245656,0.08547121042583049,0.06945627204258006,0.11582132189000503,0.016557337132818845,0.30223968750417846,0.1260186546423956,Lesotho
LSO,426,2003,0.3801703643770072,0.3072490272750856,0.2156058952416426,0.4812739784503589,0.4685201020540124,0.3079007448838537,0.2209100475263858,0.4810209939057382,0.475557694981373,0.3713473703243377,35.0,38.0,3.0,3.0,-0.0088229940526694,0.3968093396182015,0.3961386852678384,0.08365966032552805,0.0643477437612255,0.11075543430902912,0.017025596696376925,0.3001197883751441,0.1230621407854439,Lesotho
LSO,426,2004,0.3865449062603076,0.3196029928427343,0.2197782800414652,0.4838016280454681,0.4765494052101608,0.3193099370664395,0.2248477931395546,0.4835122207354773,0.4843162806027609,0.3779965578860581,33.0,36.0,3.0,3.0,-0.0085483483742494,0.402039610109439,0.4012254481886623,0.08554622542251698,0.07099181543339907,0.11290170528517078,0.017195676130469083,0.3020243765237532,0.12577839334319801,Lesotho
LSO,426,2005,0.3816822980480867,0.3175409625405336,0.2140723312309118,0.4848524088554689,0.4678887772005353,0.3180420098912583,0.2194028958661342,0.4845109197657791,0.4748692329752072,0.3742062646245947,36.0,38.0,2.0,2.0,-0.007476033423492,0.3994180870894554,0.3985251211545149,0.0828323489133581,0.06333458813313139,0.10591583783372212,0.017458261209566308,0.2996674814483098,0.12159404215618241,Lesotho
LSO,426,2006,0.3873483131102396,0.3319715067140258,0.2300181836435794,0.4870192611063084,0.4648931413829014,0.3320083492566661,0.2340681262493957,0.4866044669231877,0.4716001249703029,0.3810702668498881,36.0,37.0,1.0,1.0,-0.0062780462603515,0.4047996119607283,0.4037980886606325,0.08693157721298783,0.06559257825835252,0.1279717865710924,0.0177879565684635,0.298876628289538,0.1275572374218616,Lesotho
LSO,426,2007,0.409914214405035,0.3589981614660588,0.2869752116431123,0.4848886336231625,0.4749474921403145,0.3577499900096277,0.2919521321608562,0.4843885232819503,0.4825466937435541,0.404159334798997,30.0,31.0,1.0,1.0,-0.0057548796060379,0.4229798668373028,0.4220947875768386,0.09699306637600122,0.07676246119799048,0.17364272437464626,0.018015815050892663,0.30169822697368426,0.14252980689930342,Lesotho
LSO,426,2008,0.4084343856306799,0.3560592380766869,0.2887525729600552,0.4855308077585492,0.4703987948516721,0.3548631053569781,0.2935832094244636,0.4850362342549731,0.4776036718984393,0.4027715552337135,34.0,32.0,-2.0,2.0,-0.0056628303969664,0.4210673324684518,0.4203382731447795,0.09785241432607526,0.07837350861983473,0.177155466964602,0.01839171080026704,0.30041140338145245,0.14358302244153903,Lesotho
LSO,426,2009,0.4026281452565438,0.3033506850568736,0.2979928950406835,0.4818916057011866,0.4693408579914779,0.3036998711265931,0.3018375563229574,0.4814359760970267,0.4764627400172596,0.3908590358909592,35.0,37.0,2.0,2.0,-0.0117691093655846,0.4105662365568554,0.4116820093005534,0.09767412093758676,0.06814191323792831,0.18784875032108536,0.018195997897519096,0.29993129028211024,0.14352948793466075,Lesotho
LSO,426,2010,0.3979141300335358,0.2906316708270374,0.2951846568039797,0.4882794161100685,0.4597502222185651,0.2920224574248327,0.2982452539897828,0.4876725505948413,0.4658471381538935,0.3859468500408376,37.0,39.0,2.0,2.0,-0.0119672799926981,0.4065540608005721,0.4079807124912981,0.09699046571447809,0.06547202489612368,0.1873292519921799,0.018687464708722488,0.2974004146151743,0.1422222890530501,Lesotho
LSO,426,2011,0.4117015878003379,0.2986537465341903,0.3331658561381725,0.4836237523961231,0.4685730302553887,0.2994014982813292,0.3342414831046404,0.4831533316336842,0.4754777042600011,0.3980685043199137,35.0,35.0,0.0,0.0,-0.0136330834804241,0.4167324963359799,0.4185570851263825,0.10490534066229962,0.07264197216985947,0.22463388589817837,0.018888278986794745,0.29989594562964605,0.15401502067111966,Lesotho
LSO,426,2012,0.4219254090069758,0.2800357017394116,0.3661656024193779,0.4854529400458603,0.4774409964771016,0.2819688700602629,0.3656883722307488,0.4848442967949146,0.4851384696512772,0.4044100021843009,34.0,34.0,0.0,0.0,-0.0175154068226749,0.4230103599927486,0.4258795839695251,0.11072378184983515,0.06701173042112506,0.26178907369433546,0.019413739397857933,0.30232346217277245,0.16263450142152275,Lesotho
LSO,426,2013,0.4334650487776849,0.2860753518947492,0.3982645367244055,0.4941654722987703,0.4775937316041243,0.287693993258346,0.3960867638316657,0.4932649073710318,0.4853102397925888,0.4155889760634081,31.0,33.0,2.0,2.0,-0.0178760727142768,0.4314291981134182,0.434999548648935,0.11511834826140241,0.06487051547295543,0.28952844388942295,0.019761875619212096,0.3022490876611846,0.16910248066069378,Lesotho
LSO,426,2014,0.4403980440762914,0.2887734507303927,0.4172106801830677,0.4936662220883148,0.4815661062525897,0.2904484992864656,0.4132470348649896,0.4927381049887863,0.4896537898283397,0.4215218572421453,30.0,32.0,2.0,2.0,-0.0188761868341461,0.43612945903232,0.4399060757069333,0.11864755462321556,0.06381778297754827,0.31084893375983946,0.019870742349117405,0.30304501208534323,0.1743956177929621,Lesotho
LSO,426,2015,0.4429620996353418,0.3062840916428433,0.4203446681889385,0.4971659217978256,0.4777670569623686,0.3074004374683597,0.4160334411772929,0.4961110016552141,0.4855176782166548,0.4262656396293804,29.0,29.0,0.0,0.0,-0.0166964600059613,0.4402156026634412,0.4435821978640696,0.12078916035629711,0.07136611905712165,0.3157884540862876,0.02020406130271485,0.30198607793887366,0.17733617809624944,Lesotho
LSO,426,2016,0.4509464518006953,0.3039432564693411,0.44132574828889,0.4965490909318467,0.4849492272717553,0.305290814981658,0.4358899952713178,0.4954185093771093,0.4933123020417481,0.4324779054179583,29.0,29.0,0.0,0.0,-0.018468546382737,0.446104703159043,0.4498197126783986,0.12605778549556235,0.07556383421823228,0.3401681336782731,0.02048925554450421,0.3042946186465449,0.1851289605218886,Lesotho
LSO,426,2017,0.4504170091381907,0.3038778286251175,0.4572943995138115,0.4950386639822378,0.4727766442777705,0.3044168293390931,0.4500755961214012,0.4939806309120562,0.480032367774534,0.4321263560367712,29.0,31.0,2.0,2.0,-0.0182906531014195,0.444707296653782,0.4490438178092674,0.12944025192480532,0.07736611899458737,0.36302018816987996,0.02011527501813651,0.30078540226122047,0.1903217461109561,Lesotho
LSO,426,2018,0.4488772597497252,0.3154192462718221,0.4365968617885016,0.5020996186203817,0.475537883609586,0.3154245892449546,0.4330933971615592,0.5009713219550989,0.4831013500502832,0.433147664602974,30.0,32.0,2.0,2.0,-0.0157295951467512,0.4457652455358941,0.4495708327715794,0.12433650286448097,0.0806597884841884,0.32883308573137626,0.02009285734815406,0.3008209145389061,0.1826016615256562,Lesotho
LSO,426,2019,0.4565802968445908,0.3000425215738426,0.4694716367800022,0.5006497080260236,0.4784874095096567,0.3012170459746124,0.4651714943375848,0.4995515409871617,0.486393394522456,0.4380833689554537,30.0,30.0,0.0,0.0,-0.018496927889137,0.451045795985261,0.4558499808896426,0.12870487029294178,0.07155177888950764,0.3657456358141509,0.019901881548765352,0.3003394938352562,0.18938469752192005,Lesotho
LSO,426,2020,0.4463107305737648,0.2992917086360533,0.4376836509055161,0.4998117148459214,0.4750530184532953,0.299730222202118,0.4354588452474794,0.4987826773382771,0.4827140490301955,0.4291714484545175,33.0,34.0,1.0,1.0,-0.0171392821192473,0.4410915943885717,0.4454793283223349,0.12281906447580267,0.07359460622392142,0.3296130224572159,0.019848355456242736,0.29888244633506805,0.18048460761811203,Lesotho
LSO,426,2021,0.4473791208662883,0.3019394435609583,0.4497002464449658,0.4876625644097271,0.4751599457059208,0.3033343492260373,0.4471924063660993,0.4869771225460249,0.4828184730626246,0.4300805878001965,33.0,35.0,2.0,2.0,-0.0172985330660918,0.4433986412737639,0.44732839311228,0.12419343373264088,0.07163720204626135,0.3406846613065773,0.019635075179069074,0.2987959608508866,0.18268822484569858,Lesotho
LBR,430,2001,0.3669676090653568,0.1937236542403358,0.2387472008756534,0.5075151480029721,0.4526654868275838,0.1985888039471938,0.2553016932734789,0.5065937450383619,0.4673503735206022,0.3569586539449092,36.0,40.0,4.0,4.0,-0.0100089551204475,0.3770851701081691,0.3756243372895613,0.0904870242087717,0.025542399118739918,0.05646970744019179,0.08654248465302457,0.21607467502706496,0.0961573165597553,Liberia
LBR,430,2002,0.364628229976789,0.2045813355220059,0.2426835512284288,0.4855661599430662,0.451743674440222,0.2089702146496075,0.2591465056960184,0.4848593223855116,0.4664003057744585,0.354844087126399,37.0,42.0,5.0,5.0,-0.00978414285039,0.3749412871222963,0.3729969646500592,0.09052251048204304,0.030838623987831885,0.058667938073223735,0.08423817836514216,0.21553220556614133,0.09731923649808477,Liberia
LBR,430,2003,0.3589694203970599,0.1634950189409856,0.2576112663772752,0.4207467949930704,0.4762536471085149,0.1662612030873347,0.2743185815762967,0.4212762682346168,0.4901300028429327,0.3379965139352952,40.0,43.0,3.0,3.0,-0.0209729064617646,0.3555282910212937,0.3559584874460388,0.0901520624844551,0.02170946181858724,0.06123152846097174,0.08132933971661414,0.23050529560909078,0.09869390640131598,Liberia
LBR,430,2004,0.3735492161865425,0.2131512231414522,0.2561271364070409,0.4653671559990839,0.4738726930626963,0.2173595613117686,0.2722204734632766,0.4655109373346384,0.4875664186616452,0.3606643476928322,38.0,42.0,4.0,4.0,-0.0128848684937103,0.3816870542211334,0.379824573245418,0.09024225288648693,0.02177829866982354,0.062273571787685306,0.0813214846722683,0.22989449068524032,0.09881696145375436,Liberia
LBR,430,2005,0.3713477215607519,0.215240798862628,0.2501655991721398,0.4629490135095321,0.4732869277048526,0.2194140161511032,0.2672495924389031,0.4631197897680646,0.4869901117569662,0.3591933775287593,39.0,42.0,3.0,3.0,-0.0121543440319926,0.3761020870437397,0.3730847173128837,0.08978028807736885,0.024073856982202796,0.06706044698523393,0.078200721449624,0.22938232586861418,0.09967933782141873,Liberia
LBR,430,2006,0.3750906327604102,0.2238041428231109,0.2485433890728112,0.4724844176648308,0.4762985206193257,0.2277473336478366,0.2652929843414811,0.4725115228128404,0.4901751002504892,0.3639317352631618,39.0,43.0,4.0,4.0,-0.0111588974972484,0.3789518131191783,0.3753932119990205,0.0890601771554385,0.025092345329107212,0.07119889352421448,0.07483905643057562,0.23015744362964835,0.10032193472838641,Liberia
LBR,430,2007,0.3796932805589587,0.2249264296918044,0.2712857031749049,0.4685306722866064,0.4723943263244419,0.2289604653888336,0.2874916706985087,0.468458539136054,0.4859469686340244,0.3677144109643552,38.0,41.0,3.0,3.0,-0.0119788695946035,0.3825377964264043,0.3798148769094245,0.0899428019992042,0.026012547262291987,0.08571013545456345,0.07187849544524635,0.22880753810786642,0.10310217906749206,Liberia
LBR,430,2008,0.3823585023134206,0.2137916485786859,0.2852472327287854,0.4706581434792408,0.4712175343138991,0.2179880758015893,0.3008945202168072,0.4705408740460201,0.4847362036518554,0.368539918429068,39.0,41.0,2.0,2.0,-0.0138185838843526,0.3838867086278074,0.3823676186164325,0.0901774471536017,0.025352406406390495,0.09513783645334398,0.06966044710937255,0.22812401504496146,0.10456867625351712,Liberia
LBR,430,2009,0.3890550214302172,0.2209637288057017,0.3038882522751216,0.4702968958423866,0.472129517089135,0.2258251870360895,0.3188972182605467,0.4701786797461053,0.48581090165236,0.3751779966737754,39.0,39.0,0.0,0.0,-0.0138770247564418,0.3912372118893674,0.3901883209013694,0.0920674324503475,0.027589258098770553,0.10933830075055477,0.06796248064061186,0.22802930253192497,0.10822983550546554,Liberia
LBR,430,2010,0.3901603589196729,0.1745725273783612,0.3202470987799535,0.4770717357277509,0.4748152235539338,0.1806004957828918,0.33433686230903,0.4768657021665791,0.488814273501488,0.3701543334399972,39.0,43.0,4.0,4.0,-0.0200060254796756,0.3871948855516859,0.3885152103907923,0.0940103278444992,0.028490880094158018,0.123678199267242,0.06661379914501062,0.22849049975262817,0.1118183445647597,Liberia
LBR,430,2011,0.3868223690122525,0.1631704531656571,0.3180714436418619,0.479463995538406,0.4701600547042049,0.1692811786771776,0.3305466297370091,0.479208759415321,0.4837157360247656,0.3656880759635684,40.0,44.0,4.0,4.0,-0.021134293048684,0.381976772589676,0.3835164116185582,0.09512929813858058,0.032781827696212434,0.13284042308840935,0.06476637874922472,0.22701945199361853,0.11435202038186626,Liberia
LBR,430,2012,0.3899653652923807,0.1516141079127142,0.3337406513207787,0.4764533781573294,0.4720196092952275,0.1580651364218416,0.3459318871108358,0.4761766367733465,0.4857919472095026,0.3664914018788816,40.0,44.0,4.0,4.0,-0.0234739634134991,0.3828114303361277,0.3852926534383999,0.09624517511132161,0.034127029951795784,0.14292115889812937,0.06311746871533394,0.22722740633462513,0.11684826597497106,Liberia
LBR,430,2013,0.397243462916539,0.2084923787918546,0.3266990822631389,0.4839228958240661,0.4728302579834477,0.2135894052993495,0.3397432619021271,0.4834981161480414,0.4867508253957368,0.3808954021863137,40.0,40.0,0.0,0.0,-0.0163480607302253,0.3968087974177036,0.3971514416216213,0.0939798853260857,0.03915755658488251,0.1262987286369069,0.062451655342216895,0.2271169628559173,0.1137562258549809,Liberia
LBR,430,2014,0.4044426110698941,0.2197723346254792,0.3497833538282479,0.4784306828435138,0.4729888001477472,0.2241843835073473,0.3611187795694141,0.4779822333771911,0.4869297283628916,0.387553781204211,40.0,41.0,1.0,1.0,-0.016888829865683,0.4014403656763335,0.4023203245106979,0.09729436407908523,0.035627938336854056,0.15333289822302062,0.061323759871670346,0.2269348509314783,0.11930486184075582,Liberia
LBR,430,2015,0.4145028276722525,0.2592873112299866,0.3758539106621696,0.4761591498367352,0.4665172911554263,0.2628858031332742,0.3858890185869839,0.4757526236459721,0.4799319095410118,0.4011148387268105,39.0,39.0,0.0,0.0,-0.0133879889454419,0.4134272016968428,0.4138887429892949,0.10017981319255383,0.03226037201841102,0.1790814826533748,0.060298602273722635,0.22480668151823088,0.12411178461593483,Liberia
LBR,430,2016,0.411418831244737,0.2298904537841774,0.3797018428187744,0.4718651668682546,0.4680396636855947,0.2341093494859117,0.3899883272056964,0.4715224524039483,0.4816206615315105,0.3943101976567667,39.0,39.0,0.0,0.0,-0.0171086335879702,0.4079599214626338,0.4098032940310992,0.1002595392734221,0.029866557492915266,0.18538424629288308,0.059149629045063434,0.22496048112949843,0.12484022849009005,Liberia
LBR,430,2017,0.4097834707713639,0.2217492526513762,0.3775705304952126,0.4693341408148145,0.4696752897144983,0.226431540788243,0.3884401592346732,0.469090910796617,0.4834970407511081,0.3918649128926603,39.0,41.0,2.0,2.0,-0.0179185578787035,0.4068986402179235,0.4088200585958702,0.0998672656076361,0.0320282707148428,0.17971497584417734,0.05948443954231506,0.22503901738071733,0.12406667587051312,Liberia
LBR,430,2018,0.4156369852214776,0.2233182471968731,0.3866294360969233,0.4842586157654616,0.4692689852722789,0.2275419190913861,0.3976106247428582,0.4840097754128933,0.4830893104010124,0.3980629074120375,40.0,40.0,0.0,0.0,-0.01757407780944,0.4122412831763944,0.4147465971156011,0.10219269286518562,0.03723214430891088,0.1896546170459406,0.05913762730398605,0.22459861714471915,0.12765575145088917,Liberia
LBR,430,2019,0.4076023804735751,0.2195182544769745,0.3667539989145,0.4754751089036922,0.4697187720497564,0.2234754725863976,0.3789826103166007,0.4754217327878479,0.4837187411081262,0.3903996391997431,42.0,43.0,1.0,1.0,-0.017202741273832,0.405288187208684,0.4072523862353825,0.09818454857462236,0.036617495143283545,0.17035452937858403,0.05789780306940029,0.22433689794645295,0.1223016813844302,Liberia
LBR,430,2020,0.4079513750069548,0.2437438962554368,0.3650695645212113,0.4663378163560571,0.4685270463214232,0.2467877361289414,0.3776795760771794,0.4664676503344838,0.482512376550699,0.3933618347728259,43.0,43.0,0.0,0.0,-0.0145895402341288,0.4072774105088447,0.4082063627489514,0.09715578396118263,0.03998712112386087,0.1652434508192184,0.056646774633396686,0.22352620620301306,0.12135088819487226,Liberia
LBR,430,2021,0.4080686473568533,0.2714432040632119,0.3622139664669246,0.450864259480415,0.4700329597176138,0.2739549727698664,0.3745513324929646,0.4515461626440613,0.4842187014150913,0.3960677923304959,42.0,43.0,1.0,1.0,-0.0120008550263573,0.4091527946004265,0.4084744197059743,0.0981988824285828,0.04739886254596977,0.16638402885531928,0.05576938903421467,0.22359822098683263,0.12328762535558409,Liberia
MDG,450,2001,0.4170374402395275,0.2748082417910029,0.3076276804188322,0.5223362227772268,0.496547965647784,0.2780886834548771,0.3244315621086898,0.5214041117317535,0.5106187785819066,0.4086357839693068,16.0,19.0,3.0,3.0,-0.0084016562702207,0.4205834770522098,0.4184292744408548,0.08836468235554609,0.04454388326954664,0.09939303954483268,0.03188640465046129,0.316317398642887,0.1230351815269319,Madagascar
MDG,450,2002,0.4082328507924411,0.2283689681688763,0.2995074138955328,0.5120741786023233,0.5016475270018302,0.2316832452321034,0.3157907745764763,0.5114431219578105,0.5161862007464373,0.3937758356282069,21.0,23.0,2.0,2.0,-0.0144570151642342,0.4051616119095851,0.4047604522541977,0.08506351878314719,0.03247867744075061,0.09382969340493617,0.030954113670456078,0.31763211255129664,0.11872364926685988,Madagascar
MDG,450,2003,0.4188260325499517,0.2668038912023259,0.3092351737531166,0.5087087676707648,0.510890719021245,0.2707810563412252,0.3246442449695838,0.5080562478025553,0.5250305801086057,0.4071280323054925,19.0,20.0,1.0,1.0,-0.0116980002444592,0.4205691257590502,0.4182071382070974,0.08854424482026085,0.03953059002624417,0.10408369884735856,0.030313693075110653,0.32335295912603673,0.12432023526868752,Madagascar
MDG,450,2004,0.4186047532826925,0.2648138798197259,0.3120596612941699,0.5064164357738866,0.5100344468370709,0.2679093588082339,0.3281911407165411,0.5057709182913092,0.5241387431309812,0.4065025402367664,20.0,22.0,2.0,2.0,-0.012102213045926,0.4185623839063157,0.4166426552244912,0.08935944839016192,0.045948771289246536,0.10463702632027101,0.029757316829888955,0.32263029949806443,0.12574335348436771,Madagascar
MDG,450,2005,0.4156255958862819,0.2465651818959152,0.3121394939698917,0.5086541424223695,0.5071054452849519,0.250293539248831,0.3285563525956047,0.5079760510066853,0.5209366604769275,0.4019406508320121,21.0,25.0,4.0,4.0,-0.0136849450542697,0.4145839634090986,0.413410479847366,0.08765754902261846,0.04068959938607879,0.10235179939496498,0.029205949520384064,0.321795462709081,0.12351070275262721,Madagascar
MDG,450,2006,0.4193621825073577,0.2547189064189358,0.3179932498828406,0.5090433372071484,0.5094539564142627,0.2582972546020745,0.3344824349068414,0.5083428076630387,0.5235120734870014,0.406158642664739,24.0,28.0,4.0,4.0,-0.0132035398426186,0.4185947563386681,0.4172499293298978,0.08791205378997323,0.04063131434735006,0.10494629561621283,0.028702773238995033,0.3223622393552921,0.12416065563946252,Madagascar
MDG,450,2007,0.4201040873573516,0.2511239978386381,0.3261149283325562,0.5074425910361438,0.5071376132555473,0.2548487541712604,0.3423123835569471,0.506739755762313,0.5209756259177859,0.4062191298520766,25.0,27.0,2.0,2.0,-0.0138849575052749,0.4186426427660235,0.4177062459292185,0.0887038910082663,0.038496885028001124,0.11434144994498767,0.028084423835408885,0.3217199550947846,0.12566067847579557,Madagascar
MDG,450,2008,0.4203834932676523,0.2364238939444325,0.3299624247345603,0.5094060868102545,0.5089812029410449,0.2407362491280765,0.3455252992133221,0.5086675378337654,0.5229949277012564,0.4044810034691051,27.0,31.0,4.0,4.0,-0.0159024897985471,0.4172583674922384,0.4168410498332483,0.08837773201143262,0.034638100561809666,0.11730735489630684,0.027664386756519818,0.3221194237819573,0.1254323164991484,Madagascar
MDG,450,2009,0.4194840004171238,0.2175465954986012,0.3398859067816551,0.5033099154595632,0.5088135179105238,0.2215696784421794,0.3558271889313062,0.5027106127153663,0.5228728932225217,0.4007450933278434,30.0,33.0,3.0,3.0,-0.0187389070892803,0.4120540998078992,0.4129079779487988,0.08848772149304798,0.030667004609093006,0.1243391260732536,0.027015938308194584,0.321795550009329,0.12595440474996755,Madagascar
MDG,450,2010,0.4267581285183326,0.2385863508201161,0.352365000575689,0.5030646713489504,0.5112150841851697,0.2422789069644782,0.3677519791832773,0.5025290187329063,0.5247242620048105,0.4093210417213681,31.0,32.0,1.0,1.0,-0.0174370867969645,0.4202366942070611,0.4206540375787777,0.09098439541517767,0.030784145693428598,0.137846124390698,0.02658549565216441,0.32466031989932886,0.12996902140890498,Madagascar
MDG,450,2011,0.4298161409505491,0.2456337629362314,0.3560028703494836,0.5015070399961805,0.5150136089802418,0.2490226866441198,0.3713380189295867,0.501010497554128,0.5288469328709162,0.4125545339996876,29.0,31.0,2.0,2.0,-0.0172616069508614,0.4232228840048709,0.4234178468615733,0.09145437338475951,0.03182021146458901,0.13972365522407135,0.02617346729096759,0.32588410917486926,0.1309003607886243,Madagascar
MDG,450,2012,0.4326611376227183,0.2439585732061749,0.3654813120082487,0.4982031705506973,0.517659323358612,0.2475678599000242,0.3818304666867418,0.4977353627353613,0.5316895293384121,0.4147058046651349,30.0,32.0,2.0,2.0,-0.0179553329575834,0.4251572396345061,0.4255725972961779,0.09164207445445031,0.029942471128477526,0.1433199075416554,0.025733960079178747,0.32677500190011477,0.1314428351623566,Madagascar
MDG,450,2013,0.4297526442440766,0.2502535539299488,0.3531605151721267,0.4999141714600877,0.5163842759457078,0.2535401093851993,0.3695302310654534,0.4994009157860109,0.5302958126207715,0.4131917672143588,32.0,34.0,2.0,2.0,-0.0165608770297178,0.423634077189111,0.4234675523133498,0.09114978926154109,0.033348066503751696,0.13759216974493874,0.0255887971800922,0.32644035064031607,0.1307423460172747,Madagascar
MDG,450,2014,0.4401502862761694,0.2673027622857545,0.3782187189974995,0.4993005348292374,0.5188363853824471,0.2701531429767099,0.3942598260070749,0.498750001609567,0.5329650155587626,0.4240319965380286,31.0,31.0,0.0,0.0,-0.0161182897381408,0.4327576560111349,0.4328171218445318,0.0951047905672104,0.03716713109567019,0.15735696827177761,0.025338053363656084,0.3271630764248585,0.13675630728899058,Madagascar
MDG,450,2015,0.4405224190482225,0.2666226573443536,0.384437842368547,0.4953090560663897,0.5173644504975449,0.2695148581324413,0.3999118074364081,0.4947833460828851,0.5313464167278091,0.4238891070948859,31.0,33.0,2.0,2.0,-0.0166333119533366,0.4324018360451723,0.4326945263285845,0.09638112772250096,0.0386447644594127,0.1647176619841414,0.025035782741558543,0.32676975991404655,0.1387919922747898,Madagascar
MDG,450,2016,0.4397531430082796,0.2730812503483912,0.3785776339180473,0.4957494086783823,0.5174055134708748,0.2757550660013421,0.3943960802321482,0.4951956775586487,0.5314061446431445,0.4241882421088209,31.0,33.0,2.0,2.0,-0.0155649008994587,0.4330172877793035,0.4329126580916725,0.09585236404601294,0.03951140301665279,0.1612027547989427,0.024927364239539583,0.32653476908834644,0.1380440727858704,Madagascar
MDG,450,2017,0.4418907888067073,0.2759692860147566,0.3776824116281512,0.4983258994402739,0.5214746873181961,0.2784340930236991,0.3928574450123974,0.4977809223927066,0.5355243445962754,0.4261492012562696,32.0,34.0,2.0,2.0,-0.0157415875504376,0.4349315996482224,0.4346597529694602,0.09711131800452409,0.04187714860530818,0.16455469695594493,0.024906487841402238,0.328503581777328,0.13996047879499585,Madagascar
MDG,450,2018,0.4444107985495595,0.2770104273638017,0.3829188009833102,0.5021551535365639,0.5215779793921116,0.2792353814579626,0.3979445047865952,0.5017058125150113,0.5356581687744253,0.4286359668834986,32.0,33.0,1.0,1.0,-0.0157748316660609,0.4365224496884066,0.436413359327063,0.09787348944361592,0.04213655835618081,0.16429856339609936,0.02642741878548731,0.3284219584688106,0.14032112475164454,Madagascar
MDG,450,2019,0.4365395762399187,0.2669638091713888,0.3629521291271522,0.5020701003793413,0.519809889199614,0.2697640593462554,0.3769957628610431,0.5015955098662649,0.5337318645847389,0.4205217991645755,34.0,38.0,4.0,4.0,-0.0160177770753431,0.4299234008440027,0.4293220976827524,0.09505898811473987,0.03801590090524801,0.15379917594796788,0.025912720558571432,0.32789676258095657,0.13640613999818596,Madagascar
MDG,450,2020,0.4368212334787673,0.2445871732719736,0.3753229903275883,0.4947395710531127,0.5228809016025531,0.2472981154313451,0.3886107432261418,0.4944501848606519,0.5371224316332238,0.4168703687878407,35.0,38.0,3.0,3.0,-0.0199508646909266,0.4249243479656343,0.4257331301521753,0.09622510504604331,0.03251621426796579,0.1700539788085727,0.024524697864890803,0.32858190238311435,0.13891919833113592,Madagascar
MDG,450,2021,0.4408305128946855,0.2608491846093646,0.3826847085783655,0.495054094483413,0.5218659981619262,0.2638148742096843,0.3957749602336398,0.4947319329733963,0.5359917380035397,0.422578376355065,36.0,38.0,2.0,2.0,-0.0182521365396204,0.4318406947890558,0.4320528042945429,0.09779653509427838,0.036789329479595984,0.17630610482499715,0.02415739105263759,0.3283768957050531,0.14140743026557095,Madagascar
MWI,454,2001,0.4117753015314643,0.2510420504451007,0.2322243795597413,0.4974069368459607,0.5660764517286733,0.253324766834024,0.2451677442948329,0.4967219616469549,0.5703390205942769,0.3913883733425222,17.0,24.0,7.0,7.0,-0.0203869281889421,0.4044710961243282,0.4006039119498168,0.07575459139637947,0.03540308043357351,0.07326317197578265,0.015330557366786417,0.3279685069645961,0.11299132918518467,Malawi
MWI,454,2002,0.4139375175043384,0.2277573657512485,0.2371556826286637,0.5069943541019812,0.5709370990888782,0.2306755967080858,0.2501477465676568,0.5062415907865232,0.5757551105909502,0.390705011163304,18.0,28.0,10.0,10.0,-0.0232325063410344,0.4028745476957172,0.4003040505725583,0.0744622955236871,0.02495423631328107,0.07659479832769768,0.015281281000966148,0.32789433350407116,0.11118116228650402,Malawi
MWI,454,2003,0.4169317787855874,0.247831736017341,0.2434749171655505,0.5011373586895722,0.5701470740917762,0.2516319588059117,0.2565027538076578,0.5004043699309827,0.5749860754596986,0.3958812895010627,20.0,26.0,6.0,6.0,-0.0210504892845247,0.4106159242311071,0.4067363019680705,0.07563415485286662,0.028958756943862546,0.08068611721554414,0.015124510626690825,0.32704088446147417,0.11295256731189292,Malawi
MWI,454,2004,0.4208301905223877,0.2401098831082439,0.2524177028425158,0.5078387752109612,0.5725554213799321,0.2441524466830097,0.2668926275662895,0.5070149490533893,0.5776582894028353,0.398929578176381,19.0,26.0,7.0,7.0,-0.0219006123460067,0.4126597575730714,0.4094247658035695,0.07562137090351329,0.02705727775202118,0.08204515516647636,0.015016548610486884,0.327997612932525,0.11302914861537736,Malawi
MWI,454,2005,0.4208549986119045,0.2353878872519474,0.2607680368617036,0.5073672422938432,0.5678431465909292,0.2394491013148036,0.2753146386814017,0.5065282452158918,0.5725820542667005,0.3984685098696994,19.0,28.0,9.0,9.0,-0.0223864887422051,0.4116712614039021,0.4090213021357126,0.07596683166376757,0.02720947598688349,0.0870837206176861,0.014404156026999203,0.326582520847877,0.11381996836986144,Malawi
MWI,454,2006,0.424883314850653,0.2480576766787397,0.2621559040768392,0.5088085533643062,0.5723691626272541,0.2516477151989535,0.2770775983876578,0.5079241531971149,0.5775945358110647,0.4035610006486977,21.0,29.0,8.0,8.0,-0.0213223142019553,0.4157711495933802,0.412672315237752,0.07649163644199776,0.03070761620183893,0.08592034185169851,0.014355595556934565,0.3274891746023532,0.11461818205320631,Malawi
MWI,454,2007,0.4239294510711313,0.255638351566345,0.269894385006036,0.5074293107252249,0.561533841868562,0.259528689797168,0.2848930718503739,0.5065293469933242,0.5658781713096149,0.4042073199876203,23.0,30.0,7.0,7.0,-0.019722131083511,0.4170711966357547,0.4138629561194595,0.0773806889804118,0.033395845009907416,0.0913200752544443,0.014457427985986957,0.32395698182843774,0.1157825825196941,Malawi
MWI,454,2008,0.4278309253642409,0.245199553978224,0.2856025868505886,0.5063632293020889,0.5639224984049365,0.249272889423628,0.3002073415864051,0.5054487414537779,0.5685551214263085,0.4058710234725299,23.0,30.0,7.0,7.0,-0.021959901891711,0.4179323881880652,0.4157272964293473,0.0790838546895786,0.031555771390395025,0.10303504971206749,0.014541597873406097,0.3240755484440972,0.11830199185499145,Malawi
MWI,454,2009,0.4373786806573118,0.2554432811671513,0.3035734065325044,0.5119649994109665,0.5686677946155679,0.2592421204757733,0.319612101853509,0.5109585593689724,0.5738198193256238,0.4159081502559696,24.0,25.0,1.0,1.0,-0.0214705304013421,0.4261864236236852,0.4241792599742473,0.08115681916299068,0.034778197393963636,0.1119067333195364,0.014296838548569325,0.3250817443203037,0.12151587839559326,Malawi
MWI,454,2010,0.4375810590360329,0.2437381798909477,0.3119835626762856,0.5159799266610289,0.5643425252390165,0.2478455730997065,0.3276551494199156,0.5148868454112175,0.5691700920426986,0.4148894149933846,25.0,30.0,5.0,5.0,-0.0226916440426483,0.425027279527478,0.4239337825844995,0.0821099886975067,0.032778590999891444,0.12087750725625045,0.014294480220529034,0.32375235552510695,0.12292573350044447,Malawi
MWI,454,2011,0.4422205482069652,0.243925465859374,0.320739374692701,0.5165845371851722,0.5695805600533634,0.2478023691439265,0.3362533431347062,0.5154799942382533,0.574944469930444,0.4186200441118325,25.0,28.0,3.0,3.0,-0.0236005040951327,0.4278548001609881,0.4270819324242959,0.0841673206300747,0.034630511923652935,0.12984979568016944,0.014363172697286451,0.3250648205386435,0.1259770752099381,Malawi
MWI,454,2012,0.4414870232903726,0.2456748963774504,0.3224812827868017,0.5089620159815202,0.5699051381412453,0.2491580012409979,0.3377656607042208,0.5079210193592786,0.5753650080933335,0.4175524223494577,27.0,31.0,4.0,4.0,-0.0239346009409148,0.4260287283693612,0.4252601907764741,0.08475961151999713,0.03636590340061779,0.13287667796344316,0.013918263371699427,0.32513111914304216,0.12707299096970065,Malawi
MWI,454,2013,0.4437081299084123,0.2372227814426575,0.3362435896118823,0.5066218504749403,0.5692676787156773,0.2410548229439629,0.3508600445952652,0.5055867264642873,0.5747273037219224,0.4180572244313595,27.0,31.0,4.0,4.0,-0.0256509054770528,0.426628350326798,0.426598362693281,0.08718424223101164,0.037820231130506185,0.14496346126823167,0.014247069587953024,0.3250049453432293,0.13050892683248005,Malawi
MWI,454,2014,0.4463334943172896,0.2456928274183246,0.333018694838512,0.5095039342410914,0.5743665901801189,0.2493597681728937,0.3462971056581458,0.5084261274898605,0.5803578770212843,0.421110219585546,28.0,33.0,5.0,5.0,-0.0252232747317435,0.4299255230106374,0.4293996628883099,0.08856253301416757,0.04004722726078838,0.14708996070497066,0.015156667801969835,0.3261539882237464,0.13211196099786882,Malawi
MWI,454,2015,0.453641920361817,0.2391309724043627,0.3419654951561459,0.5111037325787128,0.5886504872417255,0.243052829376455,0.3546550079646743,0.510011979340017,0.5935186800052374,0.4253096241715959,27.0,31.0,4.0,4.0,-0.028332296190221,0.432986263908357,0.4329409293695001,0.09092204031216117,0.03576085596452781,0.1571084177403781,0.015288474185228537,0.3351478163006272,0.1358263910476904,Malawi
MWI,454,2016,0.4549748070396653,0.2392119572505579,0.3454892050410614,0.5065813694979829,0.5920292145113918,0.2430454485985868,0.3579752461970551,0.5055192588274311,0.5972724265742644,0.4259530950493344,28.0,31.0,3.0,3.0,-0.0290217119903309,0.4333411374928967,0.4333284116439051,0.09182458530065975,0.037424978824843344,0.16115222766875986,0.015002906127775748,0.3356866763691674,0.1373166972476366,Malawi
MWI,454,2017,0.4580853013705513,0.2279122456420677,0.3478643236834242,0.51698913956868,0.5967546591551215,0.2325342775823444,0.3602755054499635,0.5158282656457261,0.6019659628415694,0.4276510028799009,27.0,33.0,6.0,6.0,-0.0304342984906504,0.4355617519697224,0.4359786702165357,0.09272190212286077,0.033880698038442986,0.16446304977083734,0.016210901653801332,0.3379681640941925,0.13813070338931854,Malawi
MWI,454,2018,0.4571190374641588,0.2277008131319805,0.3518591163586449,0.5213108794261637,0.5884584187474201,0.2324562144104152,0.3645223890001809,0.5201385139778125,0.5929610264349038,0.4275195359558281,28.0,35.0,7.0,7.0,-0.0295995015083306,0.435653942548499,0.4363818049756421,0.09300894561409598,0.03297619875024437,0.16598240578499748,0.01713918409392009,0.33610318255048344,0.13805024279491135,Malawi
MWI,454,2019,0.4618553499091302,0.2387001394196712,0.3637394111737982,0.5256790350881569,0.5853560079508996,0.2432817097571831,0.3767985896717676,0.5245516490370709,0.5896655599676993,0.4335743771084303,28.0,32.0,4.0,4.0,-0.0282809728006999,0.44083400568378,0.4416241961074827,0.0988291332249577,0.033544526761702116,0.179160111923734,0.02448572942157007,0.33467253017910076,0.14296572457152673,Malawi
MWI,454,2020,0.4657913599019575,0.2262507923559967,0.372982809183377,0.5243161237526265,0.5939717151356193,0.2308116573733929,0.385390432151197,0.5230444013246042,0.5991408745283454,0.4345968413443849,28.0,31.0,3.0,3.0,-0.0311945185575726,0.4409220664875294,0.44245638502662,0.09547965804323794,0.02995315371110157,0.1917594825146713,0.01437611470191884,0.33664379542694073,0.1431831365886581,Malawi
MWI,454,2021,0.4712710297486627,0.2313245606459406,0.3863058412242125,0.5259621133468714,0.5954524582809128,0.2360238523264661,0.397866125981504,0.5247827898485541,0.6008224519537569,0.4398738050275703,28.0,31.0,3.0,3.0,-0.0313972247210924,0.4460982245311874,0.4478272429197241,0.10294517237021597,0.03364628513526014,0.2090051520420678,0.022042005899712985,0.33692981795463717,0.15040581525791952,Malawi
MLI,466,2001,0.3603824265226344,0.2855943732188031,0.3190907267532985,0.5165290445401539,0.331102343596576,0.2900161618794827,0.3387751703362036,0.5156882044853649,0.3538185992159773,0.3745745339792571,38.0,32.0,-6.0,6.0,0.0141921074566226,0.386561041351263,0.3865886402071128,0.05828775032111482,0.0551573798202253,0.088490030306032,0.01845927651136236,0.16227205227614488,0.08109468472844114,Mali
MLI,466,2002,0.3593183309002607,0.2818572219218791,0.3200113833379761,0.5052360684178226,0.3352798560260448,0.2851875510909031,0.3393764537084318,0.5047474319602123,0.3577233008157919,0.3717586843938347,39.0,37.0,-2.0,2.0,0.012440353493574,0.3812421915613778,0.3816157698894495,0.05876849013722324,0.055269457549555784,0.08900868390667921,0.018131212894075564,0.16585278515677895,0.08206553487677237,Mali
MLI,466,2003,0.3642479129924835,0.2825502970796907,0.3279753718028922,0.5149552072127824,0.3365322548887831,0.2865974480398773,0.3469949578560463,0.514097309515392,0.3590730226748654,0.3766906845215453,38.0,37.0,-1.0,1.0,0.0124427715290617,0.3875396535168542,0.3881126294940705,0.06001688170093573,0.05526093323464265,0.09660026592075648,0.017963060392357774,0.16627546829452486,0.08402493196057045,Mali
MLI,466,2004,0.3875027755639217,0.2695504889532443,0.3351079657744012,0.5172397443684056,0.3980173343427182,0.2733572320580481,0.3540267938133151,0.5163598303235384,0.4186969651561261,0.3906102053377569,32.0,31.0,-1.0,1.0,0.0031074297738352,0.3979776274161916,0.3988333463607919,0.0667275683896296,0.05247353602969346,0.10160794572371072,0.01775278486955126,0.2090490519847082,0.09522082965191592,Mali
MLI,466,2005,0.3893348734741251,0.2647139048274457,0.3376517482912727,0.5214289528740741,0.4003314733775045,0.2682730192634533,0.3566380260111724,0.5204224315846111,0.4212097120148881,0.3916357972185312,33.0,31.0,-2.0,2.0,0.0023009237444061,0.3992078158669193,0.4003297954826114,0.06639779673380714,0.04981322953317703,0.10209463581987138,0.01764559648925117,0.20974405950961772,0.09482438033797932,Mali
MLI,466,2006,0.3897944562982092,0.2793314782583783,0.3404861402300485,0.5072391384277454,0.4021671820578485,0.2823449045770144,0.3593203959459664,0.5066932340095626,0.4230583900698288,0.3928542311505931,35.0,33.0,-2.0,2.0,0.0030597748523838,0.3991615201588243,0.3995373959404979,0.06786317846537815,0.054906236647286014,0.10586561959659245,0.017274605278152697,0.210657644781012,0.0971760265757608,Mali
MLI,466,2007,0.3900094894323791,0.2641274104613481,0.3497652134007085,0.5052200531951386,0.4019087303034618,0.2673869274229514,0.3684176407754078,0.5046844640999012,0.4225348291299789,0.3907559653570598,36.0,34.0,-2.0,2.0,0.0007464759246807,0.3969991651972124,0.3982424898668571,0.06795463472427538,0.05118880308034752,0.11045369022228915,0.016975136081170548,0.21145538907392036,0.09751825461443189,Mali
MLI,466,2008,0.3920219865739457,0.2629675955743248,0.353921934745797,0.5089392907508326,0.4023520551577391,0.2662925734146675,0.3724042903774526,0.5082582322586944,0.4230247001601722,0.3924949490527467,37.0,34.0,-3.0,3.0,0.0004729624788009,0.3989026371652424,0.4003244667036628,0.06852861663903889,0.053333873454070355,0.1125274218550043,0.016676661897413486,0.2114941026284924,0.09850801495874514,Mali
MLI,466,2009,0.3935549290924605,0.265765786606765,0.3601961558911692,0.5024131086438607,0.4042221288188152,0.2693376120939238,0.3783138169957106,0.5019154774972422,0.4250425483105167,0.3936523637243483,38.0,34.0,-4.0,4.0,9.74346318878272e-05,0.3998992532742844,0.4011878476636056,0.06890841946505245,0.05040518340938559,0.11795803622429434,0.016445275718653656,0.2121312382930579,0.09923493341134787,Mali
MLI,466,2010,0.3983859442386815,0.2608930880315873,0.3798097337311912,0.4995257051018743,0.4050346921210084,0.2646219371659599,0.3966487502692871,0.4991352434247391,0.4256608425923605,0.3965166933630866,36.0,35.0,-1.0,1.0,-0.0018692508755949,0.4021554879822068,0.4042231605243198,0.07214440754908767,0.05155635536467065,0.13594389633245785,0.016140947190081495,0.2133126260049426,0.10423845622303815,Mali
MLI,466,2011,0.4033865469694223,0.2668933512983103,0.3975516767726404,0.4936283910105649,0.4056238465616477,0.2701578116861133,0.4129957187121145,0.4934117436538086,0.426148612982793,0.4006784717587074,37.0,34.0,-3.0,3.0,-0.0027080752107149,0.4042358810060094,0.4066853057044897,0.07510541938378607,0.05167626566437123,0.15383481313217778,0.015860293378175756,0.21388471220678157,0.10881402109537658,Mali
MLI,466,2012,0.4069478206164122,0.2702008108043012,0.4113515008702615,0.4851653979922319,0.4079011638980237,0.2730189567330089,0.4253507153039029,0.4851983747538946,0.4282770957581832,0.4029612856372474,37.0,35.0,-2.0,2.0,-0.0039865349791648,0.4050866965839378,0.4077972834167818,0.07781729363777559,0.05160578260887674,0.16889197309056206,0.01565211127460777,0.21592410008813173,0.11301849176554457,Mali
MLI,466,2013,0.4226846918047887,0.2702782252081445,0.4532696308834753,0.4939735109033824,0.4120925992960983,0.273658449415552,0.465389131382286,0.4937031583903146,0.4327069916729124,0.4163644327152663,35.0,32.0,-3.0,3.0,-0.0063202590895223,0.4180116922988424,0.4220531665981368,0.08374525342487289,0.049286559817825995,0.20482960462668665,0.015786087409844295,0.21753844789061863,0.12186017493624388,Mali
MLI,466,2014,0.4278022833049026,0.2720683114045147,0.4681158320906525,0.498672917935704,0.4107785819663032,0.2755918801925204,0.4778494942482976,0.4982254964804978,0.4312662640062817,0.4207332837318994,35.0,34.0,-1.0,1.0,-0.0070689995730032,0.4223579075147835,0.4267926999081938,0.08756385785076932,0.05076257954146751,0.22660225283283836,0.015722536458450856,0.21719595947225642,0.12757083207625328,Mali
MLI,466,2015,0.4268694093855978,0.2703027731640271,0.4682647053847772,0.4984209029166829,0.4088798130754112,0.2737289879818559,0.4781174221857106,0.4979361303210945,0.4291891922704197,0.4197429331897702,34.0,34.0,0.0,0.0,-0.0071264761958276,0.4218163224101765,0.4264134376678448,0.08762770053576331,0.0505703983411621,0.2267690350481436,0.016013517638341915,0.21667646402197208,0.12750735376240493,Mali
MLI,466,2016,0.4252784917942499,0.2684713410118403,0.4657492864666442,0.492035897219101,0.4108807649349937,0.2719992509495011,0.4762937633012006,0.4917128697606597,0.4311832649667961,0.4177972872445394,35.0,35.0,0.0,0.0,-0.0074812045497105,0.4201604122655607,0.4247231516927916,0.08786487605397754,0.052854244489429145,0.22548612476334745,0.01582426195796553,0.21768009018385318,0.12796118034864884,Mali
MLI,466,2017,0.4271981078230217,0.2648776368269557,0.4713015043009047,0.4954523931581915,0.410994101187814,0.2685814791496917,0.4807489434867386,0.4950134432838706,0.4312520144222769,0.4188989700856445,37.0,37.0,0.0,0.0,-0.0082991377373772,0.421525595191573,0.4264966962483951,0.08990937739479513,0.050696690575046284,0.2395345559598253,0.015922893302905267,0.21778749991756569,0.13098540993883562,Mali
MLI,466,2018,0.4338378647821798,0.2725225106159181,0.4889276249868767,0.4942463796986903,0.4128864410931395,0.2758773190305652,0.4985472985565453,0.4939059773539968,0.4332112783741534,0.4253854683288152,37.0,37.0,0.0,0.0,-0.0084523964533645,0.4267396165570748,0.4320577195152881,0.09183101786313412,0.05442884644378388,0.24692531369495918,0.01578517191140912,0.21848820635341834,0.13390688460089262,Mali
MLI,466,2019,0.43418656794245,0.2673385274508178,0.4921981559050595,0.4927422606480875,0.4139372191256624,0.2708392713562013,0.5013910824745682,0.4924440451122575,0.4342688648654083,0.4247358159521088,36.0,35.0,-1.0,1.0,-0.0094507519903411,0.4265280418352858,0.4321286800390193,0.09295356688811662,0.05336737811391125,0.2544950053785233,0.01573127031203683,0.21892814015675643,0.13563044849030695,Mali
MLI,466,2020,0.451530249213006,0.2865526194361807,0.5457825845990326,0.4877278671302557,0.4141181802609793,0.2890440105590617,0.5572597576010264,0.4876813689761312,0.4344498747432414,0.4421087529698652,31.0,29.0,-2.0,2.0,-0.0094214962431408,0.4386497242247246,0.4457307594955198,0.10441576568211916,0.06311232737214091,0.29500535289662266,0.021587586766258687,0.21900713529824029,0.14967810058331565,Mali
MLI,466,2021,0.4424740985016064,0.276398436759643,0.5418998612063286,0.4566046830215145,0.413958390722647,0.2794676692022401,0.5530321544048026,0.4576029947620327,0.4342213016844451,0.4310810300133801,34.0,34.0,0.0,0.0,-0.0113930684882262,0.427577411894625,0.4342543020248381,0.10569510275620299,0.05948889298577108,0.2975866969004505,0.02453192878392993,0.2188806451654634,0.15012204095890375,Mali
MUS,480,2001,0.4420944820270927,0.4024239815428557,0.398979933250068,0.6274290152015378,0.3798382637806796,0.4062877421997584,0.4105214491311086,0.6282232390163988,0.3931704456979745,0.45955071901131,12.0,5.0,-7.0,7.0,0.0174562369842173,0.4610731791576848,0.4642696226279735,0.24679864318235725,0.15199799395673833,0.19706389458449908,0.3224219640296217,0.15536623177402428,0.20671252108622085,Mauritius
MUS,480,2002,0.4446551316373547,0.3997310920334264,0.4138726275214859,0.6213403651461201,0.380708099004141,0.403089380807428,0.4244411364304268,0.6219059867758588,0.3943429150872332,0.4609448547752368,13.0,6.0,-7.0,7.0,0.016289723137882,0.4627700838413434,0.4663528399420316,0.24123866410508216,0.14816689581955925,0.22611416650924016,0.3035180507916018,0.15522298336356216,0.20825552412099085,Mauritius
MUS,480,2003,0.4445889368953508,0.3919570882138068,0.4200498624751684,0.6196952969076209,0.380002916736604,0.3962600912709951,0.4300742051149857,0.6201673566594403,0.3935244651372488,0.4600065295456675,13.0,7.0,-6.0,6.0,0.0154175926503167,0.4618545455824638,0.465528608674338,0.2368408881243447,0.14487795473506668,0.21513012434758352,0.2994971082770215,0.15541047364911761,0.20372891525219733,Mauritius
MUS,480,2004,0.4483822267681307,0.3863649580015599,0.4347467950377182,0.6238973156141994,0.3793849242093224,0.391731003448245,0.4437633929901146,0.6244673299870865,0.3927434377080557,0.4631762910333755,13.0,6.0,-7.0,7.0,0.0147940642652448,0.4650475296963272,0.469226929684638,0.24898999873129182,0.15594662661390218,0.24165240710921568,0.3111139070370308,0.15503933211848506,0.21593806821965844,Mauritius
MUS,480,2005,0.4558891989580542,0.3859168566867868,0.4719106547408536,0.6171056915443589,0.3773941810897245,0.3911006421239038,0.4828371142546707,0.6173156881211286,0.3905033650218146,0.4704392023803794,10.0,5.0,-5.0,5.0,0.0145500034223252,0.4699531932381071,0.4748461861880699,0.24984524386819604,0.16016811212727428,0.28157616765557103,0.29866675268866144,0.1544667640567813,0.223719449132072,Mauritius
MUS,480,2006,0.4575304588245842,0.3920408223313666,0.4786559067855183,0.6133724112423935,0.3769583171826777,0.3975551391097919,0.4890615046235705,0.613382165252734,0.3898401695502635,0.47245974463409,13.0,6.0,-7.0,7.0,0.0149292858095058,0.4709107709591416,0.4755878526656884,0.24788382963207736,0.17264217913110733,0.27444799934717856,0.29302382128228227,0.15388215729412807,0.22349903926367404,Mauritius
MUS,480,2007,0.4623832046907024,0.39607073228767,0.490687691465475,0.6181171190087494,0.3771848989465498,0.4021518225658104,0.4998826794304972,0.61818521891403,0.3897906267727698,0.4775025869207768,14.0,5.0,-9.0,9.0,0.0151193822300744,0.4747935162420876,0.4795451278187505,0.2558723999657544,0.17193801130475295,0.2838087924128751,0.3057711639923475,0.1543800240482593,0.2289744979395587,Mauritius
MUS,480,2008,0.4644365461093147,0.3849020323378193,0.503371249653399,0.6216131777125606,0.3758108681878446,0.3916535248522249,0.5115740980744209,0.6217822782681148,0.3881824559343272,0.4782980892822719,13.0,5.0,-8.0,8.0,0.0138615431729572,0.4757184977756795,0.4811384978687265,0.26480036389707085,0.17077722228000117,0.3099566536645808,0.315584941129748,0.15329233194619662,0.23740278725513164,Mauritius
MUS,480,2009,0.4685242526357962,0.3844881024848987,0.5144184631200107,0.6235550551090044,0.3779278853981764,0.3915008433612257,0.521968395087668,0.6237733169206817,0.3909083417165606,0.482037724271534,13.0,5.0,-8.0,8.0,0.0135134716357377,0.4800209868153814,0.4856650029819687,0.2677072610966492,0.17286380295432136,0.3281641929679372,0.31472328000041844,0.1532537351558509,0.242251252769632,Mauritius
MUS,480,2010,0.4780665990988121,0.3841299008371706,0.5434099134420786,0.6360845390549017,0.3758278345699086,0.3912716948081613,0.5497258719028097,0.6366883699552278,0.3882871103666706,0.4914932617582174,11.0,4.0,-7.0,7.0,0.0134266626594052,0.4874988965175711,0.4939234645483139,0.29407164243531064,0.1769893294051444,0.36187917343768083,0.35425915380346834,0.15294886665251614,0.2615191308247024,Mauritius
MUS,480,2011,0.4774689163650353,0.3833465435414748,0.5506201128556802,0.6225017490043732,0.3773402825902883,0.3911984077670819,0.555933914714839,0.6224381754858774,0.3893674215102165,0.4897344798695037,14.0,6.0,-8.0,8.0,0.0122655635044683,0.4855807230468822,0.4918251213086799,0.27740533000380074,0.18747325394358438,0.3568489559694158,0.31892414869133934,0.1552422965512565,0.254622163788899,Mauritius
MUS,480,2012,0.4871189543778195,0.3991267827183509,0.5763995284890802,0.6246218450916077,0.3778987221581609,0.4066529756737386,0.5794923769133947,0.6246261002012143,0.3899866654901696,0.5001895295696293,10.0,5.0,-5.0,5.0,0.0130705751918097,0.4955551109094648,0.5019448562966756,0.2927081280971075,0.19121691192553156,0.4254338637642511,0.32550958274995034,0.15547854795260377,0.2744097265980842,Mauritius
MUS,480,2013,0.4902032391010109,0.4022295287617591,0.5882221009008126,0.6229434522894255,0.3776455979440781,0.4097682055733657,0.5902918989635443,0.6228622491296394,0.3896375736865576,0.5031399818382768,10.0,5.0,-5.0,5.0,0.0129367427372659,0.4984602312098247,0.5049549105593903,0.29504089536705475,0.19489528850048587,0.44468493210370774,0.3226597120369185,0.1553796415315274,0.2794048935431599,Mauritius
MUS,480,2014,0.4973794857657479,0.4087680523523709,0.6136462333574403,0.6183766583539735,0.3791305383967346,0.4163247630958958,0.6141037299547123,0.6180391796952382,0.3910339304877999,0.5098754008084115,9.0,5.0,-4.0,4.0,0.0124959150426636,0.5043419926665931,0.5110097522461208,0.29543762483055386,0.19815475949203984,0.47259452377245526,0.3127322215458192,0.1574198206384207,0.28522533136218375,Mauritius
MUS,480,2015,0.5005033271411349,0.4115019295562201,0.6108897349518717,0.6359436535379517,0.3781755367690623,0.4190160971630337,0.6081999779194904,0.6363990303285559,0.3898928069060917,0.513376978079293,10.0,4.0,-6.0,6.0,0.012873650938158,0.5084912214784324,0.5154734530561473,0.3290265402221053,0.19651160487963948,0.480096385422072,0.37690914960601035,0.1569091929884839,0.30260658322405143,Mauritius
MUS,480,2016,0.5043314719380193,0.4134853768366711,0.627514013284725,0.6345932296154848,0.3767613743104538,0.4217890365696295,0.6236016853629137,0.634946207365971,0.3882490011129373,0.5171464826028629,8.0,5.0,-3.0,3.0,0.0128150106648435,0.5133174565588549,0.5206469506651614,0.3401653404000053,0.20179715365040637,0.5249469033253849,0.38260137472665406,0.1566058242356807,0.3164878139845315,Mauritius
MUS,480,2017,0.5037833417962118,0.4113793624163639,0.6363771277415369,0.6257112937354422,0.3750321456364461,0.4199266857387615,0.6316554792151641,0.6255438246536094,0.3859479848538272,0.5157684936153406,10.0,5.0,-5.0,5.0,0.0119851518191288,0.512993878056291,0.5204627207391731,0.34007799648702924,0.20353689707875203,0.5459047129292568,0.37506678965588097,0.15667997535075792,0.32029709375366194,Mauritius
MUS,480,2018,0.5087928011792402,0.4176814407300258,0.6410820194448834,0.6411774533874361,0.3737732764672059,0.4267488421927193,0.6360592450962258,0.6421399293901918,0.3843674006592547,0.522328854334598,10.0,5.0,-5.0,5.0,0.0135360531553577,0.5205005176849538,0.5283224951936372,0.3752475741993195,0.21340227639349338,0.5249266819503475,0.4474627173675887,0.15655440776743873,0.3355865208697171,Mauritius
MUS,480,2019,0.5221685742942447,0.4179339065262351,0.6804562889255726,0.6501075065272806,0.3763977308833798,0.427684294844362,0.6757139648570376,0.6516096878099796,0.3876066654281654,0.5356536532348861,6.0,4.0,-2.0,2.0,0.0134850789406414,0.5371165496151569,0.5461984519679958,0.4217153395264216,0.22373983957841204,0.6402334348636043,0.49777957286074503,0.15712106978810544,0.3797184792727167,Mauritius
MUS,480,2020,0.5219372439006452,0.3875950821148582,0.6919383440023927,0.6471157076700571,0.3805142916573869,0.396806034858451,0.6865912798320678,0.6489998296331155,0.3926570278726022,0.5312635430490592,9.0,4.0,-5.0,5.0,0.0093262991484139,0.5312574942985008,0.5418231172568814,0.41042308854016557,0.22038553393213034,0.6204272764955787,0.48294219772899305,0.1578345432142315,0.3703973878427334,Mauritius
MUS,480,2021,0.5281533227443074,0.4114372955538533,0.7099125265581437,0.6390587120675149,0.3803912598188949,0.4222667588560825,0.7033808211410254,0.6406572943224477,0.392540458423583,0.5397113331857847,8.0,5.0,-3.0,3.0,0.0115580104414773,0.5420387073553479,0.5515013002869747,0.4072355110693599,0.24173572042199243,0.6410025457818251,0.4628755078111284,0.15747336508831553,0.3757717847758154,Mauritius
MOZ,508,2001,0.4001668154750458,0.2519488987328235,0.2858483053516328,0.3998194336014715,0.5465598207429766,0.2559774913405389,0.303293024257544,0.4022077906110297,0.5520476448415643,0.3783814877626692,22.0,30.0,8.0,8.0,-0.0217853277123765,0.3960959463635182,0.3921951561306036,0.07693569089638587,0.030739581638573113,0.09957655699603295,0.013204262383253274,0.31912408731527353,0.11566112208328322,Mozambique
MOZ,508,2002,0.4069418955478307,0.24912899993794,0.2866444357506599,0.4089405532429837,0.5602990924406318,0.2529761440055902,0.3041201611139905,0.4110755439852383,0.5662152849782279,0.3835967835207617,23.0,30.0,7.0,7.0,-0.0233451120270689,0.4002764668564641,0.3965254339254314,0.07799690402236806,0.03210188546166481,0.09828011372857391,0.013344025480106516,0.32554965632324157,0.1173189202483967,Mozambique
MOZ,508,2003,0.4092023942120923,0.2489098014212643,0.2883376800186393,0.4111881296001674,0.5639236875426327,0.2525021678770702,0.3057801077189748,0.4132162643815453,0.5695089945410378,0.385251883629657,23.0,30.0,7.0,7.0,-0.0239505105824353,0.4014560290478233,0.3978545800041522,0.07909789829496469,0.03472825414317212,0.09940433270186899,0.013290292727545996,0.32875325817790846,0.1190440344376239,Mozambique
MOZ,508,2004,0.425627393246772,0.2526993068462077,0.3019054487680111,0.4222927048621645,0.5902937273347897,0.2560685468372597,0.3202743144022819,0.4241133572218608,0.5952925888851228,0.3989372018366313,18.0,25.0,7.0,7.0,-0.0266901914101407,0.4129094176276705,0.4095172113161019,0.08353385969881703,0.03871841076932848,0.10659666036262017,0.013444873548327562,0.3450360564140885,0.12594900027359118,Mozambique
MOZ,508,2005,0.4287604850104775,0.2577544370050029,0.3125438120903124,0.4303210101871267,0.5838404594137396,0.2607846831086887,0.3304293515786683,0.4319498738366948,0.5883017930382863,0.4028664253905845,17.0,24.0,7.0,7.0,-0.0258940596198929,0.4158546840987294,0.4129678365639669,0.0852188018772579,0.04041867719787707,0.1164820097112964,0.013526290484817812,0.3430032831427048,0.128357565134174,Mozambique
MOZ,508,2006,0.4338403497302344,0.2710859914758543,0.3139570587863117,0.4388917497658983,0.5868954137956335,0.2737995381947085,0.3318823532560607,0.4403112303128287,0.5916847733490211,0.4094194737781548,18.0,24.0,6.0,6.0,-0.0244208759520795,0.4217813661937094,0.4184307468748209,0.0863490296752044,0.04656723413563585,0.11588696676832531,0.01368601494901778,0.34354147848176353,0.1299204235836856,Mozambique
MOZ,508,2007,0.4381267156080266,0.266468633211006,0.3182053288932668,0.467119733099248,0.5806697599266337,0.2693250037616311,0.3359737240433382,0.4676411194691979,0.5849438752343015,0.4144709306271172,19.0,23.0,4.0,4.0,-0.0236557849809094,0.4255924602732864,0.4230602295504628,0.0865033660669283,0.04418848000405486,0.11910033598383052,0.014335268618776069,0.341552278094007,0.12979409067516712,Mozambique
MOZ,508,2008,0.4416598452990221,0.2608309581527855,0.3262850087198644,0.4706955565493786,0.5838164232389045,0.2639509953318478,0.3435746465338357,0.4711290990922996,0.588338750075077,0.416748372758265,19.0,23.0,4.0,4.0,-0.024911472540757,0.4275051690660628,0.4254644222907717,0.0876839053146016,0.04267871989303728,0.1268663598320001,0.014347984402969824,0.3424496021233976,0.1315856665628512,Mozambique
MOZ,508,2009,0.4473922144156352,0.2539632749401909,0.3448538326981535,0.4691918299158751,0.587876802383547,0.2574455974465957,0.3624202903720922,0.4696559608135127,0.5928117324587322,0.4205833952727332,19.0,23.0,4.0,4.0,-0.026808819142902,0.4306600469804802,0.4294444755441078,0.08971931542092447,0.03977356182293725,0.1416352599174749,0.014207335613810202,0.34336150518193576,0.13474441563403952,Mozambique
MOZ,508,2010,0.4580197963042647,0.2595584662699658,0.3550804437198316,0.4810190568478189,0.5999605300117243,0.2623954594073127,0.3722531652293893,0.4811240720007765,0.6039095711819361,0.4299205669548537,20.0,23.0,3.0,3.0,-0.028099229349411,0.4377954768261427,0.4368462656964577,0.09421019744395202,0.04927827804799396,0.14929759786852037,0.014430521275516622,0.3529197823916315,0.1414815448959156,Mozambique
MOZ,508,2011,0.4570929508910107,0.2432890541364827,0.356830771979912,0.4715962894579198,0.607303520088035,0.246792779332804,0.3736673012622428,0.4719286373009229,0.6117423117067551,0.4260327574006812,22.0,25.0,3.0,3.0,-0.0310601934903295,0.4347679174941474,0.4341962592165862,0.09477266704658154,0.04731647005502893,0.15352599442244894,0.0141753482665253,0.35506743657312784,0.14252131232928275,Mozambique
MOZ,508,2012,0.4536626247595442,0.2085921269207183,0.3567064525166462,0.4752305483188537,0.6084504550888362,0.2132327457433594,0.3730673088436211,0.4753721575075298,0.6126107379962985,0.4185707375227022,23.0,30.0,7.0,7.0,-0.0350918872368419,0.4280960276398144,0.4287580540121292,0.09499785744008034,0.0450125427417245,0.15588760681794078,0.014317069511905785,0.35611114946557465,0.14283209213428644,Mozambique
MOZ,508,2013,0.4586776353774171,0.2161657770433392,0.3656977049508417,0.4745525242442037,0.6125935074976878,0.2204954765357827,0.3801832638175821,0.4746773031974781,0.6165147193858069,0.4229676907341624,24.0,30.0,6.0,6.0,-0.0357099446432546,0.4312627742391747,0.431863191335584,0.09846930120512382,0.045653746837725016,0.17305676426734376,0.014570448617056354,0.35846766429959087,0.147937156005429,Mozambique
MOZ,508,2014,0.467276138043225,0.2283521062492008,0.3807716827434561,0.4785137433818049,0.617317200943613,0.2324484124638677,0.3925974422693504,0.4784629556526735,0.6216976439794921,0.4313016135913459,23.0,30.0,7.0,7.0,-0.0359745244518791,0.4382952491494475,0.4387883372380394,0.10333285440640885,0.04816411049538288,0.19801824402904292,0.01479614620881851,0.35934588925446026,0.15508109749692614,Mozambique
MOZ,508,2015,0.4625438599622317,0.2138919382170637,0.3747383195705462,0.4806632645158433,0.6132021906087867,0.218515712970182,0.3853953116938149,0.4805259716955148,0.6172418923620016,0.4254197221803783,23.0,30.0,7.0,7.0,-0.0371241377818533,0.4327502924994192,0.433564543620523,0.1035799576900222,0.04464917205754688,0.2035576599407659,0.015074884519381996,0.3579432351616774,0.15530623791984305,Mozambique
MOZ,508,2016,0.459504506834304,0.2261819066819682,0.3560866477424545,0.4810158969241401,0.6153045908044168,0.2297782208794146,0.3681186101668721,0.480834481568406,0.6195831902800413,0.4245786257236835,26.0,32.0,6.0,6.0,-0.0349258811106205,0.4313801520271154,0.4312755540766493,0.10180939865260441,0.05175476719806376,0.18542978425198997,0.015312876975449906,0.35735379751062907,0.15246280648403318,Mozambique
MOZ,508,2017,0.4636817601281614,0.2672884666162513,0.3497749653675843,0.4842744257905284,0.6151369712542539,0.2691445192860879,0.3630411986881361,0.4840846946639175,0.6194340953209772,0.4339261269897796,25.0,30.0,5.0,5.0,-0.0297556331383817,0.4391762267058338,0.437577010268902,0.10397223827863342,0.061653242804726796,0.1764836864471313,0.019225489725508985,0.35706054726008735,0.1536057415593636,Mozambique
MOZ,508,2018,0.4682764550144975,0.2532479233750833,0.3758030227372144,0.4872884899297708,0.6100321901018959,0.2553258518348795,0.3888196234802903,0.4872018741733897,0.6139991503169882,0.4363366249513869,25.0,30.0,5.0,5.0,-0.0319398300631105,0.4416901463584569,0.4417215899258348,0.1087425894941839,0.065288032521331,0.19381728383545968,0.02218519585246885,0.3552958204689303,0.15914658316954747,Mozambique
MOZ,508,2019,0.4741478864812308,0.2627547353368644,0.3876534833302265,0.4881185915071726,0.6126458306628431,0.2650244721695184,0.4011667722531686,0.487979792892279,0.6164551506782378,0.4426565469983009,24.0,29.0,5.0,5.0,-0.0314913394829298,0.4474017673779834,0.447521666059277,0.10829255370368279,0.056399971427263496,0.2004565105340001,0.021582109868489137,0.3571978588924404,0.15890911268054828,Mozambique
MOZ,508,2020,0.4792140828943396,0.2351478312968056,0.4072589460754887,0.4887060335617101,0.6203406705971087,0.2381886980302201,0.4205921540078352,0.4885732365520545,0.6249224378248132,0.4430691316037307,23.0,28.0,5.0,5.0,-0.0361449512906089,0.4477527294396966,0.4496113864310183,0.1098702497678747,0.05046093184311336,0.21738797316635822,0.020579659471267886,0.35906591943119237,0.16187362097798297,Mozambique
MOZ,508,2021,0.4817000192059028,0.2601220597989577,0.4086827416249619,0.4850650458341556,0.6190705278931896,0.262212029521785,0.4227487727758596,0.4849971096935707,0.6235469337398223,0.4483762114327593,24.0,30.0,6.0,6.0,-0.0333238077731434,0.4525679627087757,0.4535614385125083,0.11120153076713808,0.06070007288721515,0.2159809118706282,0.020287677210507622,0.3586528021871276,0.16390536603886963,Mozambique
NAM,516,2001,0.4767463343437123,0.3654880464484016,0.4065715017477115,0.5198277993750839,0.5490553765851358,0.3685342965909861,0.4192999003702886,0.5173127722184039,0.5594776733270144,0.4661561606266732,5.0,4.0,-1.0,1.0,-0.010590173717039,0.471157776142354,0.4700526917336658,0.12837759572061608,0.15361549144557338,0.22136827948086912,0.017704362708377858,0.3682800164365168,0.1902420375178343,Namibia
NAM,516,2002,0.4843995679246419,0.3748257450351856,0.4126170999719324,0.5245546668493992,0.5590830414286674,0.3784775141816967,0.425042387295182,0.5220668713532339,0.5694883473268693,0.4737687800392455,4.0,4.0,0.0,0.0,-0.0106307878853963,0.479129325686795,0.4776781010836372,0.13088541087731426,0.16078448462073652,0.2214837730726582,0.01838717803254633,0.37421754699740345,0.19371824568083612,Namibia
NAM,516,2003,0.4985835191907857,0.3743364056039946,0.4239063944524696,0.5233078939445699,0.5897927171279338,0.378623906054835,0.4359308200147715,0.5207841671968431,0.5984475673789847,0.4834466151613585,3.0,3.0,0.0,0.0,-0.0151369040294271,0.4876017110247068,0.4862273146766595,0.13576482693409997,0.15586158427308053,0.236652295219883,0.01868685129579116,0.39434808549707406,0.20138720407145722,Namibia
NAM,516,2004,0.5048327745432338,0.3957265681298853,0.4188742760267573,0.5232722356318297,0.6033092881666241,0.40035833032616,0.4307958609072994,0.5206656045275492,0.612017969733799,0.4909594413737018,3.0,4.0,1.0,1.0,-0.0138733331695319,0.4950693218945338,0.4922641396043324,0.13723663062435063,0.16799822784894003,0.22429073414611506,0.019214696212106516,0.40207157283163164,0.20339380775969831,Namibia
NAM,516,2005,0.5102442595194564,0.38409091104868,0.4239263971691994,0.5208806257942972,0.6196675477113014,0.3884391790080658,0.435624790409252,0.5182378829902421,0.6263030106840047,0.4921512157728912,3.0,3.0,0.0,0.0,-0.0180930437465651,0.4938367981262102,0.4917492655322413,0.1426713379308704,0.1727239821493574,0.23922911538778163,0.019373671233759986,0.41551859207941816,0.2117113402125793,Namibia
NAM,516,2006,0.5207909562940496,0.4153270473877702,0.4235337838985316,0.5178840497352544,0.6393697534839737,0.41885491772065,0.4347538197073886,0.5153627953675417,0.6457896086226658,0.5036902853545615,3.0,3.0,0.0,0.0,-0.017100670939488,0.5031313337912126,0.4993597237780942,0.14547861674963664,0.18446751558472724,0.23207091408831426,0.02019190044247163,0.4257890590131504,0.2156298472821659,Namibia
NAM,516,2007,0.5216659268710513,0.4065506346242906,0.4381279751480807,0.5080553553675999,0.6387845756814791,0.4100340847858,0.4481372908680021,0.5057908530413765,0.6445580911507978,0.5021300799614941,3.0,3.0,0.0,0.0,-0.0195358469095572,0.5000765529948084,0.4970776202659386,0.14922927153039692,0.18464805326476327,0.25033849483539444,0.021138091424675653,0.4269767692646408,0.22077535219736855,Namibia
NAM,516,2008,0.5266644047995744,0.3895084346044922,0.4343475289529791,0.5181463722923925,0.655939186387252,0.3920816478087918,0.4436077211643983,0.5154386531626238,0.6598207544714881,0.5027371941518255,3.0,3.0,0.0,0.0,-0.0239272106477489,0.4993580921413199,0.4969968096574654,0.14985007888490723,0.17593059782759315,0.24761686265991414,0.02223240388320273,0.4404410301246114,0.22155522362383034,Namibia
NAM,516,2009,0.5327748893360178,0.3802266594012433,0.4469404543739011,0.5183796081220611,0.665751144726681,0.38329049247158,0.4542364764182782,0.5156270451170024,0.6703901728508465,0.5058860467144267,3.0,3.0,0.0,0.0,-0.026888842621591,0.5010815698767014,0.4992497264113658,0.15257278238346125,0.1706861368410912,0.26352323641867725,0.023124303182946927,0.44385850538883753,0.22529804545788823,Namibia
NAM,516,2010,0.5377009544102653,0.3893582848217105,0.4681537165242081,0.5182426788805017,0.6588800254694831,0.39280139393914,0.4726760981718547,0.5154301199806678,0.6627054139522852,0.5109032565109869,3.0,3.0,0.0,0.0,-0.0267976978992784,0.5066394647780113,0.5051096922476179,0.15999026148418227,0.17853084104967934,0.2965532485972771,0.024416250702755403,0.4429833947097659,0.23562093376486942,Namibia
NAM,516,2011,0.544052067664188,0.3820551120135291,0.4805573602353502,0.5201056457528326,0.6678530241375058,0.3856056930332304,0.4841227883801632,0.5172606880757228,0.6720998353515728,0.5147722512101722,3.0,3.0,0.0,0.0,-0.0292798164540157,0.5100112653009328,0.5091401933705095,0.16562590801069504,0.17573721123295755,0.3155094187731822,0.02880902278203876,0.44771705810031204,0.24194317772212265,Namibia
NAM,516,2012,0.5448171960101366,0.3725722814650481,0.4791960560092548,0.5225464053065483,0.6730851114096627,0.3763200376467914,0.483375647999938,0.5196676795053198,0.6777041893000773,0.5142668886130316,3.0,3.0,0.0,0.0,-0.0305503073971049,0.5096094720574003,0.5090015825009381,0.16828071782783907,0.17310867604676633,0.31755756308647726,0.03366122570014641,0.44972959922168504,0.24351426601376874,Namibia
NAM,516,2013,0.5586559932056779,0.3965552827245504,0.510124707313055,0.525505121328741,0.6756721814479835,0.3989808303766259,0.5121605108420239,0.52252256665897,0.6802877241244585,0.5284879080005196,3.0,3.0,0.0,0.0,-0.0301680852051583,0.5209530202372838,0.5206704828360841,0.17687880645650259,0.1691365244012184,0.3581170943700822,0.03817198856930348,0.45108191745543696,0.2541268811990103,Namibia
NAM,516,2014,0.5663247337253289,0.4000723980854145,0.5269501071032979,0.525354987645712,0.6819256266243175,0.4027352189510197,0.531694807936367,0.5223289121542951,0.68707121917256,0.5359575395535605,3.0,3.0,0.0,0.0,-0.0303671941717683,0.5269818618658093,0.5271077423384692,0.18029381249856097,0.1721625557704911,0.36558077743120915,0.04089105218006976,0.45279526699137496,0.25785741309328625,Namibia
NAM,516,2015,0.5729330315885443,0.3985580164494538,0.5565721306363214,0.5258491915255887,0.6763569307563859,0.4015611000077971,0.5616102191659442,0.5228002415138724,0.6809314658182138,0.541725756626457,3.0,3.0,0.0,0.0,-0.0312072749620873,0.5320916764506137,0.5336222044627618,0.18783727782426368,0.1700481369461946,0.39798190697096386,0.046245886421641985,0.4512390408192175,0.26637874278950446,Namibia
NAM,516,2016,0.5785169758811283,0.3978252665751371,0.5708890604650191,0.5268488094483635,0.6797924424421127,0.4009237261706128,0.5751047181695896,0.52407388242143,0.6847429754419818,0.5462113255509036,3.0,3.0,0.0,0.0,-0.0323056503302247,0.5360197191281608,0.5382474344482447,0.19942271424531702,0.17354923178153825,0.41503819880768705,0.06202808967621877,0.45194419772944316,0.27563992949872185,Namibia
NAM,516,2017,0.5805411380211538,0.3952876993999096,0.5748419486226409,0.5334827000106789,0.6792556724714081,0.3978061014391976,0.5789282515970645,0.5312991083556089,0.6842178879406959,0.5480628373331418,3.0,3.0,0.0,0.0,-0.032478300688012,0.5388655828327013,0.5415979953665733,0.2206583804018371,0.172123627517394,0.4244034725639077,0.10135040400955869,0.4515864154690621,0.28736597988998064,Namibia
NAM,516,2018,0.5902961136994734,0.416627285483224,0.5936031123138933,0.5443701177072382,0.676875598889222,0.4175916563442685,0.5978583892917801,0.5423054996156094,0.6816335984839045,0.5598472859338907,3.0,3.0,0.0,0.0,-0.0304488277655827,0.5509248588227367,0.5539402419978877,0.24046184684905625,0.18559156627638698,0.4593484698910045,0.12438657264716885,0.45102109853450545,0.30508692683726646,Namibia
NAM,516,2019,0.5912833712908899,0.3862085763062722,0.5994013005729613,0.5547823758089596,0.6799150526457972,0.3887360703073238,0.6023375687228484,0.5534197242144497,0.6849895532430252,0.5573707291219119,3.0,3.0,0.0,0.0,-0.033912642168978,0.5513079409113755,0.5557766261512144,0.2631389801761432,0.1634118775812763,0.4687599943661103,0.17330227308943746,0.4517560700147481,0.31430755376289304,Namibia
NAM,516,2020,0.6022764378374098,0.3831960176200187,0.6347682678211296,0.5537965735856231,0.6831309383084375,0.385402054942434,0.6358180108958091,0.5525462961701627,0.6886127785534244,0.5655947851404576,2.0,3.0,1.0,1.0,-0.0366816526969522,0.5582810134506412,0.5644752117863766,0.2700375869474702,0.16088665527654897,0.5254756287907298,0.1688472926492459,0.4524239377971579,0.32690837862842065,Namibia
NAM,516,2021,0.6038858370553463,0.384056360632437,0.6430388576566147,0.5499631141185815,0.6827478803915988,0.3871879017730105,0.6441127051699091,0.548737969639129,0.6882400803614497,0.5670696642358746,2.0,3.0,1.0,1.0,-0.0368161728194716,0.5608984698969316,0.5668606532600956,0.2710685920416963,0.1574662278032051,0.5398093589432097,0.1674618205848099,0.45194649243213786,0.32917097494084063,Namibia
NER,562,2001,0.344211239112742,0.2542382166605894,0.2849598541810714,0.5189684153073589,0.3242667636875768,0.2580551387467783,0.3018498813074453,0.5180486914886019,0.3460880273374595,0.3560104347200712,42.0,41.0,-1.0,1.0,0.0117991956073292,0.3689755926403676,0.3691077223559108,0.046493129337751474,0.03166728493477198,0.07567273747588489,0.010389835169966815,0.1525291457989209,0.06756475084488615,Niger
NER,562,2002,0.345439385159996,0.2462900675758328,0.2884014824934926,0.5193579074136012,0.32750601191917,0.2502289254997812,0.3053580575581632,0.5184236940804234,0.3491346731207025,0.3557863375647676,43.0,40.0,-3.0,3.0,0.0103469524047716,0.3684440476612584,0.3690159573046445,0.0468950135575336,0.030286725750909647,0.07690763313986435,0.010398479801236439,0.1553774825528982,0.06824258031122717,Niger
NER,562,2003,0.3456438287070806,0.2431058316739237,0.2883465552732958,0.5186404933952118,0.3296768453985119,0.246905609044131,0.3055031363501437,0.5177242774060213,0.3514854964027074,0.3554046298007509,41.0,41.0,0.0,0.0,0.0097608010936702,0.367779711295169,0.3685027439879241,0.046783012451841514,0.030312404060033972,0.07541382594183992,0.01037556445423336,0.1563395014292761,0.06811032397134584,Niger
NER,562,2004,0.3609738513761331,0.2441209175639121,0.314652784567648,0.5171145356456577,0.3509924918035861,0.2476682419335256,0.3340527063238515,0.5162421460054215,0.3717089409084946,0.3674180087928233,41.0,40.0,-1.0,1.0,0.0064441574166902,0.3768491178475657,0.3783255599335506,0.05181256879248098,0.03151910079174978,0.0896362085837897,0.01031745892628253,0.17267182037558534,0.07603614716935184,Niger
NER,562,2005,0.3712237072252869,0.2476506498431753,0.3270300263037739,0.5186490766685545,0.3669629168404781,0.2516141824030304,0.3459354179022886,0.517737226381785,0.3874549122120556,0.3756854347247899,40.0,36.0,-4.0,4.0,0.0044617274995029,0.3849914515525754,0.3864725244030318,0.055575245334952554,0.03162371377433352,0.1024137106786778,0.010424508690791772,0.18293209555420117,0.08184850717450107,Niger
NER,562,2006,0.3733584657752776,0.2473291942670135,0.3340997824731535,0.5193486202584284,0.3668163908785545,0.2513122984108042,0.3529225670773939,0.5184188546056614,0.3873030872365453,0.3774892018326012,40.0,38.0,-2.0,2.0,0.0041307360573236,0.3865471882722354,0.3883128471677575,0.056354109101821516,0.03121161456004962,0.10756972879057115,0.010446690607042253,0.18277087220131072,0.08299972653974344,Niger
NER,562,2007,0.37157685380715,0.2461464125890637,0.3303354096811428,0.5186955422865318,0.3657744549320317,0.2498231772916304,0.3494617296268922,0.5177831713244992,0.3859850947757318,0.3757632932546885,42.0,39.0,-3.0,3.0,0.0041864394475384,0.3840629659748875,0.3858372876762099,0.05544409042376953,0.03191803408872671,0.10135730300513308,0.010394289251589407,0.182998385606573,0.08166700298800555,Niger
NER,562,2008,0.3750804311050091,0.2458779047065135,0.3390010190817024,0.5198129273195227,0.3678359241942603,0.249837528988665,0.3577137502474564,0.518860447403464,0.3882031537396644,0.3786537200948124,41.0,39.0,-2.0,2.0,0.0035732889898033,0.3871432896262564,0.3890776897624577,0.056925544233866296,0.0328346080153016,0.10861349355022479,0.01043892295029601,0.1835571941389052,0.0838610546636819,Niger
NER,562,2009,0.3728969216353281,0.2257531722035547,0.3393333029178694,0.518542128168879,0.3695839034354723,0.2297763161051691,0.3572942328264834,0.5176179312760959,0.3901155044781087,0.3737009961714643,42.0,41.0,-1.0,1.0,0.0008040745361362,0.3822478120683913,0.3850537208941414,0.0575210302048469,0.03316362356937072,0.11165495662898392,0.010362177267824903,0.18400705344185342,0.08479695272700824,Niger
NER,562,2010,0.3765730775968775,0.2403382417112254,0.3451497697211624,0.5184640865363863,0.3697377277294246,0.2444330147216166,0.3631566231591347,0.517527795330423,0.3902538250441717,0.3788428145638365,42.0,41.0,-1.0,1.0,0.0022697369669589,0.3874597586203286,0.3896805622924114,0.05876773623424068,0.03508074412349636,0.116504345915094,0.010519816474008726,0.18415047686982244,0.08656384584560539,Niger
NER,562,2011,0.378200218571247,0.2303167946193605,0.3524952102064648,0.5220830289761853,0.3698058435348608,0.2342095231384823,0.3704827634183918,0.52105008015442,0.3902793827339468,0.3790054373613102,42.0,41.0,-1.0,1.0,0.0008052187900632,0.3860994999286667,0.389148846666415,0.05931644971217965,0.03413697715077736,0.11998576159743846,0.010721390977768499,0.18433015244030254,0.08729357054157172,Niger
NER,562,2012,0.380446324298276,0.2509697661302809,0.350342381426026,0.5197007733146118,0.3716128380294645,0.2548806317322911,0.3682560322742358,0.5187213509822071,0.3921965241049829,0.3835136347734292,42.0,40.0,-2.0,2.0,0.0030673104751532,0.391053340673876,0.3929173919892004,0.05986367092693239,0.03789772154948537,0.11841228399834827,0.010838387786391561,0.18498155084571677,0.0880324860449855,Niger
NER,562,2013,0.3829387674270819,0.2469307824237579,0.363507552858942,0.5132429253222166,0.3729743455011174,0.2506218805288314,0.3806640445088012,0.5124720915032771,0.3936579179449061,0.3843539836214539,41.0,39.0,-2.0,2.0,0.0014152161943719,0.3909680485519773,0.3934910612358464,0.06213534108661986,0.038531613083180816,0.1310029463434011,0.010805404914777359,0.18544318935698845,0.09144578842458692,Niger
NER,562,2014,0.3846090374990409,0.2441662422482751,0.3691628943551781,0.5162783561855516,0.3722383885458809,0.248227302069277,0.3860468657558801,0.515413759083976,0.392847312993714,0.3856338099757118,42.0,42.0,0.0,0.0,0.0010247724766708,0.3924927991310022,0.3953199279393199,0.06278377887395176,0.03691379047361558,0.13607144194599793,0.010988765306134452,0.18535945496959355,0.09233336317383538,Niger
NER,562,2015,0.382317969414933,0.2328900055475606,0.3719790589976815,0.518276633319984,0.3665981406334415,0.2372164233632999,0.3887824537150116,0.5173362954700815,0.3866972375989159,0.3825081025368272,42.0,42.0,0.0,0.0,0.0001901331218941,0.3893654487675216,0.3928951089973009,0.06252878326657738,0.03457586062521938,0.13826022890445183,0.011031135527769634,0.1837896136667849,0.09191420968105643,Niger
NER,562,2016,0.3837879209708893,0.2400888858634808,0.3712680915694741,0.5191972361014934,0.3680762781371096,0.2444626533879531,0.3889145923738928,0.5182434810961057,0.3882850653882816,0.3849764480615583,42.0,42.0,0.0,0.0,0.001188527090669,0.3920257095574835,0.3952589421203911,0.06207418642801614,0.03386411642119464,0.1355097513866098,0.011178096305087192,0.18415346742177235,0.091176357883666,Niger
NER,562,2017,0.4031658530064983,0.2412551834215942,0.4025007975773389,0.5204083287292534,0.3948924588564426,0.2455296686612301,0.4190189324039619,0.5194246186250486,0.4146150812520632,0.3996470752355759,42.0,39.0,-3.0,3.0,-0.0035187777709223,0.4049298911896711,0.4090580579984899,0.07053750699812633,0.03504414785118651,0.16859490445357034,0.011442512565370764,0.2012506823326103,0.10408306180068447,Niger
NER,562,2018,0.405579918171863,0.2388725659122874,0.408400892674267,0.5200817852301407,0.3977958869997501,0.2434742781067097,0.4244187534953997,0.5191727459480262,0.4177272501827802,0.4011982569332289,43.0,39.0,-4.0,4.0,-0.004381661238634,0.4065794685904411,0.4108620115390666,0.07214874911860701,0.033887197263467915,0.17394326870423504,0.013146248652153395,0.2015894690089682,0.10564154590720615,Niger
NER,562,2019,0.434579052709583,0.2386733898538289,0.4259749874096996,0.5214684231792603,0.4624875202735758,0.2432808569727412,0.4408189782469578,0.5204698357828837,0.479516817523532,0.4210216221315287,35.0,37.0,2.0,2.0,-0.0135574305780543,0.4233152394868089,0.4276287406430069,0.08142029921883547,0.03386732953880109,0.19548430092170338,0.013050129178165198,0.23942233511632285,0.12045602368874814,Niger
NER,562,2020,0.4361691633558982,0.2338517524268431,0.4368040013962768,0.5212279393691099,0.4599707562652811,0.2384640594972211,0.4507380645963347,0.5202086274434761,0.4767767362432672,0.4215468719450748,37.0,37.0,0.0,0.0,-0.0146222914108234,0.4232224405471947,0.4282001538343399,0.08254447191002008,0.03304034989511731,0.20799005971543844,0.011643129395688557,0.2386800796244806,0.12283840465768123,Niger
NER,562,2021,0.4394599759316217,0.2292711760485726,0.4512126027065252,0.5180872282997507,0.4608070932996071,0.2337709387328595,0.4668110910114293,0.5171833324611161,0.477675691898107,0.423860263525878,38.0,37.0,-1.0,1.0,-0.0155997124057437,0.4240744836695598,0.4297478424025074,0.08350462931042887,0.03183403315258728,0.21525520023632033,0.011536187030212804,0.23872750702796988,0.12433823186177256,Niger
NGA,566,2001,0.3988957889011121,0.3004474676887158,0.3446209111934341,0.4818778388698432,0.4307554734948202,0.3024417535637965,0.3632732685987673,0.4817630330258725,0.4400915486634006,0.3968924009629593,23.0,21.0,-2.0,2.0,-0.0020033879381528,0.407951835518734,0.4071607898101335,0.06759555995402532,0.06829361190482375,0.09820863970011791,0.013151839665565766,0.21584773882665576,0.09887545752429079,Nigeria
NGA,566,2002,0.3975795772325793,0.2979609432035264,0.3410010094127871,0.4912619160042986,0.4255757692424776,0.301313072351901,0.3597782537194078,0.4908121062550447,0.4344827343998553,0.3965965416815523,27.0,22.0,-5.0,5.0,-0.000983035551027,0.409212523622422,0.4082620694620711,0.06684673541664239,0.0667021683485448,0.09525625476214873,0.01367081733311159,0.2142484991396452,0.09746943489586257,Nigeria
NGA,566,2003,0.407016343048618,0.3023183839285726,0.3594562387374169,0.492217463653728,0.4344256762854984,0.3048316884454825,0.378102158917365,0.4917317367541399,0.4441686194283499,0.4047085508863343,24.0,21.0,-3.0,3.0,-0.0023077921622837,0.4151288023969353,0.4147881246097351,0.07053840854438195,0.07248209387787913,0.108909459054193,0.013822928456878781,0.21639556139629354,0.10290251069631111,Nigeria
NGA,566,2004,0.4089704919879449,0.3321277794212298,0.3616142150167806,0.4947751434709904,0.4257868263418822,0.333707861485715,0.3795735779315373,0.4942210624200023,0.4347871757131396,0.4105724193875986,26.0,20.0,-6.0,6.0,0.0016019273996536,0.4195492110121052,0.418424337695792,0.07324065407667665,0.08162439141013736,0.11721885058524259,0.014097567282778726,0.2136420302422284,0.10664570988009676,Nigeria
NGA,566,2005,0.4142418053590666,0.3481389502355309,0.3728932373104539,0.4923470383618804,0.426734238046653,0.3492182910467659,0.390436444608261,0.4918319696627821,0.4358245665830244,0.4168278179752083,23.0,21.0,-2.0,2.0,0.0025860126161417,0.4241756799797557,0.422885190769658,0.07600453596595222,0.08422773901208269,0.13072954236467707,0.014170742706322086,0.21372179485624015,0.1107124547348305,Nigeria
NGA,566,2006,0.4165524349753094,0.3328001867699854,0.3789696829593255,0.4989815746190368,0.4298974634878031,0.3346266484470842,0.3956869777629233,0.4983128442608754,0.4393331432254285,0.4169899034240778,28.0,21.0,-7.0,7.0,0.0004374684487684,0.4244481241992455,0.4239620223173149,0.07716206030827662,0.08105980764485789,0.1396071619473312,0.014423266498470564,0.21433397158185602,0.11235605191812892,Nigeria
NGA,566,2007,0.4157629295662731,0.3267742593827484,0.3868430389657034,0.501604321176263,0.422027728115371,0.3292542290880317,0.4033305586747924,0.5008904236958233,0.4308228011430355,0.4160745031504207,28.0,21.0,-7.0,7.0,0.0003115735841476,0.4239776877714408,0.4240204558375254,0.07827673684587903,0.08169505158928447,0.14714531065320546,0.01463440718167477,0.2119163581926669,0.11384778190420791,Nigeria
NGA,566,2008,0.4216349042766135,0.3295276607371832,0.3974591932855129,0.5017523189958282,0.4284784294903973,0.3320500512590195,0.412804767167885,0.5009556492055841,0.4368744121157538,0.4206712199370606,26.0,21.0,-5.0,5.0,-0.0009636843395528,0.4272920965662192,0.4275063407688608,0.0818745307805169,0.08507457303583564,0.16028099926126127,0.014827013962709358,0.21663776821651112,0.11920508861907936,Nigeria
NGA,566,2009,0.4273736499954427,0.3176581212566409,0.4023502781961455,0.5109869474470994,0.4392660372394135,0.3212559722978201,0.4170360902769646,0.5100471362451712,0.4487976458352887,0.4242842111638112,26.0,22.0,-4.0,4.0,-0.0030894388316314,0.4317126059969836,0.4323706206408775,0.08345592881576498,0.0807078006474639,0.17065070008280364,0.015252419894873243,0.21919793784627525,0.12145221461785402,Nigeria
NGA,566,2010,0.4287239181927316,0.3226995506687204,0.4054497898107203,0.5070605745082439,0.4408980553466133,0.3259511776817087,0.4193648982836206,0.5062039727995583,0.4505902920742919,0.4255275852097949,29.0,25.0,-4.0,4.0,-0.0031963329829367,0.4318626098574339,0.4324802844174988,0.08624373990117974,0.0875420478322008,0.1793858927299766,0.015460655937886246,0.21941397680622435,0.125450643326572,Nigeria
NGA,566,2011,0.4310582471849926,0.3276792480324702,0.4190824499191297,0.5024193775185466,0.4371384365381522,0.3303958703406118,0.4324147133694801,0.5015768592559775,0.4464454843391182,0.4277082318262969,27.0,24.0,-3.0,3.0,-0.0033500153586956,0.4328819348045306,0.4338811128957235,0.08927327238186188,0.09380287279561547,0.1916061488080901,0.015601916477858876,0.2182508832160759,0.12981545532441008,Nigeria
NGA,566,2012,0.4333209485943606,0.3241507359362095,0.4252472973034301,0.5055328951916817,0.4378486590270843,0.3271774182719517,0.4375313724926923,0.5045820467632891,0.447252583035065,0.4291358551407495,29.0,26.0,-3.0,3.0,-0.004185093453611,0.4342235934834466,0.4355799454388765,0.09050128257468194,0.09085178362362416,0.20074599438546328,0.016064910262596592,0.2180823548500426,0.13143626078043166,Nigeria
NGA,566,2013,0.4385296831473259,0.3175380172957772,0.4371308142719071,0.5080725298662233,0.4434663339729715,0.3216029901028241,0.448704298137104,0.5068783192901659,0.4533203675530154,0.4326264937707774,30.0,27.0,-3.0,3.0,-0.0059031893765485,0.4382255062312535,0.4400491190155191,0.09172994544270094,0.08435189620603885,0.21238418586362795,0.016453033816289094,0.21947825414388156,0.13316684250745936,Nigeria
NGA,566,2014,0.4392734692927989,0.3129943166345076,0.4421583511520138,0.5111439223390477,0.441317315289056,0.3172301538929124,0.453178250127675,0.5097870618112982,0.4509815492478384,0.4327942537699309,32.0,29.0,-3.0,3.0,-0.0064792155228679,0.4385668312014649,0.440854571855275,0.09367207044920768,0.08652194179963857,0.22124247354238624,0.01685752833965084,0.21866040617992827,0.135820587465401,Nigeria
NGA,566,2015,0.4323559232913737,0.2917173480928237,0.447756311666777,0.5155060302798006,0.4229787616119432,0.2967898699727371,0.458024356573902,0.5140330858150141,0.4310415678298641,0.4249722200478792,32.0,32.0,0.0,0.0,-0.0073837032434944,0.4316514805017691,0.4353217429376491,0.09277221845486466,0.0782042209986378,0.2285574192416704,0.01708130455261919,0.21340189636337675,0.13431121028907603,Nigeria
NGA,566,2016,0.4358401225813751,0.2898734558395814,0.4556871130317341,0.5139062131640054,0.4277143007387564,0.2946519882882443,0.4658653568156894,0.51249151360383,0.4362453728229212,0.4273135578826713,32.0,30.0,-2.0,2.0,-0.0085265646987038,0.4331590287526549,0.4372671862825668,0.09318326610330308,0.07433487789721956,0.23464431925957446,0.016922193296302287,0.2143563085839741,0.1350644247592676,Nigeria
NGA,566,2017,0.435275542513306,0.3004642210389409,0.4481395505152841,0.5129952597922128,0.4289651064680702,0.304855439869374,0.4584476176082804,0.5116585291696442,0.4376658554387445,0.4281568605215107,34.0,32.0,-2.0,2.0,-0.0071186819917952,0.4345152858047507,0.4379283409287143,0.09364094025796199,0.07745080737626092,0.2340767078128829,0.01692108495631426,0.21443797832156375,0.13572164461675545,Nigeria
NGA,566,2018,0.4419551025002678,0.3014362226948067,0.4627475945334449,0.51237190767642,0.435490152848602,0.3057343306053403,0.4718140877533751,0.5110422635611819,0.4447988437496431,0.4333473814173851,33.0,31.0,-2.0,2.0,-0.0086077210828827,0.4393054877341787,0.4430759726743542,0.09767191779904344,0.07948895181547644,0.25427835062971016,0.01704750647064921,0.2159580281001499,0.14169320925399642,Nigeria
NGA,566,2019,0.4398920089743668,0.2802836845149898,0.4618637029048821,0.5116176243390299,0.4386284647783386,0.2848858245976214,0.4696749380512112,0.5102861427381264,0.4482571928406705,0.4282760245569074,33.0,34.0,1.0,1.0,-0.0116159844174594,0.4344255333613525,0.4391264295935192,0.09874699762192121,0.07356946643407332,0.2657890920620422,0.017230027045290097,0.2165028390345289,0.14327285614398363,Nigeria
NGA,566,2020,0.4407377348622873,0.2688728662041537,0.477980754429688,0.5127713680624442,0.4313691410834931,0.2739061317786561,0.4854470384344196,0.5114478398248767,0.4404128566556767,0.4278034666734073,34.0,35.0,1.0,1.0,-0.0129342681888799,0.4341177844396185,0.4399327426585068,0.100726795017885,0.06611466890986319,0.287727207660611,0.01711684233223738,0.21423549248050028,0.14629855284580295,Nigeria
NGA,566,2021,0.4410045594625869,0.2817049148250826,0.4740947287194897,0.5117365459281383,0.4311990635900282,0.2869142384613408,0.4805993856648886,0.5104304602895285,0.4402462582302803,0.4295475856615096,35.0,36.0,1.0,1.0,-0.0114569738010772,0.4373337803792609,0.4423634156348701,0.10207217478073269,0.06710182677314602,0.29410845192900803,0.017445758993396978,0.21382692731991534,0.1481207412538666,Nigeria
GNB,624,2001,0.451267701415828,0.2662252426135852,0.2788031658367482,0.4751664128557938,0.6441225498288871,0.2697630912806616,0.2969130869437772,0.4750100240808469,0.6505850879755181,0.4230678225702009,8.0,12.0,4.0,4.0,-0.028199878845627,0.4381270982338401,0.4330943869602601,0.10766928231709073,0.041503931456232476,0.06668959586102438,0.023060612198210005,0.5134912220383466,0.16118634038845336,Guinea-Bissau
GNB,624,2002,0.4508021668200437,0.2637559512717116,0.2800919633444771,0.4726704397349188,0.6441292743359078,0.2674126641177977,0.2980570852779041,0.4725133102790146,0.6506593689841798,0.422160607164724,10.0,13.0,3.0,3.0,-0.0286415596553197,0.4372485754443568,0.4323070435174744,0.10752980118890025,0.03893313591565193,0.06996322051422353,0.022733746182548892,0.5129920290724809,0.1611555329212263,Guinea-Bissau
GNB,624,2003,0.4485675298899882,0.2596935201726602,0.2868832363620346,0.4563587376385289,0.6433423196987014,0.2631096052887722,0.3051398731034959,0.4563791644653112,0.6498831192981331,0.4186279405389281,12.0,16.0,4.0,4.0,-0.02993958935106,0.4332020286691238,0.4285464333191031,0.10826482308409412,0.038345196790729806,0.07790214642596585,0.02209064111517587,0.5118940672374438,0.16255801289232882,Guinea-Bissau
GNB,624,2004,0.4541109931985365,0.2676495736324386,0.2979962213699221,0.4651150586691441,0.6416563400313623,0.2708870542647199,0.3163332583716624,0.4650670040171181,0.6481241757858005,0.4251028731098252,10.0,16.0,6.0,6.0,-0.0290081200887112,0.4387311127246374,0.4343243452320504,0.11014764901710451,0.03931598737451598,0.08972859257593223,0.02194911953399807,0.5106069128162506,0.16540015307517422,Guinea-Bissau
GNB,624,2005,0.4582141304073164,0.2664012757207859,0.3008214134344958,0.4695560068847507,0.6485365952724838,0.270100965534521,0.3188702053596434,0.4694096691088269,0.6549306619161855,0.4283278754797942,9.0,14.0,5.0,5.0,-0.0298862549275221,0.4421777835160552,0.4376398396495973,0.11105471709798954,0.04037675471607477,0.09158530124326465,0.021788936661764728,0.5138718206353402,0.1669057033141111,Guinea-Bissau
GNB,624,2006,0.4596072625971749,0.2500868539729899,0.3124014976987243,0.4702769909402107,0.6484772864651221,0.2540302596104047,0.3301729441054201,0.4701138066220219,0.6549272899685558,0.4273110750766006,12.0,18.0,6.0,6.0,-0.0322961875205743,0.4404173966270304,0.4369889591912622,0.11116612586573453,0.037397094014199384,0.09653724140657151,0.021514564580719306,0.5134662123231543,0.1672287780811611,Guinea-Bissau
GNB,624,2007,0.4715280261444542,0.2580039073173291,0.3143152845604714,0.4618894290059356,0.6816248913999442,0.261536610817743,0.3311133226262632,0.4617920175177799,0.6865414092646829,0.4352458400566172,7.0,16.0,9.0,9.0,-0.036282186087837,0.4463905245862762,0.4422417837246138,0.11663373789035912,0.04023058467455397,0.10829749129655533,0.021061680722621066,0.5348845187004311,0.17611856884854035,Guinea-Bissau
GNB,624,2008,0.4729408130748523,0.2602860152239898,0.3169529368673189,0.4651213705022948,0.6806854958210773,0.2639137115580973,0.3320335429912942,0.4649631461574218,0.6855183054297269,0.436607176534135,8.0,17.0,9.0,9.0,-0.0363336365407173,0.447245213232829,0.4430257106479122,0.11664754377971717,0.03983525600489033,0.11083105277974342,0.0208623188093797,0.5332919204876667,0.17620513702042004,Guinea-Bissau
GNB,624,2009,0.4712073721674657,0.2547991600774208,0.3134260446572496,0.4622052373305026,0.6824424031783072,0.2584789066278914,0.3282024669157765,0.4620664790981997,0.6875838787340429,0.4340829328439777,12.0,20.0,8.0,8.0,-0.037124439323488,0.4450931332611385,0.4408786692273353,0.11657548680641312,0.039685615308159276,0.11242432577549102,0.020523868561719425,0.5323584593224253,0.17624806724194875,Guinea-Bissau
GNB,624,2010,0.4735285224410513,0.253870298708252,0.3176472977772521,0.4699829471037916,0.6812641927183801,0.2578316282197863,0.3319002641638697,0.4697310374448833,0.6864006275514741,0.4364658893450034,14.0,21.0,7.0,7.0,-0.0370626330960479,0.4473337269207582,0.4432607737205801,0.11692013965332389,0.0402318081372236,0.11589031134634106,0.02043128997281586,0.5304812940910962,0.1767586758868692,Guinea-Bissau
GNB,624,2011,0.4807539790023474,0.2805373495799264,0.3270332486329383,0.47757315583323,0.6794947685497482,0.2835747669539153,0.3410551542618174,0.4771840141811996,0.6847292432293074,0.4466357946565599,12.0,16.0,4.0,4.0,-0.0341181843457875,0.455870412604521,0.451260464901304,0.11907527889972012,0.04932537540023426,0.12438222045609226,0.020371937035552155,0.5250829796099279,0.17979062812545166,Guinea-Bissau
GNB,624,2012,0.4801678602644803,0.2450706721573235,0.3506605069810239,0.4661730363349635,0.6781464551679567,0.24884488505258,0.3638674661962623,0.4659241216788971,0.6833861538171108,0.4405056566862125,14.0,19.0,5.0,5.0,-0.0396622035782677,0.4486968264175387,0.4462081324302587,0.12051945158109047,0.03843722449747409,0.14810951610460601,0.019831855243336333,0.522667291845659,0.18226147192276884,Guinea-Bissau
GNB,624,2013,0.4798145362383857,0.2581106113885991,0.3407624287571489,0.466294730902119,0.6804003553606355,0.2618417957974792,0.3541639763034705,0.4660254106725492,0.6859030163836123,0.4419835497892778,15.0,24.0,9.0,9.0,-0.0378309864491079,0.4506747537162544,0.4471490933233379,0.11963358787025523,0.040795139258878704,0.14130810089841084,0.019584238410415983,0.5224660185148823,0.18103837427064695,Guinea-Bissau
GNB,624,2014,0.4869616007450912,0.2675358996065513,0.3494356112263885,0.4634916136514866,0.6912082034303536,0.2707382312811948,0.362010878083549,0.4632569140751141,0.6959595639936944,0.447991396858388,14.0,21.0,7.0,7.0,-0.0389702038867031,0.455044447539278,0.4514011644254926,0.12258253827516061,0.04195166773548454,0.1538086256288921,0.01925976540003268,0.5278893230119835,0.18572734544409822,Guinea-Bissau
GNB,624,2015,0.5019229463826457,0.2854797679145157,0.3625831782994042,0.4619714903434045,0.7160345718097587,0.288080821148678,0.3748119167304744,0.4617133160268934,0.7194945578339814,0.4610251529350068,9.0,15.0,6.0,6.0,-0.0408977934476388,0.4658646465489479,0.4617080067700868,0.12751250236120165,0.05022060942382018,0.15936712850827833,0.01947256604850985,0.544140484536545,0.19330019712928834,Guinea-Bissau
GNB,624,2016,0.5105615569799276,0.2866456098413988,0.3878709708553184,0.4660878480616658,0.7164984946379832,0.2893337919999164,0.4000499181485397,0.4657574835398318,0.7201031897848829,0.4688110958682927,6.0,13.0,7.0,7.0,-0.0417504611116348,0.4735233343604182,0.4704053723787616,0.1305407810704511,0.05101840695683866,0.1784065462153477,0.01935727608377587,0.5425500281072603,0.19783306434080564,Guinea-Bissau
GNB,624,2017,0.5174300555203702,0.2845455629880232,0.4093363520431438,0.4736084859439458,0.7144201745820996,0.2871061093049675,0.4216184694061365,0.4732158237674016,0.7179941029277661,0.4749836263515679,6.0,13.0,7.0,7.0,-0.0424464291688023,0.478795253950765,0.4768258109230248,0.1326850320026113,0.052217981513942024,0.19242107623881177,0.019317115566881336,0.5399642122452101,0.20098009639121128,Guinea-Bissau
GNB,624,2018,0.5211937694169467,0.2756296771091689,0.4161859862560744,0.489346968096126,0.7133894861680937,0.2784837908938068,0.4285135747138783,0.4888608476065046,0.7170819366806502,0.47823503747371,7.0,11.0,4.0,4.0,-0.0429587319432367,0.48212404744945,0.4809597392970154,0.13295432663899975,0.05113553333649005,0.1953739236592099,0.020632356269005947,0.5352967247818928,0.20060963451164968,Guinea-Bissau
GNB,624,2019,0.522029432791571,0.2606102062334263,0.4233149754616969,0.4919418061718238,0.7138567053782462,0.2644945575448034,0.435115188687885,0.4913698397571752,0.7177865715881109,0.4771915393944936,7.0,15.0,8.0,8.0,-0.0448378933970773,0.4815633675444289,0.4811274367520108,0.1324562733154254,0.04482036691295338,0.20234772495588704,0.020504049857352727,0.5319579970898344,0.19990753470400688,Guinea-Bissau
GNB,624,2020,0.5289819253048879,0.2652047890395496,0.4487479602958579,0.4888307248975028,0.7124867507772209,0.2689966753860038,0.4582185090335656,0.4882593931089933,0.7163497535820457,0.4829560827776521,8.0,13.0,5.0,5.0,-0.0460258425272357,0.4859831863977569,0.4862619813646842,0.13723294859899812,0.042514418328950115,0.23519078219452227,0.02024054209456311,0.5307033962366017,0.20716228471365927,Guinea-Bissau
GNB,624,2021,0.5348506100783064,0.2740961867286493,0.4618088428508038,0.4922631308167258,0.7128394231717495,0.2776106867099492,0.4697748450199301,0.4916208257327499,0.7167140849948562,0.4889301106143714,7.0,11.0,4.0,4.0,-0.0459204994639349,0.4913222721145635,0.4916721538851847,0.14106970424617638,0.04536007174576627,0.25096141786389947,0.0211499842319507,0.5322898467216597,0.21244033014081903,Guinea-Bissau
RWA,646,2001,0.3573941751997877,0.2500279248295758,0.2966974479648044,0.4999956935246011,0.3634023792784199,0.2548836952630608,0.3156625858983849,0.4993352400088092,0.3680429092338924,0.3594811076010368,39.0,39.0,0.0,0.0,0.0020869324012491,0.3780643491073582,0.3783644966019976,0.06009423627666332,0.027577189508700486,0.08829314987141991,0.012857329866330883,0.22496557500804626,0.08842331106362439,Rwanda
RWA,646,2002,0.3646393803281709,0.2513479870824056,0.3018671212260264,0.5023057629968785,0.3773097249281611,0.2565440824857951,0.3211633173258613,0.5015206499809183,0.3832563184117341,0.3656210920510772,36.0,39.0,3.0,3.0,0.0009817117229062,0.3836843748295592,0.3837487750592416,0.060848407040710796,0.02715307735350782,0.09013218283486489,0.01294616936156391,0.22810734091847085,0.08958469261710186,Rwanda
RWA,646,2003,0.3870971483204509,0.236555093163582,0.3685876865133011,0.4967876786740838,0.393498196466876,0.2410348640591374,0.3912233750104566,0.4960459018267895,0.4009373048272423,0.3823103614309064,32.0,32.0,0.0,0.0,-0.0047867868895444,0.3939446404997906,0.3970431921479571,0.06966579233056741,0.026133354524685938,0.1411769763477545,0.012594292528512204,0.23223986817919973,0.1030361228950381,Rwanda
RWA,646,2004,0.3771991854281177,0.2438604893353273,0.3578908462496395,0.5039585572616199,0.3682073177309472,0.2485961357366208,0.380569872590561,0.5031054522143263,0.373379567758038,0.3764127570748866,37.0,38.0,1.0,1.0,-0.0007864283532311,0.3885934163661583,0.3911492998875421,0.06786631951855943,0.02803358963984877,0.13471402913583835,0.012657888713681401,0.22509660098000372,0.10012552711734306,Rwanda
RWA,646,2005,0.3766090413325048,0.2457656179913375,0.3484276073066789,0.499863489199865,0.3759129286480429,0.2506500402887519,0.3711891097500913,0.4991925577113848,0.3814369833887562,0.375617172784746,38.0,37.0,-1.0,1.0,-0.0009918685477587,0.3882566179512298,0.3901287569776943,0.06724962660874584,0.028477700636778867,0.12822500182644864,0.01251530789635547,0.228176584169684,0.09934864863231674,Rwanda
RWA,646,2006,0.3860959668245912,0.2464702568999047,0.357797332237756,0.5036107333117441,0.3919731177715037,0.2514347309424848,0.3803552913376936,0.502858337822774,0.3989550006580961,0.3834008401902621,37.0,36.0,-1.0,1.0,-0.0026951266343291,0.3954650283195852,0.3974259757111554,0.0694099764733559,0.029117762625749083,0.13613386641350209,0.012552862147727025,0.232846739227552,0.10266280760363256,Rwanda
RWA,646,2007,0.3778128647706872,0.2431732378490232,0.3661627818159779,0.5027881400135458,0.3641174457048183,0.2480022346856312,0.3884326732518718,0.5020249276181411,0.3686246009468312,0.3767711091256189,39.0,38.0,-1.0,1.0,-0.0010417556450683,0.388377034658328,0.3912727533280485,0.0693572775660372,0.02920309902311788,0.14276171382000863,0.012643572171902602,0.22474849550773252,0.10233922013069041,Rwanda
RWA,646,2008,0.3852631828129683,0.2476939427255501,0.3831164370966946,0.5001386298339163,0.3707409730984351,0.2526644886169352,0.4059459621532519,0.4993489151169911,0.3758635440228028,0.3834557274774953,38.0,37.0,-1.0,1.0,-0.001807455335473,0.3943703686103482,0.3974779028489966,0.07292006578793186,0.031044575715720692,0.1607626377940958,0.01256870159462852,0.2265117099721816,0.10772190626915665,Rwanda
RWA,646,2009,0.3970910686458094,0.2412909079690619,0.4089451650811389,0.5041364329054309,0.3823335369539885,0.2462193847926485,0.4306637728741577,0.5032859521512061,0.3885141985476529,0.3921708270914163,36.0,35.0,-1.0,1.0,-0.004920241554393,0.401596261827265,0.4058451525095313,0.07684765708621911,0.02949962490670703,0.18286843622958115,0.012656527872891545,0.2294837130874304,0.11362707552415253,Rwanda
RWA,646,2010,0.3964323600114693,0.246463983077675,0.4150467807442672,0.506598702561865,0.3722967100637496,0.2513857106138912,0.4358004671923968,0.5057146774297836,0.3775875599919129,0.3926221038069961,38.0,36.0,-2.0,2.0,-0.0038102562044732,0.4021142297373926,0.4065076705540428,0.07852011430464152,0.0307239954937029,0.19408161949664468,0.012689246820833553,0.22660699283872432,0.11602546366247636,Rwanda
RWA,646,2011,0.3995133264871776,0.2490389291802562,0.425670245544511,0.5070604038834085,0.3709603380307347,0.2537996890357943,0.4459341282550662,0.5061547585904871,0.3761300950563052,0.3955046677344132,38.0,36.0,-2.0,2.0,-0.0040086587527644,0.4043258995119408,0.4090256273064135,0.08031963331965039,0.033190332811431654,0.20247334402510744,0.012713894240494605,0.2262986857797029,0.11866906421418416,Rwanda
RWA,646,2012,0.4045218754430987,0.2472198295097484,0.4411854648103124,0.5092494324864771,0.3715547249796149,0.2521275615236639,0.4606829086073645,0.5082602741893405,0.3767733281460782,0.3994610181166118,38.0,36.0,-2.0,2.0,-0.0050608573264868,0.4077547986335917,0.4130353510443382,0.08279415093477979,0.03486183759845034,0.21508238809397942,0.012830876151457612,0.22638619943186547,0.12229032531893821,Rwanda
RWA,646,2013,0.4109558016983493,0.2501252304054128,0.4628252972171687,0.5092822923362863,0.370635214014664,0.2546016738405698,0.4829072836829387,0.5082866185672659,0.3757582651991606,0.4053884603224837,37.0,36.0,-1.0,1.0,-0.0055673413758655,0.411782704093785,0.4178692500918817,0.08666819341969371,0.03668352321415326,0.2363951333761854,0.012867372053624046,0.22618695474725378,0.12803324584780412,Rwanda
RWA,646,2014,0.4183710638457231,0.2440918566011919,0.4749414524314731,0.5108838996496943,0.3824543196478762,0.2488746712049041,0.4941131964501659,0.5098804487888352,0.3886386105754667,0.4103767317548429,37.0,36.0,-1.0,1.0,-0.0079943320908801,0.4163822258699663,0.4228907618579545,0.0904497421525287,0.03677220604114201,0.2494767065280822,0.014987982169284824,0.2294857672904557,0.1326806655072412,Rwanda
RWA,646,2015,0.4205649166514221,0.2444446646719715,0.4874878009394071,0.5134859621558912,0.3766983729038793,0.2495860851992268,0.5061405322213751,0.5124163584540634,0.3821371016783604,0.4125700193882564,38.0,35.0,-3.0,3.0,-0.0079948972631656,0.4186345898925141,0.4255861257198675,0.09224309101377753,0.03695136143133208,0.26013743567951914,0.015216850681247767,0.2285632578890036,0.13521722642027567,Rwanda
RWA,646,2016,0.4213106112581972,0.2372634559201328,0.4920359796772394,0.5142520487560794,0.3772226442684248,0.2423145308144829,0.5111294455215134,0.5131522601017015,0.382682093619085,0.4123195825141957,37.0,37.0,0.0,0.0,-0.0089910287440015,0.4177646154291747,0.4252947360006422,0.0925743856602379,0.03764361450409601,0.26062434462963235,0.015443966417920181,0.22865745660550518,0.13559234553928845,Rwanda
RWA,646,2017,0.4309385995877048,0.2506240889634438,0.4966651907178337,0.5150021596481958,0.3946510921128722,0.2549718875560578,0.5154305717036204,0.5138980978152913,0.4016780565796367,0.4214946534136515,35.0,36.0,1.0,1.0,-0.0094439461740533,0.4258509301185978,0.4329612943943777,0.09476550691526867,0.04127935626953748,0.2628851601414255,0.01634081372668771,0.2334614875681124,0.13849170442644076,Rwanda
RWA,646,2018,0.4371868622456001,0.2562613535249899,0.5092526322240963,0.519727617253734,0.39686380935494,0.2609730133641535,0.527206410065141,0.51856143487803,0.4040758422242334,0.4277041751328895,35.0,34.0,-1.0,1.0,-0.0094826871127106,0.4323783416883149,0.4395803643949164,0.09832952096586306,0.04244833724912805,0.27899560250833394,0.0174487525827958,0.2341255576024835,0.14325456248568533,Rwanda
RWA,646,2019,0.4321446845036642,0.254992709287878,0.5187191933346821,0.5233539486040036,0.3737257472479952,0.2598384525072925,0.5362695803789386,0.5221139003632373,0.3788368511822482,0.4242646961079291,37.0,36.0,-1.0,1.0,-0.007879988395735,0.4290843873665317,0.4370518691839398,0.09978883241726881,0.04446344602440427,0.2890932248839272,0.01820159936338294,0.22774569637232162,0.144875991661009,Rwanda
RWA,646,2020,0.4367009651908423,0.243168153512173,0.5340504334723054,0.5218040035870595,0.3789976982391028,0.2470569751583104,0.5506213620125354,0.5205956027575851,0.3845619534550996,0.4257089733458826,36.0,36.0,0.0,0.0,-0.0109919918449596,0.4284873634156675,0.4378695256416782,0.10344572769035236,0.04340749637260996,0.3111039831077637,0.017931362481708686,0.22967302081563645,0.1505289656944297,Rwanda
RWA,646,2021,0.4480374839882816,0.2687514794802406,0.5551417985949695,0.523742556205806,0.3826840206406621,0.273494457237349,0.5716437591673718,0.5224585769338033,0.3885897755679684,0.4390466422266231,32.0,32.0,0.0,0.0,-0.0089908417616585,0.4425653725798535,0.4514027272442447,0.108110306013603,0.051817088285010394,0.3291563192222289,0.01816430977973534,0.2300898281745964,0.15730688636539275,Rwanda
STP,678,2001,0.3830864411002875,0.2526084187880073,0.3304199261374284,0.5289220270179672,0.3830379766590122,0.263366143895073,0.3413701649709197,0.5273337820461186,0.3977365102338186,0.3824516502864825,30.0,28.0,-2.0,2.0,-0.000634790813805,0.4052764848836153,0.40936998735663,0.08619404717755653,0.12296600225556034,0.14783000918224,0.027350179647855046,0.1750312845609803,0.11829436891165893,São Tomé and Principe
STP,678,2002,0.3845159487513605,0.2636004614566167,0.3269662372869004,0.5269242194371254,0.3863688061297359,0.2738781875918192,0.3370758773450444,0.5253378016270449,0.4013683518594316,0.384415054605835,31.0,29.0,-2.0,2.0,-0.0001008941455254,0.4060071196119663,0.4095964519124783,0.08682274492216974,0.125902618435561,0.1492481321826859,0.02685574057032089,0.17592887546645952,0.11948384166375683,São Tomé and Principe
STP,678,2003,0.4019397582797958,0.2769290601052831,0.386320293314778,0.5240748373866647,0.3878088353850475,0.287164453314757,0.3953023015094269,0.5224865664610929,0.4029610657884817,0.4019785967684396,28.0,22.0,-6.0,6.0,3.883848864377759e-05,0.4218383614032521,0.425973506074399,0.09660709649404452,0.1279916867728128,0.20781425307461288,0.026393978927295787,0.17621419177641423,0.13460352763778394,São Tomé and Principe
STP,678,2004,0.3963221737596994,0.2603985467180611,0.3774597334594773,0.5248366991347069,0.3847252077734672,0.2708667750327935,0.386818507380594,0.5232104449911608,0.3997616166132733,0.3951643360044554,30.0,30.0,0.0,0.0,-0.001157837755244,0.4149371537864505,0.4195702429404022,0.09276872583550075,0.12533962188671938,0.19147858444882807,0.025969582365512972,0.1730595099692776,0.1289618246675845,São Tomé and Principe
STP,678,2005,0.3998419279881639,0.275975084968905,0.3797067296094727,0.5260185098933053,0.3861097047599325,0.2861983887669138,0.3890904513564147,0.5243433976787956,0.4012724921317556,0.4002261824834699,29.0,27.0,-2.0,2.0,0.0003842544953059,0.4194298851434637,0.423554121756552,0.0927224454371088,0.1273355929909274,0.18983371560603285,0.02561943652588754,0.173417466979527,0.1290515530255937,São Tomé and Principe
STP,678,2006,0.4396827074725866,0.2540346554174461,0.2947221981493228,0.5276709773896993,0.5569608794273887,0.2650995411777109,0.3059418580687995,0.5259362726891454,0.5628560803819465,0.4149584380794006,17.0,22.0,5.0,5.0,-0.024724269393186,0.4298609312953441,0.4320154092244191,0.09520840884260842,0.12726811924111528,0.11853653132284718,0.025324864261058386,0.26801144441917923,0.13478523981105,São Tomé and Principe
STP,678,2007,0.4399842657554635,0.2435625575588977,0.31192040566732,0.5257592338910069,0.5506987636230682,0.2546212904135798,0.3203248948139052,0.5240261307601403,0.5559156132372985,0.4137219823062309,18.0,24.0,6.0,6.0,-0.0262622834492325,0.4281845059650151,0.4311278488367012,0.09848992607230615,0.12642789066048582,0.14223036937393663,0.02491326835944746,0.2663568692639269,0.1399820994144492,São Tomé and Principe
STP,678,2008,0.442741885171152,0.2359161479850099,0.3245195039792557,0.5258904762698865,0.5518964742890189,0.2468719174945933,0.3335980223120599,0.5241060384315979,0.5573659019144124,0.4154854700381659,18.0,24.0,6.0,6.0,-0.0272564151329861,0.4279526599281299,0.4313870473013301,0.09811264226405164,0.12450403814700549,0.14282300471412931,0.024587699153921214,0.2665334530503175,0.13961204876634337,São Tomé and Principe
STP,678,2009,0.4512447128160167,0.2496688103368932,0.346142787701126,0.5252820933818851,0.5546252510952366,0.2603898686259643,0.3531125900055868,0.5234817867284414,0.5603614614186256,0.4243364266946545,18.0,21.0,3.0,3.0,-0.0269082861213621,0.4361639050844454,0.4394576049947795,0.10385797240448479,0.12505385915978293,0.17775766928452705,0.024230788890034504,0.26717747400201586,0.14855494783409007,São Tomé and Principe
STP,678,2010,0.461688199277847,0.2364683633726879,0.3979530392551618,0.5213578820316322,0.5531557644630619,0.2473137527352288,0.4060958851098032,0.5196050617190096,0.5587712789524267,0.432946494629117,19.0,22.0,3.0,3.0,-0.0287417046487299,0.4422905949509574,0.4468778895389422,0.11011455478402113,0.12447142326754684,0.2182056796596335,0.023801655839336532,0.2667703429234932,0.15831227542250254,São Tomé and Principe
STP,678,2011,0.4625305442955522,0.2355088542083579,0.4060015801066943,0.5231345519375481,0.5491080925689015,0.2465113346014026,0.413580175954933,0.5213244848469404,0.5543016852451473,0.4339294201621059,19.0,21.0,2.0,2.0,-0.0286011241334463,0.4422492065358665,0.447050545686369,0.10899834298415514,0.12374081213387829,0.21426424832612065,0.02353717987638818,0.2654050564160779,0.15673682418811627,São Tomé and Principe
STP,678,2012,0.4624551767054631,0.2458272527277941,0.4062105739994069,0.5221069233649893,0.5456211604294307,0.256926530460267,0.4132817428011477,0.5202921483696233,0.5506081416407116,0.4352771408179374,21.0,23.0,2.0,2.0,-0.0271780358875256,0.4441202146706142,0.4485489065865036,0.11058681741253218,0.12864296216266113,0.22119070825295437,0.023233312352019673,0.2637708411578318,0.15920945598136677,São Tomé and Principe
STP,678,2013,0.4737731644746908,0.2766225656202316,0.4312577299115243,0.5250084953822572,0.545193842515739,0.2874642909299131,0.4379398587200391,0.5231742890156629,0.5502408767905143,0.4497048288640323,19.0,18.0,-1.0,1.0,-0.0240683356106584,0.456828190475143,0.4607476351516962,0.11517865905273084,0.13664943861777737,0.23760254869220757,0.024382914482796968,0.26322011836906156,0.16546375504046085,São Tomé and Principe
STP,678,2014,0.4764056864573764,0.2723793786273739,0.4350989238129893,0.5242579883343024,0.5514203282621485,0.2835021279531685,0.4415841116430148,0.5224719212760214,0.5571486126184347,0.4511766933726598,21.0,19.0,-2.0,2.0,-0.0252289930847165,0.4584563574057426,0.4625418567233372,0.11721626440533284,0.1402413405568128,0.24587756890341292,0.024109028151426598,0.26449228244087053,0.16868005501313071,São Tomé and Principe
STP,678,2015,0.4757614916472036,0.282262125983569,0.447124975441169,0.521622713643062,0.5393112490189075,0.292773759374582,0.4517028946397699,0.5198777728161165,0.5440404956973403,0.4520987306319521,20.0,19.0,-1.0,1.0,-0.0236627610152515,0.4577458655020927,0.4617840747717987,0.11828964708935144,0.13676217121591128,0.2608022222395608,0.023781541629304157,0.2605189219230522,0.17046621425195713,São Tomé and Principe
STP,678,2016,0.484956321304898,0.3001397332533441,0.4684918863076847,0.521680911092992,0.5421629175961438,0.3105850453374368,0.4726982332075785,0.5199484482618897,0.5472521004741349,0.46262095682026,19.0,17.0,-2.0,2.0,-0.022335364484638,0.4676098527241498,0.4714325510288997,0.12232151128956245,0.140656412647199,0.27787062822497555,0.02482626202719816,0.26064410265698934,0.1759993513890905,São Tomé and Principe
STP,678,2017,0.4909284561209607,0.2951960401009237,0.4860713383539918,0.5240157997860186,0.5461151328716705,0.3057052268082991,0.4899562374238473,0.5222377200337152,0.5516800317096594,0.4673948039938802,18.0,17.0,-1.0,1.0,-0.0235336521270804,0.4720655426445517,0.4764213377746845,0.12511849386519736,0.1400492958325683,0.2917292997144411,0.02593493085444063,0.261058977094331,0.17969312587394526,São Tomé and Principe
STP,678,2018,0.4851219572567464,0.2977950072336171,0.4596170596771395,0.5274550921880944,0.5462913368856541,0.3078111980765028,0.4628275912643722,0.5256621961993995,0.5520064337617765,0.4620768548255127,21.0,23.0,2.0,2.0,-0.0230451024312337,0.4681601992154508,0.472110142232391,0.12148466300545802,0.13392409560131485,0.2770481236950354,0.02581950466830528,0.26041488668736734,0.17430165266300574,São Tomé and Principe
STP,678,2019,0.4858378320918633,0.2899425678362528,0.4695915569767101,0.5274436639417917,0.5440958911161108,0.2997620550303701,0.4723118341471434,0.5256349129866529,0.5497237753251654,0.4618581443723329,20.0,23.0,3.0,3.0,-0.0239796877195303,0.4676094020694432,0.4721708186722892,0.12321419470278612,0.1292898427503536,0.2943427855120624,0.02560934919780236,0.2591355532657398,0.17709438268148953,São Tomé and Principe
STP,678,2020,0.4997026015053318,0.3071932861476331,0.5169640044743944,0.5290999899327508,0.5404823367866335,0.3165053671726917,0.5205399985177832,0.527286860151511,0.5459282497894814,0.4775651189078668,18.0,17.0,-1.0,1.0,-0.022137482597465,0.4800835716638244,0.4850048914135784,0.12961564632543723,0.12818356737317674,0.3366808103451621,0.025399832108887688,0.2575023061990805,0.18694162900657676,São Tomé and Principe
STP,678,2021,0.5057920027124813,0.298368384014141,0.5438332852407828,0.5290657449123218,0.5410578055802011,0.3080144792674903,0.5454702874034827,0.5272508884624516,0.5466622715614647,0.4818494816737223,16.0,15.0,-1.0,1.0,-0.0239425210387589,0.4839100354042492,0.4895925765745901,0.13553535548671036,0.13054005651205167,0.3703379150641111,0.025511221113424888,0.2570281682172043,0.19585434022669798,São Tomé and Principe
SEN,686,2001,0.4861025628193889,0.2763985711216623,0.3684292990042769,0.5278059533954766,0.6332867721343483,0.2800968587530829,0.3880443157011951,0.5263030533186297,0.6408694245746772,0.4588284130868962,4.0,6.0,2.0,2.0,-0.0272741497324927,0.4624019896477258,0.4612381984577239,0.09726484747272776,0.05722619534143188,0.13099877377108543,0.017819975897789653,0.3728954666961716,0.14473510292661965,Senegal
SEN,686,2002,0.4863626476224781,0.2703642094484526,0.3732051551345332,0.5275829795251394,0.6324466177605955,0.2738227100827923,0.3932609623948659,0.52610574298631,0.6399755193314299,0.4582912336988496,3.0,7.0,4.0,4.0,-0.0280714139236284,0.4611673754943193,0.4605430745603767,0.09755797017727597,0.05459088149240752,0.13494413763023239,0.018131873964421296,0.37244211577124575,0.14502725221457674,Senegal
SEN,686,2003,0.4915660990722793,0.2739226160551282,0.388302461473091,0.5293056653307432,0.6322366086660367,0.2779007606127338,0.4080284486011474,0.5277604535579508,0.6397942159230339,0.4633709696737165,4.0,6.0,2.0,2.0,-0.0281951293985627,0.4667899370907912,0.4664513679609066,0.0993934856565966,0.054518259282526994,0.14937342618969013,0.01711625436864059,0.3720935527994409,0.14827537316007466,Senegal
SEN,686,2004,0.4919994356024909,0.2742173642213286,0.3911404656119236,0.528153021675958,0.6316851364596314,0.2781354233443638,0.4105122549566731,0.52659488882708,0.6392074751803097,0.4636125105771066,5.0,5.0,0.0,0.0,-0.0283869250253843,0.4670000921823362,0.4668026349324434,0.09927835352030759,0.05535031304581825,0.15156851902093743,0.016098770583620473,0.371362164558594,0.14859494180224253,Senegal
SEN,686,2005,0.4969605441597224,0.2704012243845131,0.4091381272793074,0.5286350082716116,0.6318436443881397,0.2744662729848414,0.4282397572829641,0.5270669370463978,0.639358664892529,0.467282908051683,4.0,6.0,2.0,2.0,-0.0296776361080394,0.4698610245674417,0.4704834001214314,0.1016323022060926,0.05503254688223645,0.1643052246799591,0.016642689660531198,0.37136099526739375,0.15183536412253013,Senegal
SEN,686,2006,0.5015075220353882,0.2652133054533381,0.4262849290394515,0.5291365452686269,0.6320388326991059,0.2693053077947668,0.4446156107551761,0.5275710369662951,0.6396048137573697,0.4702741923184019,4.0,7.0,3.0,3.0,-0.0312333297169862,0.4719224832786804,0.4733775120212296,0.10311660548868565,0.05314273536519559,0.17548853719730617,0.01654275665502956,0.3712962578704673,0.15411757177199964,Senegal
SEN,686,2007,0.501509275031436,0.2594289079606208,0.4320701815982796,0.5275155463869594,0.6303853015169171,0.2637517588506546,0.4509257976341035,0.5259427921127631,0.6378163795368759,0.4696091820335993,4.0,7.0,3.0,3.0,-0.0319000929978367,0.4712178628998942,0.4731184137104151,0.10323519885768451,0.05140420333618922,0.18111007831922907,0.015574921872077157,0.37110063218436923,0.15479745892796618,Senegal
SEN,686,2008,0.5059090625497207,0.2586316826238556,0.4484657989690917,0.5268129897327323,0.6298876697108087,0.2630927708663736,0.4663273864915266,0.5252671097725661,0.6373129680286939,0.47300005878979,4.0,7.0,3.0,3.0,-0.0329090037599306,0.4739504568962906,0.4763900619502082,0.1061352143921001,0.05396175265179256,0.19564460992668667,0.015723036752033827,0.37074729055384453,0.1590191724710894,Senegal
SEN,686,2009,0.5114400510371686,0.2692625054116154,0.4639969372085133,0.5221939011876807,0.6313126328997798,0.273524593877862,0.4812110518631878,0.5208425006890887,0.6389195413317595,0.4786244219404745,4.0,6.0,2.0,2.0,-0.0328156290966941,0.4784978454818938,0.4809285993073999,0.10831736071803573,0.05544206265138016,0.2056407360915724,0.01613652083613241,0.37101912696013434,0.16205961163480484,Senegal
SEN,686,2010,0.5141532181115998,0.2746831992075587,0.4716103428410108,0.5226361697027457,0.6303843416957766,0.2788274979636868,0.4881532125825611,0.5213023560410442,0.6379289464483137,0.4815530032589015,4.0,6.0,2.0,2.0,-0.0326002148526982,0.4807695140520938,0.4832078924542137,0.11059605073154379,0.05737429305345852,0.2132311812824305,0.017621777377441993,0.3704749419142055,0.16467554840688411,Senegal
SEN,686,2011,0.5155546530216698,0.2679764132220818,0.4810436719217769,0.5211984605971945,0.629849923967875,0.2719012654488063,0.4966412860032874,0.519904371770523,0.6373647296288323,0.4814529132128622,5.0,8.0,3.0,3.0,-0.0341017398088075,0.4801542185290345,0.4832720981152769,0.11361473593527965,0.05702670527495559,0.2310208598332405,0.017891424324944477,0.3702285540126971,0.1690418858614594,Senegal
SEN,686,2012,0.5280311176198257,0.2674852956503643,0.5278255589800127,0.5180172262682051,0.6282481030398306,0.2717257257443303,0.5461322432473952,0.5168034745710257,0.6356820331556647,0.492585869179604,4.0,7.0,3.0,3.0,-0.0354452484402216,0.4882371401896329,0.4928390384480101,0.11835309307953451,0.05893981081493091,0.2634444213528909,0.016077498489677433,0.36954845733172986,0.17700254699730728,Senegal
SEN,686,2013,0.532557056793923,0.2664690075477061,0.5363528102865269,0.524691788936034,0.6303049976620239,0.2706308735010709,0.5536459326372001,0.5232809239597613,0.6379510213280972,0.4963771878565324,5.0,7.0,2.0,2.0,-0.0361798689373905,0.4912817382572749,0.4962494147982215,0.12112488709528366,0.05945082377882537,0.2762740044313699,0.01701570321379535,0.36993234329078334,0.18066821867869348,Senegal
SEN,686,2014,0.537454044435678,0.2734674099041404,0.5498966981809702,0.5250599349245603,0.6300447822509915,0.2777896034449147,0.5664082893805608,0.5236097545851128,0.6375890638795405,0.5013491778225322,5.0,7.0,2.0,2.0,-0.0361048666131458,0.4959416122522775,0.5009979774273917,0.1244786855882291,0.061249673327667245,0.2924200958648234,0.017708911012395037,0.3698357642803434,0.18530361112130728,Senegal
SEN,686,2015,0.5402139872272546,0.2785623167791133,0.5562056838072261,0.5240508246473807,0.6312533883621932,0.28279059163392,0.5721180308247561,0.5225617513836546,0.6383997468043336,0.5039675301616661,4.0,6.0,2.0,2.0,-0.0362464570655884,0.4985928063201285,0.5037220412237224,0.12712533225499562,0.06501566012468425,0.30266410666677096,0.017793543361270335,0.3713860759153034,0.18921484651700723,Senegal
SEN,686,2016,0.5438626639922322,0.2773229050496925,0.5660008217650057,0.5244990160837522,0.633535026919314,0.2814533567324331,0.5817026809229608,0.5231174736720563,0.6408128227685608,0.5067715835240028,5.0,6.0,1.0,1.0,-0.0370910804682294,0.50131894150941,0.5068881041858762,0.1299672145017135,0.06006650389690822,0.3108190661146107,0.022113560028786488,0.37232294432010316,0.19133051859010214,Senegal
SEN,686,2017,0.5461781021630487,0.2762168972741054,0.5677019428213506,0.5306207923084856,0.6353976138171379,0.2808185499658928,0.5828187850872532,0.5292714988478803,0.6425156340665784,0.5088561169919011,5.0,6.0,1.0,1.0,-0.0373219851711476,0.5042649131714517,0.5100242028230221,0.1382091348656438,0.06477578143330213,0.3165540213802609,0.034422328127032234,0.37373403403001904,0.19737154124265358,Senegal
SEN,686,2018,0.5508271661961632,0.2711293292471786,0.5851067449455035,0.5309015876008928,0.635754897144231,0.2758006920742907,0.5993574517514252,0.5296622699269672,0.642953958058626,0.5119435929528273,4.0,6.0,2.0,2.0,-0.0388835732433359,0.5073180638482173,0.5139919950766593,0.14484181813029692,0.0650521249999866,0.3368196990091914,0.04079588574340377,0.37343008587831505,0.2040244489077242,Senegal
SEN,686,2019,0.5566758750106232,0.2742427805547709,0.6048657882245276,0.530035239129548,0.6351925040704032,0.2786770979533363,0.6179492228921287,0.5288976298895373,0.6423960244411018,0.516979993794026,5.0,6.0,1.0,1.0,-0.0396958812165971,0.5117373230944626,0.5191049073909542,0.15060633255315747,0.06693856772122453,0.35775686867888506,0.044967946852326246,0.3721850768009849,0.21046211501335518,Senegal
SEN,686,2020,0.5667656478413547,0.2637859116703955,0.6289464717444238,0.5312712388967563,0.646481637069169,0.2683488291856539,0.6402362008989585,0.5301352862422668,0.6534435259894193,0.5230409605790747,4.0,6.0,2.0,2.0,-0.04372468726228,0.5172116356969914,0.5259396108980938,0.15672406320516447,0.06399554126647498,0.39400278268045835,0.04384516766373394,0.3796544772693837,0.22037449222001276,Senegal
SEN,686,2021,0.5672085252625574,0.2726358394197775,0.6309839210092424,0.5266289069546376,0.6455147146703372,0.2771411036248361,0.6420852101711972,0.5257361018234472,0.6523763716151115,0.524334696808648,5.0,6.0,1.0,1.0,-0.0428738284539094,0.518659890116245,0.5269824412095222,0.16175614668469618,0.06619650879392178,0.3960211436159712,0.05250362235356343,0.3790918067568682,0.22345327038008117,Senegal
SYC,690,2001,0.5359268417752542,0.4283513353292917,0.5091745074865855,0.5117681031653999,0.5876001096962358,0.4381909281507443,0.5221985313656655,0.4978209657104471,0.5871342543646889,0.5113361698978864,1.0,2.0,1.0,1.0,-0.0245906718773677,0.5263301014916364,0.5274073971642479,0.20855132333026632,0.264408717501529,0.29015869362432484,0.024682294035317038,0.6396585876280567,0.3047270731973069,Seychelles
SYC,690,2002,0.5358763891720016,0.4579493938661454,0.5146315755123303,0.5274142328300364,0.5700832224210812,0.467747881386134,0.5269679978993447,0.5149103929655287,0.5653573976237212,0.5187459174686821,2.0,2.0,0.0,0.0,-0.0171304717033194,0.5259982772453695,0.5231903458944546,0.21735381908287754,0.25667583437046904,0.33377824762722036,0.025266307523939862,0.6372387084383109,0.313239774489985,Seychelles
SYC,690,2003,0.557490623010198,0.5125063243907,0.5752576442869561,0.5274782367377369,0.5689475440097936,0.5204125779457687,0.5869738520352935,0.5151833861755769,0.5640024635352606,0.546643069922975,1.0,1.0,0.0,0.0,-0.010847553087223,0.554643372333003,0.5524949124961774,0.23475301756390762,0.30433882158538045,0.4108699064767461,0.02438232491428527,0.637506187344415,0.3442743100802067,Seychelles
SYC,690,2004,0.5452505839368298,0.4814290870257687,0.5670023049040482,0.4883997325323199,0.571042663079677,0.4900991200578271,0.5782912617556112,0.472986041419873,0.5660370147335021,0.5268533594917033,1.0,2.0,1.0,1.0,-0.0183972244451264,0.5350307787879031,0.5336025942279401,0.22235744004154429,0.27371170994573146,0.359183073355791,0.023101266923312082,0.6387466851511487,0.3236856838439958,Seychelles
SYC,690,2005,0.5471519101099825,0.4749225790957952,0.5636907894680735,0.5046171799551524,0.5710460486069793,0.4857019077598686,0.5746344331893206,0.4902533080743005,0.5660808680193657,0.5291676292607139,1.0,2.0,1.0,1.0,-0.0179842808492686,0.5403134407944139,0.5371728296860073,0.22358513338767746,0.28585689458890884,0.35867233876733867,0.024777546900467688,0.6387112170294058,0.3270044993215303,Seychelles
SYC,690,2006,0.5475827525898662,0.492485402005006,0.5860579926073735,0.5019923707504707,0.5544238613646653,0.5027575314447863,0.5937045949261592,0.4869600597934749,0.545310127251227,0.5321830783539119,1.0,2.0,1.0,1.0,-0.0153996742359543,0.5389152814316109,0.5345561666247584,0.2415924303004948,0.2913581167808516,0.4413247030865585,0.02623270143586488,0.6365111730279756,0.34885667358281264,Seychelles
SYC,690,2007,0.5587386862557329,0.4673455213459712,0.5962328440545277,0.5272090383990609,0.5663170197697724,0.4780962788049921,0.6010363505258082,0.5141625615716842,0.5604109901658908,0.5384265452670938,1.0,2.0,1.0,1.0,-0.020312140988639,0.5514928225283646,0.5519852426817832,0.2538552417448351,0.27596721112779155,0.4950409838078152,0.028327029032581403,0.637868280557459,0.3593008761314118,Seychelles
SYC,690,2008,0.5506172324531877,0.4369585642938767,0.5816781678234044,0.5177774873952201,0.5676673622488914,0.4444122507651982,0.5853238694558787,0.5040936539429272,0.561888565592375,0.5239295849390947,1.0,2.0,1.0,1.0,-0.026687647514093,0.5302066956123017,0.5344204726122895,0.25077944473184477,0.34154614532619326,0.4717566734572957,0.027602273623204516,0.638237166196236,0.3697855646507324,Seychelles
SYC,690,2009,0.5511200036931687,0.4651426326140566,0.5996227516934698,0.5074301927973559,0.5560769497813635,0.4723344456486916,0.6035016493582225,0.4930691266737113,0.5474617498356285,0.5290917428790635,2.0,2.0,0.0,0.0,-0.0220282608141052,0.5323429460075952,0.5338370167121474,0.24143638016646826,0.36284784811452064,0.42742430676531373,0.026914038876720274,0.6366520524786349,0.3634595615587974,Seychelles
SYC,690,2010,0.585949853977311,0.4648335984038116,0.6175079956011537,0.5222650929310229,0.6195388303006004,0.473980270581649,0.6181949443617816,0.5089517553275525,0.6096593717061046,0.5526965854942719,1.0,2.0,1.0,1.0,-0.0332532684830391,0.5562291486383287,0.5587166781138108,0.2688213614790467,0.3241484046685052,0.5313325335197674,0.02805142899786204,0.6679636697514182,0.3878740092343882,Seychelles
SYC,690,2011,0.6211545270133155,0.4758287558195251,0.7077589958023783,0.543286613993285,0.6283341692584838,0.4859651687070713,0.7148998670662106,0.5312758348202654,0.6207361427663164,0.5882192533399659,1.0,1.0,0.0,0.0,-0.0329352736733495,0.5944308828683531,0.6011969999368877,0.27108354022600717,0.35779104338406825,0.52977007829053,0.03030879090685408,0.6690495596008701,0.39672986804558064,Seychelles
SYC,690,2012,0.6192413039930992,0.5027445702898841,0.7088333655510115,0.5331390629134425,0.6228342123114189,0.5107104486654438,0.7134226955114246,0.5201391720972827,0.6138369620307816,0.5895273195762332,1.0,1.0,0.0,0.0,-0.029713984416866,0.5866010035940079,0.591216275788799,0.27756540448106976,0.36310562654865286,0.5591794742499115,0.030733776987213468,0.6683456729987751,0.4053411376961382,Seychelles
SYC,690,2013,0.6235302138524635,0.5026224343532472,0.7057407563601136,0.5486322973474066,0.6275072470429286,0.5105443276859843,0.7088623440444537,0.5367828403363409,0.6197861451048187,0.5939939142928995,1.0,1.0,0.0,0.0,-0.029536299559564,0.5933289979928201,0.5990030654140213,0.3005732844608073,0.34801201729000336,0.6419832818060968,0.04131754411904657,0.6688645975086314,0.4250443601809445,Seychelles
SYC,690,2014,0.6141906944311075,0.4581285988868438,0.7015705292784202,0.5409569705463853,0.6206107478750339,0.4675951290770407,0.7056895633785584,0.5282858654380296,0.6111322472588228,0.5781757012881128,1.0,2.0,1.0,1.0,-0.0360149931429947,0.5775155705936867,0.585118552965995,0.29239646116008394,0.3109727236674318,0.5500036625599228,0.06479707922766907,0.6652004466590934,0.3977434780285293,Seychelles
SYC,690,2015,0.6193853398819995,0.453971994623625,0.7187287238377518,0.5440277266013672,0.6203849305917748,0.4653646237604906,0.7208636516839155,0.53130275759031,0.6107480612893613,0.5820697735810194,1.0,1.0,0.0,0.0,-0.03731556630098,0.5870029381111959,0.5955996703056599,0.32425776063075507,0.24398084555198943,0.6738424999361461,0.0789521887597522,0.665263025141124,0.4155096398472529,Seychelles
SYC,690,2016,0.6051193217406529,0.5163864239645987,0.6652580036278695,0.5411903433195628,0.6126558920908947,0.5275050794418709,0.6630575851165684,0.5277073477105896,0.6013658530937477,0.5799089663406941,1.0,2.0,1.0,1.0,-0.0252103553999587,0.5849186553815928,0.5841279930784851,0.3112137727372843,0.25673845516338034,0.5630498728158339,0.09706000159260927,0.6639900071492401,0.39520958418026586,Seychelles
SYC,690,2017,0.6113586193464947,0.5182517900376558,0.6844751225819141,0.5453758157085727,0.61176316920127,0.5282072162841902,0.6808545876370965,0.5318672786076508,0.6002524510830393,0.5852953834029941,1.0,1.0,0.0,0.0,-0.0260632359435005,0.5883428419928398,0.589282152844177,0.3285740617401136,0.27928712710293435,0.58044029036883,0.12017981413255524,0.6638699229041118,0.41094428862710786,Seychelles
SYC,690,2018,0.6250861024883893,0.5121141511522284,0.6978209794381277,0.5789480017319233,0.619709664383682,0.5219478894585122,0.6932134691952152,0.5680442778960999,0.6102319143429265,0.5983593877231884,1.0,1.0,0.0,0.0,-0.0267267147652008,0.6021941807379719,0.6058845825943122,0.35638372034594046,0.2733131553302362,0.5852340701656217,0.167958992015448,0.6648766487398226,0.42284571656278214,Seychelles
SYC,690,2019,0.6380033896299088,0.5002255033695585,0.7156005954370507,0.5988625951417729,0.6305946743607576,0.510864506889577,0.709526187760278,0.5892153476207033,0.6239551405216065,0.6083902956980412,1.0,1.0,0.0,0.0,-0.0296130939318676,0.6155674147202006,0.622048954737278,0.3831430800476581,0.24352507170281584,0.6069111849428231,0.20880834602013623,0.6662071704013988,0.4313629432667935,Seychelles
SYC,690,2020,0.6612611232853398,0.4432702242700245,0.7970349603537729,0.609057260751148,0.6356462248875899,0.4515312814539412,0.7865521727594769,0.6008082506514867,0.6300297383460508,0.6172303608027389,1.0,1.0,0.0,0.0,-0.0440307624826009,0.6291048612499376,0.6500903228936992,0.46564940481237393,0.2581566302324004,0.8869817346361348,0.2493859477190814,0.6670912503225445,0.5154038907275402,Seychelles
SYC,690,2021,0.6623019087709361,0.4726593713752563,0.7570766996925259,0.6529429848574365,0.6381960237259678,0.4824706975455,0.7483594626574283,0.64761313195843,0.6332757891080251,0.6279297703173459,1.0,1.0,0.0,0.0,-0.0343721384535902,0.6444481968935863,0.6598472039915805,0.5491873137766005,0.2622351528172695,0.762813944527883,0.4446842610222434,0.6673744573024334,0.5342769539174573,Seychelles
SLE,694,2001,0.3843679623444648,0.2094019779567634,0.2278908877981246,0.4991388350575377,0.5083858941327672,0.2122148120096757,0.2430395984505891,0.4987649812535608,0.5209598168309678,0.3687448021361983,29.0,37.0,8.0,8.0,-0.0156231602082664,0.3749014093822691,0.3722856250577267,0.08723877684140793,0.03146708022153123,0.06487347976537416,0.04958474144332991,0.30266939725336134,0.11214867467089916,Sierra Leone
SLE,694,2002,0.4008963961023546,0.2697719993438928,0.2403179596232755,0.5091186900816642,0.5161333468418449,0.2756898175753534,0.2563729808954886,0.5083841756504955,0.5284858136192806,0.3922331969351545,26.0,26.0,0.0,0.0,-0.0086631991672,0.4051829727295312,0.398854874654803,0.08955061896160998,0.037967061818350425,0.07074061922346588,0.048296971934785826,0.3083264787081988,0.11633278292120022,Sierra Leone
SLE,694,2003,0.4041227188985753,0.2575633439724329,0.2591349741538349,0.5010796520177829,0.5188004408656338,0.2624098314470143,0.2758145949997023,0.5003330614763954,0.5313119342808834,0.3924673555509989,26.0,28.0,2.0,2.0,-0.0116553633475764,0.4043337782302972,0.3999163821111485,0.09036424363091976,0.041320303545664336,0.07531766609624271,0.04694001333549717,0.3093458677091057,0.11823096267162748,Sierra Leone
SLE,694,2004,0.4095054324660385,0.2586776589953922,0.2772985786194945,0.5074191295829532,0.5148304089859208,0.2632727452216298,0.2941946269434553,0.5065528632669312,0.5270102769372427,0.3977576280923147,25.0,28.0,3.0,3.0,-0.0117478043737237,0.4091019496566253,0.405715236420969,0.09128504207098541,0.0438949038153304,0.08209425945139459,0.04605726513011037,0.30793739454358154,0.11999595573510423,Sierra Leone
SLE,694,2005,0.4136124966850015,0.2573401418458594,0.2871406945823896,0.5123930637277263,0.515766394605686,0.2618166606741045,0.3041060417689035,0.5114330611029227,0.5280862407180882,0.4013605010660047,24.0,26.0,2.0,2.0,-0.0122519956189968,0.4129196555726938,0.4102356308378681,0.09167452993517114,0.04451066765065778,0.08599067644133637,0.04534690940168754,0.3078762912785281,0.12093113619305246,Sierra Leone
SLE,694,2006,0.419858274261405,0.2602008894406432,0.3025023632465377,0.5151326492188493,0.5178728814875098,0.264449955264339,0.3196185581685754,0.5141490813584779,0.5304473374943189,0.4071662330714278,23.0,26.0,3.0,3.0,-0.0126920411899771,0.4184467922609585,0.4163991595459999,0.09293008055233748,0.046650007824590264,0.09246542568038649,0.04484188257372607,0.30824854950198144,0.12305146639517106,Sierra Leone
SLE,694,2007,0.4181004343962541,0.2583437645102686,0.3033424450314789,0.5142720023049592,0.5135318559880914,0.2628491859900657,0.3209118210799618,0.5132238741441655,0.5257518393554318,0.4056841801424061,27.0,29.0,2.0,2.0,-0.012416254253848,0.4176067186020437,0.4156389509691125,0.09177640107335797,0.046751791652893976,0.08804526833463514,0.04429462320073073,0.30723476735749883,0.12158161263643967,Sierra Leone
SLE,694,2008,0.4195594979957907,0.2536148397656623,0.3092978707548297,0.5173019564338281,0.5126869532762646,0.258310804498169,0.3269420095673516,0.5161790378268296,0.5248456057447568,0.4065693644092767,28.0,29.0,1.0,1.0,-0.0129901335865139,0.4181223899273735,0.4165819006813702,0.09191865107331115,0.04572957275880368,0.09197426749749686,0.04372659952740722,0.30690493266256114,0.12208384311156723,Sierra Leone
SLE,694,2009,0.4220139992703137,0.2473066475915427,0.3202850591829824,0.5169924114522148,0.5129938399596435,0.2520213833029137,0.3379855609792737,0.5158561587754934,0.5252158300350608,0.4077697332731854,28.0,31.0,3.0,3.0,-0.0142442659971283,0.4187115472142125,0.4178467534112554,0.09263857659874268,0.04576802876250321,0.09845518202869831,0.04301367114167552,0.30683808712449895,0.12351874226434399,Sierra Leone
SLE,694,2010,0.4347883586803663,0.2441361311471764,0.3344366767400677,0.5207179854280443,0.5356262938824422,0.2490478828472096,0.351180254050404,0.5195182906286123,0.5475774340881718,0.4168309654035995,26.0,29.0,3.0,3.0,-0.0179573932767668,0.4268481433439678,0.426300106962772,0.0976460890500665,0.04940080305538686,0.11341792056612653,0.042552752091059645,0.3207700781496411,0.13153538846555352,Sierra Leone
SLE,694,2011,0.4286499428235378,0.1979474308234738,0.3385698491581001,0.519721549542529,0.5327100658176576,0.204385500631353,0.3553238611777093,0.5184965453113064,0.5444344432908287,0.4056600876027993,30.0,33.0,3.0,3.0,-0.0229898552207384,0.4176792118882456,0.4189474835888526,0.09737866368196624,0.049115184716142714,0.11419186876470086,0.04218365518514894,0.31971098561253003,0.13130042356963062,Sierra Leone
SLE,694,2012,0.449269018008812,0.2563814642692685,0.3420891933698913,0.52654344505211,0.5614202844858605,0.2607624053181465,0.3585571601872754,0.5251372979237845,0.5722558503686029,0.4291781784494524,24.0,25.0,1.0,1.0,-0.0200908395593596,0.4379925930561648,0.4369986446090451,0.10349167398333163,0.06614672990712869,0.1180679283985006,0.04212425818917135,0.3365032859476894,0.14071055061062251,Sierra Leone
SLE,694,2013,0.4609472306172463,0.2938317111831481,0.3589636930101654,0.534262882469232,0.5618406140206195,0.2971444626831772,0.373150389479114,0.532635844024971,0.5727404894971129,0.4439177964210938,23.0,21.0,-2.0,2.0,-0.0170294341961525,0.4513222165699988,0.4494244028868893,0.11012913790137874,0.08091650141630141,0.14150276974949497,0.04246083579299388,0.3363550813160209,0.1503087970687028,Sierra Leone
SLE,694,2014,0.4635777862799603,0.2654317106693265,0.3824505456566937,0.5317728476911066,0.5617601174920088,0.2679915416116952,0.3952759486413163,0.5301726799337827,0.572683368031861,0.4415308845546638,24.0,25.0,1.0,1.0,-0.0220469017252964,0.4453985840114898,0.4460909192439964,0.11106594863363506,0.06724476175365113,0.164845388776175,0.041307756479655684,0.3362665653821326,0.15241611809790362,Sierra Leone
SLE,694,2015,0.4568681488664447,0.2324486222909288,0.3896255180444057,0.5195782358956353,0.5564715858363216,0.237176464302432,0.4016712082608521,0.5183080492862838,0.5669958491373192,0.4310378927467218,26.0,28.0,2.0,2.0,-0.0258302561197229,0.4375378463677878,0.4393061066255579,0.10894383615115683,0.049025271123710905,0.1744527072199034,0.04071882427173042,0.33448665867797034,0.14967086532332877,Sierra Leone
SLE,694,2016,0.4628549925973801,0.2653013917796866,0.3993002576272337,0.5115310916286635,0.5578185734142054,0.269874448200314,0.4101852171723528,0.5103352368837247,0.5684984607867469,0.4397233407607847,25.0,25.0,0.0,0.0,-0.0231316518365954,0.4466150049156032,0.4470493875052796,0.11235040972920407,0.05295739886779448,0.19141352302526946,0.040365288443794216,0.33490321359513275,0.15490985598299772,Sierra Leone
SLE,694,2017,0.462403467750572,0.2468161521976272,0.4017552830938312,0.5161917895898974,0.5586011542374917,0.2516876009286102,0.4122102218677536,0.5149519918272911,0.5694023762305412,0.4370630477135491,26.0,28.0,2.0,2.0,-0.0253404200370229,0.4436200152155936,0.4449259548248895,0.11290320574771234,0.050733459892750965,0.1945528922777791,0.04118288901917376,0.3348895349899055,0.15533969404490233,Sierra Leone
SLE,694,2018,0.4634582717890906,0.2477244435857419,0.3991598228857914,0.5259989616828615,0.557632085518657,0.2525910349931459,0.40985389575311,0.5245894306786026,0.5683894324215992,0.4388559484616144,26.0,29.0,3.0,3.0,-0.0246023233274761,0.4454302580072598,0.4468345102341641,0.11200012613187252,0.04886661105922652,0.1917055088115413,0.041117706194984366,0.33443280200277026,0.15403065701713062,Sierra Leone
SLE,694,2019,0.4668980923828265,0.2558194415549192,0.4038059775152861,0.5295346233064484,0.5583554171801369,0.2607324862378113,0.4137988593248705,0.5280219262206636,0.569214519250298,0.4429419477584109,27.0,28.0,1.0,1.0,-0.0239561446244156,0.449782869957147,0.4509753468706161,0.11400624034186702,0.051242417560122086,0.2019878994381474,0.0409178674139075,0.3342546971963908,0.15710072040214196,Sierra Leone
SLE,694,2020,0.4669331356815169,0.2467081248898497,0.4109909303719817,0.5261824144162657,0.5578595052327348,0.2514644674464582,0.4207965379857008,0.5247225823049713,0.5687191007431052,0.4414256721200588,27.0,30.0,3.0,3.0,-0.0255074635614581,0.4473686836050833,0.4493477767260407,0.113925426535335,0.04653234379648992,0.2089782696068874,0.040188680532122045,0.3338343619158586,0.1573834139628395,Sierra Leone
SLE,694,2021,0.4749737978672267,0.2580782878593189,0.4340302785240514,0.524152870899917,0.5583420973028682,0.2629938192637511,0.4423983090630449,0.522744717616696,0.569262320396971,0.4493497915851158,27.0,29.0,2.0,2.0,-0.0256240062821109,0.4555060388379424,0.4576480939770173,0.12039880902656908,0.051039976012394524,0.23347104855004588,0.04331751042485178,0.3338343169143768,0.16541571297541724,Sierra Leone
ZAF,710,2001,0.4052978190786261,0.3703759757907177,0.4526253616803589,0.4450470435759244,0.3567661250383592,0.3751256978096913,0.4670076323877253,0.4394741144588333,0.3578483599339573,0.4098639511475518,20.0,18.0,-2.0,2.0,0.0045661320689256,0.416554300632734,0.4194970959474585,0.11157425665186321,0.14479716054721525,0.2875819013779986,0.01634044594328457,0.19839055629534835,0.1617775160409617,South Africa
ZAF,710,2002,0.4092787419318272,0.3771011279989496,0.4610894445428866,0.4468997556911305,0.3573479356970694,0.3816411282656204,0.4747319853780014,0.4410389453207369,0.3582603947323776,0.4139181134241841,20.0,17.0,-3.0,3.0,0.0046393714923569,0.4194921497928927,0.4225627879484347,0.11385016562457784,0.1467356841255851,0.3008479729994634,0.01563694609675822,0.19888615341334673,0.16552668915878838,South Africa
ZAF,710,2003,0.4108640676410084,0.3686216651744819,0.4743568429603428,0.4435576401483471,0.3559509773714239,0.373871016945302,0.4870349035977097,0.4375000075345322,0.3564172725518554,0.4137058001573498,22.0,19.0,-3.0,3.0,0.0028417325163414,0.4195187381007637,0.4233122133693219,0.11553743220831587,0.14524116130051326,0.3129027212946727,0.015502857674783512,0.1988593952237889,0.1681265338734396,South Africa
ZAF,710,2004,0.4146424256981973,0.3699174097049326,0.4900017623084373,0.439470811622934,0.355542703905772,0.3756090001640615,0.5022140424386935,0.4334960256205833,0.3559771609827509,0.4168240573015223,21.0,19.0,-2.0,2.0,0.0021816316033249,0.4226783073015275,0.4269455182715069,0.12050451862326131,0.14895388774935026,0.33874493521275956,0.015505320465112951,0.19881535423114158,0.1755048744145911,South Africa
ZAF,710,2005,0.4201265990375747,0.3745975158135405,0.5105858995281711,0.4425835862995386,0.3504563656590493,0.3809430791059853,0.5206717305436992,0.4364415224684146,0.3502738708439843,0.4220825507405208,20.0,17.0,-3.0,3.0,0.0019559517029461,0.4271579889949809,0.4319188541543561,0.12709879449927888,0.1604495808704272,0.36664983335714074,0.015726198334459877,0.19757747346559754,0.18510077150690635,South Africa
ZAF,710,2006,0.4264105769834231,0.3784421973515769,0.5286995059911219,0.4430901894298459,0.3513675539546368,0.3846983417678726,0.5372879912632572,0.4369218735763684,0.3511784996906689,0.4275216765745417,20.0,17.0,-3.0,3.0,0.0011110995911186,0.431874320627895,0.4372411771639313,0.13296084500820843,0.16391027997607735,0.3972824964615457,0.01589461935041416,0.1978786625170254,0.19374151457626565,South Africa
ZAF,710,2007,0.4278360428138454,0.384361144820219,0.534519909770347,0.4370967040654627,0.3518741653633638,0.3905860901460629,0.542553200054194,0.4307425322554919,0.3517274923622768,0.4289023287045064,20.0,18.0,-2.0,2.0,0.001066285890661,0.4327143649994522,0.4380327168847195,0.135772253197592,0.1713993528974034,0.40610666137676055,0.015913095319210674,0.19803762616403475,0.19786418393935234,South Africa
ZAF,710,2008,0.4279476387444821,0.3947860854513124,0.5396169044634795,0.4295235961676971,0.3486354198121298,0.4010330960708667,0.5469867079661338,0.4234372739579519,0.3481362215871547,0.4298983248955268,22.0,19.0,-3.0,3.0,0.0019506861510446,0.4328976060325988,0.4380146033587119,0.14068115095043743,0.18718827506699945,0.41996980211277807,0.015855076634182258,0.19721369309250997,0.20505671172661744,South Africa
ZAF,710,2009,0.4395317668799425,0.3889396674783959,0.5725350786397854,0.4371151046969037,0.3515512602549491,0.3958836986688543,0.5810324958623256,0.4309850790503743,0.3514436674532895,0.4398362352587109,22.0,17.0,-5.0,5.0,0.0003044683787684,0.4419738758646271,0.4487554877536843,0.1476676118908186,0.1875186721932918,0.46080328183911595,0.01582871555560116,0.19790138907441843,0.21551301466560685,South Africa
ZAF,710,2010,0.444588419256903,0.4080151390040836,0.5972243933433055,0.437932245528535,0.3380773011268103,0.4151299719472059,0.6030070864694523,0.4317104829573661,0.3365458818470678,0.4465983558052731,22.0,15.0,-7.0,7.0,0.00200993654837,0.4488225961360003,0.4559763082871924,0.15744505187088126,0.20186243960554787,0.5078305463899229,0.01570350673314418,0.19442607959861039,0.2299556430818063,South Africa
ZAF,710,2011,0.4594384251076282,0.4125527092461444,0.6274401389873154,0.4392334382199035,0.3520091856160712,0.4197315308580594,0.629198274173345,0.4331876953273778,0.3520363814680041,0.4585384704566966,20.0,12.0,-8.0,8.0,-0.0008999546509316,0.4603951293418193,0.4682637567659493,0.16838165869098357,0.208914583807987,0.5620394155916739,0.015887866906772876,0.1980002969881495,0.24621054082364582,South Africa
ZAF,710,2012,0.4640908272605442,0.4038654220936,0.6425383386957375,0.4441587150360692,0.3528754903001364,0.4109918041308877,0.6425394854606817,0.4379543522089661,0.3528703867773464,0.4610890071444705,20.0,12.0,-8.0,8.0,-0.0030018201160737,0.4629349460014879,0.4718167694158419,0.17381301527904688,0.20446101694055777,0.5975604140236419,0.016220942348028417,0.1985729569559591,0.2542038325670468,South Africa
ZAF,710,2013,0.4700119307464329,0.4028342626949423,0.6587589803081363,0.4483578589247918,0.3539641849148917,0.409783687616149,0.6567443059762296,0.4423235729772367,0.3539731965040694,0.4657061907684211,20.0,11.0,-9.0,9.0,-0.0043057399780117,0.4672924991734559,0.4768701923125922,0.18511884610247262,0.20312071994661443,0.6292696985735469,0.028319582390247483,0.1991292023736728,0.2649598008210204,South Africa
ZAF,710,2014,0.4785393175202019,0.4066958389411875,0.6662898815421093,0.4586318621249784,0.3639826990370169,0.4141622376454388,0.6631445277649838,0.453302853090587,0.364766189729023,0.4738439520575082,20.0,9.0,-11.0,11.0,-0.0046953654626937,0.4771048877479369,0.4868980630030377,0.21178608382347044,0.2132737382445325,0.6505746155118357,0.06927281631097111,0.20270011186491135,0.28395532048306266,South Africa
ZAF,710,2015,0.4818658992191007,0.3974394352631867,0.6826043091517645,0.4676980189573628,0.3580482180995466,0.4039526613199731,0.6776994935286982,0.4624062551887723,0.3582785335568097,0.4755842358985633,17.0,9.0,-8.0,8.0,-0.0062816633205373,0.4784850646685538,0.4895806371280237,0.2172495279103691,0.19227530744735596,0.6844651278332171,0.07645481782017283,0.20128373160144522,0.2886197461755478,South Africa
ZAF,710,2016,0.4904330699412293,0.4024463382585229,0.6849844378960758,0.4738132532515391,0.3743226381383553,0.4087613591545307,0.6804419666687325,0.4691919927497952,0.374964745027573,0.4833400159001578,15.0,7.0,-8.0,8.0,-0.0070930540410715,0.4885591004550575,0.4999221728987385,0.23970749887208542,0.1925062111136678,0.6993580955837179,0.11342291974890442,0.20889787348868455,0.3035462749837437,South Africa
ZAF,710,2017,0.4956496001823964,0.407666093832965,0.7009843279839026,0.4849506125499785,0.3674036217414794,0.4148045798017215,0.6952019948198531,0.480944382786846,0.3673340490247984,0.4895712516083047,14.0,7.0,-7.0,7.0,-0.0060783485740916,0.4971233068799215,0.5092068601993144,0.2751995044002199,0.20438051972277804,0.7289532083553255,0.1700006694143007,0.20719414024955551,0.3276321344354899,South Africa
ZAF,710,2018,0.5034281828186326,0.4053815857269155,0.707259606075003,0.5018293479677853,0.3748090634020113,0.4125673464593775,0.700303839604141,0.4988464870336626,0.3753311506636527,0.4967622059402085,12.0,7.0,-5.0,5.0,-0.006665976878424,0.5047911449510026,0.5172181388726811,0.30868948005221614,0.20400991720282566,0.7504638822997751,0.2280964064354678,0.2101689368636552,0.34818478570043093,South Africa
ZAF,710,2019,0.5094105182472927,0.4023525918129234,0.7348814273241335,0.4968902368746767,0.3728125734950391,0.4090751286742723,0.7266452989598643,0.4936265223873921,0.3727682982413234,0.500528812065713,12.0,7.0,-5.0,5.0,-0.0088817061815796,0.5082174031821428,0.5220221307080282,0.3175080424481983,0.19832129102473325,0.8068618045928143,0.2288371349827392,0.21006815829381023,0.36102209722352424,South Africa
ZAF,710,2020,0.5217305582217089,0.4156312839179418,0.7575256453457557,0.5067268958295327,0.3778550256464794,0.4223555330520328,0.7484080154533955,0.5044512230301735,0.3783916428238579,0.513401603589865,10.0,7.0,-3.0,3.0,-0.0083289546318439,0.5207587383878662,0.5352340654626171,0.3469895200791824,0.21570118378868164,0.835583360943266,0.27101371573964395,0.2116285938172617,0.38348171357221333,South Africa
ZAF,710,2021,0.527837980741573,0.4450525145340334,0.7582528611424753,0.5070315985686733,0.3832171178486231,0.4520014817965863,0.7485833501806022,0.505455144100059,0.3846774255818893,0.5226793504147842,9.0,7.0,-2.0,2.0,-0.0051586303267887,0.530386179754218,0.5433318346528695,0.3555656944215268,0.2308348710379582,0.8412070384990376,0.2805225293519254,0.2128079342572979,0.39134309328655476,South Africa
ZWE,716,2001,0.3982091684838785,0.2305969833735577,0.2771159858234273,0.4618550493968482,0.5203130869600409,0.2352745580241956,0.282586393273509,0.4615567046039099,0.5247118413000089,0.3760323743004058,25.0,31.0,6.0,6.0,-0.0221767941834726,0.3975306178015083,0.3965028839181933,0.08051781876808117,0.059469347076048354,0.15442014455804082,0.009665931217792294,0.2609227265199947,0.12111953734296904,Zimbabwe
ZWE,716,2002,0.4284655171021425,0.2448005405840918,0.2800438409247323,0.4505980824977122,0.6023721769382838,0.2472634005760569,0.2863263584238807,0.4506614534679539,0.6043391938185966,0.397147601571622,16.0,21.0,5.0,5.0,-0.0313179155305204,0.4115624608192838,0.4094829424228675,0.08811443601874104,0.07077230600535683,0.14872411818266157,0.009346676219407662,0.30560006331762934,0.13361079093126385,Zimbabwe
ZWE,716,2003,0.4234412521729434,0.2328419789524357,0.2841419027496686,0.4366019674587207,0.5976303785241293,0.2349340759939656,0.2909498520988667,0.4370657305587591,0.5992906175947008,0.3905600690615731,17.0,29.0,12.0,12.0,-0.0328811831113703,0.4035265994010973,0.402100536078892,0.08651442457595872,0.06390044506398408,0.14945093845199212,0.008868691270442375,0.3037073264538903,0.13148185031007723,Zimbabwe
ZWE,716,2004,0.4294496059611877,0.2526930159793788,0.2901691118275753,0.4290767186393132,0.6063948278018186,0.2549517796778654,0.297758575371413,0.4298894904786387,0.6089919572594303,0.3978979506968368,17.0,27.0,10.0,10.0,-0.0315516552643508,0.4112530100994753,0.4087254298586407,0.08655773662743178,0.067617885542152,0.1446329037849545,0.008723169443604128,0.30555206476724506,0.1316315058844889,Zimbabwe
ZWE,716,2005,0.4286211633778158,0.2544708572721275,0.3086585635197768,0.4177498433294272,0.5950194265667555,0.2567023264291584,0.3179482007413515,0.4188590660781204,0.5965649608945923,0.3975186385358057,18.0,29.0,11.0,11.0,-0.0311025248420101,0.4103933304138696,0.4084880962419177,0.08671966606869742,0.06596506620487717,0.15131444057822085,0.008384744008304135,0.30225437603013056,0.1319796567053832,Zimbabwe
ZWE,716,2006,0.4306187433612267,0.2672098740147037,0.3134787830815944,0.3951522944695785,0.6049853137493219,0.2690230730156726,0.3232918683701368,0.3971276020541652,0.6075131523290145,0.3992389239422473,19.0,31.0,12.0,12.0,-0.0313798194189793,0.410303417870959,0.4074731727496177,0.09139222431318007,0.07076019908497415,0.1540692127407899,0.014317533886348158,0.30467615525053104,0.13595577524066083,Zimbabwe
ZWE,716,2007,0.4240681090666746,0.2832277318364694,0.3169142996360159,0.3670858699148127,0.5945526637483173,0.2840702980287231,0.326817305817366,0.3696240028589808,0.5962077474717856,0.3941798385442139,22.0,32.0,10.0,10.0,-0.0298882705224606,0.4037606207729683,0.4002350607911515,0.09112208270937985,0.07910203286144983,0.15586801300316727,0.011388915154016986,0.30115243016897697,0.13687784779690276,Zimbabwe
ZWE,716,2008,0.4186346048910866,0.2779700406390431,0.320776543688448,0.3311302039292573,0.5990783306537525,0.2774533005987433,0.3308459705190987,0.3342158293728368,0.6013377703199896,0.3859632177026671,29.0,35.0,6.0,6.0,-0.0326713871884195,0.394322013059455,0.3911012722846281,0.09052259497101629,0.08022041515315857,0.15109678246081826,0.011280855630715583,0.3015514314234818,0.13603737116704356,Zimbabwe
ZWE,716,2009,0.4439409738927186,0.2872328834143189,0.3381128053457627,0.4140375756532574,0.6035259977504611,0.2899863196857363,0.3469926698708485,0.4156389271895882,0.6062269736241074,0.4147112225925701,20.0,26.0,6.0,6.0,-0.0292297513001485,0.4242817002606221,0.4217349111259909,0.09010173850274918,0.06251139238234701,0.16587018904103212,0.011398142481893659,0.30234485832467217,0.13553114555748624,Zimbabwe
ZWE,716,2010,0.4519599451164232,0.3007829892709909,0.3567468497325916,0.4304115067279823,0.5961455861720786,0.304672958465194,0.3631727573028126,0.4315544051900667,0.5981434448717806,0.4243858914574635,21.0,26.0,5.0,5.0,-0.0275740536589596,0.4351196273778924,0.4322047508382534,0.09643228242901256,0.06949769026324891,0.1948691536657826,0.012554018045809197,0.3001876967696825,0.14427713968613082,Zimbabwe
ZWE,716,2011,0.4536580400649709,0.2874111060778303,0.353623768865197,0.4346698115084092,0.6057288370339358,0.2915266509631579,0.3595285089767967,0.4356384767663447,0.6085435581090377,0.4238092987038342,23.0,27.0,4.0,4.0,-0.0298487413611366,0.4327927565358465,0.430212831439312,0.09814453561853749,0.07188733895541033,0.195158509506034,0.014251787979430955,0.3027474590891549,0.14601127388250754,Zimbabwe
ZWE,716,2012,0.4672800782934282,0.3054132779805983,0.3874357253131578,0.4497391915438863,0.6005877652537169,0.3096624662882623,0.3913279268195063,0.4502143765840479,0.6029120382628299,0.4385292019886616,19.0,21.0,2.0,2.0,-0.0287508763047665,0.4455615267984822,0.4437143930872235,0.10553615424724672,0.07625679040529149,0.23049987765085492,0.016111859224281107,0.30122293780104126,0.1560228662703672,Zimbabwe
ZWE,716,2013,0.4792406319060112,0.2885808142427901,0.4246696408151327,0.4511490579041758,0.6085734506660518,0.2922591301053687,0.430789026479934,0.4515845061190991,0.6109406778566019,0.4463933351402509,17.0,20.0,3.0,3.0,-0.0328472967657602,0.4492164247685121,0.4497951326134982,0.11127292643778004,0.07573106487296898,0.2601622422174588,0.016651869612856814,0.3051021267396372,0.16441182586073044,Zimbabwe
ZWE,716,2014,0.4789209606868196,0.2933268878391791,0.4162047215021722,0.4485630578407401,0.6143178728513752,0.2971074316667434,0.4225697810839061,0.4489338963515652,0.6172529196100361,0.4464660071780627,17.0,23.0,6.0,6.0,-0.0324549535087569,0.450462336288924,0.4504618898872162,0.10878559842134403,0.07629050000369073,0.26198853203265204,0.010540294561019924,0.3065137795015557,0.16383327652472962,Zimbabwe
ZWE,716,2015,0.4753215712648883,0.2949440946919918,0.4107175198577007,0.4516884339994733,0.6064925522220479,0.2988443813407571,0.416814632917698,0.4519685383892911,0.6087208249921905,0.4440870944099842,21.0,23.0,2.0,2.0,-0.0312344768549041,0.4481254632427299,0.4479577288273391,0.10823458879047244,0.0728309188741298,0.2603062243702702,0.011868856820308657,0.30424151418101286,0.16231187856143037,Zimbabwe
ZWE,716,2016,0.4833881718778295,0.3034333643972612,0.4219195416715622,0.4579052918437818,0.6129312528199395,0.3070368607557332,0.4284448367524202,0.4583396691326659,0.6158520237421435,0.4524183475957407,21.0,23.0,2.0,2.0,-0.0309698242820887,0.4549232525416898,0.4548719757680035,0.11465191600258658,0.07376122277879689,0.2657046187797927,0.021956105564380837,0.30575837038804654,0.16679507937775423,Zimbabwe
ZWE,716,2017,0.4844050881603414,0.2698364803651416,0.4408470479870768,0.4561442391939286,0.6135718759239074,0.2725059557489001,0.447150316995954,0.4565802712815002,0.6166572127566305,0.4482234391957462,21.0,23.0,2.0,2.0,-0.0361816489645951,0.4462218264394718,0.4489351038109765,0.11392346872655344,0.06562736244601065,0.2809881994817188,0.018276772647021745,0.30570879927857053,0.16765028346333044,Zimbabwe
ZWE,716,2018,0.4856329823857183,0.2968387310562714,0.4367497941327292,0.4640572764048994,0.6059395113461987,0.3009979651801117,0.4435786020243386,0.4643990818578691,0.6082935937821712,0.4543173107111226,20.0,24.0,4.0,4.0,-0.0313156716745956,0.4575014972769738,0.4582304284589261,0.11539926659043491,0.0717227338574984,0.2784084535307901,0.02059759180622471,0.3035316748982168,0.16856511352318249,Zimbabwe
ZWE,716,2019,0.4757391512012258,0.2450531862094618,0.4263305705279764,0.4562778980410907,0.6104162023434586,0.244497812446753,0.4341436015607058,0.4569126412575723,0.613254875481224,0.4372022326865638,23.0,31.0,8.0,8.0,-0.038536918514662,0.4282075598638388,0.4329167586887568,0.1130174752578945,0.06836913505362176,0.26616929260732647,0.020776362237666844,0.30458664329664215,0.1649753582988143,Zimbabwe
ZWE,716,2020,0.4779682190863888,0.2085218578781287,0.4428301596620241,0.4516527743160818,0.6190602706716063,0.2060082285732838,0.4506753117220444,0.4524022891620732,0.622800236483084,0.4329715164851213,24.0,32.0,8.0,8.0,-0.0449967026012674,0.4193783944227948,0.4269971996054734,0.11167739847094946,0.06012682087604285,0.278672295696667,0.016186590868931976,0.3067557107908263,0.16543535455811703,Zimbabwe
ZWE,716,2021,0.4916417968614803,0.283046674996349,0.4633569359723963,0.4490547630361451,0.6145183750789525,0.2858160597157547,0.4701263585583719,0.4499406375184326,0.6178593833650076,0.4559356097893917,20.0,26.0,6.0,6.0,-0.0357061870720885,0.4564051906457896,0.4586975114778266,0.11770124927047133,0.06038645992832273,0.30487924440476283,0.019729006008265958,0.30537144610482714,0.17259153911154468,Zimbabwe
SWZ,748,2001,0.401027690043962,0.4039588267382264,0.2556934476650657,0.6399809166994543,0.3802440031685977,0.4035076694481314,0.2632834160231507,0.6435972112166398,0.3921901546792901,0.425644612841803,21.0,11.0,-10.0,10.0,0.0246169227978409,0.436457431782919,0.432403652834044,0.2682835546181896,0.16918250295475692,0.10425545113508805,0.379442583418184,0.19036035630913348,0.2108102234542906,Swaziland
SWZ,748,2002,0.4027499641036544,0.4175974543005988,0.2567078900159642,0.6330874795242867,0.3831803197699268,0.4168852134842437,0.2637757102559887,0.6365166869018231,0.3953676955356165,0.428136326544418,24.0,12.0,-12.0,12.0,0.0253863624407635,0.4397761644956249,0.4351654476534037,0.26491387564404834,0.1764192407316574,0.11411013798800625,0.36670379842909445,0.19163496690509615,0.21221703601346356,Swaziland
SWZ,748,2003,0.4147976839983893,0.4298692468174124,0.2826341294313932,0.6365856416767378,0.3888264372468727,0.4291313772442344,0.2906533229895415,0.640022069721378,0.401547704466021,0.4403386186052937,21.0,8.0,-13.0,13.0,0.0255409346069043,0.4504253078424515,0.4462623419381983,0.2683243634097376,0.18488323197655304,0.12755905236006518,0.36538202948115356,0.19401709388916483,0.21796035192673413,Swaziland
SWZ,748,2004,0.4129406532963215,0.4222140485156259,0.2916929450980952,0.6280497861623019,0.3840702975319054,0.4217475019089559,0.2988168196805771,0.631000189149903,0.3963367064280354,0.4369753042918678,23.0,8.0,-15.0,15.0,0.0240346509955463,0.4477731516789521,0.4442781266191206,0.2534475702291042,0.1785168321900234,0.1428394461111997,0.3334816016330326,0.19315119261507535,0.21199726813733277,Swaziland
SWZ,748,2005,0.4112929054974433,0.389494416486339,0.30650074730165,0.627381753964147,0.379781945504798,0.3918839652282403,0.3124509790964246,0.6302139766596193,0.391686604100785,0.4315588812712673,26.0,12.0,-14.0,14.0,0.0202659757738239,0.444619519546734,0.4426676908323061,0.2519812041661101,0.1686752882764288,0.1606488397463159,0.3284271980622876,0.19200186023424715,0.21243829657981986,Swaziland
SWZ,748,2006,0.4175019929474015,0.3868427762184612,0.3039027595381048,0.6493555708723302,0.3872641040409472,0.389494708015371,0.3093944622676413,0.6529155378705337,0.3997411657201595,0.4378864684684264,27.0,11.0,-16.0,16.0,0.0203844755210248,0.4495666262764366,0.447696435036044,0.2802850724206808,0.17065719994792516,0.158636898221985,0.3834945400727694,0.19420101730347405,0.2267474138865384,Swaziland
SWZ,748,2007,0.4198069731539343,0.3939846861398673,0.3180966445184414,0.6472451184893206,0.3807319491270777,0.3962332717377271,0.3221511887515552,0.6507147540134671,0.3925505230973222,0.4404124344000179,26.0,11.0,-15.0,15.0,0.0206054612460836,0.4505746019027187,0.4490350943951749,0.2809545803952899,0.17287257933514957,0.17252190911303975,0.3799333568891377,0.19266522773639394,0.22949826826843026,Swaziland
SWZ,748,2008,0.4264687829435182,0.3783149404602258,0.3464736227887055,0.6430570243705175,0.3841331977198343,0.3811745005110354,0.3487195250505497,0.6463866626834478,0.3963260273958379,0.4431516789102177,24.0,14.0,-10.0,10.0,0.0166828959666994,0.4525389653810776,0.4525367347612721,0.2813600097275447,0.1725640245890708,0.20837078373015167,0.3687167637941487,0.19366631323629926,0.2358294713374176,Swaziland
SWZ,748,2009,0.4224583637521308,0.368160870590742,0.3482027483291991,0.6254804777851485,0.3854992757809432,0.3716411306655595,0.34870267819477,0.628150855731196,0.3978016666030501,0.4365740827986439,27.0,19.0,-8.0,8.0,0.014115719046513,0.4476511145904634,0.4477752381408428,0.2595401773029371,0.173173586061718,0.22331347245245584,0.3207487855602895,0.19321002781632285,0.22761146797269655,Swaziland
SWZ,748,2010,0.4242290918138355,0.3660545783686725,0.3568584151593788,0.6380729227339752,0.3768771517945921,0.3697296468452312,0.3564828373490749,0.6411619039314328,0.3884625445462732,0.438959233168003,32.0,20.0,-12.0,12.0,0.0147301413541675,0.4502252012525841,0.4509320592611497,0.27406360226096604,0.16233201778042958,0.2401366684992609,0.34823203415794024,0.19077141676390547,0.23536803430038405,Swaziland
SWZ,748,2011,0.4191036862876878,0.3688616206772738,0.3631522224982799,0.5855504679289323,0.3868867611046621,0.3724718312645959,0.3620629951293325,0.5866043624926583,0.3993685129589165,0.4301269254613759,33.0,23.0,-10.0,10.0,0.011023239173688,0.4440707487569573,0.44419896520659,0.2054853662576997,0.16370728526093237,0.2492259609844989,0.20887492974138125,0.1936141843696027,0.2038555900891038,Swaziland
SWZ,748,2012,0.4211839320432552,0.3938997805080052,0.3715584177027553,0.5723619531470648,0.3843156436106563,0.39733804156332,0.3704154314158982,0.572994140698409,0.3965766446710895,0.4343310645871792,35.0,24.0,-11.0,11.0,0.0131471325439239,0.4485483813209312,0.4478758914926355,0.19018865957061334,0.17076169618512885,0.24972794030018533,0.17638515030402468,0.19290972476265877,0.19744612788799942,Swaziland
SWZ,748,2013,0.4257005440668926,0.4107266887591202,0.3730577130988644,0.5738458894760519,0.3885635356239828,0.4138618943075751,0.3696142588656393,0.5746190789771958,0.4011806945831747,0.4398189816833963,33.0,25.0,-8.0,8.0,0.0141184376165036,0.454103455844568,0.4528234287155113,0.19571682834327744,0.17757089087866768,0.2584349842900369,0.1816535760446477,0.19431537646240743,0.20299370691893992,Swaziland
SWZ,748,2014,0.428102100761742,0.4168212067488729,0.3727381484524451,0.5740085773143943,0.393118840630768,0.4191882126573561,0.3697961386166711,0.5744649891924096,0.4061137772835611,0.4423907794374995,34.0,24.0,-10.0,10.0,0.0142886786757574,0.4554611010324192,0.4539484515229207,0.18934773426394577,0.17977252827485413,0.24631122963585067,0.17194619002442146,0.19569690165058962,0.19843171239642898,Swaziland
SWZ,748,2015,0.4292725771389707,0.4186908119663634,0.378593380041439,0.5726399057262209,0.3917033947783609,0.4208915863552213,0.3752417737587543,0.5731813041199917,0.4043229556969057,0.4434094049827182,33.0,24.0,-9.0,9.0,0.0141368278437474,0.4562943746528532,0.454987208386721,0.19285512213319875,0.1782511329697206,0.25721466692478434,0.17570026066737396,0.19595543847705668,0.2017803747597339,Swaziland
SWZ,748,2016,0.4280523037809591,0.4028807345983071,0.3848592964159728,0.5606725912212551,0.3958814211759804,0.4051132136991839,0.3809357340955061,0.5608520945708056,0.4088136994234165,0.4389286854472281,34.0,26.0,-8.0,8.0,0.0108763816662689,0.4525925194563593,0.4519227171510175,0.1814819254339314,0.1678023568518621,0.2687557946177592,0.1527016928902447,0.19719424454291085,0.19661352222569423,Swaziland
SWZ,748,2017,0.4371260037549562,0.3997816812616254,0.4216617036845618,0.5602149807593879,0.3923913422267164,0.4028853151308001,0.4163943509899476,0.5603069312386173,0.4049586285596769,0.4461363064797605,33.0,25.0,-8.0,8.0,0.0090103027248042,0.4596750629426301,0.460479104135067,0.18828849976109716,0.1753443625647751,0.3115532610547024,0.14965717791848257,0.19637207540005022,0.20823171923450257,Swaziland
SWZ,748,2018,0.4386159355770307,0.388883345767177,0.4306188382907808,0.5609043118231929,0.392779515040066,0.3924674086175094,0.4254741421884305,0.5609316889127671,0.4053135434099708,0.4460466957821695,34.0,27.0,-7.0,7.0,0.0074307602051387,0.4591985643046064,0.4607541075011015,0.19038920544861257,0.18270941600053464,0.3199159032447333,0.14838936611383544,0.19680457219043962,0.21195481438738573,Swaziland
SWZ,748,2019,0.4497357025213221,0.4137172471375901,0.4632473121948034,0.5630035732048884,0.386708911706682,0.4174027787331175,0.4569830304264027,0.5631189919527254,0.398606054579429,0.4590277139229186,31.0,25.0,-6.0,6.0,0.0092920114015965,0.4715771838587591,0.4734094192814523,0.2039196981866679,0.19988722251081575,0.35436162446038066,0.15825553464730271,0.19527692237108105,0.22694532599739503,Swaziland
SWZ,748,2020,0.457150599697215,0.4129747071674852,0.4765950521057641,0.5674623443301818,0.3939724195009341,0.4159128384484528,0.4700055864142706,0.567761169737213,0.406193930137237,0.4649683811842934,30.0,21.0,-9.0,9.0,0.0078177814870784,0.4737368579085057,0.4762962821240451,0.21231044460834447,0.20030452571681176,0.36857390962892483,0.168964865356326,0.19858387559372592,0.23410679407394713,Swaziland
SWZ,748,2021,0.4637157176438193,0.4134837073693535,0.5022719199562398,0.5675181634367893,0.3909989061022444,0.4164503323261039,0.4941579418482515,0.5676580123701734,0.4029508326225757,0.4703042797917761,30.0,21.0,-9.0,9.0,0.0065885621479568,0.4802314691279248,0.4834731171759916,0.2162509165066793,0.2038161620321354,0.39750699275404877,0.16621312445873887,0.19780717900422556,0.24133586456228712,Swaziland
TGO,768,2001,0.3796190675982989,0.2520793301208161,0.2764418235798611,0.480243513631662,0.4514550388900367,0.25531702099163,0.292701046100697,0.4800385422769045,0.4630402858093359,0.3727742237946419,32.0,33.0,1.0,1.0,-0.0068448438036569,0.3867378571424676,0.3848075140338244,0.05501499639477555,0.04273579297572308,0.07464608529555679,0.01413340927605329,0.1847686784541714,0.07907099150037614,Togo
TGO,768,2002,0.3812597198288245,0.258765095642749,0.2806301785458979,0.4794512636161719,0.4506060039448433,0.2619190915145001,0.2968590949144936,0.4792347497145404,0.4620974242154225,0.3750275900897392,33.0,36.0,3.0,3.0,-0.0062321297390853,0.389043352220096,0.3869485940269872,0.05517083528107387,0.04293230216744101,0.07561426325838272,0.014191742083595523,0.18430508292146397,0.07926084760772081,Togo
TGO,768,2003,0.3858572083749318,0.2670674938765026,0.2914138901247531,0.47350780666597,0.4549147846046177,0.2701540601099871,0.3081174358978533,0.4733039339871664,0.4665987061315331,0.379543534031635,33.0,35.0,2.0,2.0,-0.0063136743432968,0.3930004114473115,0.390788952436487,0.057001585406718396,0.04588252377136015,0.08253872535879872,0.01402995471823138,0.18590044986300547,0.08208791342784894,Togo
TGO,768,2004,0.384258161736126,0.2558925435203827,0.2961847973413444,0.478614970899514,0.4477684781792376,0.258767727409784,0.312670916038927,0.4784190639264385,0.4588180051553228,0.3771689281326181,35.0,37.0,2.0,2.0,-0.0070892336035078,0.3897249658655175,0.3885194465933392,0.05658055707320948,0.04399017361824981,0.08485589863489346,0.013722092957848403,0.18375456298862514,0.08158068204990421,Togo
TGO,768,2005,0.3895725090286023,0.2535933962632711,0.3055943482706999,0.4719242217796063,0.459425016545145,0.2560490155043994,0.3223180674104058,0.471954692442835,0.4703402771879844,0.3801655131364062,32.0,35.0,3.0,3.0,-0.0094069958921961,0.3912906753881926,0.3904339554092698,0.05836825239764308,0.04518092820121412,0.09027590913875899,0.013139356108930075,0.1901690773613838,0.08469131770257174,Togo
TGO,768,2006,0.394584308821873,0.2616349598501207,0.3149900383968919,0.469520425978344,0.4640547050865128,0.2646148755704292,0.3316868530047089,0.4696974577679542,0.4754001912082917,0.385349844387846,34.0,35.0,1.0,1.0,-0.009234464434027,0.3963499008265252,0.3950938215065231,0.059839963985856795,0.0443145187911491,0.09825533896086734,0.013293620055240228,0.1915419959679952,0.08685136844381297,Togo
TGO,768,2007,0.3938668387698553,0.2545137281797053,0.3310138659327932,0.4638990959327757,0.454920494375999,0.2574342035903705,0.3478054220779896,0.4641637516300084,0.4654151230577163,0.3837046250890212,35.0,36.0,1.0,1.0,-0.010162213680834,0.39335698844361,0.3931090073582862,0.06117552274320267,0.04157434182403805,0.1093325286939978,0.013943246324450145,0.1890682388360144,0.0884795889196251,Togo
TGO,768,2008,0.432327183188381,0.2619172784231526,0.3410064956209707,0.4576291727335807,0.5533855118485589,0.2650000048527204,0.3575536442142419,0.458067412834851,0.5592773663347047,0.4099746070591296,21.0,26.0,5.0,5.0,-0.0223525761292514,0.4148354541653972,0.4133365929163395,0.07131594372096556,0.04194385118651181,0.11810777254375274,0.012946865624870987,0.24938013513812413,0.10559465612331492,Togo
TGO,768,2009,0.4382610825070656,0.2666241793004398,0.3540963790347194,0.4467288487208769,0.563648775992545,0.2698121585024918,0.3700144738347489,0.4473129764009919,0.5706453912306763,0.4144462499922272,23.0,28.0,5.0,5.0,-0.0238148325148384,0.4194765535164907,0.4178653612324238,0.07360552182509196,0.042480795818518595,0.12860642262549737,0.012999150687893857,0.2521039601371029,0.10904758231725319,Togo
TGO,768,2010,0.4444616723215693,0.2685457836766836,0.3651029131673602,0.45599432426502,0.5657449131124327,0.2716964610095242,0.3802871871705455,0.4563703071991614,0.5728064754285145,0.4202901077019364,23.0,27.0,4.0,4.0,-0.0241715646196328,0.4251096153415057,0.4239403999924088,0.07635573943809018,0.044155933364105365,0.1418072820221916,0.013290720732299735,0.2527692373855439,0.11300579337603514,Togo
TGO,768,2011,0.4428425773503456,0.2675397315684508,0.3735065530952598,0.4441077431121187,0.5616928088548696,0.2706284785761164,0.3886866665792113,0.4449471074276637,0.5684323899108651,0.4181736606234641,24.0,29.0,5.0,5.0,-0.0246689167268814,0.4215449519450766,0.4205600053393689,0.07707525383811559,0.045569501873786444,0.1450473654066031,0.013491646692734068,0.2516403639079373,0.11393721947026522,Togo
TGO,768,2012,0.4449082887226985,0.2734363088930368,0.3831210633468683,0.4354475229861154,0.5624274431811523,0.2763478579349276,0.3976313938444512,0.4365643351914264,0.5692865541869264,0.4199575352894329,26.0,29.0,3.0,3.0,-0.0249507534332656,0.4221005115491185,0.4210510143037,0.07930295347072794,0.04917288451026562,0.15412841530601235,0.01361534389159034,0.25176247899867055,0.11716978067663472,Togo
TGO,768,2013,0.4560311190132893,0.266980185542316,0.4017998672441432,0.4569782315630024,0.5678108990195794,0.2699304104187611,0.4163781727223042,0.457447594285189,0.5751616352386515,0.4297294531662264,25.0,29.0,4.0,4.0,-0.0263016658470628,0.4313920088558283,0.4315049006814236,0.08245609495674987,0.04993879029337199,0.1694954163717862,0.014063333987237333,0.2532124987783125,0.121677509857677,Togo
TGO,768,2014,0.4613928488923925,0.263942540604098,0.4152256758355085,0.4657936850969442,0.5676980213530273,0.2672864005070092,0.4298901268900686,0.466007278201954,0.5750313648034281,0.434553792600615,25.0,28.0,3.0,3.0,-0.0268390562917775,0.4363561338551185,0.4371732399119996,0.08391216216812736,0.04611180258588245,0.18143302299275857,0.014320044911436751,0.2531520020373198,0.12375421813184939,Togo
TGO,768,2015,0.4586382214944718,0.2576579929545737,0.4172041404981038,0.4755980503886171,0.5551682180500042,0.2613503229325162,0.4315673613380735,0.4755813453537059,0.561366286324199,0.4324663289871236,25.0,27.0,2.0,2.0,-0.0261718925073481,0.434657029135187,0.436093815474099,0.08347488813975576,0.04296486884452842,0.18414640212105338,0.014684917782164625,0.24963991452503856,0.12285902581819624,Togo
TGO,768,2016,0.4654104072446457,0.2581396267211912,0.430412760901837,0.4807679218279583,0.5599272984655982,0.2618332653738835,0.4437169957374596,0.4805446765781319,0.566638660573015,0.4381833995656226,23.0,27.0,4.0,4.0,-0.0272270076790231,0.4400638632108308,0.4419920338589269,0.08640475852106692,0.043348684072574986,0.1996936342890305,0.014853533855086727,0.25079046169250696,0.12717157847729982,Togo
TGO,768,2017,0.4711156328337715,0.2674420694926231,0.4388999856145427,0.4890031498658316,0.5606237430013913,0.270994374017751,0.4516515217831484,0.4885260572791388,0.5674343333697097,0.4446515716124369,22.0,27.0,5.0,5.0,-0.0264640612213345,0.4458692464130632,0.4478406975224069,0.08784073553627969,0.043285100718377933,0.20799348690478608,0.014961057162415156,0.25080632033012384,0.12926149127892575,Togo
TGO,768,2018,0.4758829999668121,0.2662699747303583,0.4458490030865754,0.4934489189897219,0.5659592739831093,0.2699295732657757,0.4583843968801692,0.4928759661884578,0.5731062706119008,0.4485740517365759,22.0,26.0,4.0,4.0,-0.0273089482302362,0.4499355524796663,0.4522331876452936,0.09000077232724793,0.04285957147550555,0.2169119836862401,0.015964783516197772,0.2523323718547835,0.13201717763318174,Togo
TGO,768,2019,0.4794414401326003,0.2708386475592759,0.4527402406304388,0.4957094557565089,0.5672000968116181,0.2744259131228577,0.464783954092171,0.4950908556410924,0.5744874209079915,0.4521970359410281,22.0,26.0,4.0,4.0,-0.0272444041915722,0.4534838597801464,0.4559351607118835,0.09194987526908653,0.04324911843876686,0.22528392495791655,0.0168784666874707,0.25243425900232197,0.13446144227161902,Togo
TGO,768,2020,0.4822025136549058,0.2706049337855827,0.4738213419113311,0.4920571407975678,0.5599004602641187,0.2738780739248406,0.4854365163694848,0.4915513553497166,0.5665323839550327,0.4543495823997687,21.0,26.0,5.0,5.0,-0.0278529312551371,0.4548778534273084,0.4583605522444904,0.09619344956726189,0.044289020523379914,0.24681799760781153,0.01839544026318294,0.2503578105956878,0.13996506724751556,Togo
TGO,768,2021,0.4802429639162858,0.2660829471365407,0.4712055572866741,0.4854640996723592,0.5620635743402647,0.2697435552872676,0.4835013531531013,0.4854424772300478,0.5688826875447917,0.4518925183038021,25.0,27.0,2.0,2.0,-0.0283504456124837,0.4531188205182727,0.4564996932904285,0.10317528353730489,0.04309259820639313,0.24234226915227616,0.033886370387134095,0.25083743251273866,0.1425396675646355,Togo
UGA,800,2001,0.3827862626713977,0.2508367653761649,0.3037144771366889,0.4484020336243862,0.456830512479704,0.2553801553884264,0.3220421661979852,0.4488545241780776,0.46204976816664,0.3720816534827823,31.0,34.0,3.0,3.0,-0.0107046091886154,0.3866435676290953,0.3854281138268352,0.06980899359345147,0.034182670051171093,0.10352277717956626,0.016339915168951665,0.2530866548878521,0.10178300432188528,Uganda
UGA,800,2002,0.3944370442138835,0.2598141004153748,0.308214214182183,0.4466062583573697,0.4829693840002761,0.2644491049626048,0.3266633605313364,0.4470216112402249,0.4885432208430417,0.3816693243943019,28.0,32.0,4.0,4.0,-0.0127677198195815,0.3954119995972232,0.3935405567622004,0.07227774983138438,0.03500289570196268,0.1057529992448255,0.016685213051432578,0.26485104012152483,0.1055730370299364,Uganda
UGA,800,2003,0.3936564251854148,0.2620862723855969,0.3154873083578229,0.4309104086753813,0.4831391262059981,0.266413487659753,0.3340677354778784,0.4314540445990388,0.4887680602370218,0.380175831993423,30.0,34.0,4.0,4.0,-0.0134805931919918,0.3929971493157077,0.3911855045860705,0.07273921927646117,0.03620703536704442,0.10898178585903767,0.01618484273245035,0.2646245356429674,0.10649954990037497,Uganda
UGA,800,2004,0.3970618159469064,0.2639907592805482,0.3176516111908871,0.4458942770572133,0.4814354715490809,0.2682231919998618,0.3360822481644238,0.4462933894759831,0.4868619911051076,0.3843652051863441,29.0,33.0,4.0,4.0,-0.0126966107605623,0.3969179904046277,0.3954395906229273,0.07337607141888891,0.03712706517720304,0.11212306880988324,0.016313819979714476,0.2638669934046887,0.10735773684287236,Uganda
UGA,800,2005,0.3976735152603206,0.2700216167946918,0.310534840596965,0.4519742066543651,0.4831989724391301,0.2742975295316897,0.3290068482145689,0.4522473811923517,0.4888229423053981,0.3860936753110021,30.0,33.0,3.0,3.0,-0.0115798399493185,0.3987009252208409,0.39673817743036,0.07307481662759326,0.039678420807030476,0.10776233974670961,0.01622433176160826,0.2640758724184861,0.10693524118345862,Uganda
UGA,800,2006,0.4082988742232706,0.2701477082052231,0.3232625539755568,0.4554258654446543,0.500046513544133,0.2747632388344609,0.3426503460303386,0.4556334478937944,0.5058408528514825,0.3947219714025191,30.0,32.0,2.0,2.0,-0.0135769028207515,0.4063678213183648,0.4045513660163755,0.07616576992168,0.041778068009186056,0.11577875366207138,0.016559456952872895,0.2721087482637481,0.11155625672196962,Uganda
UGA,800,2007,0.4060875923266373,0.2692713955510191,0.3396036580412773,0.4499569146248592,0.484205066152888,0.2736510501333056,0.358425138708823,0.4501601356557642,0.4886054453518763,0.3927104424624423,33.0,33.0,0.0,0.0,-0.013377149864195,0.4031940848368388,0.4022734886726536,0.0786437833714182,0.04506085817841933,0.13145250394747357,0.01651778688094409,0.267504179238223,0.11513383206126501,Uganda
UGA,800,2008,0.4136136845196874,0.2611607458724302,0.3508779642827491,0.4537130616083518,0.4965231541738254,0.2656231340471129,0.3687248438047774,0.4538116924602597,0.5012060118688569,0.3973414205452518,30.0,33.0,3.0,3.0,-0.0162722639744356,0.4069956739449578,0.4065562363657015,0.08170049461207193,0.04387170338399658,0.14180099760205928,0.017632970322605544,0.2738826428486114,0.1192970785393182,Uganda
UGA,800,2009,0.418787752313392,0.2503082395580744,0.3477573168844046,0.4741330751100371,0.505447122550753,0.2543266249697211,0.3657125263953388,0.4740039735042496,0.5109478819835064,0.401247751713204,31.0,32.0,1.0,1.0,-0.0175400006001879,0.4084414671472043,0.4089438549388955,0.08240933733102118,0.03966494670177968,0.14226281481686348,0.01967116137157006,0.2760455471215238,0.11941111750293425,Uganda
UGA,800,2010,0.4210514596591826,0.250375011753122,0.3647685395321658,0.4790143182951074,0.4950613726380719,0.2550471712860849,0.3817842708934966,0.478781844816272,0.4996834363626514,0.4038241808396262,33.0,33.0,0.0,0.0,-0.0172272788195564,0.4131158589920016,0.4139746699343773,0.08451654642038439,0.03685739488055913,0.16032692683673408,0.019844839407746225,0.2726115169766879,0.12241016952543184,Uganda
UGA,800,2011,0.4249566086185877,0.2545321630115691,0.3805658004747477,0.4781988111201368,0.4919615902996741,0.2592178130942515,0.3976455596856271,0.477893412622648,0.4963318080816967,0.4077721483710558,31.0,32.0,1.0,1.0,-0.0171844602475318,0.416266915792054,0.4174504539714194,0.0865982276518347,0.0394260235788979,0.17178861086754615,0.019610075574045555,0.27152220869729016,0.12558672967944495,Uganda
UGA,800,2012,0.4259587552057287,0.2578732865782117,0.3829428288559929,0.4741188456723239,0.4939260897492415,0.2622194255378939,0.3999958809861452,0.4738746306911293,0.4985210210886591,0.4086527395759569,32.0,33.0,1.0,1.0,-0.0173060156297718,0.4160477172669173,0.417265993574546,0.08834540260807339,0.0442304020193046,0.17335284015256205,0.020803807340609954,0.2718194514953376,0.12755162525195354,Uganda
UGA,800,2013,0.4230411085874105,0.2568334393974522,0.3780432311689071,0.4739100950625172,0.4903759717167109,0.2611328941878855,0.3945657732415029,0.4736923215072413,0.4946842692316505,0.40601881454207,34.0,35.0,1.0,1.0,-0.0170222940453404,0.4136102517447555,0.414740490785862,0.08863428675891412,0.04184557615597791,0.1752217853833264,0.021929837038504152,0.27061547854072854,0.12740316927963424,Uganda
UGA,800,2014,0.4289934707654216,0.2571509378855041,0.3852975177435265,0.4762678791840368,0.4993802801236829,0.2615888662217751,0.4012225905310679,0.4760022458704239,0.5045294009937121,0.4108357759042448,33.0,35.0,2.0,2.0,-0.0181576948611768,0.4178706300667018,0.419015437169554,0.09183697714848213,0.04565342542588113,0.18283385061646604,0.02376475107216168,0.2728324547144291,0.1312711204572345,Uganda
UGA,800,2015,0.4242916336661533,0.2611240442085268,0.3684980056937357,0.4778599351808209,0.4977145540632177,0.26546896189733,0.3839171063926717,0.4775697709970805,0.5027529288934802,0.4074271920451406,35.0,38.0,3.0,3.0,-0.0168644416210126,0.4145562081483424,0.414895835179116,0.09267240374021365,0.0470779978651057,0.17905487881144086,0.026371688020191533,0.27215158426120645,0.13116403723948614,Uganda
UGA,800,2016,0.4242406548273307,0.2686379090149033,0.3711309198126253,0.4713226980392754,0.4964821897817049,0.272688953531463,0.3854523270484085,0.4711186031308649,0.5014608307261623,0.4076801786092247,36.0,38.0,2.0,2.0,-0.016560476218106,0.4137759252704392,0.4137466812746927,0.09408795343449194,0.0500334891813749,0.18434780644076826,0.026649778396881974,0.27132289690080635,0.13308849272995787,Uganda
UGA,800,2017,0.4298315924552152,0.2639317427672138,0.3795922737343814,0.4729067751663381,0.5057795554186739,0.2678787929079737,0.3938286633069838,0.4726009117094187,0.5116369074758079,0.411486318850046,36.0,38.0,2.0,2.0,-0.0183452736051691,0.4166983127656918,0.4170386823389762,0.09480862290848278,0.05108221005662843,0.19086126685250818,0.024900596935434238,0.27354693878570796,0.1350977531575697,Uganda
UGA,800,2018,0.4340720836234141,0.2588774679160594,0.3894581850559012,0.4824266963345294,0.5057941403430424,0.2630381025980958,0.40396677213917,0.4820470336349651,0.511704447964572,0.4151890890842007,36.0,38.0,2.0,2.0,-0.0188829945392133,0.4208822788915686,0.4217870059047718,0.09611784301148635,0.04638050752759975,0.19408898023772667,0.028186251601355614,0.27299358606865665,0.13541233135883468,Uganda
UGA,800,2019,0.4311219843930357,0.2537818350991861,0.3945222473969492,0.4870283813269651,0.4927903739296511,0.2579139313025776,0.4094801565883053,0.4865398002787457,0.4975745924296371,0.4128771201498165,38.0,39.0,1.0,1.0,-0.0182448642432192,0.4190281198328865,0.4205699245268406,0.0959510224886669,0.04364740692606985,0.19702313753771816,0.029014756901231488,0.2689929851799976,0.13466957163625426,Uganda
UGA,800,2020,0.4327314724038179,0.2496877398566244,0.4101176887386663,0.4797025465326433,0.4902783301051457,0.2536531668354075,0.4245121082422119,0.4794234272910374,0.4948831886232694,0.4131179727479815,38.0,39.0,1.0,1.0,-0.0196134996558363,0.4186777879712481,0.4210391084514461,0.0988967913808,0.0456696335799771,0.2128195876153875,0.029198549393566385,0.2680389049427909,0.13893166888293046,Uganda
UGA,800,2021,0.4405874281695167,0.2502539656191662,0.4310024204983599,0.4831577227200805,0.4927545969706131,0.2543460602238074,0.4454516128745083,0.4827903370744065,0.497641233643528,0.4200573109540625,37.0,39.0,2.0,2.0,-0.0205301172154541,0.4254338706085264,0.4286565860991202,0.10249913235856793,0.044662142597229046,0.2291516270561967,0.031245471405650392,0.26805592454331534,0.14327879140059785,Uganda
TZA,834,2001,0.4439077007342696,0.2453481141049157,0.291498267844388,0.4819454620802589,0.6172886465815123,0.2497219852323506,0.3093534252827787,0.4821760279663113,0.6183849115280314,0.414909087502368,11.0,15.0,4.0,4.0,-0.0289986132319016,0.4262041704723021,0.4228299591235047,0.08980461767432711,0.02704372923988322,0.0947649790080205,0.012228025128390092,0.41715824215358455,0.1377987438824696,Tanzania
TZA,834,2002,0.4509287186730752,0.2549838725424283,0.2981464126351147,0.4813315620961535,0.6280549295669435,0.259134748217371,0.3157472551456178,0.4815766597104319,0.6301636428130122,0.4216555764716082,9.0,15.0,6.0,6.0,-0.0292731422014669,0.4322347794945565,0.4285700514350817,0.0915697553174473,0.028750000980656734,0.10110143032200891,0.012246334386974063,0.41979516312495774,0.14047323220364935,Tanzania
TZA,834,2003,0.4521656649258542,0.2549107400700129,0.3045333715264831,0.4831600440319168,0.6252564464836277,0.2589545484793203,0.3218782809551924,0.483349050624801,0.6271846146523279,0.4228416236779104,8.0,14.0,6.0,6.0,-0.0293240412479438,0.4330649464151738,0.4297414340058938,0.09264097743022776,0.03040651650283726,0.10642333297213209,0.012371776204168192,0.41866105912479007,0.1419656712009819,Tanzania
TZA,834,2004,0.4554648814723423,0.254389919738868,0.3163433629028611,0.4865371157530346,0.6230030672955418,0.2584880153644959,0.3333557928177007,0.4865875743877396,0.6246445152897485,0.4257689744649212,9.0,15.0,6.0,6.0,-0.029695907007421,0.4357207246878044,0.4329080254371323,0.09483934259389325,0.031947191351680386,0.11746823885779485,0.01239978187748514,0.4191039798753882,0.14522979799058716,Tanzania
TZA,834,2005,0.463745433351333,0.2494482928404937,0.3489728633219596,0.4879032706501728,0.6203313000967671,0.2536769000844767,0.367663002344769,0.487896291385084,0.621676391183531,0.4327281462494652,7.0,11.0,4.0,4.0,-0.0310172871018678,0.4411180873015589,0.4397659717413981,0.09830574473032135,0.032670895063383984,0.13761042747722957,0.012528596991348305,0.41845558949116224,0.15031637725578104,Tanzania
TZA,834,2006,0.4695196798418897,0.2505068172422582,0.3596979718153043,0.487294449109789,0.6274739036514663,0.2545984848837529,0.3780011060883223,0.4873039328801611,0.6293742829170361,0.4373194516923181,7.0,14.0,7.0,7.0,-0.0322002281495716,0.4448600392963016,0.443769443864464,0.10056500271862795,0.03419057534232442,0.14740778953290648,0.01256714072196379,0.42067305261412385,0.15370963955282962,Tanzania
TZA,834,2007,0.4668174048307798,0.246818736517082,0.3610475582532411,0.4923313576397502,0.6173983842941771,0.2510150327925003,0.3793356702886524,0.4921841176200469,0.6181836079573548,0.4351796071646386,8.0,17.0,9.0,9.0,-0.0316377976661411,0.4424572449868459,0.4417505519275391,0.10026890589386529,0.03453521784105014,0.14704710526445378,0.01263347953933558,0.4184941548691905,0.1531774893785075,Tanzania
TZA,834,2008,0.4722414037210674,0.2447670562343406,0.3729669120996016,0.4970098873926329,0.6206978396103905,0.248783875145509,0.3902784791425313,0.4967087695571424,0.6218578611918586,0.4394072462592603,9.0,15.0,6.0,6.0,-0.032834157461807,0.4460175443334719,0.4459211409115101,0.10294009869755272,0.036378101634210146,0.16056413128833774,0.012692458655176366,0.41887495399369323,0.15712741139285438,Tanzania
TZA,834,2009,0.4743204887055459,0.2501760479011326,0.3715594211010727,0.4966862444723666,0.6257759873639933,0.2542094569549205,0.3888171577747881,0.4964052039945585,0.6273666725621774,0.4416996228216111,11.0,14.0,3.0,3.0,-0.0326208658839347,0.4480057752587727,0.447497937997176,0.10261014312639499,0.03597405173862065,0.15746474078896017,0.012776397673953471,0.42030875697688536,0.1566309867946049,Tanzania
TZA,834,2010,0.4771383178863405,0.2545447046217417,0.3831212598223708,0.4949818283330807,0.6235534620362877,0.2584180415654523,0.4000133080983206,0.4947358750105942,0.624839241782499,0.4445016166142165,13.0,16.0,3.0,3.0,-0.032636701272124,0.4499098959208665,0.4496253378714338,0.10492589224432473,0.03966929093914914,0.1672582184625223,0.012882821024801113,0.4201764603637357,0.15999669769755206,Tanzania
TZA,834,2011,0.4783063778887497,0.2467104014646632,0.3961302949488762,0.4906903506288811,0.6215320199208167,0.2508057533865727,0.4134205668289671,0.4905782244150699,0.622675662516966,0.444370051786894,13.0,18.0,5.0,5.0,-0.0339363261018557,0.4486027871054963,0.4489347873409425,0.10696883040008719,0.04135997211161718,0.1781670440298763,0.012887842430993095,0.4196464105421751,0.16301531727866542,Tanzania
TZA,834,2012,0.4805779730332814,0.2488937614288458,0.3990822364078803,0.4940557475180052,0.6226558606023186,0.2527667722510267,0.4163903239578989,0.4937928978542459,0.6239454632101296,0.4467238643183253,13.0,17.0,4.0,4.0,-0.0338541087149561,0.4501692774874453,0.4506337608273267,0.10708364081215344,0.04100949889258906,0.1793660340171805,0.012843364414412186,0.41962948367863695,0.16321209525070468,Tanzania
TZA,834,2013,0.4807119457820092,0.2440888858970778,0.399660727477245,0.4972059445019666,0.6224831794199086,0.2484322902017713,0.4170480772094586,0.4968391586113977,0.6238175637569537,0.4465342724448954,14.0,19.0,5.0,5.0,-0.0341776733371138,0.4505531681104961,0.4511485746577609,0.10678280879399193,0.03848846000248491,0.1795828194068045,0.013105433424261625,0.4194140911833598,0.1626477010042277,Tanzania
TZA,834,2014,0.4893587477171323,0.2458454888135313,0.4166844312585229,0.5030607737739691,0.6284468798251021,0.2502616598652427,0.4332006036871238,0.5025147890789095,0.6303977612756174,0.4540937034767234,11.0,17.0,6.0,6.0,-0.0352650442404088,0.4574131577728009,0.4585135841560332,0.1101463908653371,0.03853796486260997,0.19722213292526122,0.013514636617050805,0.4206917448381101,0.16749161981075802,Tanzania
TZA,834,2015,0.4948847632477534,0.2552419733137758,0.4331463482733393,0.5039615348298561,0.6263777167041419,0.2592765729206328,0.4482332271341779,0.5033799302858553,0.6282169772082937,0.4597766768872399,12.0,16.0,4.0,4.0,-0.0351080863605134,0.4617484081086042,0.4631010022227798,0.11360603426602035,0.04053396157949764,0.2164989213494206,0.013589939742111775,0.4196757977950354,0.17257465511651635,Tanzania
TZA,834,2016,0.5002273478660416,0.2601962068789975,0.4483439775987985,0.5045172858089747,0.626634377015919,0.264210531559564,0.4629849725188926,0.5039034277496733,0.6286080678719159,0.4649267499250115,11.0,16.0,5.0,5.0,-0.0353005979410301,0.4661748189397688,0.4678650063839408,0.11595041442029418,0.04033281670432949,0.23134910668137618,0.01366414081461372,0.4187133815696342,0.1760148614424884,Tanzania
TZA,834,2017,0.5013582465493214,0.2582779965829844,0.4463552337773923,0.5078726514306017,0.6301154789654176,0.2624760179188365,0.4611523249390209,0.5071844439099893,0.6325185432507804,0.4658328325046568,12.0,18.0,6.0,6.0,-0.0355254140446645,0.4674455228228089,0.4691117749205369,0.11590330764178722,0.03958658404937221,0.23111178223128526,0.013813403418129174,0.41902043987675264,0.17588305239388483,Tanzania
TZA,834,2018,0.5030027092426971,0.2537614828232112,0.4563856856651118,0.5105758990925143,0.6265915894250915,0.2580154343423492,0.4707497136747537,0.5097711635073694,0.6287717391532502,0.4668270126694306,13.0,18.0,5.0,5.0,-0.0361756965732664,0.4683020462866816,0.4706402680104719,0.1169931662867812,0.0391241121402876,0.23924488779629913,0.013940662641099845,0.4173223481669127,0.1774080026861498,Tanzania
TZA,834,2019,0.5147277892060397,0.259703014524149,0.4664288878072097,0.5102931046786255,0.6486753170286647,0.2637632187476399,0.480241515284629,0.5094863118703399,0.6497435182019482,0.4758086410261393,10.0,16.0,6.0,6.0,-0.0389191481799003,0.4759407130315908,0.4781922518583439,0.1217509236804449,0.0410452650713231,0.2501442516748912,0.013982447487168793,0.434382434174387,0.18488859960194254,Tanzania
TZA,834,2020,0.5123107118715187,0.2574860880921373,0.4607775699367756,0.5114401021114231,0.6467550906546822,0.2612089271719984,0.4747743239408195,0.5106150014752989,0.6477690690714476,0.473591830414891,14.0,18.0,4.0,4.0,-0.0387188814566276,0.4729167854938551,0.4752013146841064,0.12082681527406818,0.04233992545700824,0.24461389888641885,0.013954918328754996,0.433001153706472,0.18347747409466353,Tanzania
TZA,834,2021,0.5144922463611791,0.2579232031588255,0.4697700635601328,0.502243048365587,0.6505958762627799,0.261874952341304,0.4834760409812134,0.5016903077611035,0.6520120393318509,0.4747633351038679,14.0,19.0,5.0,5.0,-0.0397289112573111,0.4735613638901079,0.4758261224337314,0.1224104749324577,0.04223128207088443,0.2534649755551658,0.014028287567242809,0.43355002386163877,0.18581864226373296,Tanzania
BFA,854,2001,0.4298458809248973,0.2353318182937549,0.2962761989080684,0.5222030896622062,0.5552792243072937,0.23995645920643,0.3141947789267918,0.521157319899272,0.5677433339537206,0.4107629729965536,14.0,17.0,3.0,3.0,-0.0190829079283436,0.4220646545918241,0.4203261639360432,0.0686613694832108,0.026702159325310598,0.08448230876609272,0.011658885296955964,0.290924661373654,0.10344200369050333,Burkina Faso
BFA,854,2002,0.4326789627281164,0.2337347636686836,0.3088940660283189,0.5224720693157119,0.5532680563722343,0.2382351608984179,0.3277029372506068,0.5214167245311487,0.5655576620080803,0.4132281211720634,15.0,18.0,3.0,3.0,-0.019450841556053,0.4235577613363701,0.4224525248103602,0.06960281974611317,0.026311188598904897,0.09117095420330475,0.011621214336620916,0.29031759236961646,0.10485523737711175,Burkina Faso
BFA,854,2003,0.4356423545590046,0.237550309127661,0.3134408848810379,0.5234698289490592,0.5557712407317431,0.2422256108682517,0.3324661471469014,0.5223770530807001,0.5683216155215115,0.4163476066543412,15.0,17.0,2.0,2.0,-0.0192947479046633,0.4269461002700626,0.4257274319239061,0.06990540952282083,0.0263682228393428,0.09226637908552242,0.011685672433151299,0.2908238982459906,0.10528604315100178,Burkina Faso
BFA,854,2004,0.438088293838823,0.2385569560603068,0.3275488925355564,0.5244191803165408,0.5501569118351866,0.2428306989411773,0.3461139710308851,0.5233119455239768,0.562227714064147,0.4186210823900466,15.0,17.0,2.0,2.0,-0.0194672114487763,0.4283587951537351,0.4278710340607906,0.07214083729472615,0.028246873377653414,0.10502615199790807,0.011747830253088124,0.2891081691306356,0.10853225618982129,Burkina Faso
BFA,854,2005,0.4365193896133769,0.2382304555874172,0.3224685040814127,0.5202392007600092,0.5524825048323042,0.2428988465324059,0.3413444926586255,0.5192548225466901,0.564801937221711,0.4170750247398581,15.0,20.0,5.0,5.0,-0.0194443648735187,0.4275387865868814,0.4266363098790411,0.07093452578288957,0.02742956933946242,0.09856292070075895,0.011639919984846125,0.28959005723611,0.10680561681529437,Burkina Faso
BFA,854,2006,0.4401141330173715,0.2425524268520944,0.3305694310064035,0.5202219324543553,0.554242568876473,0.2468878375510955,0.3491383618830038,0.519239328119595,0.5667560677391008,0.4205053988231988,16.0,20.0,4.0,4.0,-0.0196087341941727,0.4302303457668664,0.4295236304281741,0.07274214348775464,0.02905658966716929,0.10728924123978892,0.011694264878399727,0.28982906996261415,0.10946729143699302,Burkina Faso
BFA,854,2007,0.4470598777243968,0.2406228994643267,0.3439664976151567,0.5191082254735623,0.5638110964157385,0.2448437711663391,0.3628711066568101,0.5181270464468521,0.5756765747908267,0.4253796247652069,16.0,20.0,4.0,4.0,-0.0216802529591898,0.4337777316452083,0.4335896919548112,0.07549679031500263,0.028005705467429816,0.1167405253238461,0.01185948436562733,0.2982367921637817,0.11371062683017123,Burkina Faso
BFA,854,2008,0.4485983113886946,0.2345680362738797,0.3516699650592489,0.5176032671579068,0.5648561662735473,0.2390868263208191,0.3701436606153964,0.5166612115358074,0.5768122910937084,0.4256759973914328,17.0,20.0,3.0,3.0,-0.0229223139972618,0.4340868631230794,0.4343294865932248,0.0765470852521401,0.027008569268895798,0.12377935038497175,0.011895293678239036,0.2984115010696711,0.11527367860044442,Burkina Faso
BFA,854,2009,0.4669888188729789,0.2480832578240806,0.3612716479136278,0.5153204142892225,0.604012603048384,0.2519494121012968,0.3791968979546422,0.5144673219626092,0.6149299680735237,0.4401359000230179,14.0,16.0,2.0,2.0,-0.0268529188499609,0.445654532217793,0.4453166405060302,0.08246144106603173,0.029641576822525956,0.13372338685016744,0.012061020983210543,0.32295092624169686,0.12459422772440021,Burkina Faso
BFA,854,2010,0.4696344696873367,0.2669406985329546,0.3670500666174986,0.5082414253018767,0.6038459765041003,0.2703519082805632,0.3842808080370709,0.5076135231543979,0.6147846184879442,0.444257714489994,15.0,17.0,2.0,2.0,-0.0253767551973426,0.4487953747946844,0.4476521966035241,0.08481727939830994,0.03680485075361531,0.1398939902269126,0.012289651245919834,0.3227040168635906,0.1279231272725096,Burkina Faso
BFA,854,2011,0.4717426375526959,0.2722158167614656,0.3799081186170205,0.4982440256008751,0.6030649605217635,0.2750481381632283,0.3962298196399252,0.4979324890772434,0.613949187848556,0.4457899086822382,15.0,17.0,2.0,2.0,-0.0259527288704577,0.4485350689228131,0.4475828097376646,0.08801362923687506,0.04124247343633275,0.15383563587265475,0.012585521004688363,0.32231224839549155,0.13249396967729185,Burkina Faso
BFA,854,2012,0.4749823294818822,0.268623788379529,0.3882885726825461,0.5041291513579467,0.6030941440505367,0.2717344684551181,0.4039393682725014,0.5035992849044534,0.6139968974281885,0.4483175047650654,15.0,16.0,1.0,1.0,-0.0266648247168168,0.4510349287455852,0.4505382442189941,0.08938064237282742,0.03884968633321089,0.1642242497124639,0.012699749097370157,0.3222102344510698,0.13449597989852868,Burkina Faso
BFA,854,2013,0.479249132770803,0.2520617000320361,0.4044312471355334,0.5083842542402512,0.6052910647631956,0.2556162901930304,0.4192027431231849,0.5076839253663168,0.6164002410709474,0.4497257999383699,16.0,17.0,1.0,1.0,-0.0295233328324331,0.452823506365672,0.4535788202099986,0.09193289637361368,0.0383582067345169,0.17925362465255482,0.01279864830731553,0.3226756072235498,0.13827152172948426,Burkina Faso
BFA,854,2014,0.4808805402905353,0.2565163755679667,0.4073687679461877,0.5109182005174091,0.6043243721975282,0.2598606245462377,0.4209056957541909,0.5101520764455717,0.6153909920702672,0.4515773472040669,16.0,18.0,2.0,2.0,-0.0293031930864683,0.4546062205882984,0.4553835393179402,0.09279734251984981,0.03891527563619872,0.18362657945541025,0.013006295443908019,0.3222118161940459,0.1394399916823907,Burkina Faso
BFA,854,2015,0.4811813460814289,0.2564215740806344,0.4047613243023738,0.5104023259490376,0.6075924191552756,0.2596609296006691,0.4172269803460756,0.5096091409850018,0.6180604742489682,0.4511393812951786,18.0,21.0,3.0,3.0,-0.0300419647862502,0.4540615739977455,0.4547204703285422,0.09418723770956991,0.039605252772936465,0.1869511330649912,0.013150255043627707,0.3264491304992328,0.14153894284519705,Burkina Faso
BFA,854,2016,0.4882609177114188,0.2631934271875327,0.4234947950801914,0.5083655744174079,0.61058976089956,0.2663582283481814,0.4349386063000257,0.5076611280408763,0.6212469190777485,0.457551220441708,16.0,18.0,2.0,2.0,-0.0307096972697107,0.4598754679590033,0.4608683181077014,0.09825051836617962,0.041207668356924916,0.20734339180349112,0.01359681263481383,0.32739637799173726,0.1473860626967418,Burkina Faso
BFA,854,2017,0.4954680654150586,0.2644131042502027,0.4423630153490455,0.5071486819424529,0.6153663812514261,0.2675361743487615,0.4530514359310499,0.5065476301568431,0.6259914167308029,0.4632816642918644,15.0,19.0,4.0,4.0,-0.0321864011231942,0.4647714542796776,0.4663096192651814,0.10424499406134964,0.04201316445404704,0.2250676736511927,0.018419317844956404,0.330290529358212,0.15394767132710205,Burkina Faso
BFA,854,2018,0.4969935720421717,0.2693203443658356,0.4353856934916203,0.5087480503838633,0.6225094455796872,0.2723714041430017,0.4459706665345083,0.5081551932187014,0.6332108031594345,0.4649270167639114,17.0,19.0,2.0,2.0,-0.0320665552782602,0.4665178258629738,0.4675329825132259,0.10636564311547507,0.0426702524507195,0.22215771999919556,0.02218967574766215,0.3341242385675086,0.15528547169127146,Burkina Faso
BFA,854,2019,0.5017817571650435,0.270510970597777,0.4496039690407564,0.5100988040637764,0.6229413458023703,0.2735206909313714,0.4603307340145006,0.509456996553403,0.6337170590152618,0.4692563701286342,17.0,18.0,1.0,1.0,-0.0325253870364092,0.4702256291724732,0.4717717930856175,0.10806054294277594,0.042694135051639756,0.23198500522149673,0.022345165436839703,0.33389900361208746,0.1577308273305159,Burkina Faso
BFA,854,2020,0.5043753077952524,0.2875687204895296,0.4544709249334394,0.5085246555550946,0.6208558738184146,0.2894693292334034,0.4627361472332973,0.507972548015309,0.631482985125094,0.4729152524017759,16.0,19.0,3.0,3.0,-0.0314600553934764,0.4727519360145356,0.4740673052101996,0.11152312713805064,0.04836587358872824,0.24372372589624042,0.023582740359447345,0.33312795504092424,0.16220007372133505,Burkina Faso
BFA,854,2021,0.4996300395112719,0.2891346827249904,0.4646816679781145,0.4706709933453695,0.6207537279966157,0.2914571005007704,0.4721083172266384,0.4713121239828468,0.6314112614897411,0.4665722007999992,18.0,23.0,5.0,5.0,-0.0330578387112726,0.4648956477947685,0.4656818028738493,0.1137302428198987,0.05023983047626238,0.2575492015124657,0.022910961699171933,0.33251575612696643,0.16580393745371663,Burkina Faso
ZMB,894,2001,0.448332967434539,0.2817021283872772,0.2308785975527914,0.4692945967118007,0.6726369996427343,0.2847134690827672,0.2409022654707643,0.4693585559107828,0.6704316583784826,0.4163514872106992,9.0,14.0,5.0,5.0,-0.0319814802238397,0.4248309856141301,0.4175983279884939,0.1052352155397726,0.08612014677256619,0.09404488068233087,0.017479053095185534,0.434553764226452,0.15804946119413366,Zambia
ZMB,894,2002,0.4506506951458393,0.2871622089829023,0.2327872656573793,0.4674491679937186,0.6765422622208762,0.2902163261341252,0.2432702022983442,0.4675016433566782,0.6746996700282689,0.4189219604543541,11.0,16.0,5.0,5.0,-0.0317287346914851,0.426866068553877,0.419410432605195,0.10585156204197023,0.08780459713636032,0.09571751204109763,0.01723287770306544,0.4356709541348286,0.159106485253838,Zambia
ZMB,894,2003,0.4500894422406885,0.2933270815736226,0.228850648574908,0.4623934060965839,0.6788635872412646,0.296732778125396,0.2396886270462785,0.4624291680985034,0.6772325957260391,0.4190207922490543,10.0,15.0,5.0,5.0,-0.0310686499916341,0.4269248393578281,0.4188511094879678,0.10474041561649504,0.08818920752816883,0.0889058775658213,0.016956632749756777,0.43635360214745755,0.15760132999780113,Zambia
ZMB,894,2004,0.4558566355736174,0.3169880701174022,0.2318729576401367,0.4622966116564176,0.6837486531140563,0.31952613285539,0.2428500222682361,0.4624923726600547,0.6825149811936051,0.4268458772443215,8.0,14.0,6.0,6.0,-0.0290107583292959,0.432448096310597,0.4235338527200837,0.10669491968632398,0.09740233368886403,0.08878835238942755,0.016875659475151024,0.43910564969443333,0.16054299881196898,Zambia
ZMB,894,2005,0.4557890662999562,0.3243164954609113,0.2391926257871248,0.4628133981637494,0.6746877438871594,0.3270565346966484,0.2500852288863637,0.4630751915450521,0.672607627104091,0.4282061455580389,11.0,15.0,4.0,4.0,-0.0275829207419173,0.432779076866145,0.4239133691700376,0.10736571611396742,0.09749224195396591,0.09521158685112724,0.01677345799509998,0.4366657873832537,0.1615357685458617,Zambia
ZMB,894,2006,0.4649675597522117,0.352899372447729,0.2521820763920128,0.4529877117609534,0.6846847272628785,0.3544862015585526,0.2631284165644433,0.4537154870950063,0.6834752949896136,0.438701350051904,8.0,10.0,2.0,2.0,-0.0262662097003077,0.4400108689533859,0.4302182030945654,0.11124235319987008,0.10780332590908039,0.10550780884350969,0.016622138367789453,0.4395713738545551,0.16737616174373365,Zambia
ZMB,894,2007,0.4642401262593474,0.3492801907366577,0.2584202564222627,0.4508185128123299,0.6801934102338213,0.3508613489189318,0.2689336394841381,0.4516290844799128,0.6782023353749697,0.4374066020644881,12.0,14.0,2.0,2.0,-0.0268335241948593,0.4380676831455674,0.4286555561933345,0.11332714299946135,0.11235210732453406,0.11351800583355764,0.016492135753532207,0.4397009982166211,0.17051581178206127,Zambia
ZMB,894,2008,0.4714671913329679,0.3400132409301964,0.2752462760564522,0.4693640604635276,0.6791109069240505,0.3421788898123967,0.2853164009961264,0.4696159877146403,0.6770240021840169,0.4435338201767951,10.0,13.0,3.0,3.0,-0.0279333711561728,0.4444533978577279,0.4362868750841002,0.11477225555438311,0.1081811491560688,0.12656886486065916,0.016571636840887576,0.439324876039775,0.17266163172434762,Zambia
ZMB,894,2009,0.4777356309243047,0.3563383437363322,0.2812619356854349,0.4739095193397722,0.6829350537606863,0.3581046802594244,0.2906973561593362,0.4740495191490655,0.6812196831633806,0.4510178096828017,9.0,11.0,2.0,2.0,-0.026717821241503,0.4515921580630353,0.4429215215581711,0.11552808895498243,0.10747382254940106,0.13106426095247725,0.016567601459346503,0.44017082663174745,0.17381912789824305,Zambia
ZMB,894,2010,0.4772579937613647,0.3710562642114743,0.2824768523664191,0.4685353512524821,0.6784030085979486,0.3719903542074489,0.2915153801748183,0.4689424011717588,0.6762951922461844,0.4521858319500526,12.0,13.0,1.0,1.0,-0.025072161811312,0.4512505368265748,0.4421132474676161,0.11727536144751384,0.11502867957208054,0.13492249167856396,0.016543648917652455,0.43885822564142485,0.17633826145243045,Zambia
ZMB,894,2011,0.4851024738622305,0.3579203712325211,0.3027655254588874,0.4756543013861263,0.6841827290743511,0.3584383039597952,0.3100516194573081,0.4758634979148551,0.6826364669585243,0.4567474720726207,9.0,13.0,4.0,4.0,-0.0283550017896098,0.4552600842922895,0.4474429199293283,0.11973726147983635,0.1104829962282407,0.15317192284824355,0.01652281661913261,0.4402172429563868,0.1800987446630009,Zambia
ZMB,894,2012,0.4910002940107556,0.3542705297185832,0.3182581036428318,0.4880010281944402,0.6820602018446454,0.355087309340764,0.3245681558189289,0.4877749679888321,0.6803457733520011,0.4619440516251315,8.0,11.0,3.0,3.0,-0.029056242385624,0.4612710880281889,0.4542427653730927,0.120763322886951,0.10326959869325426,0.16732830926607364,0.01658912310231056,0.4393824632848193,0.18164237358661445,Zambia
ZMB,894,2013,0.490660142676578,0.3431647833841612,0.3170690449139584,0.490916058364658,0.6844319015328127,0.3440780594267659,0.3239096551039724,0.4905875591496605,0.6829701808506967,0.4603863636327738,9.0,13.0,4.0,4.0,-0.0302737790438041,0.4596370406882673,0.4531488984519132,0.12021906664188993,0.1034929310939979,0.1636030206967338,0.016554442526633094,0.43976947854699006,0.1808549682160887,Zambia
ZMB,894,2014,0.4952964728953735,0.3383928084108801,0.324451940142746,0.4982541519308562,0.6886961615927264,0.3396221518297659,0.3309404573457259,0.497749081797301,0.6876492030282473,0.46399022350026,10.0,12.0,2.0,2.0,-0.0313062493951134,0.463980268656581,0.4580589165484151,0.12305909271744345,0.10023947119703445,0.17273455975646826,0.019977317603274616,0.4406784813549954,0.18340745747794318,Zambia
ZMB,894,2015,0.4983290709298651,0.3233425867459644,0.3471698976220347,0.5028757385533488,0.6814221793760656,0.3250212397173387,0.3532957238474661,0.5022178976463633,0.6797486401892534,0.4650708753501053,11.0,13.0,2.0,2.0,-0.0332581955797598,0.4651372491561101,0.4608416271941599,0.12486588813343923,0.09336449702908292,0.19278655584259685,0.019943371439665993,0.43842419368263374,0.1861296544984949,Zambia
ZMB,894,2016,0.50350440036737,0.3193415357920313,0.360977104109396,0.5031316720123182,0.685758518804053,0.3210949448652025,0.3684153156742984,0.5024624593061523,0.6845168515468862,0.4691223928481348,9.0,12.0,3.0,3.0,-0.0343820075192351,0.468340579761704,0.4646389134459164,0.1256536196876006,0.09199136006288013,0.1984415264178418,0.019835805943841763,0.43930896303782485,0.18739441386559713,Zambia
ZMB,894,2017,0.5125229529750832,0.3243634660292077,0.3897482583943922,0.4967292454931331,0.6890980108296146,0.3259121191037175,0.3960775118978852,0.4962056997594796,0.6881451922324374,0.4765851307483799,8.0,12.0,4.0,4.0,-0.0359378222267032,0.4747278856292199,0.4717689275203343,0.13020311538506324,0.09194904153507391,0.22548601896688308,0.019693184072900938,0.43997078734991446,0.1942747579811931,Zambia
ZMB,894,2018,0.5120645346131012,0.3316196733741661,0.3939113255427803,0.4923010914160551,0.6843884557018209,0.3328347997424122,0.39967920289787,0.4918819626796655,0.6829982198811845,0.476848546300283,8.0,14.0,6.0,6.0,-0.0352159883128181,0.4743206249109487,0.4712161095885983,0.13129249294461307,0.09533948089340413,0.23086721726088966,0.019349719959355124,0.4384747755886726,0.1960077984255804,Zambia
ZMB,894,2019,0.5179962844974609,0.32100413879105,0.4109183405133024,0.5087453665123588,0.6812980772511805,0.322316807475487,0.4155390451713505,0.5080780262896862,0.6797043831855766,0.481409565530525,9.0,12.0,3.0,3.0,-0.0365867189669358,0.4798230267378353,0.4780769240130333,0.13959451393317726,0.08756523790481995,0.24930512884287181,0.03255329739081158,0.43753987067105815,0.20174088370239038,Zambia
ZMB,894,2020,0.5314082800514327,0.3555810646267042,0.4457275544722975,0.4884172144875163,0.6891259726098651,0.3546156326361835,0.4477725080358176,0.4883886648547593,0.6882678554187197,0.49476116523637,7.0,10.0,3.0,3.0,-0.0366471148150626,0.4892929988278659,0.4874137895747281,0.14916281904295195,0.10065032950811484,0.29349703904748303,0.03177286714152352,0.4394716881824945,0.21634798096990396,Zambia
ZMB,894,2021,0.5193816542315415,0.3733550972989438,0.4438724697395707,0.42417629728602,0.6880999014771331,0.3722380078500095,0.4448657080708304,0.4262153478046728,0.6871855866159501,0.4826261625853657,13.0,14.0,1.0,1.0,-0.0367554916461757,0.4741678965163002,0.4702740805067775,0.15080373370395986,0.10614503303934311,0.3007802374558317,0.030854891492557206,0.43903084872814474,0.2192027526789692,Zambia
