Alpha-3 code,CountryName_CN,Numeric,Year,SDI_Economy,SDI_Society,SDI_Resource,SDI_Ecology,SDI,SDI_Economy_TwoStage,SDI_Society_TwoStage,SDI_Resource_TwoStage,SDI_Ecology_TwoStage,SDI_TwoStage,SDI_Economy_Equal,SDI_Society_Equal,SDI_Resource_Equal,SDI_Ecology_Equal,SDI_Equal,SDI_Average,GDP per capita growth (annual %)_x,Merchandise exports (% of GDP),"Inflation, GDP deflator (annual %)","Agriculture, forestry, and fishing, value added per worker (constant 2015 US$)_x","Industry (including construction), value added per worker (constant 2015 US$)_x","Services, value added per worker (constant 2015 US$)_x","Current account balance, percent of GDP (Percent of GDP)(IMF)",Proportion of seats held by women in national parliaments (%)_x,Prevalence of undernourishment (percent) (3-year average),"Life expectancy at birth, total (years)_pct_change",Population growth (annual %),Scientific and technical journal articles per million people,"Prevalence of HIV, total (% of population ages 15-49)_x",Domestic general government health expenditure (% of GDP),Individuals using the Internet (% of population)_x,Mobile cellular subscriptions (per 100 people),Access to electricity (% of population)_x,Adjusted savings: mineral depletion (% of GNI),Adjusted savings: net forest depletion (% of GNI),Renewable internal freshwater resources per capita (cubic meters)_x,Energy intensity level of primary energy (MJ/$2021 PPP GDP),"Water productivity, total (constant 2015 US$ GDP per cubic meter of total freshwater withdrawal)_x",Adjusted savings: energy depletion (% of GNI),Energy consumption per capita (million Btu per person),"Solar, tide, wave, fuel cell electricity installed capacity (million kilowatts)_per_capita",Biomass and waste electricity net generation (million metric tons of oil equivalent)_per_capita,Forest area (% of land area)_x,Wetland area(% of land area),Grassland area(% of land area),"Terrestrial barren land|1000 HA|ECCCT|Terrestrial Barren Land|Environment, Climate Change, Climate Indicators, Land Cover Accounts, Terrestrial Barren Land|Climate neutral(% of land area)",CO2 emissions (metric tons per capita)_x,PM2.5 exposure/Ambient particulate matter pollution,Terrestrial biome protection (global weights),Species Protection Index,Region
AGO,安哥拉,24,2001,0.3520617824984728,0.26510536797907547,0.5001035366250624,0.4307810913586525,0.38608222890127253,0.34918532341526803,0.2792617066040634,0.4995912220679936,0.4392157890102576,0.3918135102743957,0.37435548404193686,0.23975767691586486,0.49666380337727134,0.46847117033585334,0.3948120336677316,0.3892884926627787,0.769184668,0.7311931680236048,106.3521255,3314.5883648157906,37211.25018115784,5146.939598352648,-16.01295133,15.45454545,67.8,0.0114191092664672,3.353709414,0.5720356491661177,1.4,1.80684185,0.136014,0.447836,20.0,0.0,1.717288645,8837.293954,3.74,56.10526171,34.14105595,6.764591993720694,0.0,0.0,61.88621882,0.5879762573193229,14.275366968797623,2.235140771637122,0.4382660530041784,22.41252535312,5.11785627705784,25.23,S
AGO,安哥拉,24,2002,0.32871947256061146,0.2671013737378742,0.5168844060227924,0.4379797904007623,0.38972877194676925,0.327185582340466,0.2821449208759774,0.5156905649502532,0.44713944974923664,0.3930401294789833,0.34836799765326826,0.24168202402190248,0.5153961882950645,0.4758789307970291,0.39533128519181604,0.39120568720069754,9.857802363,0.4810671530123417,236.3457434,3053.93928,27677.81788,5152.613348,-0.86701486,15.45454545,63.6,0.0179027045415889,3.407476157,0.9308795126231127,1.5,1.15548134,0.270377,0.807955,26.3,0.0,1.109429847,8541.237934,3.41,62.5228553,22.32032811,6.9540478242544115,0.0,0.0,61.44099463,0.5882489773000722,14.253717815031685,2.235509745728724,0.4510865025991044,20.0786038655139,5.11785627705784,25.23,S
AGO,安哥拉,24,2003,0.3309510408175324,0.28021001739841916,0.5190354894744447,0.4401420626557503,0.39512460762580176,0.3305272589844812,0.2957522018501367,0.5176739511060363,0.4495860701780125,0.3983848705296667,0.3621512353641724,0.25463181995160467,0.5184679367071539,0.4781194613420497,0.40334261334124516,0.3991924696519422,-0.065437987,0.4674043909098747,94.60726114,3178.260988,27382.48421,5259.551686,-3.537284185,15.45454545,57.5,0.0489618582111375,3.493342778,0.3282486923552941,1.5,1.28335834,0.370682,1.95054,27.4,0.0,1.279314055,8248.014681,3.56,63.45977209,18.76581558,7.465650719445751,0.0,0.0,60.99577043,0.5882730408277853,14.205695034892116,2.2645143177989895,0.4611723559762885,19.1936778240444,5.11785627705784,25.23,S
AGO,安哥拉,24,2004,0.366492633833866,0.29445125033667235,0.516725633455501,0.43712561725392085,0.402424177986764,0.3663645514597509,0.3102633622033935,0.5154746680221478,0.4464057485932737,0.4096270825696415,0.4052581462119393,0.26704994950861166,0.5148417515449114,0.47507755270716934,0.41555684999315795,0.4100441971803308,7.486046944,0.4991114538803046,33.38232372,3321.176585,30707.63223,5500.659776,2.523291428,15.0,50.6,0.0180214265801106,3.594457524,0.5231063831182764,1.6,1.4713583,0.464815,3.9784,28.4,0.0,0.764881538,7956.808294,3.23,69.37358697,23.98809454,7.841121969892632,0.0,0.0,60.55054624,0.5903104195074999,14.107074677147672,2.302791369214727,0.4608131722595771,19.8050041407778,5.11785627705784,25.23,S
AGO,安哥拉,24,2005,0.40481157228362447,0.30572655769776436,0.5118722573519121,0.4284655370750918,0.4066280831799995,0.40317673440917595,0.32219444271242875,0.510990136695681,0.4370625429533814,0.4183559641926668,0.4362198843888483,0.27756036690555297,0.5076039288659189,0.46631003518563613,0.42192355383648905,0.4155311323839949,10.06735933,0.5823903125110096,40.13645109,3115.204003,35748.22753,5956.361472,12.41135295,15.0,42.9,0.0196975920818418,3.646268934,0.5204456071876649,1.6,1.14204562,1.14337,8.35159,29.4,0.0,0.564201747,7671.907357,2.64,77.72767789,33.56291691,6.193058349705884,0.0,0.0,60.10532205,0.5908077324135718,14.092508221705302,2.305654929012593,0.4393278319537119,22.179113927684,5.11785627705784,25.23,S
AGO,安哥拉,24,2006,0.41627066890218073,0.3257078052228364,0.5124899676947309,0.4455954128913448,0.4203945508793572,0.4147514428852486,0.3422302004192514,0.5114490125868404,0.4557985381507443,0.43105729851052116,0.4478837529988767,0.29520563387273874,0.5083952906700332,0.4838567032609914,0.43383534520066,0.4274604074069928,7.795575329,0.5432227078559881,16.81441774,3212.792538,40145.95832,6506.729922,18.22532292,15.0,36.0,0.0160176481872242,3.684892016,0.6280202239499134,1.6,1.28968012,1.5,15.2614,30.5,0.0,0.447410049,7394.351085,2.65,86.93204795,33.35753273,7.55870370581503,0.0,0.0,59.66009786,0.5913130664955483,14.080829389588514,2.3095291569744125,0.4713397567428363,16.9094675827522,5.11785627705784,25.23,S
AGO,安哥拉,24,2007,0.42723216209513976,0.35338337452284563,0.5070461281017749,0.4334528932984986,0.4244363965058302,0.4251332622242407,0.3697100974017354,0.5061249109951875,0.44261565196590813,0.43589598064676793,0.45792777338840374,0.319015817499371,0.5018374259648991,0.4713005907181064,0.4375204018926951,0.4318410043571024,8.851635443,0.6078494515399571,5.174514124,3082.132314,47034.74351,6905.310413,14.48735795,15.0,29.8,0.023317284999528,3.74258021,0.4889655255722472,1.7,1.53876388,1.7,23.8782,37.5,0.0,0.461630203,7122.72616,2.55,98.23555174,39.40983355,8.569048965722477,0.0,0.0,59.21487367,0.5928451110932863,14.067474131707709,2.3136921472687897,0.5018759826534668,20.2365312998466,5.11785627705784,25.23,S
AGO,安哥拉,24,2008,0.422413661265379,0.41643471990483355,0.49762103827676607,0.4293025507716928,0.438903516854859,0.4198800375524729,0.43676591556985167,0.49698398467014626,0.4381757634835152,0.4479514253189965,0.44898173825516147,0.37194258294745214,0.49073615344611443,0.4670858288240729,0.44468657586820026,0.4416355884961255,6.678885924,0.6469654810311097,19.4273825,2968.891952,51983.44948,7686.60799,7.282331634,37.27272727,24.4,0.0199446494464943,3.778289766,0.5491537818274587,1.7,1.91652381,1.9,31.3891,38.5,0.0,0.476623309,6858.629511,2.51,108.8318632,48.68183528,9.617631932886514,0.0,0.0,58.76964947,0.5934787839897329,14.042255554664312,2.319724071548889,0.5020700657663788,21.2474510491282,5.11785627705784,25.23,S
AGO,安哥拉,24,2009,0.3648102013535644,0.4306093784579229,0.520620496208944,0.4347185444993938,0.4422781395803993,0.36425912006457956,0.4510146499773352,0.5188811259052775,0.4441477636796933,0.4445756649067214,0.3976045553943358,0.38483916507735794,0.5185008561756217,0.47251879251959805,0.4433658422917284,0.4434788701256267,-1.809060093,0.4996990679736354,11.97152744,2862.389326,52264.79557,8459.474929,-9.267040561,38.63636364,19.7,0.017076391526926,3.801561875,0.6147731230648644,1.7,2.23769045,2.3,36.1789,33.8,0.0,0.521896052,6602.788259,2.77,111.0037,25.70459231,10.706505843907175,0.0,0.0,58.32442528,0.5946338333199648,13.947196599021416,2.3433704981150236,0.5511371600328051,19.3223854108792,5.11785627705784,25.23,S
AGO,安哥拉,24,2010,0.40751224059443286,0.4280112506340109,0.5142762915692591,0.41922315826253176,0.4401691324384102,0.4058564325786556,0.44898620841945047,0.5127793159562448,0.42721988317481113,0.4487104600322905,0.4322632266607411,0.38215783460639297,0.5108635734927769,0.4560235076163878,0.4453270355940747,0.4439229751486826,1.315790766,0.5295304142690832,28.67079991,2885.043596,52725.65481,9128.369662,7.855778349,38.63636364,16.2,0.0180880391285014,3.851098249,0.630182883966718,1.7,1.46826649,2.8,40.3668,35.0,0.0,0.432163347,6353.342427,2.65,116.8798648,32.68797702,11.18806127800962,3.004959255972088e-06,0.0,57.87920109,0.5975856260527793,13.911029116868534,2.3730247854335444,0.7055088316396453,23.4368134074259,5.11785627705784,25.23,S
AGO,安哥拉,24,2011,0.4161291715485545,0.439121657777091,0.515042512922182,0.4776446919304529,0.46601175721363003,0.4142737161222711,0.45910080725949537,0.5134976213287824,0.48469077296237995,0.4678907294182322,0.4371683908568632,0.39087964768212624,0.5117602158475503,0.5042061143383679,0.4610035921812269,0.45907253147512356,-0.356512142,0.5342063492063492,29.64487914,2835.131289,52385.37038,9955.132861,10.42171712,38.18181818,14.8,0.014866706264631,3.887945997,0.7341540002391574,1.8,1.52542961,4.7,49.8515,34.6,0.0,0.36546349,6111.068168,2.65,121.0803747,32.41146905,11.255748229665029,3.3032800910648256e-06,0.0,57.4339761,0.5970883131467073,13.887591240875912,2.390166038341221,0.7143250064248798,20.0795137803725,10.2342223605419,37.13,S
AGO,安哥拉,24,2012,0.4224030245443996,0.43780013857265604,0.518943982812967,0.4789622977102283,0.46774540677234644,0.4213484668213319,0.4567437062658108,0.517162281298759,0.48621448208738083,0.47036723411832065,0.44930121426735925,0.39017375739802296,0.5165981932468825,0.5055565430595339,0.4654074269929496,0.4629612399279399,4.370087786,0.4937013888888888,7.112269638,2779.177389,56830.89828,10682.01347,9.640527171,34.09090909,14.0,0.01416693921815,3.883583555,0.8459970082686079,1.8,1.39434171,7.7,50.7801,37.3,0.0,0.363022331,5878.289072,2.78,131.3759877,29.06237356,11.66851645436006,3.971816940228207e-06,0.0,56.9887511,0.5972407154888906,13.840940081815994,2.4325419106441,0.7300104024665938,19.4301143088767,10.2342223605419,37.13,S
AGO,安哥拉,24,2013,0.4117132455754497,0.4480531148738347,0.5251946452973256,0.4757619916754554,0.4695024418377606,0.4110312358238968,0.466317863785622,0.5230935108563869,0.48277908054027463,0.47080542275154513,0.4383342194381921,0.39984040857878095,0.5237156162351542,0.5021657521607457,0.4660139991032182,0.4646326525075737,0.921826358,0.4580335570469798,3.233508038,2692.226411,59391.57252,11465.64189,5.472175168,34.09090909,13.5,0.0133919478579673,3.84998069,0.9115014282099948,1.8,1.5071826,13.0,50.7735,38.4,0.0,0.355291018,5656.277207,2.65,137.7911577,24.36883471,12.18191130807631,4.203989815643581e-06,0.0,56.54352611,0.5977059436913451,13.827247934547204,2.445921232052619,0.7687151705558669,20.1140361567382,10.2342223605419,37.13,S
AGO,安哥拉,24,2014,0.39369437272829694,0.45234155451363695,0.5345424888487229,0.48503483331691516,0.473725394455486,0.39439099997993343,0.47026711163358725,0.5320150114760699,0.49294535098510506,0.4724046185186739,0.4229911145914537,0.40495378138571,0.5338826105291397,0.5116311524326893,0.4683646647347482,0.4678961273594426,0.821220989,0.3867320261437909,4.081731881,2690.265943,56967.99057,13038.85892,-2.442177258,36.81818182,13.2,0.0115735700527594,3.732728067,1.2727916503395025,1.8,1.16797769,21.3623,51.7384,32.0,0.0,0.358516879,5449.035703,2.29,144.2063331,18.22661011,12.96817672934786,4.418137056428704e-06,1.1396742186964588e-06,56.09830111,0.5983636801155049,13.820911205582735,2.4456003850164434,0.8005503282326063,17.1576150332537,10.2342223605419,37.13,S
AGO,安哥拉,24,2015,0.3612021634541757,0.4600202270160843,0.540121076976548,0.47846479315352264,0.47048299025282264,0.3627799984142359,0.4780867008656075,0.537292940833262,0.4858501550155857,0.4660024487821728,0.3950022012622106,0.4116191617502093,0.5414838535255976,0.5048747972426576,0.46324500344516883,0.46451647311791777,-2.804708184,0.3221456310679612,2.957345826,2711.177974,55045.35966,12458.99447,-10.01807545,36.81818182,14.2,0.0106960725875886,3.605071622,1.1407141993134546,1.8,1.08924341,22.0,49.3097,42.0,0.0,0.554706546,5256.092824,2.72,145.3068837,10.39627584,13.146811726865211,4.581324150418296e-06,1.2825399043685874e-06,55.65307612,0.5983636801155049,13.820678591481514,2.4454399614983555,0.8136617574286171,18.8815873297655,10.2342223605419,37.13,S
AGO,安哥拉,24,2016,0.38197680141389095,0.4554023895682908,0.5340118324462069,0.4792607671197361,0.4708701593775966,0.38154733646120287,0.4736004429934206,0.531560451099601,0.48685569745293955,0.46839098200179097,0.4060355380186883,0.40830432543057116,0.5341964938211365,0.5060159819492727,0.4636380848049172,0.4641525976594394,-5.154029047,0.4607516106344324,20.87270318,2682.608279,53894.3858,11655.72793,-5.152447638,36.81818182,15.2,0.0094525081091707,3.57644144,1.295614203714688,1.8,1.05520773,23.2,44.5502,41.8,0.0,1.031762632,5071.43354,2.59,142.835896,16.05341206,11.365808994697382,4.591703340327114e-06,1.3258726801734703e-06,55.20784471,0.5994224753348842,13.78968476778696,2.438990936071228,0.7464249204418864,18.5355335798775,10.2342223605419,37.13,S
AGO,安哥拉,24,2017,0.38082094018232515,0.44895315067200287,0.5298744854371151,0.48762719122052195,0.4709968851836258,0.3808053966075324,0.46553280677039155,0.5277641396807035,0.49615136046542696,0.46756342588101363,0.40672475020869764,0.4036897190119502,0.5291771503884204,0.5151262146435559,0.46367945856315607,0.4637521915360181,-3.622865017,0.4102187371152945,23.71280615,2592.708488,50785.44385,11474.74063,-0.750047561,30.45454545,15.4,0.0081630665866048,3.540612215,1.8233932054343005,1.8,1.12824702,26.0,44.0682,42.9,0.0,0.813139211,4895.015317,2.65,142.6225046,20.8526427,9.465602735968616,4.431973327193838e-06,1.3650666675959476e-06,54.76262934,0.5997673858987728,13.771773481992462,2.4366487527071468,0.6333974239121962,16.0367944536136,10.2342223605419,37.13,S
AGO,安哥拉,24,2018,0.40214652334849327,0.4514047618892528,0.5249942666292079,0.4822091626491383,0.4715353192595232,0.4012315385527485,0.4678761748343447,0.5230553611613287,0.49035789697401,0.47063024288060795,0.42299321713846033,0.4062055746715636,0.52310663929569,0.5098140718917549,0.4655298757493672,0.4649847233964737,-3.968524543,0.4553315573708908,25.19415615,2479.8339,47872.02217,11348.49572,8.269886538,30.45454545,15.9,0.0080486784070055,3.453233009,0.9489680451785474,1.7,0.97981894,29.0,42.4589,45.3,0.0,0.61713402,4728.864333,2.47,141.7747404,25.99553718,10.25066256648837,4.281539328414995e-06,1.428626717954076e-06,54.31740595,0.6061682842704741,13.769784230368174,2.435654126895003,0.5824907995630912,17.5227633670448,10.2342223605419,37.13,S
AGO,安哥拉,24,2019,0.3954480813289756,0.45470944115021456,0.5264530537041415,0.47495873273649764,0.4692922667924183,0.39490713815351747,0.4701873463596204,0.5244301554813817,0.48249849380773313,0.4680057834505632,0.41858083078552555,0.4087311545024477,0.5252769884277242,0.502278441093668,0.46371685370234134,0.4636205230918241,-3.529000125,0.4388710072950476,19.86588752,2380.431048,45803.04653,11285.47921,6.363325993,30.0,18.2,0.0068506275749737,3.387884222,1.123993502273562,1.7,1.00303984,32.1294,45.8065,45.6,0.0,0.636491008,4571.339333,2.66,141.4845555,23.43624911,10.300142335789957,4.13891534225494e-06,1.4607124120817162e-06,53.87217454,0.6149675142375872,13.759862035774445,2.436945536215609,0.6170276207426622,19.4264229269162,10.2342223605419,37.13,S
AGO,安哥拉,24,2020,0.3701549746428408,0.46443012314324994,0.5339395419076802,0.48319821469563384,0.47339208451934645,0.37037146352874073,0.4788938684337803,0.5317485746352959,0.4917023909321856,0.4681790743825006,0.3967000976201183,0.4179000595643938,0.5342903940102611,0.5114960424638052,0.4650966484146446,0.4663671519055164,-7.127614827,0.3761100442307121,16.06358065,2365.272311,43968.76124,10939.62227,1.481531756,30.0,20.8,0.0010309114843538,3.267958649,1.450175139065548,1.7,1.46055436,36.6347,43.7804,47.0,0.0,0.872368701,4424.364473,2.8,135.765117,15.59116712,7.93802293039719,4.107484314731113e-07,1.41374849471133e-06,53.42695115,0.6180717093125853,13.740322451271355,2.441902622924521,0.4448866598595228,17.0475655612855,10.2342223605419,37.13,S
AGO,安哥拉,24,2021,0.398636923218902,0.4673705763783559,0.5247918967160442,0.4855734436789742,0.4769618490869019,0.3980312713856188,0.48114143218506733,0.522913064388573,0.49432504291937873,0.4741027027196595,0.4210696069805726,0.4205021785619004,0.5241685734260455,0.5137811383606683,0.46988037433229674,0.47000809712361086,-1.094340856,0.4332855412606523,35.65369228,2319.419946,41540.6373,10936.39353,10.55744069,29.54545455,22.6,-0.0025033272070473,3.1813226,1.2263834669724507,1.7,1.51676536,39.3876,44.3869,48.2,0.0,0.739017315,4285.82652,3.1,138.6199214,22.53066561,8.63258460841613,4.172889199308858e-07,1.369480481995344e-06,52.98172239,0.6262372663832517,13.725715889949466,2.44433303922355,0.4994703342183082,16.0922276348724,10.2342223605419,37.13,S
BWA,博茨瓦纳,72,2001,0.41045723508169696,0.285807554531769,0.5155723252046307,0.6195842788869729,0.4718623267565705,0.4108968758068333,0.2905007410845059,0.512447839971884,0.6207577795103532,0.4586508090933941,0.43691766684226824,0.2977041494375642,0.5194084898052977,0.6050194342898731,0.4647624350937508,0.4573616777893584,-1.791143,0.4572275220437859,8.312825,4813.121528,38581.8107,10917.60779,10.84251001,17.0212766,28.1,-0.0010141017545872,2.057638658,59.85093333115297,25.7,3.50531387,3.43089,19.4051,24.8,0.42909242,0.317212922,1401.661202,3.79,43.81710296,0.172821623,29.939780395059813,0.0,0.0,30.88313659,1.3486669136978808,6.768302366206131,1.6229950770208037,2.050706608949373,14.8672278391476,26.220772520495,93.72,S
BWA,博茨瓦纳,72,2002,0.4086885503374916,0.29690878896950446,0.5169953055206964,0.6208952530672305,0.4756769110223647,0.4090000206554865,0.30140089315528557,0.513766648638289,0.6222827478739446,0.4616125775807514,0.4377959351952682,0.3092005077116903,0.520766309869567,0.6065970968632148,0.46858996240993506,0.4616544172710471,4.093208374,0.4458651673547468,1.187370696,2844.642965,45631.90941,11923.35852,4.842075346,17.0212766,28.5,0.0031220072782991,1.880809861,69.4019760850041,25.3,3.76324773,3.38592,19.0435,27.0,0.301084555,0.428169112,1375.544988,3.59,46.40711085,0.130862878,30.503990885516867,0.0,0.0,30.67439521,1.3503784871102642,6.688475993859509,1.6292767278951177,2.0002141058699663,14.4045091933768,26.220772520495,93.72,S
BWA,博茨瓦纳,72,2003,0.4119426113181399,0.3077590657194881,0.5148053789816223,0.6177560847709018,0.4777027204654241,0.41253631001481733,0.31209335073525163,0.5116359651463307,0.6190275055533678,0.46382328286244184,0.43962083266772284,0.3174933722308521,0.5177691393605097,0.6039831512302047,0.4697166238723224,0.4630607945608473,2.800973794,0.3740889649187893,3.259084372,2588.252441,48810.8867,12936.13264,9.542448888,17.0212766,29.0,0.0091268401657342,1.759625506,68.89537633972617,24.9,3.60058308,3.34519,25.0588,33.1,1.15358518,0.437885054,1351.552258,3.39,48.48137301,0.089989805,30.574898851428703,0.0,0.0,30.46565384,1.3541192454960918,6.622395144072132,1.637587563742876,1.853242776516329,15.3951124850007,26.220772520495,93.72,S
BWA,博茨瓦纳,72,2004,0.39556200032151356,0.3040309363149204,0.5107259031711658,0.623072173207737,0.4755268481576611,0.3957447287705794,0.3072294653749246,0.5077297331683603,0.6247183590064949,0.4588555715800898,0.4235742558715413,0.31465914368986064,0.512936380274665,0.6086009152788803,0.46494267377873677,0.4587307639030125,0.920692082,0.3921867334508717,10.07878865,2165.896604,51702.40546,12071.91396,3.536783233,11.11111111,28.1,0.0136610470946623,1.753382038,73.82912061338706,24.5,3.4343946,3.30489,28.9318,35.3,2.200557872,0.307268143,1328.060931,3.44,49.71897128,0.259496818,30.09723469274371,0.0,0.0,30.25691246,1.3623595009969476,6.447091207453286,1.6414341926490568,2.074987372907336,13.322167793966,26.220772520495,93.72,S
BWA,博茨瓦纳,72,2005,0.43032014402356106,0.2998002419142174,0.5135410931861306,0.611499904729799,0.475235682695955,0.4289085089208265,0.3036960327305828,0.5103562823968468,0.6120329584874593,0.46374844563392886,0.4521810508375753,0.3092774833367387,0.5162450371293343,0.5961961222451853,0.4684749233872084,0.46099460298105605,2.696606331,0.4461176974256628,15.47170657,1788.831476,58834.40255,11870.50291,16.10571085,11.11111111,26.9,0.0151755548503911,1.794991631,67.18383891966691,24.2,2.86616707,3.26255,30.6424,37.5,1.515681262,0.295399433,1304.435025,3.39,51.90711612,0.195819254,31.26795628283708,0.0,0.0,30.04817109,1.362730047818185,6.438251019003759,1.6405166481393254,2.20726033370709,16.4438745058821,26.220772520495,93.72,S
BWA,博茨瓦纳,72,2006,0.45125810123949817,0.3213533622160175,0.5005425517699493,0.6247198679366223,0.4864404847221946,0.4494999280737876,0.32366523518091467,0.4976632638588699,0.6264463750432481,0.47431870053920505,0.47359900483813505,0.3297765313316597,0.500789864703846,0.6096056428972726,0.4784427609427283,0.47049741978518633,6.361425592,0.4565911521847988,5.15439836,1730.302803,68608.39769,12356.24792,19.66477602,11.11111111,26.6,0.0133490236457911,1.865177121,98.76682834395652,23.9,2.79110265,4.28993,43.9084,39.7,4.741351257,0.301608643,1280.330496,3.26,56.16496606,0.202371734,32.648832854892774,0.0,0.0,29.83942971,1.3630123692057947,6.421188220140102,1.6397931995835762,2.2609666367211596,12.3888752948584,26.220772520495,93.72,S
BWA,博茨瓦纳,72,2007,0.44597976377136345,0.34148366791174845,0.5003576937218219,0.6195540900617617,0.4897593757475716,0.44424811737872705,0.34273414548296316,0.49744630723770655,0.6209600175255969,0.4763471469062484,0.4662926287275651,0.34237910258305915,0.5004434829337546,0.6048276406572041,0.4784857137253957,0.4714838793701462,3.761895523,0.4896250099416399,6.029197651,1963.566243,63773.93864,12624.33993,15.6550615,11.11111111,26.3,0.0294491217883581,1.938134749,79.7509000884784,23.6,3.12948751,5.28,60.2637,41.9,4.899064774,0.375146397,1255.754889,3.18,59.33017893,0.227065176,32.945350465103225,0.0,0.0,29.63068833,1.366223774989854,6.371252624706651,1.6373581776154431,2.133601525951483,13.9634328957976,26.220772520495,93.72,S
BWA,博茨瓦纳,72,2008,0.4106363778090813,0.3696230563825341,0.5113423918921007,0.6181816123221803,0.49519686908273297,0.41009710640902863,0.36913234016859364,0.5080139741432035,0.6196017347565417,0.4767112888693419,0.43427751600936365,0.36463727346038005,0.5135958163941824,0.6038924030030387,0.4791007522167412,0.4747004975953323,1.199231316,0.4613809377150462,9.372730256,2017.227412,56639.51131,13046.98868,1.393458723,11.11111111,26.0,0.0163214946681942,2.008214758,84.98079457632682,23.4,3.66806316,6.25,76.1956,44.5,2.00713703,0.475055258,1230.788166,3.24,61.16886783,0.537952565,33.56689891194383,0.0,0.0,29.42194696,1.3663825807703844,6.324016727542217,1.639828489757027,2.0206215054590584,14.3982127408744,26.220772520495,93.72,S
BWA,博茨瓦纳,72,2009,0.34849631093880223,0.3751339091227132,0.5154793623409912,0.6192826340027472,0.4898999615598569,0.34944950258108065,0.37306373108722285,0.5122440462441916,0.620779430274172,0.4638841775466668,0.37036210862715163,0.36665827825336667,0.5187066261665697,0.6047307351853414,0.4651144370581074,0.46368597235016434,-15.89971491,0.3415539774726505,15.10893375,2148.365682,35491.03912,12904.24831,-6.405939615,7.936507937,24.8,0.0110299856055218,2.065878468,84.2227729014258,23.2,3.41018438,6.15,94.1441,43.4,0.940099755,0.464291691,1205.62242,3.44,52.43929744,0.148944343,30.90149043597786,0.0,0.0,29.21320558,1.3641592998429588,6.2991548003458435,1.620313023838512,2.1001362534178143,13.8630939095201,26.220772520495,93.72,S
BWA,博茨瓦纳,72,2010,0.39056927464537583,0.408102558169849,0.5164885150857921,0.6091901647685459,0.5016990427507505,0.392538210452613,0.4045804246056728,0.5131821890651951,0.6098371229660766,0.48003448677238936,0.42342596679855554,0.39118688325797624,0.5197185430584402,0.5944711728985359,0.48220064150337694,0.4796790256142324,7.821146994,0.3713617519132338,7.685492244,2465.158127,42580.83762,14136.3883,-5.888402257,7.936507937,23.3,0.0144089747328337,2.109435975,80.64980219968315,23.0,3.60705996,6.0,116.246,52.0,0.8950785,0.351848658,1180.456945,3.4,57.66069662,0.299472888,31.247128964230455,0.0,0.0,29.00446421,1.3594833518606746,6.286873819984826,1.615213593774813,2.0751766263622597,16.7567122321382,26.220772520495,93.72,S
BWA,博茨瓦纳,72,2011,0.40270569752518287,0.436415242986935,0.5193929059070368,0.6208821957552676,0.5165094531340312,0.40398912640786794,0.43094319364676487,0.5159171057561525,0.6226108807147244,0.4933650766313774,0.42998303455946335,0.41332312495286827,0.5224383485458899,0.6063510696035683,0.4930238944154475,0.4910548877996024,4.755573289,0.3892620427715504,12.6534473,2467.453935,44527.98052,14550.29202,-0.872984775,7.936507937,22.0,0.0097739148079882,1.968774796,80.91495923628007,22.8,3.60456705,9.0,139.87,53.2,0.715410973,0.322823363,1157.443689,3.04,61.51289402,0.247783119,32.136567686336576,4.822682038161883e-07,0.0,28.79572283,1.3398443703350802,6.2813509078397125,1.61687223192702,2.115102694191321,13.1373136702484,26.220772520495,93.72,S
BWA,博茨瓦纳,72,2012,0.39259516366882086,0.4636324934873812,0.5171160961589913,0.6166977522347168,0.521200063786766,0.39347386174277765,0.45671365460625923,0.5137935881955116,0.6181954055979211,0.4955441275356174,0.41651765909426103,0.437595669937456,0.5206670581927079,0.602585978424258,0.4943415914121707,0.49406681365184774,-1.831759004,0.429337784755805,3.011796554,2213.694329,41737.08144,14631.62387,-5.901992671,7.936507937,21.3,0.0112032152725445,1.677740212,75.87437642777233,22.7,4.09601831,16.0,146.149,56.0,0.821469996,0.389372464,1138.186783,3.47,62.29226928,0.333840683,31.22951731713719,4.742444929543867e-06,0.0,28.58698146,1.3341979425828878,6.272669525170715,1.6162017186314472,1.9852924148861553,14.4400173639268,26.220772520495,93.72,S
BWA,博茨瓦纳,72,2013,0.4514491798647217,0.49160640151163154,0.5219215137539044,0.6171894830541472,0.538386554407767,0.45108225532312085,0.48264216258804665,0.5184868966606788,0.6187420778451254,0.5177383481042429,0.4715018819672509,0.46345024128426876,0.5258628577257914,0.6029732613368435,0.5159470605785386,0.5144578646129505,9.43871074,0.5543122696637686,1.53204506,2315.063762,46782.2299,15483.00431,4.530731484,7.936507937,20.8,0.013795045045045,1.50921875,78.22273462382549,22.4,4.15482092,30.0,151.671,58.0,0.33794118,0.402103615,1121.13803,3.29,70.38522973,0.27211869,30.533949698630643,9.34281691535688e-06,0.0,28.37824008,1.3338979761085528,6.264393979496409,1.6152488839482646,2.02132111215024,14.1519058966031,26.220772520495,93.72,S
BWA,博茨瓦纳,72,2014,0.460842159770153,0.5126441303927245,0.5231344004245855,0.6285698933645155,0.5502233766231587,0.45979816053401573,0.502746863410443,0.5196603098695213,0.6310847070646708,0.5283225102196627,0.4740226791896666,0.48370010568428146,0.5273842530580528,0.6141878736672729,0.5248237278998185,0.5239741493538571,4.170990129,0.5500938148770065,9.601547879,2298.418535,48508.99483,15988.77521,11.07503064,9.523809524,20.1,0.0155185651044644,1.454418984,94.28446200905692,22.1,3.99039125,36.7447,157.018,60.0,0.140391746,0.401436462,1104.949992,3.39,75.68194908,0.21280841,30.221929235322353,9.20791659837462e-06,0.0,28.1694987,1.331357083620066,6.264641010710567,1.5985742769925717,2.1501786694928833,10.5478878104889,26.220772520495,93.72,S
BWA,博茨瓦纳,72,2015,0.41651516930701055,0.5156293188218264,0.5183730020462969,0.6139299157139395,0.5389350293863095,0.4164036497373234,0.5060307316656224,0.5146036730056331,0.6147003031816485,0.5129345893975569,0.4314691262160218,0.4833158622881304,0.5228866133855842,0.596862824748925,0.5086336066596653,0.509833077201621,-6.199954122,0.4667886509721111,3.730305856,2185.366427,42896.09751,15693.08293,2.226182876,9.523809524,20.3,0.0168578184567376,1.427532237,74.28040011383065,21.8,4.13518047,37.3121,157.735,62.1,0.036364954,0.465455656,1089.288527,3.55,72.01037171,0.211765557,36.30532988752694,9.077404388834249e-06,0.0,27.96075733,1.331357083620066,6.264129303195526,1.598556631905846,2.7251923710770294,13.9639581775112,26.220772520495,93.72,S
BWA,博茨瓦纳,72,2016,0.4503862063968857,0.5178056136267393,0.5188462657040551,0.6170683709992484,0.5452816197963214,0.45059879315260065,0.5080901775558905,0.5148543487587064,0.6179128090056165,0.5228640321182034,0.46663050328492756,0.4907930069961348,0.523104312931057,0.5988714212122185,0.5198498111060844,0.5198015817362677,5.693194554,0.4883761314509387,11.90491113,2568.72591,43323.7258,16921.41729,7.97299722,9.523809524,20.9,0.0174800284742544,1.419701726,105.61237457355904,21.4,3.83726597,42.2576,147.173,64.2,0.049979744,0.463315684,1073.933137,3.17,72.05942108,0.204050341,39.40346318931849,1.342416421153619e-05,0.0,27.75201595,1.3302277980696275,6.258659326310588,1.595327581035061,3.0373091039101907,12.5190029177375,26.220772520495,93.72,S
BWA,博茨瓦纳,72,2017,0.42606135274766077,0.544753266342601,0.5218205504216145,0.6193581274826353,0.5514762750074057,0.4274749985866005,0.5338742430074156,0.5179947867870314,0.6206651903101776,0.5250023046728063,0.44729543285868495,0.5150535950112473,0.526095292935824,0.6023422858662212,0.5226966516679944,0.5245647030433956,2.64591261,0.3644795525184963,2.649933209,2357.234684,44474.19292,17159.91519,5.585809138,9.523809524,22.1,0.0171019900497513,1.420476473,105.96242103772498,20.9,5.01613283,47.8587,142.962,67.4,0.048434147,0.441370492,1058.786005,3.18,78.25064858,0.301815015,35.60369798280792,1.3234825059876557e-05,0.0,27.54327458,1.3301748628094507,6.253912797981402,1.5923279162917086,2.763667334290064,12.1347854202342,26.220772520495,93.72,S
BWA,博茨瓦纳,72,2018,0.42125462105196204,0.5486752924824001,0.5221318812839193,0.6145279817483472,0.5503055080194065,0.422772593854984,0.5372175861324652,0.5183890964174137,0.6154907073662179,0.5234674959427702,0.44351694108828177,0.5199606674966605,0.5265613445964186,0.5976850992386378,0.5219310131049997,0.5242575928782778,2.720714331,0.3860393337505112,0.056621886,2538.234674,45670.64078,17209.85756,0.392946349,9.523809524,22.1,0.0145368388871902,1.418981085,124.0506780575876,20.3,4.14253378,54.2022,147.065,68.3,0.053047701,0.325854622,1043.868123,3.25,77.13219222,0.381733367,34.796698208422534,1.739780204867818e-05,0.0,27.3345332,1.330245443156353,6.256294884689359,1.5863462318917296,2.691840720947519,13.5691662721176,26.220772520495,93.72,S
BWA,博茨瓦纳,72,2019,0.39849873042122774,0.5800097868744586,0.525936080826695,0.6179377201646806,0.5585815910170139,0.4012451254474258,0.5666922164113195,0.5222081212174681,0.6193599028620904,0.527376341484576,0.4244018304222294,0.546243467206997,0.5303065111120109,0.6017862141368772,0.5256845057195286,0.5300086999449616,1.576390941,0.3131070644025452,0.508004101,2614.34869,43862.92853,17942.55204,-6.905054782,10.76923077,22.8,0.0119931897967486,1.422628471,132.30661172865632,19.7,4.37294102,61.3865,160.662,70.1,0.045415606,0.290824015,1029.122891,2.92,80.25750377,0.230326031,33.38138275820866,2.529927108083203e-05,0.0,27.12579182,1.3308630211917492,6.251407195666367,1.5853757521218217,2.5492595340731867,12.6754457818158,26.220772520495,93.72,S
BWA,博茨瓦纳,72,2020,0.37947178488607447,0.5985338457915297,0.5251785868531399,0.6244566215179653,0.5637498926918885,0.38203643596267395,0.5842174804000138,0.5216477674365845,0.6267043401879735,0.5286515059968114,0.39777965219247785,0.5627823073649804,0.5293824254979662,0.6095041781660302,0.5248621408053636,0.5309634086413849,-10.03323832,0.284888256673497,4.378866817,2000.68219,39279.31924,19044.73982,-9.806311123,10.76923077,22.8,0.0070868134649455,1.439410358,137.06024023054286,19.0,4.48994827,69.523,161.859,71.8,0.051964154,0.33519198,1014.415692,2.89,67.12810903,0.187699537,31.707448402971032,2.4937719103222713e-05,0.0,26.91705045,1.3306689252377677,6.246484216469924,1.5863638769784552,2.301503873799925,11.0116396500017,26.220772520495,93.72,S
BWA,博茨瓦纳,72,2021,0.43739792334192806,0.6344417391329236,0.5254748225421938,0.6216170588755218,0.5809959937914325,0.4394682594143811,0.6176174097516054,0.5218365626261907,0.6235200706478676,0.5506105756100113,0.4584710875441894,0.5936329275593456,0.5294011983450407,0.6059718505566722,0.5468692660013119,0.5517062493518096,10.25964721,0.3957294871381964,8.381543871,2111.646374,42651.63397,19621.57374,-1.764905311,10.76923077,22.9,-0.0641603713614121,1.491301064,160.93670425382095,18.2,4.82830048,78.738,173.252,73.7,0.189620022,0.312892463,999.3999436,2.68,70.8844206,0.353486763,32.961502438353634,2.6105159360566845e-05,0.0,26.70830907,1.3306512801510415,6.237820478887653,1.5868932295802232,2.4613225613288026,11.5301932668461,26.220772520495,93.72,S
BDI,布隆迪,108,2001,0.25080886503102245,0.2668762161740885,0.4430914935942942,0.3364488073627646,0.3287801419975595,0.2551504277033051,0.2838674221265443,0.4435107267152855,0.34319130622524213,0.3314299706925943,0.3100811520401678,0.25024838305662317,0.45656095000683017,0.3770900757594884,0.3484951402157774,0.3499567475129746,-0.469619803,0.0444801947052229,13.71640679,442.8146084,5233.396393,4353.962723,-4.187202012,14.40677966,,0.018732805510637,2.5056866,0.5396145674830974,3.1,1.69244206,0.106001,0.50368,2.8,0.067180458,18.98310094,1516.347081,10.95,6.089891355,0.0,0.604715394190188,0.0,0.0,7.552180685,0.9384735202492211,18.92328660436137,0.0,0.0602921304450388,36.0472258712051,5.96651187175547,28.56,E
BDI,布隆迪,108,2002,0.2565824026595412,0.2718941228192565,0.43038249906563397,0.35600799699143704,0.3355316170939561,0.2610033954645435,0.29002434612194244,0.4308949917146561,0.36426285199994113,0.3365463963252708,0.31878503165608546,0.2524595623809056,0.44421627244077644,0.39670996110560147,0.3530427068958422,0.35379567951007723,1.542047071,0.0363462553904619,1.027858574,450.8750251,4656.95502,3764.362465,-0.397990063,18.43575419,,0.0291698447710733,2.820219489,0.1362810684201302,2.8,1.5355022,0.118228,0.762002,3.1,0.150244565,24.55668103,1474.180159,10.7,6.395962078,0.0,0.5407184420295671,0.0,0.0,7.552180685,0.9380841121495328,18.871105919003117,0.0,0.0586155132989807,30.9142170817354,6.10141983908415,29.46,E
BDI,布隆迪,108,2003,0.24346446581086742,0.2675194621905266,0.3913086967927777,0.36616987312706195,0.3279401515326355,0.2474465488894672,0.2857762746843388,0.39212226301661623,0.37535138779620586,0.325174118596657,0.30201026768291317,0.24640900165855864,0.4068675762416534,0.40716923803948235,0.34061402090565185,0.34093681755145944,-4.295388278,0.0484289629384305,11.94574864,422.4570389,4130.065487,3379.639218,-3.04630146,18.43575419,,0.0214926688566621,3.159092771,0.6275597551892235,2.6,1.35508084,0.201273,0.908684,3.4,0.060176306,41.35144304,1428.337361,10.32,6.352932452,0.0,0.427290554693649,0.0,0.0,7.552180685,0.9369158878504672,18.848130841121495,0.0,0.056792738026174,27.9135538795659,6.10141983908415,29.46,E
BDI,布隆迪,108,2004,0.245313584029099,0.28383907816851245,0.41788618975853387,0.34610341280975443,0.3308623856238624,0.24953989775026236,0.30134655227863005,0.4184196537967407,0.353487797668028,0.33069847537341523,0.3076264514790666,0.25799235580410557,0.4318828563551935,0.3865386119673961,0.3460100689014404,0.3471082110765553,0.997721141,0.0513516787010283,13.14615933,407.3480692,3641.338579,2964.952845,-3.536558154,18.43575419,,0.023922975861325,3.727692861,0.6866688844339003,2.4,2.3681941,0.34906,1.37553,3.7,0.073506872,31.28433889,1376.073501,10.01,6.697368814,0.0,0.499145689207577,0.0,0.0,7.552180685,0.9373052959501558,18.776479750778815,0.0,0.0547146521461275,33.7540680319717,6.10141983908415,29.46,E
BDI,布隆迪,108,2005,0.24509909141438307,0.3042929565848208,0.4314127584298131,0.3480996557749164,0.3400957512602039,0.24887207208040438,0.32482771172012037,0.4317703782271242,0.35567194061705637,0.3402855256611763,0.3039797252265794,0.27410932351211315,0.4443235203200617,0.38859915975221265,0.35275293220274173,0.35462263482101003,-2.778948028,0.0519195424692368,18.84158948,369.2474835,3482.749265,2738.090569,-0.51007909,30.50847458,,0.0160101116494628,3.714265528,0.5667365949331903,2.2,2.06248069,0.542143,2.01653,3.2,0.095282238,26.97935322,1325.900034,9.49,6.795763945,0.0,0.402626648878231,1.3179920812399778e-07,0.0,7.552180685,0.935747663551402,18.75700934579439,0.0,0.0527196832495991,33.1528609861247,6.10141983908415,29.46,E
BDI,布隆迪,108,2006,0.23118942948051244,0.311969340253299,0.44112047308033214,0.3665756839254307,0.349330468439626,0.23592669499923355,0.33234897600947916,0.44134578524859325,0.37582447021176013,0.3463614816172665,0.2980395548576712,0.28138125411475773,0.4530900108830187,0.4076117220347083,0.360030635472539,0.36234581955337436,1.684736425,0.0455482449767247,2.845666334,372.920077,3469.373488,2670.27107,-10.48704481,30.50847458,,0.0171338095866397,3.601641763,0.7157798434107634,2.0,2.36401343,0.657593,2.54273,2.7,0.230570855,23.79282767,1278.995599,9.06,7.163673499,0.0,0.466111193315324,0.0,0.0,7.552180685,0.9365264797507789,18.73559190031153,0.0,0.0508546958018304,27.7163827533441,6.10141983908415,29.46,E
BDI,布隆迪,108,2007,0.233549835415276,0.31670502136235384,0.4216548823777567,0.3386807422004564,0.33628885770682604,0.23803549306756383,0.337018895995383,0.4220062900077663,0.3454232922223709,0.33562099282327096,0.29758378669724717,0.28462817315074496,0.43437272736718335,0.3790229552306561,0.34890191061145787,0.3510993410117374,-0.31118752,0.0435039276418726,8.281178548,324.0087156,3394.138212,2864.634622,-8.207276151,30.50847458,,0.0161224565434934,3.698171675,0.5488935506723088,1.9,2.46383238,0.7,3.30806,4.7,0.24430084,32.15078385,1232.560071,8.8,7.410425778,0.0,0.7257279379028441,0.0,0.0,7.552180685,0.9415887850467288,18.732087227414333,0.0,0.0256553551304516,35.9482377734719,6.10141983908415,29.46,E
BDI,布隆迪,108,2008,0.21588694163158048,0.29926855180277345,0.4223582404192958,0.34448359736240997,0.3314478214132772,0.22076837207283498,0.3199839135582,0.4226759426791547,0.3517392752502127,0.32879187589010056,0.28156828204348844,0.2661882041246107,0.4347494229645772,0.38490662525719266,0.3418531335974673,0.34420210970195914,0.668760371,0.0353634023914136,24.16011378,308.8857889,3186.848666,2850.249712,-16.09073437,30.50847458,,0.0136599066238694,4.125532069,0.2986254880145955,1.8,1.5591383,0.81,5.65018,4.8,0.263349389,32.74537226,1182.745043,8.43,7.774184454,0.0,0.432084661216696,0.0,0.0,7.552180685,0.9411993769470406,18.70989096573209,0.0,0.0470276359078103,34.1974409103233,6.10141983908415,29.46,E
BDI,布隆迪,108,2009,0.2285963321942362,0.3087406395962931,0.4302605919478014,0.35599266769414073,0.341784709499166,0.23308797502533868,0.32880875705651,0.43046377990399703,0.36431567917303104,0.3391690477897192,0.2926274790644766,0.26891109074473973,0.44210331893558535,0.3968435620496759,0.35012136269861943,0.35219001627186874,-1.339951055,0.0377359546450141,10.11646941,290.4877486,3253.56363,2706.987117,-9.078064646,31.3559322,,0.0151310699699536,5.066136077,0.3721649247187472,1.7,2.08079624,0.9,10.2904,5.4,0.191561005,30.35488789,1124.318061,8.13,8.068598714,0.0,0.410387070428954,0.0,0.0,7.552180685,0.9411993769470406,18.679517133956384,0.0,0.0223522477308556,30.8295288755536,6.10141983908415,29.46,E
BDI,布隆迪,108,2010,0.2210773889035544,0.3193118824482192,0.44771321836687705,0.34619708041038455,0.3437466942168862,0.22584527553723924,0.3390950806437522,0.44773661470314413,0.35363728322889737,0.34157856352825827,0.28746618277896413,0.27876821455925566,0.45864460158211506,0.38677018551052905,0.35291229610771596,0.3558527305699793,0.287652254,0.0497014176997728,8.957514676,280.9274985,3019.265817,2692.95823,-14.8111211,32.0754717,,0.0118039062776931,4.681010573,1.319263464912711,1.6,1.9852922,1.0,17.8962,5.3,0.136723436,23.79115659,1072.901411,7.98,8.47959191,0.0,0.568766245157872,1.0665023968574867e-06,4.58513498015879e-07,7.552180685,0.9384735202492211,18.680295950155763,0.0,0.0213300479371497,33.7019677415559,6.10141983908415,29.46,E
BDI,布隆迪,108,2011,0.2258827847253456,0.3554684248663566,0.44506557500251104,0.3457765731917223,0.35356486234292533,0.2304955118751052,0.3739213707997165,0.44510931138103316,0.35306009838559615,0.35064657311036274,0.29151422622447626,0.31653384043894756,0.4559169420537362,0.38620681179555705,0.36254295512817925,0.36613064001121043,0.368535841,0.055013548360988,8.372378816,269.3237009,2876.786907,2667.998454,-12.68367639,30.47619048,,0.0125420403587444,3.577698548,1.0310786873565674,1.6,3.47107577,1.11,19.7015,6.2,0.287567571,24.79855282,1035.19477,7.89,8.820846976,0.0,0.6705079689476231,1.0290206460644386e-06,5.308790948971071e-07,8.219626168,0.9232866043613708,18.677570093457945,0.0,0.0272660129504306,34.0848621873021,6.10789679757998,29.48,E
BDI,布隆迪,108,2012,0.22805778371461485,0.34407160005596654,0.4662095967519198,0.347890801532696,0.35609297046073696,0.23252706660411804,0.36291170938317496,0.46601899352850684,0.3552535634498381,0.3541778332414095,0.2929190874416473,0.3057254216708618,0.4756751208627741,0.388314475473448,0.36565852636218277,0.36938043329338904,0.762376964,0.0575749179128937,14.02941461,271.0116922,2892.735427,2556.212942,-11.22097548,30.47619048,,0.0120579890665004,3.568521478,1.0574888680678871,1.5,2.66949105,1.22,22.3128,6.5,0.31770173,17.16398102,998.9049777,7.48,9.210995788,0.0,0.599966852898151,9.929472939604576e-07,5.122685951096551e-07,8.887071651,0.919392523364486,18.6756230529595,0.0,0.0232161053469417,33.7403912698429,6.10789679757998,29.48,E
BDI,布隆迪,108,2013,0.2269119482782798,0.32585640014431766,0.46574588926003047,0.36480158894807313,0.3571944676326656,0.23162049690031764,0.3453560202221013,0.46555580556511894,0.37116708714103136,0.3534248524571423,0.2935760133615161,0.28877241110290686,0.4755043910915876,0.4010742586477671,0.36473176855094447,0.3679429509837333,1.222077624,0.0383419217375315,8.229642646,285.8609784,2778.166775,2452.853439,-10.54114375,30.47619048,,0.0115895454778551,3.591867093,1.367902437519763,1.4,1.54086971,1.26422,24.3007,6.9,0.162386389,17.50302288,963.6623614,7.55,9.664538299,0.0,0.636707268440259,2.8737446166381578e-06,5.765609718419966e-07,9.554517134,0.9182242990654204,18.674844236760123,0.0,0.0271726675084184,34.459258957234,7.93080606174601,34.6,E
BDI,布隆迪,108,2014,0.2187470797925471,0.35526614434451725,0.46898228724788893,0.37856580400633055,0.36999410525751447,0.22362580527470624,0.3735618311377267,0.4687075426391393,0.3860605441020821,0.36298893078841354,0.2865077490873022,0.31509031129353315,0.4781847657450162,0.4151713449350088,0.37373854276521506,0.37776971807388265,0.765722878,0.0487836129848034,5.302267341,271.3345403,2772.452116,2526.068839,-15.84751927,30.47619048,,0.0098852633535544,3.394476867,1.195394167569077,1.4,2.78679872,1.04239,29.5678,7.0,0.195973678,17.24082365,931.5000252,7.07,10.07478906,0.0,0.5690176926354931,2.777833077232556e-06,4.777013028379731e-07,10.22196262,0.9182242990654204,18.67679127725857,0.0,0.0221539996398076,30.7065457242297,7.93080606174601,34.6,E
BDI,布隆迪,108,2015,0.22082221064460253,0.3869008866993422,0.472383857984293,0.37147838029950603,0.37700841007550345,0.2254138087238608,0.4057253206288034,0.47210357343725184,0.3782034358075547,0.3703615346493677,0.2855826583634327,0.345085899506884,0.48171593872986257,0.40774819676336566,0.3800331733408862,0.3849175977812629,-2.638432078,0.0430523334145535,5.991542574,250.1416436,2715.895027,2635.780994,-12.77169027,36.36363636,,0.0057392410146575,2.268517293,1.131469516400877,1.3,2.4195447,2.0,45.2379,7.9,0.108489962,15.38979519,910.6066668,7.34,10.03403396,0.0,0.566553311338564,2.8060444006741747e-06,4.6698655858296564e-07,10.8894081,0.9182242990654204,18.673286604361365,0.0,0.035318866213234,33.046374203858,7.93080606174601,34.6,E
BDI,布隆迪,108,2016,0.22571689044819573,0.3917066047325938,0.46256950858054874,0.37299453267889654,0.3774403208310349,0.23046524401083618,0.41060582989292793,0.4623981691875255,0.3798663303052561,0.37083389334913647,0.2926446688544404,0.3516877277119371,0.4725507169914911,0.40929303032332653,0.38154403597029873,0.38609099778480443,1.438423112,0.0477446729477966,6.338131817,254.3610224,2676.222394,2578.655145,-12.51842933,36.36363636,,0.0113464321959173,1.72186004,1.0427555580784151,1.2,2.23587942,2.2,47.6697,8.5,0.118466516,18.94671647,895.0615115,7.52,10.35514058,0.0,0.621459672045789,3.647865006929609e-06,5.049159875655849e-07,10.8894081,0.913551401869159,18.63823987538941,0.0,0.038368261937349,32.5611129548061,7.93080606174601,34.6,E
BDI,布隆迪,108,2017,0.22658381684113219,0.3875033242163867,0.4636553929499682,0.391179169330822,0.38346128544911906,0.23118045648187824,0.406095167388661,0.46348481757686655,0.39968906854666697,0.3751123774985182,0.2919999357975317,0.34397107418839323,0.4735795094090509,0.4279695049430256,0.3843800060845004,0.38865790431830066,1.419763039,0.0607481443080701,13.27210965,242.8260036,2730.927876,2749.147879,-13.19127103,36.36363636,,0.0091463916169043,2.350486271,1.1462825076246472,1.2,2.01362443,2.66075,51.4533,9.3,0.207223632,18.22757413,874.2685388,7.58,10.75193482,0.0,0.7174396448086701,4.432176488920167e-06,4.931863978206902e-07,10.8894081,0.912772585669782,18.645249221183803,0.0,0.0452688923260948,27.2165588402841,7.93080606174601,34.6,E
BDI,布隆迪,108,2018,0.22737340118059554,0.3871877725430634,0.47575913941470105,0.39230345551450563,0.38651342251847304,0.23209339024148168,0.40535311237680555,0.4754564979839907,0.40090171323931206,0.3784511784603975,0.2950827290688464,0.34002305362719026,0.4853739227130073,0.42907737505437255,0.38738927011585417,0.39172033002965706,2.209507819,0.0617832412908571,1.538257229,269.8165495,2999.359753,2494.697499,-13.36696815,36.36363636,,0.007514874887929,3.018981828,1.7209910142514246,1.1,2.0575192,4.0,53.2737,9.5,0.0,13.40334337,848.2689664,7.69,11.32632949,0.0,0.8998712226060691,4.300369511358288e-06,4.132670106706502e-07,10.8894081,0.9123831775700936,18.66316199376947,0.0,0.0573241802357378,26.8826581073733,7.93080606174601,34.6,E
BDI,布隆迪,108,2019,0.22531275797865652,0.3923848783367312,0.4770714076128475,0.3704457649226917,0.37974205060132704,0.2299784667731094,0.4100673439176789,0.47674231393217753,0.37706557863835166,0.3734634258153294,0.2927567701545034,0.3435461338859195,0.48655883740945455,0.40660192004486134,0.3823659153736847,0.3870623482757206,1.084941769,0.0626838000891785,0.293494889,269.2452797,3011.360696,2392.195121,-13.68918136,36.36363636,,0.0060511924408634,3.283675314,2.4397535897832583,1.1,2.27763605,6.1,53.2996,9.8,0.0,13.08976571,820.8669269,7.6,11.83140926,0.0,0.887956663148532,4.1614526113359934e-06,3.78868782413636e-07,10.8894081,0.9116043613707164,18.68107476635514,0.0,0.0553228405977608,33.314630881201,7.93080606174601,34.6,E
BDI,布隆迪,108,2020,0.22381776715997512,0.400043918516973,0.47451469388974427,0.376039228822383,0.3831814669572518,0.22810528259910204,0.41799911275518686,0.4742195955554467,0.3831634499812666,0.37587186022275054,0.28679787288988773,0.35242033209133505,0.48423610874500106,0.41234319527183166,0.3839493772495139,0.3889769284827544,-2.569100076,0.0501882480480339,15.84943514,228.8201207,3101.717856,2483.448174,-10.728641,38.21138211,,0.0062560308780958,2.908653025,2.793049017217673,1.0,2.1569612,9.17302,52.5571,9.1,0.0,13.77195402,797.3346513,7.74,11.86766588,0.0,0.9746894809541652,4.042153799038063e-06,3.748224821685537e-07,10.8894081,0.913551401869159,18.667834890965732,0.0,0.0587301169624942,31.6615774002495,7.93080606174601,34.6,E
BDI,布隆迪,108,2021,0.22643821072074335,0.4132853160612359,0.4758312247803246,0.37891994614991004,0.38852489107885696,0.2310111478538308,0.43050100772251204,0.4755043158097861,0.3863064399505482,0.38083072783416927,0.29201924407580204,0.3632921581585371,0.48538756966970353,0.41530698085805323,0.38900148819052394,0.39408206381361227,0.462596742,0.0474444322463095,10.10689269,226.017293,3077.269324,2554.347544,-11.33170447,38.21138211,,-0.0074797423644297,2.724255395,2.077053678147382,0.9,2.22447824,10.9847,59.7008,10.2,0.0,13.91634193,775.9064241,7.48,12.2518311,0.0,0.9300966916405692,6.941508764696041e-06,3.846446051156914e-07,10.8894081,0.9116043613707164,18.66939252336449,0.0,0.0582315457482834,30.8138237190718,7.93080606174601,34.6,E
CMR,喀麦隆,120,2001,0.28001521838494525,0.3131302820005942,0.5278893133591023,0.36917490373875445,0.37413084878348896,0.28350988352530715,0.3289810949337426,0.5265988109522831,0.37997225705481685,0.3797655116165375,0.3353774178882478,0.2970818342036551,0.5308340507197659,0.4140520225819054,0.3943363313483935,0.3943642030702183,1.61992408,0.1596752033050078,2.469358915,860.6938858,6965.834085,4973.772655,-3.173944692,5.555555556,24.2,0.004874573474821,2.626432559,9.942199250268953,5.6,0.7802825,0.277051,2.72573,46.2,0.013643519,2.209240574,17832.07671,5.7,18.07729227,2.998368413,3.727939144673597,0.0,0.0,45.54121766,0.8679317128895093,3.5670918745107993,0.0043366969177719,0.2090206793302716,19.3588655470245,4.32901609756036,11.0,C
CMR,喀麦隆,120,2002,0.27584963129879186,0.3232578180929054,0.5276523258629842,0.3670589579217634,0.37574729888910147,0.27944639982259617,0.33965675068955514,0.5263484509476258,0.3776906152696596,0.38078555418235915,0.3324973897305439,0.30622155709257964,0.5307955551655181,0.4119147528119113,0.39535731370013827,0.3959463328830752,1.712959815,0.1451206832500817,2.77449285,854.7068356,7896.910723,4701.285041,-3.537905656,8.888888889,22.0,0.0060450016791671,2.681248158,12.187826062183731,5.7,0.89175522,0.360872,4.46094,44.0,0.021504919,2.333097061,17360.30739,5.71,18.43268383,2.458453141,3.712966560322167,0.0,0.0,45.39376785,0.8718876266632819,3.5662033805081337,0.0043366969177719,0.2034907826306372,19.9378350056685,4.32901609756036,11.01,C
CMR,喀麦隆,120,2003,0.27611637540662987,0.32996677658937307,0.5268983477750978,0.37073969393253825,0.3789424554270728,0.2798000224976773,0.34647472214378944,0.525563698520896,0.38172530005849453,0.38339093580521433,0.3335675371350443,0.31202952885343455,0.5302784732839773,0.415691258131981,0.39789169935110924,0.39862659920856763,2.61581879,0.1429527216586933,1.952914449,857.7412666,7976.270536,4692.041127,-3.74372948,8.888888889,19.6,0.0061384963465747,2.727471335,13.159995396136468,5.6,0.8576715,0.587623,6.66446,45.1,0.005975397,2.851734888,16893.20893,5.67,18.98162915,1.803247261,3.83112325443214,6.187988619051332e-08,0.0,45.24631804,0.8721626367117258,3.563876372405915,0.0043155422986609,0.2103916130477452,18.7846426967031,4.32901609756036,11.01,C
CMR,喀麦隆,120,2004,0.2794775110782437,0.3361773651064489,0.5293156861476449,0.3693154777042615,0.3812036027638553,0.28330018714291755,0.35287391625679243,0.5279478944508933,0.37968550025651143,0.38595187452677865,0.3380816378159522,0.3173562255529666,0.5324168806392523,0.4132946967271851,0.4002873601838391,0.4011248005827084,4.147820576,0.1315718594352654,0.139487835,907.9266889,8488.710349,4704.637368,-2.210650602,8.888888889,16.8,0.0059904521408955,2.747415041,12.81298976965576,5.6,0.70553547,0.976075,9.21627,47.1,0.007085879,2.005313773,16435.40012,5.49,19.85364195,2.114789865,3.814013679657104,6.020293083520069e-08,0.0,45.09886823,0.8725857290939477,3.5686996255632417,0.00332127520044,0.2046899648396823,20.324639912421,4.70246311294601,12.19,C
CMR,喀麦隆,120,2005,0.2755757697423932,0.344975629190724,0.5263339172761166,0.3862696879000732,0.38883193534727495,0.27896629687148056,0.3616375738059633,0.5250893430312822,0.39639079438557023,0.39052100202357404,0.3308101863149447,0.32550341305349473,0.5290727193586298,0.4273678854207682,0.4031885510369594,0.4044500880098051,-0.550411135,0.1466438581720005,1.357141959,844.1683149,8298.346229,4618.949618,-2.540058217,8.888888889,13.8,0.0059731027153797,2.755738484,16.62469983180859,5.5,0.65208685,1.40265,13.1922,47.2,0.011013795,2.143875988,15988.66714,5.47,19.84103359,4.305707547,3.589075726611164,5.856654629679629e-08,0.0,44.95141842,0.8744261809566118,3.569313109517463,0.0029193374373294,0.1991262574091073,19.4771245526248,5.89174262981964,16.9,C
CMR,喀麦隆,120,2006,0.28689860041017634,0.35625870547428273,0.5381614821566693,0.3897971415192455,0.3974103667112507,0.2899189174578209,0.37279182762946567,0.5372429375599618,0.40023708848781514,0.40004769278376584,0.34086387539674384,0.33532292062669045,0.5379722305886824,0.4309422748304026,0.4112753253606298,0.41260484141133746,0.995178502,0.1710144559473677,2.299674978,821.3958097,8356.028873,4535.517015,0.925460105,8.888888889,11.2,0.0072308028558938,2.74855128,18.024083430087973,5.4,0.64810383,2.02874,17.8682,49.0,0.028222894,2.343786468,15555.19482,4.88,20.59689429,5.028517863,4.479559116083937,5.697873559285549e-08,3.150243075670781e-05,44.80396861,0.8865054684690401,3.5670284106534664,0.0030251105328848,0.2187547672256261,18.3763089161792,5.89262861322851,16.9,C
CMR,喀麦隆,120,2007,0.2894201792602351,0.3738307977660026,0.5296552742983767,0.4035010930086078,0.40613153123876466,0.2924445549817127,0.3910434492599876,0.5282854125058386,0.4129510523610844,0.4061811172771558,0.343353300302108,0.3491084261984157,0.5311309944979877,0.4407923446345287,0.4160962664082601,0.417678678578148,1.440565001,0.17677849084053,0.490708035,841.8308284,7904.84563,4630.695317,1.19555212,13.88888889,9.1,0.0073958879586264,2.806278246,16.711453628320076,5.2,0.56892991,2.93,25.1303,48.2,0.02810776,2.960373421,15124.74088,4.41,21.48824322,4.90756493,4.3598839060643,1.1080396252698632e-07,3.6204218178575657e-06,44.6565188,0.8949884707325844,3.564468701741025,0.0030039559137737,0.2391050075302373,19.5690236828594,7.118116678131,23.83,C
CMR,喀麦隆,120,2008,0.2843269018441588,0.38623675820949555,0.5281148743655376,0.40331126472534207,0.4087258242298974,0.287285830474485,0.4030226888183883,0.5268158202547624,0.4123759976868307,0.4073750843086166,0.3371167853667499,0.3587157235865998,0.5292732183384936,0.4399319474435792,0.41625941868385563,0.4185261552361272,-0.054684354,0.1891024045180653,4.940536812,890.9801422,7623.788377,4706.48121,-1.629291654,13.88888889,7.3,0.0072877400825703,2.862584533,17.149727555467692,5.1,0.55071974,3.4,33.1693,50.6,0.030413594,2.950510818,14697.92058,4.33,22.10015917,6.480466858,4.194657442748047,1.0767707387121046e-07,3.5645462959700342e-06,44.50906899,0.9024983605170188,3.565039876457024,0.0030039559137737,0.2228503670926802,20.5361323448981,7.36226751343638,24.96,C
CMR,喀麦隆,120,2009,0.2700336961376697,0.39620013945453864,0.5309848152263226,0.4111349870111938,0.413228848332731,0.27377483264391744,0.4125195586532145,0.5295275387027623,0.4205335598016053,0.4090888724503749,0.32642823062261134,0.3663598131811786,0.5331417742703155,0.447180474369194,0.41827757311082486,0.4213033973398958,-0.318334275,0.1271615571022267,3.603515184,936.4169853,7347.102519,4721.178447,-4.020971113,13.88888889,5.9,0.0065934849240858,2.865392227,18.0020125589791,5.0,0.44800821,3.84,41.8758,51.7,0.043661994,2.581544455,14282.74413,4.56,22.67017792,2.846448453,4.564100720061342,5.231774407561714e-07,3.1939465414706536e-06,44.36161917,0.9044234308561272,3.567176492987244,0.0030039559137737,0.2531778686106824,19.0720710211696,7.4881671959059,26.49,C
CMR,喀麦隆,120,2010,0.2748539094551444,0.40148657632240914,0.5294460177912106,0.41473591561518064,0.4164113399578732,0.27849696522168516,0.417820827611738,0.527972577561624,0.42403033323785205,0.4120801759082248,0.3308693968353645,0.37076644072043907,0.5314756412990228,0.44994165626982885,0.42076328378116384,0.4237224766735817,0.000136421,0.1409797234672697,0.688187083,1011.167992,7030.256864,4752.343214,-3.116023035,13.88888889,4.9,0.0084799773395178,2.857661467,18.053630692514453,4.8,0.4063552,4.3,43.9121,52.8,0.053399164,2.679133646,13880.36831,4.47,23.32739198,3.633473094,5.173160452857902,5.084383995864159e-07,2.57935215497599e-06,44.21416936,0.9064965835290136,3.5749190835819005,0.0027924097226629,0.2955028511700133,18.8097774341423,7.87000223946105,27.08,C
CMR,喀麦隆,120,2011,0.2773613970045885,0.41464009865349155,0.5273544516025899,0.4147795553073681,0.4201971931864445,0.28095028485988915,0.43023244203425964,0.5259347244926078,0.4240796778538093,0.41529928231014146,0.3329845634209826,0.3816030107307851,0.5293384636800044,0.4499332245086499,0.4234648155851055,0.42677747118952847,0.496174365,0.1474654173514472,2.589044247,1057.765039,6584.435447,4762.20218,-2.445885113,13.88888889,4.3,0.0090757482664793,2.828422971,19.871192129181136,4.7,0.5729565,5.0,51.831,53.7,0.082783165,2.776191407,13493.27294,4.53,24.11567385,4.573927153,5.332166393289008,9.885181638235569e-07,2.592416507594488e-06,44.0957035,0.91091789892323,3.5812231600770033,0.0028770281991072,0.3131714750331944,18.7364465101751,7.87000223946105,27.08,C
CMR,喀麦隆,120,2012,0.2758157013254316,0.4309001819153732,0.5266402304491511,0.4210140014166648,0.4269071475443085,0.2795813892718365,0.44539745053445073,0.5252305994618308,0.42973261896829573,0.4199855145591035,0.3330032830978853,0.3943185183717947,0.5287248876121695,0.4542243145317934,0.42756775090341076,0.4313684314755005,1.723811615,0.1417340794513865,1.942285364,1115.033462,6631.645584,4641.299825,-3.170060372,13.88888889,4.1,0.011968964197488,2.813047184,19.629468788073,4.5,0.64008772,7.5,62.9907,55.2,0.074593087,2.997427732,13118.98986,4.53,25.23125979,4.621399586,5.2528324386661,1.4416472376669362e-06,2.6444661269704854e-06,43.97723763,0.912271794546339,3.5889022868143257,0.0028770281991072,0.2833905575661996,19.3891283392565,9.09647597169719,28.08,C
CMR,喀麦隆,120,2013,0.27447379738525923,0.4739997131551529,0.5279560139317088,0.4232174917093941,0.4405129660757983,0.2783724891459255,0.49088351813286724,0.5265505019101022,0.4321939850116617,0.4320001235501391,0.33226577129860846,0.4290648566621842,0.530300921323605,0.4566993080714274,0.4370827143389563,0.44243563888811666,2.087147191,0.1338625725583248,3.053459169,1187.689499,6448.998465,4627.347968,-3.344599905,31.11111111,4.2,0.0096269554753307,2.80909371,21.890560188270687,4.3,0.4803811,10.0,73.1912,56.3,0.048114768,3.133043251,12755.59312,4.51,26.49169473,3.690895463,4.305987143435447,1.8689513725018192e-06,2.7319151606639374e-06,43.85877176,0.912948742357894,3.591737005775211,0.0028770281991072,0.2347676692064469,18.7631857086556,9.09647597169719,28.08,C
CMR,喀麦隆,120,2014,0.2755060813108899,0.48666568199441057,0.5267185019838194,0.42828686724314374,0.44596939653824574,0.27943467268617683,0.5023359263962922,0.5252450517423973,0.4371512768540893,0.4360417319197389,0.33356741498910486,0.43931284907215506,0.5293888144224855,0.46060280182203417,0.440717970076445,0.44639476882423323,2.568734064,0.1413984219048864,2.01421263,1272.873874,6208.020559,4645.096171,-3.853003199,31.11111111,4.5,0.0068108292184574,3.02592195,25.61662470439,4.1,0.58977377,16.2149,77.24,56.8,0.033794186,3.217178235,12375.40001,4.63,28.00697149,3.298728879,5.526295476451298,2.719868133539904e-06,2.8063987607981597e-06,43.7403059,0.910769816589452,3.5834867043218885,0.0028770281991072,0.3164806261752947,18.3210277650405,9.45320627395033,29.42,C
CMR,喀麦隆,120,2015,0.27349987769179307,0.4891921336673796,0.5268808666170334,0.4179047819884584,0.44270359464385756,0.27759508417620316,0.5046162850928918,0.5253236010549255,0.42557435132993865,0.43327733041348976,0.33244241193820934,0.4405160264997498,0.5300678581375581,0.4494070107422358,0.43810832682943823,0.4440624693453198,2.401233687,0.1259848072964981,0.309791678,1337.627423,6380.487432,4598.072354,-3.6438459,31.11111111,4.8,0.0094199222053101,3.13934346,26.207404565940767,3.9,0.36383638,18.3,79.7801,58.6,0.034748495,3.634058973,11992.92865,4.61,29.5941134,1.771693092,5.405945387792826,3.250830477361612e-06,1.3220592904820868e-06,43.62184003,0.910769816589452,3.583529013560111,0.0028770281991072,0.3198216108972055,21.9292572051058,9.66630625071895,29.98,C
CMR,喀麦隆,120,2016,0.26943667701831847,0.49493490996244405,0.5274771993043332,0.4223293081161069,0.44559686855901914,0.2737456098692517,0.5100589490473366,0.5259073281161497,0.4304399228935563,0.43503795248157356,0.3289007096788403,0.44642189788275877,0.5307175601175004,0.45407149033830113,0.44002791450435014,0.44633982089245233,1.457117227,0.0977396065964403,0.661808977,1374.063899,6522.402271,4613.75416,-3.068060297,31.11111111,5.4,0.0101529646321645,2.989332251,28.71473424267873,3.7,0.36593068,20.6,79.8046,59.8,0.042678414,3.74377652,11639.72568,4.52,30.93644149,1.446899276,5.1029171663854545,3.83727220086875e-06,1.3564447441436938e-06,43.50337416,0.9113833005436736,3.5808212223138924,0.0028770281991072,0.2950592632155974,20.6139563598385,9.66630625071895,29.98,C
CMR,喀麦隆,120,2017,0.2684963580773189,0.5005147436315378,0.5273384138181132,0.4218772356018756,0.4469241298369698,0.2728405677402553,0.5151535645518738,0.5257878254761906,0.42998911087634833,0.43594276716116703,0.3276346019086839,0.4518009632535495,0.530459110158653,0.4537252107198236,0.44090497151017743,0.4475113389141984,0.647004976,0.0895603913654615,1.025141161,1414.178777,6483.009522,4660.132657,-2.631028453,31.11111111,6.0,0.0086908928067934,2.834997982,32.985335536030455,3.5,0.14120807,23.203,83.4503,60.9,0.032459807,3.81933537,11314.37334,4.41,32.0319555,1.999318672,4.88830791184282,4.80757255673464e-06,1.3648562638368466e-06,43.38490829,0.9113198366863404,3.5804192845507816,0.0028770281991072,0.2688546642219331,20.7327607418078,9.66630625071895,29.98,C
CMR,喀麦隆,120,2018,0.26860709854972015,0.5066224860123645,0.528885524191874,0.4299364809073115,0.4519974575788439,0.27298750698464797,0.5209791353120524,0.5273133463969605,0.43839743666982117,0.4399193563408705,0.32787636620119703,0.4594599398113308,0.5318412898603435,0.4613154242969577,0.44512325504245726,0.45196555778354236,1.115149469,0.0951807644133074,1.896991623,1476.336254,6524.331597,4727.852122,-3.527255178,31.11111111,6.2,0.0061167107881019,2.770309875,35.203036250790774,3.4,0.35133773,29.7,74.3995,62.2,0.0,3.019416634,11005.232,4.35,33.29898406,2.59332457,5.160875315981184,5.724333128292022e-06,1.3830240618489198e-06,43.26644243,0.908612045440122,3.687863595015972,0.0028770281991072,0.2678243244087621,19.2688655866813,9.91943969765546,30.95,C
CMR,喀麦隆,120,2019,0.26808571102964646,0.5258156517577544,0.5303812223136647,0.4315632998731021,0.4584919664103907,0.27242279834551353,0.5386229536222443,0.5287897031883432,0.44018034119265276,0.4450039490871885,0.3271344428391107,0.475478398857559,0.5333038883887613,0.4630000187137296,0.4497291871997901,0.45730765393111916,0.636415291,0.1029551518539271,1.169771819,1537.952895,6641.730828,4705.226379,-4.273169973,31.11111111,6.1,0.0082694601970942,2.781644412,36.598311109560285,3.2,0.40687224,36.5392,83.9044,63.2,0.0,2.69981933,10703.32405,4.27,34.45614373,2.373888292,4.86648994537894,5.5672967578925746e-06,1.3889081559591932e-06,43.14797656,0.9097543948721204,3.734340293203021,0.0028558735799961,0.2686050628291002,18.7780724719573,9.91943969765546,30.95,C
CMR,喀麦隆,120,2020,0.2624377344869287,0.5444670622051562,0.5305710289638788,0.4309958235791518,0.4630789016679053,0.2668389428300675,0.5569260018930424,0.5289459749160642,0.4395816003917602,0.44807313000773363,0.32062470718820485,0.49250468545674586,0.5338484241037171,0.46243578318290424,0.45235339998289303,0.4609865260965171,-2.434760311,0.0768150853252928,0.705572038,1516.206592,6815.870963,4762.993963,-3.709312677,33.88888889,5.9,-0.000340384147824,2.724486348,42.277238050407014,3.1,0.60675448,41.2264,85.2722,64.3,0.0,2.75999948,10415.65006,4.36,34.54570659,1.29270656,4.928103788634871,5.45581669798865e-06,1.3581394344088362e-06,43.02951069,0.910410188064564,3.7408136066510127,0.0028770281991072,0.2673960678364802,18.9028817296868,9.91943969765546,30.95,C
CMR,喀麦隆,120,2021,0.2679233388041896,0.5445786302501348,0.5307882919764101,0.43146901357004164,0.46405241281807175,0.2722969572915683,0.5573439000524519,0.529217724752655,0.4401289282871686,0.44974687759596094,0.32684261612498855,0.49422302630808,0.5338900104234604,0.46301846262093815,0.4544935288693668,0.46292018737454027,0.631351992,0.095907891427111,2.921039334,1535.777427,6942.791911,4785.423416,-3.986708976,33.88888889,5.5,-0.0085611440801633,2.654960766,49.72774684628982,2.9,0.48882192,42.0405,80.8081,65.4,0.0,2.639678479,10142.75727,4.23,35.69913849,2.327953178,4.54873759852739,9.659768823898624e-06,1.3736690893724784e-06,42.91104483,0.910431342683675,3.767954982970532,0.0028558735799961,0.2468136672576711,18.7633680570991,9.91943969765546,30.95,C
CPV,佛得角,132,2001,0.27116373681416767,0.4192940553727574,0.5306050135479141,0.323349982107164,0.3881428443522507,0.2774226722560486,0.4374030144302115,0.5284040575785023,0.3457562187143955,0.39724649074478946,0.32813192220706455,0.39033657242688913,0.5339666265167382,0.3799419700802836,0.40809427280774385,0.41310366408856636,0.682276166,0.017759134935659,5.155334996,2316.59244,5509.724532,8990.826134,-9.899470757,11.11111111,16.2,0.0086615675969285,1.527158323,1.455594588664177,0.7,2.69890738,2.68533,6.84499,60.3,0.0,0.317090644,651.758771,3.17,43.8125746,0.721176818,11.184355852899698,0.0,0.0,9.930521092,0.7022332506203475,12.516129032258064,34.64516129032258,0.2172529236812204,0.508894849594665,2.48928349679738,0.0,W
CPV,佛得角,132,2002,0.27337361805190485,0.4210202434202716,0.529174475575084,0.32369168192972586,0.3887678348198978,0.2799245588528769,0.4388669674702079,0.5269746269236575,0.34609164373788803,0.3979644492461576,0.332568865229067,0.39197700710994754,0.5325932429609781,0.38029180447319816,0.4093577299432977,0.4142184044158039,3.729072616,0.0177274279429912,0.363208871,2247.591559,5641.093854,9273.35401,-11.51469285,11.11111111,16.1,0.0107703727422243,1.456451065,0.3639898425422763,0.7,2.71163344,3.51876,9.19588,58.6,0.0,0.350782585,642.3350163,3.23,38.81390324,0.573658219,11.988713462482869,0.0,0.0,10.00496278,0.7022332506203475,12.573200992555831,34.58560794044665,0.2141116720836919,0.514284077258703,2.48928349679738,0.0,W
CPV,佛得角,132,2003,0.2736671804535192,0.43167712688751325,0.5290448643722976,0.32387388033179637,0.39198716371575504,0.2801665817031809,0.4494321912211078,0.5268731262341749,0.3462686535515418,0.40068513817750134,0.33140045090578757,0.40170227769030636,0.532396424178916,0.380479224613213,0.4114945943470557,0.41683022199292713,2.781690963,0.0159850386157137,4.921099737,2295.33174,5544.67207,9484.868353,-11.12552196,11.11111111,14.8,0.0080493037856206,1.347703211,2.9363116123730677,0.7,2.66076279,4.32489,11.2683,63.7,0.0,0.464612235,633.7363192,3.16,34.90912563,0.416888185,11.77086730230203,0.0,0.0,10.07940447,0.7022332506203475,12.590570719602978,34.55583126550869,0.2112454397390696,0.522565576571998,2.48928349679738,0.0,W
CPV,佛得角,132,2004,0.27918812734211385,0.4376177341770404,0.5284561766064557,0.32239551261428445,0.3938043251056014,0.2862974479562729,0.45539997437393115,0.5262470018946058,0.3443109780291088,0.4030638505634797,0.33989768238991946,0.4070372867492561,0.531674139230678,0.3772968728626907,0.413976495308136,0.41920879059410665,8.820787356,0.0162172679402298,6.332546995,2463.721114,5656.394827,10263.2259,-14.06358964,11.11111111,13.0,0.0070422535211267,1.256795582,1.5645534764378246,0.7,2.5304296,5.31883,13.7222,65.4,0.0,0.374721666,625.8213906,3.11,33.84380892,0.767651552,12.70474110352916,0.0,0.0,10.15384615,0.7022332506203475,12.595533498759304,34.55086848635236,0.6258213905751299,0.421254456554871,2.48928349679738,0.0,W
CPV,佛得角,132,2005,0.29859869411753026,0.4398578241683112,0.523993051743612,0.32483664485045777,0.39697694281982393,0.30504865245075646,0.4575375908891347,0.521427327809975,0.3466318989512204,0.4076613675252716,0.3538306260041593,0.40863622211191925,0.5271082571874873,0.3792096790726091,0.4171961960940438,0.42178906912989905,5.646341529,0.0185139152411087,1.79488317,2392.545255,6050.519133,10710.42291,-4.182059525,11.11111111,12.7,0.0061986694846736,1.191323441,0.7627057501829463,0.7,2.30860901,6.07409,16.8457,67.0,0.0,0.359954367,618.4100677,3.04,29.88477483,0.982453936,19.62652375786933,0.0,0.0,10.22828784,0.7022332506203475,12.598014888337469,34.51116625310174,0.6184100677159025,0.441943871151532,2.82682509204632,0.26,W
CPV,佛得角,132,2006,0.29728038559917996,0.4599398169668384,0.5233706536763665,0.32554594040748785,0.40285096675351106,0.3040005339111945,0.4775711443431532,0.5207638751905618,0.347358377951334,0.4124234828490609,0.3526431713383968,0.4261661873719005,0.5264491808596838,0.37995044340926876,0.42130224574481245,0.4267003014146791,6.748620618,0.018960401921083,4.639770919,2423.582021,6270.35824,11359.97757,-7.469489395,15.27777778,13.1,0.0057093718281264,1.150402658,8.436445444319459,0.7,2.53359437,6.80891,22.183,68.8,0.0,0.299896716,611.3366264,3.02,27.48614543,0.950796236,20.608702222884936,0.0,0.0,10.30272953,0.7022332506203475,12.67741935483871,34.416873449131515,0.6113366263999609,0.377442939527081,2.82682509204632,0.26,W
CPV,佛得角,132,2007,0.2887044274948975,0.4775374364336941,0.5242222958647343,0.3251548307144377,0.4069442048481219,0.29620278740739114,0.49465134505656744,0.5214266380251589,0.34676192467992173,0.4147606737922598,0.35125183431627516,0.43987247189069467,0.5270258566058499,0.37906396078517884,0.4243035308994997,0.4303891751427928,13.90290286,0.0115177919584872,18.56841679,3278.656017,6782.54271,10313.03115,-12.01262655,18.05555556,14.1,0.0020465090200585,1.106891508,7.396360265220984,0.7,2.73044729,8.28322,30.6762,70.5,0.0,0.32902301,604.6071061,2.69,27.56857887,0.66019134,22.726430837848184,0.0,0.0,10.37717122,0.7022332506203475,12.791563275434244,34.245657568238215,0.7270308873616962,0.527473241043482,2.82682509204632,0.26,W
CPV,佛得角,132,2008,0.2888210502873952,0.49699131400453245,0.5249950136665807,0.32628938504670907,0.4132690519376308,0.2958816320656628,0.5118438460639727,0.5221872591138941,0.3480231157542739,0.41948396324945086,0.3470156885088279,0.45336884912540343,0.5272611672698804,0.3807181297243204,0.427090958657108,0.4339380545305681,5.936286693,0.0163296911739827,3.712743704,3265.126367,7778.663306,10640.6067,-10.4743154,18.05555556,15.0,0.005609411501392,1.03555151,4.926648781801318,0.7,2.23800421,14.0,55.3839,72.3,0.0,0.315980137,598.3783946,2.35,26.13464326,1.501378701,22.80929708629367,0.0,0.0,10.4516129,0.7022332506203475,12.866004962779156,34.03225806451613,0.5983783945507675,0.555896656186579,2.82682509204632,0.26,W
CPV,佛得角,132,2009,0.2750695168040509,0.5153289483068533,0.5248525033772553,0.3264775602995258,0.4169012387695584,0.2819741406287316,0.528820600043537,0.5221541346261273,0.3480301831836433,0.42024476462050986,0.3302797108222391,0.4707095851842732,0.5275147135519287,0.3801347289106854,0.4271596846172816,0.43552247296621316,-2.434955323,0.0188950746114534,1.954558245,3726.999756,7279.581438,10369.82924,-13.22259257,18.05555556,15.2,0.0035332739817492,0.95008536,9.957699534319488,0.7,2.54577112,21.0,57.419,74.1,0.0,0.352136184,592.7202104,2.6,23.10009492,0.65290578,21.38522654839638,0.0,0.0,10.52605459,0.7022332506203475,12.990074441687344,34.01488833746898,0.79029361383488,0.368848874783606,2.82682509204632,0.26,W
CPV,佛得角,132,2010,0.27499516519105255,0.5484595944026082,0.5310879482964501,0.32712442610279985,0.42819856906770354,0.2817828676760719,0.559825273594594,0.5288989491730847,0.34867003386679374,0.42979428107763606,0.3330261368742033,0.49840024694794255,0.5385543207229957,0.3808028856590259,0.4376958975510419,0.44731168821700046,1.108679411,0.0241128727783547,0.654415406,3294.958912,6323.932322,9549.955942,-12.20819614,18.05555556,14.7,0.005059466053062,0.717182,5.982926102035372,0.7,2.58053112,30.0,72.9468,81.1,0.0,0.311595318,588.4845346,2.69,21.33493542,1.029927376,22.77576886727028,0.0001569292092337,0.0,10.60049628,0.7022332506203475,13.11910669975186,33.89330024813896,0.7846460461685734,0.37068242416922,2.82682509204632,0.26,W
CPV,佛得角,132,2011,0.27468181706359457,0.5651701101821649,0.527412127760837,0.3217498302725016,0.43035678448772635,0.2816419558349483,0.5765793334749237,0.5250441743870431,0.3418149740652008,0.43127010944052896,0.3339597193243578,0.514056715966451,0.5350133539859596,0.37056484124758365,0.43839865763108804,0.4487624738467448,3.58680088,0.0337108626356819,2.747040898,3280.342313,6256.229914,9737.174446,-14.87859452,20.83333333,14.1,0.0055994593625441,0.325685662,5.279139382966368,0.7,2.61180115,32.0,77.5113,82.3,0.0,0.313672281,586.5710426,2.85,20.28442856,1.238427105,26.76642929380402,0.0001564189446804,0.0,10.67493797,0.7022332506203475,13.208436724565756,33.78908188585608,1.961895568846821,0.468703026616602,2.82682509204632,0.26,W
CPV,佛得角,132,2012,0.2775887337046629,0.5784918571350713,0.5319493318856324,0.32319137210655613,0.43614152342305296,0.2845330002518093,0.5889220337193722,0.5296852881382048,0.3435962666784674,0.4366841471969634,0.3351271004282884,0.5263994290783336,0.539150139822141,0.37327460025833725,0.443487817396775,0.454365648654333,0.983345736,0.0292721499261393,0.677607457,3641.657592,5933.764754,9915.746072,-12.73124502,20.83333333,14.6,0.0055134201034108,0.099276734,7.578791104686935,0.7,2.79963088,34.74,83.0757,83.2,0.0,0.389735156,585.9890029,2.42,18.89540415,0.766882324,23.42095013872076,0.0001562637341172,0.0,10.74937965,0.7022332506203475,13.260545905707197,33.72952853598015,1.6504948755261697,0.573153798619925,2.82682509204632,0.26,W
CPV,佛得角,132,2013,0.2916290731220997,0.5954717438146326,0.5302153198079558,0.32431582676675574,0.44304340362744526,0.2981130598929735,0.604245025500315,0.5278210460124912,0.34476424406962863,0.44373584386885206,0.346523663530255,0.5402502475155131,0.5360556799997757,0.3743617519035471,0.4492978357372727,0.4602224486792139,0.57909231,0.0340083931186303,1.424760197,3685.498205,6128.868144,9815.45062,-5.291457109,20.83333333,15.3,0.0022642024142398,0.052725108,14.837229733027478,0.7,2.78713155,37.5,97.5075,84.3,0.0,0.374660907,585.680121,2.4,17.63142429,0.496935442,22.877272394650053,0.0001112792229977,0.0,10.82382134,0.7022332506203475,13.258064516129032,33.732009925558316,1.639957996973986,0.407473702936189,2.86928668071027,0.37,W
CPV,佛得角,132,2014,0.286847468710926,0.6166670534804691,0.5294110601620398,0.32393115658994426,0.44835285507859995,0.2934548737924555,0.6232207773183166,0.5269182680793367,0.344216707135117,0.44695265658130645,0.34283749092198335,0.5560782298129096,0.535292860092573,0.3734144320664226,0.45190575322347215,0.46369399799845634,0.676815489,0.0391786178285606,0.100319979,3746.51821,6407.429577,9742.573099,-8.274552865,20.83333333,16.3,0.0041779507627821,0.019715954,17.11800689404793,0.8,2.77216268,40.26,119.724,85.3,0.0,0.425381535,585.56466,2.35,16.55015079,0.358920309,24.66853782431794,0.0001132091676003,0.0,10.89826303,0.7022332506203475,13.265508684863525,33.70967741935484,1.7756820813310277,0.379888062390097,2.86928668071027,0.37,W
CPV,佛得角,132,2015,0.29736643892513426,0.6233416249138105,0.5295209879198299,0.323321257467069,0.45150743857795245,0.30385922273131377,0.6293830743551013,0.527067955452996,0.34354230620660187,0.45096313968650326,0.3522330088450399,0.5629377475300863,0.535610444861004,0.3728109233308605,0.45589803114174765,0.4675879390474136,0.92263125,0.0382888294648795,1.620407559,4138.291983,6179.3215,9655.676273,-2.891278519,20.83333333,16.6,0.0041741204531902,0.013271918,23.12673450508788,0.8,2.89664817,42.683,119.336,86.4,0.0,0.522042382,585.4869495,2.36,15.64407289,0.270968952,24.448139663649215,0.0001190490130641,0.0,10.97270471,0.7022332506203475,13.265508684863525,33.697270471464016,1.7672201469962567,0.60743714126484,2.86928668071027,0.37,W
CPV,佛得角,132,2016,0.30222910525427243,0.6335680152060673,0.5286386628690138,0.3235148343654977,0.4550485155490744,0.30925837502244896,0.6395787076910132,0.5261377898231632,0.34365381550300667,0.454657172009908,0.35893035501769915,0.5715868181724988,0.5348309561683932,0.37264313089376555,0.4594978150630892,0.47126483292689825,4.248162326,0.0297331050639604,1.679924793,4513.145537,5357.949497,10218.23222,-3.467160003,23.61111111,16.5,0.0034279853163461,0.031221096,17.129902410282625,0.8,2.76934814,50.3228,117.442,87.5,0.0,0.523275147,585.3041826,2.4,15.33949124,0.292078411,25.607325970628693,0.0001209628644006,0.0,11.0471464,0.7022332506203475,13.272952853598014,33.635235732009924,1.8558668940248249,0.492980334109781,2.86928668071027,0.37,W
CPV,佛得角,132,2017,0.2967363791623021,0.6442605576881865,0.5276235614816382,0.3229130401652613,0.4570450582394086,0.30385841618803533,0.6493277333145294,0.5250329315362336,0.342913693231798,0.4552831935676491,0.3536618948884734,0.5826518585638898,0.533813790633747,0.3716616042962891,0.4604472870955998,0.4729343764685955,4.482210931,0.0260424291067736,1.296913676,4061.587134,5586.826658,10633.29473,-6.993116488,23.61111111,15.5,0.0048419636852723,0.06611751,27.7640755479213,0.8,2.55316591,57.1621,119.374,88.6,0.0,0.461009361,584.9173219,2.41,15.13384433,0.360736181,27.300374224393597,0.0001208829132002,0.0,11.12158809,0.7022332506203475,13.272952853598014,33.635235732009924,1.94457122440743,0.578368829970901,2.86928668071027,0.37,W
CPV,佛得角,132,2018,0.3075964486696567,0.6560483811177141,0.5325506525760579,0.3236786169196356,0.46326112723415963,0.31458982633477217,0.6607479776197999,0.5303032555713011,0.34371854210966557,0.4623399004088847,0.36149386568286346,0.5918252972800195,0.5393602208291947,0.3724122148414481,0.4662728996583814,0.4788896981992523,3.601523496,0.0344655648231479,1.704171191,4274.266248,6150.037675,11405.09785,-4.401704361,23.61111111,14.8,0.0017400615714096,0.101723858,17.41281419514428,0.8,3.10238695,59.5,118.876,90.2,0.0,0.25804265,584.322624,2.34,14.85755809,0.428436433,22.519931449896063,0.0001460806559995,0.0,11.19602978,0.7022332506203475,13.280397022332508,33.59057071960298,1.9507214125025565,0.402092330946991,2.86928668071027,0.37,W
CPV,佛得角,132,2019,0.3188460698153844,0.6635476246011868,0.5315613783752652,0.32543051536866757,0.4673849226601913,0.32606745385435887,0.6679931558602289,0.5292491199962556,0.34579517276589133,0.4672762256191837,0.3737668354130775,0.6007212041657441,0.5384798640958691,0.37537192364521715,0.472084956829977,0.4844962957521631,6.804495317,0.0275289182805854,0.694871191,4586.095717,6195.111304,11674.0531,-0.968698567,23.61111111,13.4,0.0081373597006948,0.134109462,27.037330968053155,0.9,3.24034405,61.9434,115.868,91.4,0.0,0.253021901,583.5395173,2.38,14.40706517,0.391273029,23.94396416979759,0.0001478300110483,0.0,11.27047146,0.7171215880893301,13.290322580645162,33.41935483870968,1.6572522291209562,0.438584035433303,2.86928668071027,0.37,W
CPV,佛得角,132,2020,0.2549002967591744,0.696561763329591,0.5409013158960263,0.3274565742802439,0.4713835095303104,0.2615374651900926,0.699874941345282,0.5394886062515309,0.34831934535065034,0.462305089534389,0.3022728716666377,0.633237984905821,0.5521658733732733,0.37914436438386606,0.4667052735823995,0.4838511095927959,-20.89375234,0.0290958500713112,0.366160426,5482.318246,5709.514987,9979.639281,-15.6834305,25.0,12.6,-0.021617251388355,0.111782574,40.60783517493428,0.9,4.64176846,69.3734,105.839,93.7,0.0,0.326141634,582.8875862,2.49,8.10207528,0.340334287,17.826987965738528,0.0002891122427765,0.0,11.34491315,0.7220843672456576,13.30272952853598,33.4044665012407,1.2318357655937002,0.488523415220995,2.86928668071027,0.37,W
CPV,佛得角,132,2021,0.29228347465796356,0.7313960039028666,0.5422413637867787,0.32721296534124933,0.48676984526366657,0.3001514589549286,0.7366409558668857,0.5408412476216264,0.34791509583380775,0.48138718956931215,0.3526110824243859,0.6614732131529598,0.5546800926085724,0.3783513792329997,0.4867789418547295,0.5029982816423956,6.62540766,0.0272925415825959,1.349901126,4964.247292,5512.267644,10795.92084,-12.21497768,38.88888889,12.1,0.0082093798260587,0.382032175,45.67898128129543,0.9,4.58503008,70.2825,114.231,95.5,0.0,0.302055747,580.6650163,2.45,10.45648522,0.525710297,19.728941226150862,0.0003290435092296,0.0,11.41935484,0.7220843672456576,13.334987593052109,33.349875930521094,1.3645627882759863,0.457030815923545,2.86928668071027,0.37,W
CAF,中非,140,2001,0.1814052291044999,0.25765614444903767,0.5509016851657664,0.5157104924302789,0.4080606996874998,0.1882428224064556,0.27150784674506884,0.5493965111891428,0.5223095387542117,0.3828641797737198,0.26960030899662973,0.2518296906636053,0.5528403661516897,0.5302634525448711,0.4011334545891989,0.4046536265557578,2.170718265,0.1522545568279179,0.425938675,1284.6835186769313,2658.128374230771,1758.650250153849,,7.339449541,35.9,0.0026818854727628,2.220446621,1.7527804021291562,7.3,1.51679921,0.0785434,0.280649,5.7,0.003026369,0.0,35974.09559,6.99,25.95127053,0.0,1.14834630499259,0.0,0.0,36.71546438,0.0372243089665799,8.050242383383093,0.000304985713827,0.0765406289139369,17.4612247776496,17.7533227499709,55.11,C
CAF,中非,140,2002,0.17931089851307858,0.2568096209100219,0.5504483183068345,0.5146080197157483,0.4070635723655044,0.18612547415403508,0.2707510155076092,0.5489470420053681,0.5211172821388145,0.38173520345145673,0.26689689751839457,0.25060881318188616,0.5524538700459876,0.5291419274197562,0.3997753770415061,0.40341484141518685,1.376905662,0.1475802642145111,2.371881706,1232.6172861373634,2606.6155454944965,1791.0445732802254,,7.339449541,36.9,0.0022681559464201,2.185168034,0.9285892407959208,7.0,1.434237,0.128537,0.314522,6.1,0.00511668,0.0,35196.52768,6.94,26.39677717,0.0,1.112340155697579,0.0,0.0,36.66730874,0.0373045683649555,8.049889242030241,0.000304985713827,0.0748862290964452,17.7668807099258,17.7533227499709,55.11,C
CAF,中非,140,2003,0.16193903697554055,0.2636751115350401,0.5478804361332121,0.5115218615952901,0.40549287235153775,0.1686844334614484,0.27794394806803513,0.5464613700665546,0.5177628010467722,0.3777131381607026,0.24584142329709238,0.25550122323609553,0.5502841714241077,0.525980600736748,0.3944018546735109,0.39971100366225637,-7.634166428,0.1120531039128669,1.336418631,1180.55105359781,2555.102716758236,1823.4388964065947,,9.440848185213357,37.1,0.0099487617421005,2.392691529,2.5371147472902105,6.7,1.54274023,0.151563,0.974876,6.6,0.001619651,0.0,34364.37842,7.21,24.52239029,0.0,1.012243622373408,0.0,0.0,36.6191531,0.0375132428007319,8.045683649555363,0.000304985713827,0.0731156987691703,18.652414214533,17.7533227499709,55.11,C
CAF,中非,140,2004,0.17394133064745432,0.2671986604797359,0.5462475480834266,0.505473511174623,0.4052942561281002,0.18139800404672346,0.2816707589513392,0.54486430366334,0.5111762455102242,0.3797773280429067,0.2650346193367269,0.25930898285494725,0.5489647638355982,0.5197715484096486,0.39826997860923025,0.4024894789808305,3.726251828,0.1053160627114932,4.439785938,1128.4848210582422,2503.5898880219756,1855.8332195329713,,9.471429983844594,36.7,0.0082441973534013,2.163559608,2.480427282219677,6.4,1.4743973,0.223401,1.43102,7.0,0.000484056,0.0,33628.86988,7.39,25.5327582,0.0,1.008075482385356,0.0,0.0,36.57099746,0.0378503322739092,8.049295322482262,0.0005136601496035,0.071550786987106,20.4134262212751,17.7533227499709,55.11,C
CAF,中非,140,2005,0.16608647690318026,0.26692270401479823,0.5457885166946816,0.5179466100943969,0.4088809764033035,0.17335520654055264,0.28221312782025676,0.5444122393355562,0.5243988108883896,0.3810948461461888,0.2543876982649339,0.2582546498339612,0.548552754403314,0.5318908834761351,0.39827149649458604,0.40305983470812495,-1.350125405,0.0956727242517251,4.188437082,1076.418588518689,2452.077059285715,1888.2275426593403,,10.47619048,34.8,0.0107136866823214,2.263433559,1.949258652166918,6.0,1.03554976,0.268196,2.33165,7.4,0.001577898,0.0,32876.25239,7.33,25.31687756,0.0,0.974783102353803,0.0,0.0,36.52284182,0.0376898134771581,8.051542585636778,0.0005297120292786,0.0699494731638846,17.7179546746655,17.8559768071433,56.83,C
CAF,中非,140,2006,0.17344547877401253,0.2767561464640017,0.5460340929029832,0.5199576032078157,0.41347064619777024,0.18077631497539717,0.29220114684669035,0.5446347455858445,0.5265976225357243,0.38605245748591405,0.2635570342968923,0.2681258260512943,0.5487607063892056,0.5339609369690836,0.403601125926619,0.4082767975621157,2.646526517,0.1080815028274921,3.334045939,1024.352355979121,2400.564230549455,1920.621865785717,,10.47619048,33.0,0.0099570601779823,2.048652666,3.0267871807681828,5.7,1.22708309,0.311159,2.5128,7.8,0.002679922,0.0,32209.58434,7.19,26.52476742,0.0,0.99186564925608,0.0,0.0,36.47468619,0.0373687758836559,8.046036790908216,0.0005297120292786,0.0685310305079588,17.1187092304968,17.8559768071433,56.86,C
CAF,中非,140,2007,0.17305781828310726,0.28681249676910936,0.5460248961151947,0.5128233676317729,0.4138005966905085,0.18042812581771478,0.3021421775441052,0.5446137096321685,0.5188178110768328,0.38650045601770533,0.26340479560934127,0.27685818950208513,0.5487707053631274,0.5265854035982818,0.4039047735182089,0.409110007446403,2.610653881,0.1047175063041336,1.83823165,972.2861234395676,2349.05140181318,1953.0161889120936,,10.47619048,31.2,0.0131451927619281,1.927381763,1.884479818588007,5.5,1.27105796,0.375816,7.61859,8.4,0.002598962,0.0,31594.72704,7.11,27.74690532,0.0,0.9713575340215612,0.0,0.0,36.42653055,0.0374811390413817,8.047272785643198,0.000593919547979,0.0793676597718457,19.1792099919311,17.8559768071433,56.86,C
CAF,中非,140,2008,0.16344341590041916,0.2862217842794767,0.546468959946415,0.511773484471546,0.41225190204977424,0.17097284140858743,0.30169400385660944,0.5450503289420092,0.5176924284800907,0.38385240067182425,0.2530090265738358,0.2747553585725893,0.5491312130194517,0.5255654156415565,0.40061525345185833,0.40643369659019474,-0.099646317,0.0752480216933906,7.077070724,920.2198909,2297.5385730769194,1985.410512038463,,10.47619048,29.4,0.0110689885863726,2.133014221,2.224179773388106,5.2,0.84676838,1.0,12.5028,7.5,0.012079805,0.0,30927.94359,6.94,28.31686309,0.0,0.732634565531574,0.0,0.0,36.37837491,0.037529294680407,8.046839384891971,0.000593919547979,0.0658041353073404,19.4857487646465,17.8559768071433,56.86,C
CAF,中非,140,2009,0.1721172842557783,0.3097792238974191,0.5472780062086171,0.5120322885600289,0.4205953011068971,0.1804477309884241,0.3244556697000754,0.5458292927610757,0.5175415090334703,0.39206855062076135,0.26950882629519446,0.28740964490252363,0.5498726780281223,0.5250203583834464,0.40795287690232174,0.4133383750338508,9.305022202,0.0580444346738462,0.711628391,820.0736591,2319.809381,1965.57965,,9.615384615,27.6,-0.705953120927155,-0.65882496,2.4398068732781972,5.1,0.73201287,1.8,19.0689,9.4,0.019966872,0.0,31132.3773,6.89,30.74850587,0.0,0.706940736201737,0.0,0.0,36.33021927,0.0376256059584577,8.04821984654403,0.0007544383447301,0.0662391006319872,20.5746058758399,17.8559768071434,59.36,C
CAF,中非,140,2010,0.169334993093539,0.3341911333884589,0.5484393737201608,0.5160782158105726,0.42940209648518396,0.17733715236744146,0.35152789332557394,0.5469520519920913,0.5219615625517356,0.3994446650592106,0.2631387216877563,0.3910743316717345,0.5508739426606591,0.5291855737088942,0.43356814243226105,0.44487653698366575,5.470380966,0.0653414322731807,4.211309311,866.6666438,2325.798028,2084.331829,,9.615384615,26.7,2.1961131946812142,-0.799202484,3.1693781097018805,4.9,0.57671779,2.0,21.7946,9.8,0.025347491,0.0,31382.18493,6.76,32.17241335,0.0,0.7308682055071181,2.2256868747906467e-07,0.0,36.28206363,0.0374811390413817,8.048460624739157,0.0007544383447301,0.0667706062437193,19.3657367198767,17.8559768071434,59.36,C
CAF,中非,140,2011,0.16884048849033048,0.30717411750725243,0.5485017352591401,0.5099046746170942,0.4189129881683636,0.17650777545726515,0.3231817095412022,0.5469970332797869,0.5152232649724381,0.3904774458126731,0.259930115463331,0.2957286131096566,0.550939286433541,0.5227666199374689,0.4073411587359993,0.4138622230690356,2.550653269,0.0779332846005566,4.009115057,893.9977716,2604.696981,2135.240482,,12.5,26.3,0.0690405581276267,1.590359701,3.345001041616238,4.6,0.41518956,2.2,21.7402,10.4,0.033975992,0.0,30887.04302,6.68,33.52192234,0.0,0.786493232107063,4.381140853459382e-07,0.0,36.23390799,0.0375774503194324,8.048589039776557,0.0007544383447301,0.0855322308484451,21.1323998392229,17.8559768071434,59.36,C
CAF,中非,140,2012,0.171439193306233,0.3151917390097286,0.5508456040346399,0.5149030065716229,0.4239851598629398,0.1791384551334431,0.3306557715476796,0.5492579021925669,0.5206805919331016,0.39493318020169776,0.26289190296114456,0.30302022656316147,0.5528950721388125,0.5279079250395626,0.4116787816756703,0.4183900828170999,4.009636894,0.0808724177962867,6.181036177,920.0203281,2804.375206,2193.91416,,12.5,28.7,0.02452751112619,0.998867378,2.294588761112923,4.4,0.62262207,2.4,24.7918,11.0,0.032228132,0.0,30580.05816,6.25,35.21604026,0.0,0.800164325637552,6.506395352872182e-07,0.0,36.18575235,0.0376095540787826,8.050499213457895,0.0007544383447301,0.0869762514400821,19.6442752223949,17.8559768071321,59.36,C
CAF,中非,140,2013,0.11736750573633917,0.321380802925363,0.5318406316551291,0.5115478603120985,0.41448816809920586,0.1227076041089455,0.33558788292578456,0.530903591221787,0.5170299408387353,0.3765572547738131,0.18369855806577925,0.30748642101244333,0.5370485610590973,0.5244617007589173,0.3881738102240593,0.4001874610340099,-36.8245466,0.0685763967455746,2.487486778,489.2845547,1560.515345,2051.70967,,9.746666171525774,30.1,-0.0360176094748324,0.682377857,2.7119482321608626,4.2,0.98418158,2.5,29.3015,11.5,0.035002337,0.0,30372.09696,9.3,22.40022695,0.0,0.5485363687318571,6.462148289501658e-07,0.0,36.13759671,0.0376416578381328,8.052521750296961,0.0007544383447301,0.0872160378027058,20.6103813765029,17.8559768071321,59.36,C
CAF,中非,140,2014,0.15848895492426288,0.32102436843356325,0.5305632481588425,0.5198534913410707,0.42179695946212986,0.16617615185746826,0.33570265245028663,0.5296614753611767,0.526094313363019,0.3894086482579877,0.2483909557775504,0.3083459715115343,0.5360262397129052,0.5330056250845765,0.4064421980216416,0.41400262448101227,0.497506544,0.0522478891983383,11.8938033,491.7879119,1370.033674,2153.276862,,9.77724797015702,30.9,-0.1863519712247661,-0.415235399,3.7247073552371504,4.0,0.71106249,2.7,24.9962,12.0,0.025486486,0.0,30498.47486,9.55,22.41838693,0.0,0.6216561993490081,6.489037204245907e-07,0.0,36.08944107,0.0374971909210568,8.052955151048188,0.000738386465055,0.0884469447666131,18.1501011862272,17.8559768071321,59.36,C
CAF,中非,140,2015,0.1646508381199919,0.3229208715410521,0.5313859153017055,0.5130308310582272,0.42069237034481705,0.17267144555171854,0.3383520697562354,0.5304381185870661,0.5186622518182409,0.3900309714283152,0.2580624733460188,0.3206915987057748,0.5367087905514695,0.5259887431956458,0.4103629014497272,0.41798726932309854,4.198780788,0.0507127585635843,2.708263108,504.2815469,1560.170984,2205.504079,,9.80782976878826,28.6,0.2898050415994038,0.132677645,2.7325827551346635,3.8,0.45585203,2.9,26.8397,12.7,0.021435693,0.0,30458.03703,9.4,23.39069951,0.0,0.8401455831566501,6.480433411386552e-07,0.0,36.04128543,0.0374971909210568,8.052971202927862,0.000738386465055,0.0896920066014015,20.1312524647531,17.8559768071321,59.36,C
CAF,中非,140,2016,0.16536863084339232,0.31126326121173276,0.5325050985377822,0.5148944311073312,0.41819085706693315,0.1731519831465781,0.32586170015066174,0.5315077468876312,0.5207307310563943,0.3878130403103164,0.257193096682279,0.2949785983035119,0.5376193868668483,0.5280525756607751,0.40446091437835363,0.41078605000656454,2.875987689,0.0630130721248253,2.980114084,523.3697151,1585.482114,2200.256943,,7.194244604,26.7,-0.0180036199792043,1.805532372,5.817132026621334,3.6,0.59953427,3.1,26.4836,13.4,0.025603749,0.0,29913.04215,9.12,24.50183184,0.0,0.8817962575287781,6.364477053196208e-07,0.0,35.9931298,0.0375774503194324,8.054544287136023,0.0007223345853799,0.0542885649652934,19.6141845131613,17.8559768071321,59.36,C
CAF,中非,140,2017,0.1659241094971166,0.31907646329498196,0.5338969413714338,0.5171200460773516,0.421736300866536,0.17361478060087346,0.33408846267042025,0.5328448060052986,0.5231645788678344,0.3909281570361067,0.2568903993822367,0.2998105303624359,0.5387491452893585,0.5303405646635646,0.4064476599243989,0.41305801590395524,2.786113103,0.0675561569348885,6.443706288,534.7883463,1597.09291,2242.502282,,8.571428571,25.3,-0.1131002568677816,1.679781553,3.848953303747503,3.4,0.72881997,4.0,24.5204,14.1,0.034623439,0.0,29414.76509,8.8,25.61109794,0.0,0.890964222596431,6.258460656500006e-07,0.0,35.94497416,0.0376416578381328,8.055202414202704,0.0007223345853799,0.0560735127133326,18.9387391915242,17.8559768071321,59.36,C
CAF,中非,140,2018,0.16606829466042028,0.3249350119637844,0.5347964665648266,0.5172696067516697,0.4237675489972856,0.1735230909720308,0.3400700932363,0.5337028717527869,0.5233224695759159,0.3926546313842584,0.25637281137725615,0.3121599077712234,0.5394747102651106,0.5305001967502012,0.40962690654094785,0.41694272461707205,1.978031976,0.0738413056670816,1.224117158,179.5127257,1573.36269,2266.580833,,8.571428571,24.4,0.156220291393071,1.760684876,4.486890552051517,3.3,0.68853283,5.1,26.2216,14.6,0.041360382,0.0,28901.39643,8.56,26.58161605,0.0,0.92825366591035,6.149233282848128e-07,0.0,35.89681852,0.0442550322642781,8.087017239718772,0.0008186458634306,0.0570406978805847,18.9105958894565,17.8559768071321,59.36,C
CAF,中非,140,2019,0.16584108045751736,0.33324314402490085,0.5353304218367354,0.5192617248218714,0.4271040641641048,0.17337578059674777,0.3470816457111428,0.5342004164274402,0.5254737785470678,0.39503290532059965,0.255768423122722,0.30464843019945054,0.539886866641242,0.532506970188804,0.40820267253805465,0.4151555273337106,1.722901598,0.0666276099518745,2.327837051,183.6881703,1747.902164,2470.301142,,8.571428571,25.2,-0.3970973478402202,1.344692553,3.3854409455936985,3.1,0.81889474,7.50916,32.2627,14.3,0.051784219,0.0,28515.3628,8.39,27.40564615,0.0,1.081030356114248,6.067098468805912e-07,0.0,35.84866288,0.0487174548139587,8.156361359915246,0.0012038909756332,0.0695930574596694,18.3495797785828,17.8559768071321,59.36,C
CAF,中非,140,2020,0.16227055002033045,0.3454045189673139,0.5344871218970922,0.5166623440140302,0.4292236650115855,0.16979409901461737,0.35965681049959664,0.5333753156228813,0.522645670754899,0.3963679739729986,0.25085037638399504,0.3411348017928954,0.5390706203235573,0.5298332617186298,0.41522226505476945,0.42444702887557517,-0.744488615,0.0575917807761128,1.982160556,186.2676052,1782.442506,2610.036884,,8.571428571,26.6,0.6046939422771962,1.643247897,3.891276617247189,3.0,1.22141719,5.252139800000009,36.426,15.4,0.13136348,0.0,28050.61365,8.4,27.65229696,0.0,1.096681760609536,6.74408370780571e-07,0.0,35.80050724,0.048765610452984,8.160984301261678,0.0012038909756332,0.0710450425215472,19.0941345700168,17.8559768071321,59.36,C
CAF,中非,140,2021,0.16097061855061012,0.34504163946782085,0.5321596598896405,0.5208947107312311,0.4300470149725749,0.1685942201919091,0.3591919015554225,0.5311095199236535,0.5272231606284119,0.39652970057484926,0.2507929223198617,0.3166438860487015,0.5365144487750605,0.53416814042827,0.40952984939297343,0.4173688350547845,-0.705468756,0.0596066340772242,3.185766469,631.0924419,2348.652052,2178.985245,,12.85714286,29.2,-0.2039093999525653,1.686089712,2.9870307701336047,2.8,1.26395118,5.573425488421094,35.817,15.7,0.557240198,0.0,27581.62008,8.41,27.92409692,0.0,1.172021526372565,6.592202812934019e-07,0.0,35.7523516,0.0490063886481106,8.344794375421362,0.0012038909756332,0.0765080886524129,17.963876422934,17.8559768071321,59.36,C
TCD,乍得,148,2001,0.21717637865326683,0.26171903392110346,0.49542232033058814,0.40721511221421425,0.36098827124793326,0.22386811587594946,0.2767305254880382,0.49488522156282144,0.4249442238177684,0.3551070216861444,0.29946318088631946,0.24685106311501973,0.5031651994477025,0.43635227496873275,0.3714579296044436,0.3722604457953727,7.954457069,0.110471830759526,13.79765275,979.3935025294048,24323.37305908813,5450.494852088246,,2.4,34.4,0.007697603104074,3.373238978,0.5122599363661847,2.4,1.42270386,0.0459341,0.249883,3.4,0.0,7.311176004,1703.747017,6.9,6.147575714,0.0,0.383930124110019,0.0,0.0,4.979907878,0.5379129606099111,12.125587674714106,50.91575603557816,0.0227166268898529,6.71150317530718,12.3006183140994,51.73,C
TCD,乍得,148,2002,0.21096901946312566,0.266723926042963,0.4986124816423956,0.4048920693866421,0.3616217250478747,0.2178792070611125,0.2816949127824556,0.4979958114709288,0.42242242199675584,0.3549980883278132,0.29402950547449985,0.25069047447647447,0.5058764526444327,0.4339750349766376,0.3711428668930112,0.37259909488559817,4.777308788,0.092638693603254,1.90781944,1014.6779564264724,23545.691671448527,5377.217852992675,,2.369805991934527,33.4,0.0011178735560799,3.483192496,0.4848515696027464,2.3,1.61589229,0.16607,0.375157,3.8,0.0,6.969107487,1645.423879,6.48,6.351906507,0.0,0.366020584033333,0.0,0.0,4.91454892,0.5396283354510801,12.12448379923761,50.91710609911054,0.021938985049898,7.3691599461324,12.3006183140994,51.73,C
TCD,乍得,148,2003,0.24085905681654254,0.26521022988671983,0.49688781169704505,0.4053912678650167,0.36432255950878917,0.24648055264209298,0.2809488749009571,0.4962784147257267,0.4229806919249742,0.36167213354843775,0.3203783967128754,0.24642922693738925,0.5035610249153407,0.43450256058400116,0.37621780228740165,0.3755949199564006,10.2279881,0.2191179442374013,0.079004691,1049.9624103235255,22768.01028380892,5303.940853897075,,5.806451613,33.9,0.0051488833746897,3.995806789,0.4785075791279209,2.2,1.33923662,0.320309,0.685088,4.1,0.0,8.098430065,1580.972178,6.03,7.235937408,1.391723663,0.347633150794285,0.0,0.0,4.849189962,0.5423284625158832,12.119425031766202,50.92956639135959,0.0210796290364722,7.19230958053843,12.3006183140994,51.73,C
TCD,乍得,148,2004,0.31188092346628365,0.2676281529868985,0.48736115545325065,0.41183513450878406,0.37334971390805005,0.31482650089989955,0.28343254759803554,0.48760836980900774,0.4288281329996507,0.37867388782664835,0.3852919322494637,0.24667737255508304,0.4869883497661992,0.43891011195576385,0.3894669416316275,0.3840212534118035,27.80731481,0.4953813029260418,9.734256481,1085.2468642205786,21990.328896169085,5230.6638548015035,,6.451612903,32.4,0.0016046411158425,4.45463094,1.1612861082358976,2.2,1.47851741,0.36092,1.23991,3.5,0.0,3.771791232,1512.091287,4.59,9.602035786,27.48099588,0.35029766726653,0.0,0.0,4.783831004,0.5424714104193138,12.121203939008897,50.92851810673443,0.0201612171568732,8.11875889902835,12.9192709614575,55.59,C
TCD,乍得,148,2005,0.25872703841166417,0.26924992403704434,0.49438739446335245,0.4380378445994172,0.379163067485562,0.2620582361692965,0.2855308437954191,0.4944611858650917,0.4542128754166022,0.37406578531160234,0.32350486707259346,0.24996295503052113,0.49394256173302686,0.45984905298142464,0.3818148592043915,0.3807555827936186,12.69680388,0.3559425025305995,66.77272155,1135.101876,22277.43477,5250.115401,,6.451612903,30.9,0.0035533099184588,4.031101101,0.8752826756384432,2.1,1.10235167,0.399258,2.03329,4.8,0.003724712,2.392498585,1452.349572,4.33,11.18843651,25.64463369,0.362125355220568,0.0,0.0,4.718472046,0.543710292249047,12.118225857687422,50.9183211562897,0.0193646609654522,7.67083910305241,15.2146290263192,62.99,C
TCD,乍得,148,2006,0.2416697156566187,0.27314787092517445,0.49614540452454947,0.4551193203009526,0.38517139348107704,0.24477966530152973,0.289808591747767,0.49612307896554975,0.47053572262706655,0.3753117646604783,0.3041702411692147,0.25515906521441856,0.4962418181167959,0.47303530010248906,0.3821516061507295,0.3826385110009257,-4.057339196,0.3452243983698506,11.7520695,1142.382043,20434.20917,4915.243714,,6.451612903,28.6,-0.002312730249693,3.597637382,0.9256125107692352,2.0,0.76379508,0.581046,4.35335,5.1,0.009378445,2.596000276,1401.028018,4.38,11.12770237,23.25084888,0.354605377894758,0.0,0.0,4.653113088,0.5450762388818298,12.087007623888182,50.925865628970776,0.0186803735775829,7.6650250060316,17.2650181522579,66.58,C
TCD,乍得,148,2007,0.24702185236030738,0.2802673520560625,0.49698970622356436,0.4546877176518589,0.38793667670045223,0.25071048726765877,0.29659884561533506,0.4968575022293309,0.47006199825127926,0.378557208340901,0.31439127092554614,0.2622515686784796,0.4977098355557248,0.47256548345725535,0.3867295396542515,0.38693259696962534,0.671852923,0.3374017538690961,1.609544712,1194.744576,19098.28273,4932.636282,,5.161290323,26.6,0.0094980203909984,3.444755444,0.3898332921241041,1.9,0.81764281,0.847225,8.28717,5.5,0.008838193,3.429617454,1353.58782,4.38,11.59508525,20.59989177,0.378082561637877,0.0,0.0,4.58775413,0.545465374841169,12.10479669631512,50.90871188055909,0.0268395888341638,7.7750698839134,17.2650181522579,66.58,C
TCD,乍得,148,2008,0.23844233190723127,0.2854387517615966,0.49656995083239663,0.4657853467415726,0.39258122966128595,0.24232689883373426,0.30167657310678797,0.49641234971545756,0.4809094698852367,0.38033132288530414,0.30556000807825084,0.2658541510597397,0.4972278051929313,0.4815836871497671,0.38755641287017223,0.38847337281822486,-0.463468028,0.3114542397681076,11.36397059,1187.997878,18572.27926,4872.959905,,5.161290323,24.7,0.0059540743751269,3.499220115,0.541115356383279,1.8,0.61977834,1.19,13.9418,5.9,0.006344358,4.057218061,1307.041924,4.21,11.95235189,20.44516155,0.382839321035525,0.0,0.0,4.522395172,0.5456321473951715,12.069885641677256,50.90212039390089,0.0261408384726221,7.23756469810295,18.3891780269479,68.54,C
TCD,乍得,148,2009,0.215128107174801,0.29236355333288455,0.5079545220259023,0.46472967142058597,0.39410872604010233,0.22003268120088157,0.30815528247802293,0.5072756042308488,0.47976787463139686,0.3788078606352876,0.2865075072498097,0.27099997942124454,0.5111247157707879,0.4805083716666319,0.3872851435271185,0.3900980076661046,-4.868746089,0.2273167504457353,1.580190684,1157.468271,16464.22167,4556.00172,,5.161290323,24.1,0.0065652586711917,3.572969763,0.7819230160637255,1.8,0.70113808,1.5,19.1808,6.3,0.007578749,4.322745833,1261.166155,4.38,11.784029,8.508030021,0.402739573305308,0.0,0.0,4.457036213,0.5454891994917408,12.070465374841168,50.88958068614995,0.0252233230988298,7.52715981071586,18.3891780269479,68.54,C
TCD,乍得,148,2010,0.23946267967947388,0.2964665555828447,0.5087359368079718,0.4665291202950088,0.3989035322701053,0.24493874757346107,0.3120145448671785,0.5080999104748034,0.4816336702211074,0.3866717182841376,0.31792852364924196,0.27431367274843754,0.5107416082772741,0.48218702352332704,0.39629270704957015,0.39711753127460336,9.807131151,0.2560727171128792,5.635007068,1396.574031,16371.07671,4714.132051,,5.161290323,24.1,0.0055992614594202,3.460770948,0.3118762728348863,1.7,0.64793539,1.7,23.3526,6.4,0.008816854,3.692010612,1218.266691,3.92,13.39535677,11.72291739,0.431522670309553,0.0,0.0,4.391677255,0.5457830368487929,12.087777954256673,50.85285101651843,0.0243653338152254,7.22745771260562,18.4481581657421,68.81,C
TCD,乍得,148,2011,0.23648455619400716,0.31701702921014857,0.5063982779020715,0.4655946106596972,0.4039193806584873,0.24092091702447904,0.33364852508222564,0.5058444823632742,0.4806153005714772,0.39025730626036403,0.3060798239282032,0.2903366395069295,0.5080737765995827,0.48122820815040274,0.3964296120462795,0.39885863615872674,0.870883385,0.2876775191280297,8.174343403,1265.343983,17021.87235,5018.946417,,12.76595745,24.0,0.0063663759554553,3.530201854,0.553508558253679,1.7,0.60246891,1.9,28.739,9.0,0.013234684,3.681956749,1176.009685,3.95,13.99753561,13.6528603,0.59620841630733,0.0,0.0,4.290025413,0.5462515883100382,12.092789072426935,50.787094980940275,0.0257030827212268,7.49169302187605,18.4481581657421,68.81,C
TCD,乍得,148,2012,0.2382789681914413,0.32591294567360407,0.5087566246691818,0.4661214378719707,0.4075040149967349,0.24325212214720268,0.34263183626333177,0.5080440840412973,0.48118948903854764,0.39377938287259484,0.3124717448647349,0.29746155963599524,0.5110014554650194,0.4817752349189518,0.4006774987211753,0.40311094072985315,5.297342551,0.2682728974325863,6.524627223,1377.232884,17809.12056,4893.710374,,14.89361702,23.5,0.0067227224051085,3.512654812,0.3451669586203858,1.6,0.65627456,2.1,33.3229,7.8,0.0,4.176411908,1135.417627,3.91,15.26596484,10.72532815,0.996773720926692,0.0,5.857700566838326e-07,4.188373571,0.5462198221092758,12.097299872935196,50.72721569250318,0.0239301426735512,7.34138348337076,18.4481581657421,68.84,C
TCD,乍得,148,2013,0.21720200929873146,0.32931369552807416,0.5117571195374603,0.46647859720109197,0.40694950650634426,0.2226132773055632,0.34585291696074816,0.5109074847466878,0.4815962311600439,0.39024247754326075,0.2919975114938005,0.300078296181611,0.514552466916338,0.48215183126879524,0.39719502646513616,0.401241057065949,-0.767831669,0.2127026363007217,6.073794195,1464.872209,16812.08036,4485.937603,,14.89361702,23.8,0.0056338028169014,3.569478834,0.3659317136363029,1.5,0.83544219,2.5,33.3154,8.1,0.001127543,4.274014241,1095.603933,3.89,15.69924579,7.879343568,0.997559391122604,7.304026220285487e-08,5.65229887820383e-07,4.086721728,0.545703621346887,12.091828144853876,50.71784466327828,0.0244634422896836,7.1921984253129,18.4481581657421,68.84,C
TCD,乍得,148,2014,0.22086776472323305,0.33283645358323044,0.5151571577330007,0.46668248194322903,0.40922570077012294,0.22610945762543608,0.34880673930570644,0.514168089084767,0.48182075369018024,0.3927262599265224,0.29442301851995306,0.30229388086300585,0.518217197855993,0.4823726294741033,0.3993266816782638,0.4034064465529255,-1.516527567,0.2311465016434639,0.519575848,1418.294526,15396.69525,4642.176545,,14.89361702,25.2,0.0017629429394134,3.569986978,0.6103457982484344,1.5,0.94091558,2.9,37.0123,8.4,0.000853691,4.322955342,1057.180944,3.71,16.02309465,5.589117872,1.00045131168153,7.04787295898885e-08,5.45407193489767e-07,3.985069886,0.5457830368487929,12.097387229987296,50.649944409148674,0.023521552536466,7.12596905048985,18.4481581657421,68.84,C
TCD,乍得,148,2015,0.21065415574144847,0.33165297502502666,0.5143879458186401,0.46035838606752616,0.40520681288462906,0.21691900255966096,0.3476890511299041,0.5133244022467032,0.4749095384880645,0.38821049860608314,0.287743904450767,0.3028659430485371,0.5180117675567569,0.4757130965725331,0.39608367790714855,0.40069495569033486,0.067407494,0.1666254624655025,6.99206966,1472.225175,13554.90781,4910.998426,,14.89361702,25.9,0.0035001270995873,3.183361057,0.639011618337203,1.4,0.72352397,3.5,37.3153,7.7,0.000808709,5.60569575,1024.057081,3.7,16.55252331,3.486084793,0.982617577627688,1.3654094408914594e-07,5.283183560873128e-07,3.883418043,0.5457830368487929,12.097387229987296,50.649944409148674,0.0653980602037696,8.88218711959341,18.4481581657421,68.84,C
TCD,乍得,148,2016,0.19752090568910746,0.33438285423927194,0.5111694181439006,0.46208493319860294,0.4045160304023746,0.2036723881035339,0.35021385487958245,0.5101798883088834,0.4767704855997829,0.3852091542229457,0.2713075781563386,0.30560615633310756,0.5150779445989543,0.4773539092787756,0.39233639709179396,0.3981345396330273,-7.085061902,0.1604447641126477,6.464307574,1597.391103,9856.896165,4685.199548,,14.89361702,26.1,0.005514419329696,3.138686976,0.7039525546563914,1.4,0.64428413,5.8,36.9556,9.2,0.001113738,6.213326621,992.4143158,3.94,15.87014498,3.717483454,0.94053004927709,1.323219087699984e-07,5.119936278605102e-07,3.787325286,0.5446632782719187,12.094432973316392,50.59625952986022,0.101061850237402,8.30544231455309,18.4481581657421,68.84,C
TCD,乍得,148,2017,0.20211954500948892,0.332558726032332,0.5086465068223025,0.46292361695639866,0.4042519889942523,0.20788040515961412,0.347664101408717,0.5077244086483857,0.47769500753502,0.3852409806879342,0.2776890650726384,0.3025671300781074,0.5124021846274531,0.47821255567875526,0.3927177338642386,0.3978522969180008,-4.81719582,0.1963436863888149,2.062233947,1588.610027,10296.69278,3894.56231,,12.76595745,26.7,0.0052710113753076,3.306395837,0.9678188084447824,1.3,0.52580875,6.4,40.7649,10.9,0.0,6.131754889,960.1377068,4.07,15.61345027,5.222078591,1.401243619891571,1.280183609053945e-07,4.953418949437804e-07,3.693614994,0.5456162642947903,12.08468869123253,50.5732290343075,0.1046834877245434,8.01978703085171,18.4481581657421,68.84,C
TCD,乍得,148,2018,0.20675487133845996,0.3360991175814815,0.50979149073117,0.46529528521680785,0.40696640237322357,0.21323604729528467,0.35134807320286415,0.5089988622312924,0.4802487110606661,0.38845792344752683,0.28782823133496455,0.30471357779703145,0.5125001231716442,0.4806322258465706,0.3964185395375527,0.4009595176150747,2.247689721,0.1742023851127817,3.868992244,1623.905358,10195.73159,3966.454279,,15.25423729,28.1,0.0110265060240963,3.359560287,1.045397678499178,1.2,0.46814004,7.0,43.2279,10.1,0.0,3.931084577,928.4171212,4.06,16.50983653,9.267674117,1.450506959813064,1.2378894949664628e-07,5.321966871966513e-07,3.601493011,0.5405813214739517,12.001643900889452,50.25966486658196,0.106228861876352,7.35083208351408,18.4481581657421,68.84,C
TCD,乍得,148,2019,0.20694336482013231,0.33566217186565445,0.5114110189777037,0.4662801070346867,0.4075693868936985,0.2134241672410253,0.3503463499284369,0.5105798548294926,0.48133783329908714,0.3889220513245105,0.28806427659198647,0.3044210419421113,0.5140050786889034,0.48166128284295684,0.3970379200164895,0.4015736984823278,2.043636515,0.1736269779166435,2.655921859,1649.107343,10600.99113,3972.458826,,14.88095238,29.8,0.0104105096573683,3.21991132,0.8588437805116539,1.2,0.51349735,7.6,45.9379,8.4,0.0,3.625498334,898.9990724,3.95,17.39853165,9.130431673,1.437517462330319,1.1986654298836762e-07,5.153333746147714e-07,3.511753494,0.5415104828462516,11.809871346886911,50.05285101651843,0.1020126731299905,6.97925156716785,18.4481581657421,68.84,C
TCD,乍得,148,2020,0.19037690009133554,0.34486354171648664,0.5123238733047374,0.46623082090090967,0.4086698125715213,0.19724601528168187,0.35921120019193925,0.5113808337367349,0.4812970912471562,0.38728378511437805,0.271201446606057,0.31141757447608726,0.5158631710699952,0.4816120147553981,0.3950235517268844,0.40112269945667745,-3.513196445,0.1210749595739834,1.192809365,1625.744609,10312.33724,3982.778751,,15.43209877,30.1,0.0016794670994282,3.181970361,0.7872425372919867,1.1,0.55167967,8.34311,50.4343,10.9,0.0,4.332973563,870.8435147,4.13,17.33004292,5.732616748,1.466139121287746,4.063936401949784e-07,4.99193759999243e-07,3.425190597,0.5412960609911055,11.798117852604827,50.03640406607369,0.1039885329648233,6.95274698398974,18.4481581657421,68.84,C
TCD,乍得,148,2021,0.19690935684397387,0.38962448684690343,0.5077816514897373,0.4668036479341394,0.42213917584154526,0.20319806988831865,0.405874924176017,0.5070422337443778,0.48191217437853145,0.39950685054681123,0.2745801320006897,0.3472023351928809,0.5107900159933698,0.4821690651357577,0.40368538708067453,0.4113323275442224,-3.102092086,0.1606810105943766,8.533467853,1550.722246,9775.509381,4015.592518,,32.25806452,30.1,0.0010172939979653,3.444238694,1.3843180435928932,1.1,0.73647583,13.1283,58.0323,11.3,0.0,3.964810887,841.3602372,4.34,17.38089666,9.575112513,1.578408860831463,1.1218136495890543e-06,4.822930563599739e-07,3.336509927,0.5393900889453621,11.74759371029225,49.8945123888183,0.1120400613116032,6.7579945612836,18.4481581657421,68.84,C
COM,科摩罗,174,2001,0.29607419911717003,0.3169244972710501,0.5410326925638675,0.35667948037042657,0.37556723558289756,0.3023592380744309,0.3341421506242799,0.5390043596904759,0.37505962043111085,0.3876413422050744,0.34972372373092087,0.29859336148030186,0.5440733334643978,0.4130966251460554,0.40137176095541893,0.40104213774316133,3.273526218,0.045607405111469,7.40100114,2968.730247,4421.583025,10295.22842,-5.105563403494045,-1.735101272099655,24.7,0.0109601126550278,2.056751168,0.3654837177003764,0.1,0.5343321,0.443068,0.0,42.0,0.0,1.271034264,2192.902306,2.72,65.03715558,0.0,2.8277482973324353,0.0,0.0,22.16120365,0.429876410531972,7.087587318645889,0.0,0.1819012462994773,3.90161775335061,0.697417008043913,0.0,E
COM,科摩罗,174,2002,0.2969600223916642,0.33381567219769126,0.5416119300269546,0.35582509061594453,0.3804733179290572,0.30327648426828946,0.35125066774556807,0.5395509796189649,0.37416393718617724,0.39206051720475,0.35028886103504203,0.31358139779951666,0.5446148082812896,0.412261397521918,0.40518661615944157,0.4055135429396297,2.407565783,0.0444589968048776,3.822463218,3043.517537,4516.032614,10450.11074,-4.956799727337227,-1.1596876934484044,20.7,0.0022823770285465,2.116080234,0.3578310429164661,0.1,0.95670593,0.55487,0.0,44.8,0.0,1.377594494,2146.986257,2.64,68.02735759,0.0,2.77464438732953,0.0,0.0,21.92584632,0.4352498656636218,7.103707684040838,0.0,0.178915521458233,4.08083504750983,0.697417008043913,0.0,E
COM,科摩罗,174,2003,0.29767715096965636,0.34119353791251544,0.5393391627663446,0.35591266026858037,0.38229876431949744,0.30371371007343956,0.35907599455458017,0.537274501256037,0.37430290967079044,0.3935917788887118,0.34891407482832976,0.3214442547749221,0.542645313513592,0.412393443488525,0.4063492716513422,0.4070528365022958,-0.011062921,0.0493754878121038,4.932190362,3051.412006,4505.356055,10363.71601,-3.372170764,-0.5842741147971537,18.0,0.0086566314485208,1.927019436,0.57915261197828,0.1,0.85293937,0.848189,0.351002,46.5,0.0,1.659471993,2106.009498,2.87,69.34329792,0.0,3.476798683976626,0.0,0.0,21.69048898,0.4352498656636218,7.1090811391724875,0.0,0.1755007915085697,3.96522674702387,0.697417008043913,0.0,E
COM,科摩罗,174,2004,0.2965057705002143,0.3533490140522557,0.5402017593369401,0.3561967275001601,0.3860116117365794,0.3028470334006318,0.3719690068584505,0.5381044260734673,0.3746548375084929,0.3968938259602606,0.3498598524904913,0.3319661479567039,0.5435373514707,0.41272705321839254,0.4095226012840719,0.410656853999527,1.164119097,0.0305132818820429,0.436096743,3081.180943,4519.207294,10340.60172,-3.33005782,3.03030303,16.6,0.005262284196547,1.895924854,2.014795834022153,0.1,0.79133189,1.32733,1.44273,48.7,0.0,1.236819475,2066.457266,2.92,71.49322593,0.0,3.73915011462921,0.0,0.0,21.45513165,0.4352498656636218,7.119828049435788,0.0,0.1722047721386455,3.79584538821779,0.697417008043913,0.0,E
COM,科摩罗,174,2005,0.2944355805000408,0.3558153785052947,0.5416433256093631,0.3539701576702398,0.3859569269509456,0.30110021372940105,0.3743246765273631,0.5394974565971504,0.37227639862574635,0.39679968636991525,0.3505211500436355,0.33346519858787566,0.5448480119358904,0.41047563951820354,0.40982750002140134,0.41105109587508365,3.530600471,0.0183101251101415,0.407267602,3209.391576,4456.294532,10120.17056,-4.097019648,3.03030303,16.3,0.0053833578281619,2.040840198,4.0494232102814856,0.1,0.69428998,2.0,2.61913,51.0,0.0,1.300635147,2024.711605,2.75,75.54346188,0.0,3.516975398346217,0.0,0.0,21.21977431,0.429876410531972,7.119828049435788,0.0,0.1687259670950619,4.34493983451379,0.697417008043913,0.0,E
COM,科摩罗,174,2006,0.2814425040820897,0.36052406371154344,0.5396815733363978,0.4061677992040888,0.40422761982606387,0.2875379580051002,0.3788608225396004,0.5375650824367701,0.42122814630826333,0.4062980023224335,0.33422133221226696,0.3367758580135119,0.5431674574563687,0.44887919682320115,0.4157609611263372,0.41726025286217405,-3.716261454,0.0145243569082626,5.950069403,3117.786265,4082.120249,9208.080061,-3.273573123,3.03030303,16.1,0.0056830313880722,2.017054763,1.934674156225765,0.1,0.6453765,2.2,6.09786,53.2,0.0,1.267922292,1984.281186,3.02,74.21809203,0.0,4.020966953724315,0.0,0.0,20.98441698,0.3976356797420742,7.178936055883933,0.0,0.1653567654893816,4.99747678820781,10.1981864146327,1.11,E
COM,科摩罗,174,2007,0.279588414095715,0.36679337898881703,0.5423336934354618,0.40509172829182927,0.4059947687645861,0.28579014706114586,0.38481578964827945,0.5402225673307448,0.4200719444865727,0.4077251121316857,0.33516007121114066,0.34214704709193333,0.5453792764293058,0.4476704104024589,0.4175892012837097,0.41933434530825714,-1.185586977,0.0175951644830217,5.035085833,3134.985238,3851.694711,8623.611533,-3.973857969,3.03030303,15.8,0.0040177040291364,1.993059228,5.819164990347319,0.1,0.56597984,2.5,10.0667,55.5,0.0,1.580302687,1945.124788,2.57,74.81450846,0.0,2.5870351567780943,0.0,0.0,20.74905965,0.3868887694787748,7.221923696937131,0.0,0.1961643435933262,5.1833787234307,10.1981864146327,1.11,E
COM,科摩罗,174,2008,0.27318790706573787,0.37106129650331,0.5426914843907972,0.4061383917353394,0.4068654552852443,0.27986196290244025,0.38893289048037893,0.5405490343836096,0.42127503303070724,0.407654730199284,0.33289567130770437,0.3446267165210559,0.5457236882344237,0.448919503363817,0.41804139485675024,0.4199825319230835,1.919374307,0.0076447664189018,3.144289799,3197.58305,3802.465376,8374.976134,-7.534696266,3.03030303,15.4,0.0078080520536802,1.986851146,1.1758966609301975,0.1,0.43337327,3.0,14.5781,57.8,0.0,1.72004982,1906.85945,2.51,77.78061284,0.0,2.586628749029709,0.0,0.0,20.51370231,0.3815153143471251,7.286405158516926,0.0,0.1589049541797564,4.86710726582885,10.1981864146327,1.11,E
COM,科摩罗,174,2009,0.27747857262853376,0.37148866933985614,0.5418235790407748,0.40464465106851294,0.4068312578396028,0.2839308594873645,0.38842956053791483,0.539656576272317,0.41958721611878946,0.4079010531040964,0.33678911780092285,0.34441639558888865,0.545041811542405,0.44680066342172337,0.418261997088485,0.4200432174044347,1.207784308,0.0165683395965141,0.986176825,3419.723535,3346.613378,7870.126588,-4.35030281,0.0,15.3,0.0056008393188604,1.988653182,1.1838983592103398,0.1,0.37907231,3.5,19.0975,60.1,0.0,1.751529261,1869.313199,2.65,80.30117292,0.0,3.104308265582112,0.0,0.0,20.27834498,0.3761418592154755,7.216550241805482,0.0,0.3115521997921947,4.932386149424,10.1981864146327,1.11,E
COM,科摩罗,174,2010,0.27596230363098784,0.3944753179648408,0.5415478792304409,0.5834333482435297,0.4784477629755701,0.2823498784132212,0.41132459576636476,0.5393460536510128,0.5909332449784719,0.45598844320226767,0.33642366249559014,0.36300153608323005,0.5449231153420226,0.5864391998112836,0.45769687843303164,0.4582589010255854,1.735242391,0.0231282950638992,1.675040821,3562.985573,3727.020971,7290.853716,-4.332222707,3.03030303,15.6,0.007142627845013,1.987907684,3.283264817450476,0.1,0.37668347,5.1,25.2396,69.7,0.0,1.594937888,1832.519898,2.78,83.33485544,0.0,3.623566083974674,0.0,0.0,20.04298764,0.3653949489521763,7.318645889306824,0.0,0.1527099915093244,5.0578116311042,30.0,43.32,E
COM,科摩罗,174,2011,0.2749965320750213,0.4101892426454637,0.5432694234905263,0.5842824774279166,0.4836222203557711,0.28152125365316866,0.4259153369314487,0.541030295773545,0.5918276374976358,0.4600736309639496,0.3358074125335938,0.3761741733113223,0.5464708745901568,0.5870421632719925,0.4613736559267664,0.4625579058334038,2.08269276,0.0254133015570102,3.045631317,3741.980007,3192.587285,7357.325986,-5.424730257,3.03030303,15.9,0.0057054520534844,1.998717975,5.9126779790915736,0.1,0.9567222,5.5,32.3982,69.3,0.0,1.634796304,1796.256601,2.58,86.78788917,0.0,3.186300791498975,0.0,0.0,19.80763031,0.3600214938205266,7.404621171413218,0.0,0.2265114301795059,4.66247114917448,30.0,43.32,E
COM,科摩罗,174,2012,0.27435886024471673,0.415110546225579,0.5424600547135742,0.5836449656025897,0.484587339771386,0.2808138218970188,0.4303091489045392,0.5402123956867713,0.5911704812888512,0.46062646194429513,0.3347656460089639,0.3785508443071665,0.5458026661451176,0.5864130186960007,0.46138304378931216,0.46271753264730814,1.113858574,0.0196880722052094,4.270536735,3802.953818,3048.848285,7141.999142,-4.049704285,3.03030303,15.6,0.005673084541637,2.011498627,1.7604858941067734,0.1,0.79534382,5.9753,41.5931,69.3,0.0,1.91973566,1760.485894,2.65,89.5376387,0.0,3.267620574047322,0.0,0.0,19.57227297,0.3600214938205266,7.420741536808167,0.0,0.226915256077344,4.76262495827465,30.0,43.32,E
COM,科摩罗,174,2013,0.2760427941481682,0.42300991705511215,0.5417600000047962,0.5824100527632797,0.4865416243475964,0.28267903696769314,0.4374315596194264,0.5394790173104542,0.5898302542245258,0.4623549670305249,0.3382212488441253,0.38537875896574975,0.5453423879338987,0.5849655227636471,0.4634769796268552,0.46497476485531297,2.281082175,0.0188134263256867,1.75223848,4192.077908,2944.13241,6818.700936,-3.320399289612169,3.03030303,15.0,0.0059247120369347,2.113849573,12.826921309064168,0.1,0.65978307,6.5,49.9144,69.4,0.0,1.840704926,1723.662438,2.84,93.53653622,0.0,3.831292097677446,0.0,0.0,19.33691564,0.3439011284255776,7.469102632993015,0.0,0.275728120978121,4.96366508149643,30.0,43.32,E
COM,科摩罗,174,2014,0.2724336413886917,0.42563930075824946,0.5422979863217154,0.5863368479523612,0.4883835212898106,0.27894557253223085,0.44006313098119715,0.5400208225069751,0.594154620851376,0.46329603671794484,0.33372043181458383,0.3852601297564217,0.5458526180897104,0.5891737851144551,0.4635017411937927,0.4651384754114511,-0.090588167,0.0226168050354534,0.83503339,4257.137489,2772.423383,6630.687237,-3.780329376,3.03030303,14.5,0.0047619793543132,2.17541496,2.122267931407176,0.1,0.55491424,6.98,53.8297,71.8,0.0,1.96923497,1686.570542,2.78,95.50704162,0.0,3.346845360267286,0.0,0.0,19.1015583,0.3439011284255776,7.592692101020957,0.0,0.2399566720027884,3.85535826930998,30.0,43.32,E
COM,科摩罗,174,2015,0.2746553946341766,0.43233393198843195,0.5402551763951482,0.5855615263830298,0.48993978711025843,0.2808641597183242,0.44648003451386187,0.537995364221095,0.5933399760895516,0.46466988363570816,0.33511490532678107,0.3907199014369188,0.5440458991608402,0.5883427054949676,0.464555852854877,0.4663575908254105,-0.965303683,0.0175978044401144,0.522981121,4040.899603,2842.113849,6240.904742,-0.256465658,3.03030303,14.0,0.0051447546887424,2.110933384,2.3944448878601645,0.1,0.46612623,7.45916,58.4556,74.1,0.0,2.453038244,1651.341302,2.93,96.60296009,0.0,3.5372340078139493,0.0,0.0,18.86620097,0.3439011284255776,7.587318645889305,0.0,0.2555409381269936,3.95868501323287,30.0,43.32,E
COM,科摩罗,174,2016,0.2690866547654309,0.44161709810445904,0.54021177329989,0.5852352219564076,0.4918145814151769,0.27548146676372637,0.4553977888625795,0.5379658401090959,0.5929543047722087,0.46544985012690254,0.3320304243398798,0.3992677727096668,0.5445964243782713,0.587879621348834,0.46594356069416293,0.4682733966962041,1.222764854,0.0306071422400281,1.715032766,4103.786051,2656.246919,5932.721831,-4.348589187,3.03030303,13.5,0.0049478076093869,2.051115782,6.525188711423529,0.1,0.57399994,7.93832,61.2598,76.4,0.0,2.493170533,1617.815383,3.06,99.81056466,0.0,4.066132360576341,1.3481794858313075e-05,0.0,18.62976894,0.3439011284255776,7.770016120365396,0.0,0.2940136786290632,4.04093290384484,30.0,43.32,E
COM,科摩罗,174,2017,0.27278727229207483,0.45339521219939966,0.53916698608992,0.5827553213464274,0.49465251141350125,0.2790937882623538,0.46765794115468057,0.5368645160620787,0.590231972494854,0.46846205449349176,0.33618625547594705,0.40926617700545564,0.5438088508503033,0.585067380776816,0.46858216602713043,0.47119953712510126,1.767566401,0.0361969193605689,0.402552901,4286.086779,2375.663941,5533.955859,-2.132042165,6.060606061,13.1,0.0051703914063463,1.992577987,5.140953309835608,0.1,0.67584765,8.47817,61.9708,78.7,0.0,2.352860904,1585.898193,3.28,103.6190385,0.0,5.123170972582796,1.321581827721236e-05,0.0,18.39333692,0.3439011284255776,7.780763030628695,0.0,0.3667393245923911,4.57757721563304,30.0,43.32,E
COM,科摩罗,174,2018,0.2688584327051243,0.46692200329553146,0.5422944988599738,0.5828460007251176,0.4988099671387604,0.2752294180949695,0.48015177526321023,0.5400318904783505,0.5903330267821877,0.47143652765467947,0.33337071857205747,0.4211292325520569,0.5469010344523565,0.585089406673205,0.4716225980624189,0.47493270349946526,1.638356352,0.0347890829919564,0.956043171,4461.723642,2375.196251,5117.145497,-2.856923384,6.060606061,13.2,0.0042071644632795,1.952741536,3.978797029510491,0.1,0.76553828,14.858646155869335,64.6591,81.0,0.0,1.543787483,1555.230109,3.32,107.3934613,0.0,3.6451027834125,1.2960250910457626e-05,0.0,18.16227834,0.3439011284255776,7.866738312735089,0.0,0.3913043248357287,4.48542011120899,30.0,43.32,E
COM,科摩罗,174,2019,0.2631130186786696,0.47927281682840195,0.5422129450375456,0.5835517391802831,0.501933549000568,0.26937492044043865,0.49158206752466865,0.5399249862617272,0.5912032602187811,0.4730213086114039,0.32717669390795134,0.4308501656611955,0.5468816139370521,0.5862871131023794,0.4727988966521446,0.4767932336535329,-0.178316984,0.0328306205176937,4.492111858,4509.69336,2399.130798,4735.102591,-3.351585829,6.060606061,13.5,0.003990764667207,1.923857027,4.818339694219772,0.1,0.83244753,16.3838,73.1292,83.3,0.0,1.479535168,1525.595682,3.37,109.2843397,0.0,3.938522125781869,1.2713297346226312e-05,0.0,17.92584632,0.3439011284255776,8.00107469102633,0.0,0.2796002430782452,4.43535620411419,30.0,43.32,E
COM,科摩罗,174,2020,0.26065247295285693,0.5346851110925395,0.5397481992588355,0.5840156400717216,0.5175967041472157,0.2669645467177392,0.5460208613204146,0.5374831825673065,0.5916723519074952,0.48553523562823886,0.3249185242004734,0.4748206853325165,0.5447606115945742,0.5866051653605894,0.48277624662203833,0.48877421617542244,-2.134649597,0.0172305759514224,0.752940815,4665.865524,2097.922132,4451.509119,-1.809056693,16.66666667,14.3,0.0014315738174286,1.961993798,4.3756692841729175,0.1,1.29287672,22.4204,97.4339,85.6,0.0,1.593038062,1495.955311,3.68,109.0706042,0.0,4.553750297632775,1.24662942569029e-05,0.0,17.68941429,0.338527673293928,8.210639441160666,0.0,0.3250434138697495,4.28567424856292,30.0,43.32,E
COM,科摩罗,174,2021,0.2651682761511758,0.5448318030202293,0.534700154621517,0.5836101147981563,0.5199783850527496,0.27128805325272054,0.5547079532588568,0.5323560671442443,0.5911294782597513,0.4873703879788932,0.3298207532406162,0.4827300899989799,0.5400046554225086,0.5855824387476142,0.48453448435242974,0.4906102229840472,0.004131285,0.0267245511851559,1.167613064,4376.477816,2074.154285,4259.640218,-0.320369119,16.66666667,15.6,-0.0084402944218019,1.976319881,5.891167404488532,0.1,0.94517165,30.6812,104.311,87.9,0.0,1.620546415,1466.680682,4.27,111.2522258,0.0,6.7101863417806,0.0,0.0,17.45298227,0.322407307898979,8.355722729715206,0.0,0.4810048962690088,4.16822914749575,30.0,43.32,E
COG,刚果（布）,178,2001,0.38237154554964486,0.3057540026952228,0.5593989449311769,0.4152991836090671,0.4088345778410245,0.3795212245481799,0.3227860592342526,0.5575689140856481,0.4223013704863384,0.4205443920886047,0.4064780798529481,0.28361439079540884,0.5446430146119314,0.4506613162694242,0.4213492003824281,0.41731082731139707,-0.041524211,0.7347933696897507,11.97152744,941.3910665,15660.23662,6065.89601,-1.017233803,12.0,26.3,0.0092828375864622,3.773617925,4.828058475733047,4.3,0.96511757,0.0322236,4.5836,30.3,0.000710572,6.823792521,67837.27732,2.16,147.5630753,45.34462043,4.272792037599377,0.0,0.0,64.95754026,0.474172767203514,6.199092240117129,0.000117130307467,0.2444586569991416,23.6499202747232,9.23410292546437,12.03,C
COG,刚果（布）,178,2002,0.38943017131510765,0.3038917331218467,0.5597432767037445,0.4157987338420951,0.4094697196474121,0.38668284436511485,0.32053620449127185,0.5577683404685901,0.4228655973504328,0.4219632466688524,0.4149765514595332,0.28870207369101364,0.54627531298265,0.4512740448692295,0.4253069957506066,0.42113314038013394,2.140086357,0.7514210449656272,1.73892756,1007.31429,15464.57286,6244.497583,-1.140766783,7.860334699573826,25.9,0.0094658674062808,2.362494353,7.1416399389871765,4.2,0.43198308,0.15725,6.61937,31.2,0.001156367,8.351942287,66253.40854,2.16,152.9822739,41.10202199,3.622681246337682,0.0,0.0,64.92240117,0.4713323572474377,6.167701317715959,0.0001464128843338,0.2089071440572931,23.5744420446316,9.23410292546437,12.17,C
COG,刚果（布）,178,2003,0.41742200773397586,0.3083670387958453,0.5669571823068413,0.4282389265048358,0.42051721338562964,0.4135241566694306,0.3247988272240365,0.5645062208940614,0.43640111331118453,0.43480757952467824,0.4347030286324608,0.29038500559630764,0.5564330685952036,0.463866237453331,0.4363468350693258,0.4313411403933465,-1.965648239,0.7640443987050611,4.25153692,1048.187973,14655.01889,6262.484293,14.8882764,8.527131783,26.0,0.0127096110894457,2.795198962,10.038444427096197,4.0,0.50115985,0.460014,9.57701,32.1,0.000357127,8.808947908,64427.13683,2.53,154.2264238,29.65517273,4.287986472710712,0.0,0.0,64.88726208,0.4714202049780381,6.142313323572474,0.0001464128843338,0.2611910952410112,19.8161023274467,9.23410292546437,12.17,C
COG,刚果（布）,178,2004,0.4125749384754878,0.30437266443675143,0.5663482574471306,0.41687428405152144,0.4144356357953254,0.4089759232056182,0.3205106255305609,0.5641534146167329,0.4240123134550128,0.4294130692019812,0.4310179311741876,0.28369651181012284,0.5545643266293906,0.4521054797649352,0.4303460623446591,0.425353335708957,-0.000136349,0.7371738186763788,16.80723831,1067.200154,14428.23484,6234.603317,14.50851046,8.527131783,27.2,0.0144580000350071,3.417698328,11.51013278721904,3.9,0.43517572,1.0775,10.76,33.0,0.004396236,4.881840438,62262.4142,2.71,159.5883084,36.66269704,4.467120596890364,0.0,0.0,64.85212299,0.4722108345534406,6.083455344070278,0.0002342606149341,0.2804613252246355,23.0681211218051,9.23410292546437,12.17,C
COG,刚果（布）,178,2005,0.402506312246729,0.3071965561523833,0.5627181314208212,0.4174242178512839,0.41338159647474915,0.39937044055473786,0.3228756774296234,0.5605325596447773,0.4245486167308814,0.426831823590005,0.4241755029897579,0.2842955770220953,0.5505061998372413,0.4523374965763926,0.42782869410637175,0.42310117830281085,3.941593182,0.7135336543253324,32.49873951,1086.810433,15593.22115,6050.874607,10.46411443,8.527131783,28.4,0.0133374743344203,3.603803778,12.341761279171344,3.7,0.43213499,1.46342,15.101,33.8,0.003322778,4.10356938,60058.54897,2.67,171.965593,40.57155931,5.989096041977658,0.0,0.0,64.81698389,0.4725915080527085,6.066383601756955,0.0002342606149341,0.3612741361646339,22.791807768261,9.23410292546437,12.22,C
COG,刚果（布）,178,2006,0.39579255580561185,0.3145862384010628,0.5581631482359362,0.43011025263208363,0.4183407546437508,0.3929169209768935,0.32924375659209304,0.5560026012883201,0.4383575082300869,0.4291301967718484,0.42051857706952595,0.2882338453854055,0.5466676911606115,0.4652177542798501,0.43015946697384827,0.42552116905956,4.017991197,0.7529447881571126,11.38030176,1086.094025,15962.8584,6237.531609,1.53894345,8.527131783,30.5,0.0126681423463306,3.743991998,12.03676751683232,3.6,0.55492193,2.00799,23.9093,34.9,0.005684106,3.601253008,57851.53472,3.23,185.6991751,42.06295885,6.9739982945125485,0.0,0.0,64.7818448,0.4728550512445095,6.047935578330892,0.0002342606149341,0.4047305833180669,18.9791031177674,9.23410292546437,12.22,C
COG,刚果（布）,178,2007,0.3290573142434439,0.3195042680025964,0.5615912943164265,0.5796343316718437,0.46615689671330013,0.32725026664948537,0.3329946941360346,0.5591189758646617,0.5814397570216875,0.45020092341796736,0.35503768419070225,0.29115088252851873,0.5516145006820007,0.581226317772563,0.44475734629344615,0.4415033430276063,-9.969451338,0.7165219735746384,6.740117132,1022.658005,13570.83861,6637.042776,-24.00022549,7.299270073,32.6,0.0096849043279416,3.659245438,11.652007446431666,3.5,0.58651859,2.7597,32.349,35.8,0.00595658,3.970148295,55772.86876,3.07,173.4170413,34.60761717,8.47369846982725,0.0,0.0,64.74670571,0.4745827232796485,6.019970717423133,0.0003513909224011,0.4913379843383755,20.8261226672648,22.3853724408977,63.62,C
COG,刚果（布）,178,2008,0.4103096283828625,0.33984618822174745,0.557006966316765,0.5635651942575882,0.4760495236934825,0.40674374251516243,0.35167266399326513,0.5545764066465771,0.5639024854866004,0.46922382466040125,0.4302859499940257,0.3088276345180978,0.5468473896813791,0.5645628034560688,0.46263094441239283,0.4570119685270624,2.866984152,0.7871340798654236,16.26920343,1078.971087,14280.99921,6311.450302,7.46170443,7.299270073,34.9,0.012323064113239,3.288852669,11.83172453158696,3.5,1.09928632,4.28751,43.9283,36.8,0.005419051,4.042895971,53968.41681,3.09,184.3533719,37.7043227,9.346610327755656,0.0,0.0,64.71156662,0.4747584187408492,5.930102489019035,0.0004099560761346,0.5167964940949558,25.4828737820104,22.3853724408977,63.74,C
COG,刚果（布）,178,2009,0.38025103633698565,0.3435003739767383,0.5722552612717431,0.58564909446586,0.48439880398070984,0.37738725535749235,0.3534591519569478,0.5689651130639386,0.5859690907311902,0.4714451527773922,0.40843742610074607,0.30373305785902416,0.5651845561258647,0.5831940542067516,0.46513727357309664,0.4602531176494783,7.264282805,0.843540780568425,11.97152744,1071.635555,15613.39178,5777.281247,-14.10305361,7.299270073,37.7,0.0069912814607666,3.995940177,9.436564679358844,3.4,0.61770952,4.5,68.866,37.1,0.007529985,3.48031608,51854.39007,3.16,205.8071063,24.42597937,11.091806450079488,0.0,0.0,64.67642753,0.4719180087847731,5.904480234260616,0.0004978038067349,0.6399422101508939,23.6730720776041,22.9111100840805,72.23,C
COG,刚果（布）,178,2010,0.36645558634239245,0.35756658322310114,0.5662224623004657,0.5752834498008645,0.48169028092628113,0.36546214361741636,0.3659147789194202,0.5630343335919813,0.5744158717097774,0.4672067819596488,0.3997005391808947,0.31257003069616607,0.5576019969197397,0.5712223819701022,0.4602737371917257,0.4562294443901882,5.470469704,0.5261478197383668,29.4176838,1087.555196,16359.12747,5709.865158,6.854135669,7.299270073,40.4,0.008429306542514,4.142430505,9.268783516983431,3.4,0.8283878,5.0,83.3372,40.0,0.011159349,2.683315829,49750.24035,3.13,226.2463564,32.37472248,14.596803928886963,0.0,5.944724594990465e-06,64.64128843,0.4685505124450951,5.892679355783309,0.0004978038067349,0.96910705288092,26.2312924589483,22.9111100840805,72.23,C
COG,刚果（布）,178,2011,0.43249442475758654,0.3634839672186977,0.5512654498049929,0.5814281439258467,0.4912428775358206,0.4274242327636015,0.3718903796549777,0.5484313458877723,0.5811187227674913,0.48221617026846064,0.44501034405393736,0.32177662159308035,0.5426715361105605,0.5775371531219369,0.47174891371987876,0.4657994021846737,-1.062959103,0.8830189264930841,10.95332551,1120.26644,15699.92312,6078.956615,13.24234729,7.299270073,40.5,0.0089906205958107,3.250589819,9.981074788859376,3.4,0.65133953,5.6,84.2731,40.8,0.016705026,2.67642312,48159.06549,4.08,231.2371685,39.13439825,16.59485987573443,2.1693272742576346e-07,5.81540123815005e-06,64.60614934,0.4661493411420205,5.856983894582724,0.0004978038067349,0.9623206170260952,24.4421464114084,22.9111100840805,72.34,C
COG,刚果（布）,178,2012,0.37460356733933536,0.3817066106024627,0.5639340155518223,0.592515591579929,0.49567521784290813,0.374807281557531,0.3898609905784417,0.560468057412615,0.5919364213669115,0.4792681877288748,0.41135316247361325,0.3396639111574481,0.5580239848507299,0.5866783193334177,0.4739298444538022,0.4703456960945201,6.915172731,0.4203943531713505,11.36409024,1308.725514,16094.71154,6922.870869,13.68490864,7.352941176,37.4,0.0060366695565616,2.796408254,11.484141800883885,3.3,0.81893653,6.1067,90.3529,41.6,0.01324136,2.702485209,46830.99706,4.25,254.2386838,28.35016221,16.359428332784812,2.109504371947811e-07,5.663556705129261e-06,64.57101025,0.4680527086383602,5.85792093704246,0.0004978038067349,0.9223045065341898,24.6460561937193,23.0863146603076,78.94,C
COG,刚果（布）,178,2013,0.38667254172792925,0.399454501597696,0.5700767505209595,0.5808161586283358,0.49952339914488886,0.3849716691581799,0.40759786989025737,0.5659758328768092,0.5789780753810542,0.48438086182657514,0.4119181347896202,0.35691920584844367,0.5666041559079761,0.5736071734494721,0.477262167498878,0.47473275861115705,-3.096943237,0.5820570504547162,1.104562189,1334.737471,15592.34939,7106.333714,10.78558048,7.352941176,32.7,0.0048993010117774,2.43092782,10.574213125983226,3.3,0.93664998,6.6,95.9371,42.5,0.00851108,2.606180655,45706.29505,4.51,252.4273998,18.08881868,20.508182234599825,4.117684239090042e-07,5.570203547971742e-06,64.53587116,0.4678477306002927,5.825007320644217,0.0004978038067349,1.1787910705546665,27.7149339863735,23.0863146603076,79.0,C
COG,刚果（布）,178,2014,0.3660372954805616,0.4093994415964287,0.5787874850917528,0.5889678702610625,0.5045274279771081,0.3660435512317958,0.41749760958305826,0.5744101117906026,0.5879537986804074,0.486476267821466,0.40115333837320005,0.36637747468509785,0.5759889704056388,0.5823123746447916,0.481458039527182,0.4798308190080136,4.100279278,0.4840027120585534,6.464563313,1338.278454,16126.05285,7322.809434,3.79355486,7.352941176,29.6,0.006034715494926,2.416089328,14.18040627989421,3.3,0.94694966,7.11,99.08,43.4,0.006711449,2.301263951,44615.22384,4.18,269.2038899,14.35770697,19.01824447771488,1.0048473837793516e-06,5.347205061040459e-06,64.50073206,0.4688140556368961,5.7428404099560755,0.0004685212298682,1.099922625947571,25.3554231407006,23.0863146603076,79.0,C
COG,刚果（布）,178,2015,0.31238738431821444,0.41756197556856633,0.5820154781830343,0.5956969351927377,0.5029898660645234,0.3119563216584723,0.4252636613734331,0.5774079985130371,0.5939830752390363,0.47715276419599467,0.34692549998556654,0.3731605809715954,0.58134706225916,0.5868595855691355,0.4720731821963643,0.47314954572060125,-1.982145875,0.6934574141099431,11.97152744,1308.596526,15967.88874,7140.515055,-37.23882746,7.352941176,29.4,0.0049408830447206,2.416387409,15.32295416198389,3.2,1.11883152,7.61597,102.323,44.3,0.007781041,3.088097771,43550.06816,4.58,270.3216058,6.901572741,18.596856706592114,9.808573909860385e-07,5.2446773593259235e-06,64.46559297,0.4688140556368961,5.7428404099560755,0.0004685212298682,1.053994797924741,26.3162845396892,24.3747186993683,80.64,C
COG,刚果（布）,178,2016,0.31415029931794847,0.420031389386353,0.5733787694124578,0.598671876564472,0.5032252733539365,0.312827982259253,0.42754919017573345,0.5691752645466849,0.597294445972087,0.4767117207384396,0.3424021535694401,0.3748797393980491,0.5731278211992845,0.590189061454114,0.4701496939052219,0.4713316279821484,-10.87005086,0.7227849983880701,3.502487289,1264.285649,13575.15718,6798.002939,-32.89638838,7.352941176,29.6,0.0039112814551851,2.421699419,14.671033383015455,3.2,1.11958003,8.12195,103.858,45.3,0.012033874,3.946387379,42508.0842,5.02,246.8435163,7.345437525,17.280030980849762,9.573892836736789e-07,5.201183980600613e-06,64.43045388,0.4725329428989751,5.689633967789165,0.0004685212298682,0.9882487228426956,25.4859525631606,24.3747186993683,80.64,C
COG,刚果（布）,178,2017,0.3696704024979646,0.41609340955056134,0.5580719294047916,0.6086543836188515,0.5098107638413407,0.36687070669251726,0.42516534001802087,0.5548225898481358,0.6082545840586552,0.4887783051543323,0.39143166980903377,0.37190746169329203,0.556366826861438,0.601309877395597,0.48025395893984024,0.4787316696033493,-7.86139426,0.697284954962159,12.36567685,1331.877076,14709.12991,5788.633958,0.1552822777537699,11.25827815,30.2,0.0045688535619845,2.430240734,12.472409419453632,3.2,0.90735477,8.65,94.4868,46.2,0.010051853,5.045872001,41487.48713,5.32,233.0331801,17.29211712,12.262263696776674,1.1212834359712585e-06,5.099445374728252e-06,64.39531479,0.472913616398243,5.6761054172767205,0.0004685212298682,0.6964614212155423,23.2992665832396,24.5167406588454,80.92,C
COG,刚果（布）,178,2018,0.3782763339404381,0.4183100971675134,0.547441371750379,0.6093318412895944,0.5096194679996805,0.3749565381722303,0.42702796486241146,0.5447512264101468,0.6081745073945118,0.48872755920982514,0.3986890401897824,0.3747438559774797,0.5443080619273877,0.6006175952926193,0.4795896383468172,0.47770515178796236,-4.658139749,0.7550477383623284,22.23444129,1284.465563,14117.19459,5517.436646,0.0002442806224394,11.25827815,29.7,0.0041898353659484,2.438840224,11.347558086475615,3.2,0.62025368,15.920947460205753,91.189,47.0,0.0,4.10468022,40487.91217,5.62,227.6633551,26.38575694,11.496715172456694,1.2766458792241932e-06,5.000575332113955e-06,64.35139092,0.4730893118594436,5.6597071742313325,0.0012591508052708,0.6215371232207659,25.0037215390796,25.4896405734596,81.42,C
COG,刚果（布）,178,2019,0.35007084151514006,0.4288131733802224,0.5458555796346836,0.6076080657346555,0.508039261380613,0.3501439648313731,0.4371038723542651,0.5432079564609342,0.6062883998206103,0.4841860483667957,0.38765778069954954,0.38406839887562666,0.5431776397354368,0.5987501486654352,0.478413491994012,0.47743789413516247,-1.279884403,0.3989514565498026,1.317366502,1262.746958,13979.06342,5399.356757,11.67930506,11.25827815,29.0,-0.0204740042188855,2.406344197,13.668263048099218,3.2,1.02925241,17.088387150367453,91.0654,47.7,0.0,3.391345439,39525.26243,6.01,230.2233701,26.65720705,11.776887829487666,1.2462920585735902e-06,4.881680524046226e-06,64.30746706,0.4730600292825768,5.634641288433382,0.0012591508052708,0.6466386472318696,25.4376235991883,25.4896405734596,81.42,C
COG,刚果（布）,178,2020,0.34597961177451847,0.4583985365382661,0.5477479102386948,0.6020416139975694,0.5145906992006292,0.34520849052413766,0.4648920975295069,0.5448444606582379,0.6001821181054992,0.4887817917043454,0.3772273544984928,0.4112680407357652,0.5477255296708932,0.5927986504958824,0.4822548938502584,0.4830938488191824,-8.48578579,0.4266399285322786,11.97152744,1325.831868,14393.90814,5095.789085,12.56142809,11.25827815,27.7,0.0196193311375729,2.394776912,13.162306782916326,3.2,1.73444974,24.8206,97.6561,48.7,0.0,4.201208344,38589.96442,6.61,215.7934935,16.79362678,12.703463759928391,1.2168006798786884e-06,4.7661638696538776e-06,64.26354319,0.473147877013177,5.625680819912152,0.0012591508052708,0.704695187431631,26.966639258503,25.4896405734596,81.42,C
COG,刚果（布）,178,2021,0.36289468543480724,0.4686748231302825,0.543619380445422,0.6039155249565044,0.5196669089517315,0.3616886602143798,0.47425978596755924,0.5409486657595876,0.6022328218222648,0.4947824834409479,0.3933144354403128,0.4209530214352224,0.5427702503681219,0.5947424050517572,0.48794502807385354,0.48840008106357546,-1.374653895,0.506688045756307,23.29071801,1294.361295,13438.74296,5284.748653,11.57387518,11.25827815,27.2,-0.0030904940131386,2.394142883,15.050449044097917,3.2,1.72020531,33.3461,95.8615,49.7,0.0,3.108459923,37677.03753,6.72,217.9839493,21.87485212,12.631745545784788,1.2219579738103857e-06,4.653410223998474e-06,64.21961933,0.4731185944363103,5.637862371888726,0.0012591508052708,0.7018966338961298,26.4111186123068,25.4896405734596,81.42,C
COD,刚果（金）,180,2001,0.23336973323107016,0.2706981726567645,0.4274315336504492,0.4313357751691914,0.3570792550852858,0.235779098938051,0.2889914058186168,0.4285566208787115,0.4354601353943586,0.34719681525743445,0.28479825262159997,0.25544999097983584,0.44545052888010633,0.4622515614902015,0.3619875834929359,0.36044573323506257,-5.152141467,0.1183083662124158,73.05971136,264.2750803,3250.324348,1421.894466,-2.7146230851470534,8.960530194645543,26.8,0.0061287027579162,3.167066345,0.1735956390934003,2.0,0.10641284,0.0114758,0.287728,7.1,0.009223694,17.4709463,17263.65472,17.63,27.79549727,1.26488412,0.587804166549307,0.0,0.0,63.17725679,2.269588231402042,3.216228137888445,0.0121523565867537,0.0268621144033241,30.8153186356126,8.37282124385861,38.25,C
COD,刚果（金）,180,2002,0.24544635547400095,0.27284189276965404,0.4255701120389956,0.4317337809397894,0.3590577863799178,0.24838936604598344,0.2910915497471079,0.42671771526830476,0.4359518795560829,0.35053762765436974,0.3039450877867476,0.25743819557861847,0.4438629078995021,0.46271127698177544,0.36698936706166085,0.3646604105071512,-0.150938086,0.1296969527297085,31.71946123,248.5145921,3319.990094,1421.52155,-2.7795570988259897,9.029424070569547,27.2,0.0031797720524855,3.056206058,0.2143234919905152,1.9,0.10429236,0.0927907,1.04185,7.7,0.006635754,17.89896719,16744.02281,17.72,27.7021403,1.027968174,0.607787373172139,0.0,0.0,62.88039523,2.2692574049976844,3.20440660770605,0.0123332083544694,0.022409961324284,30.5751517800625,8.37282124385861,38.26,C
COD,刚果（金）,180,2003,0.2547206966657418,0.2783183405160658,0.401093943286782,0.4387670557340573,0.3593312069644752,0.2577398539039586,0.29645410832126473,0.4024137960025266,0.4436737604374231,0.3500703796662933,0.31560605981128803,0.2628235289097028,0.42014891916611036,0.469986147443323,0.3671411638326061,0.36407962234757707,2.538250029,0.1541806613308924,13.41545352,244.6623783,3331.066284,1499.095494,-2.8444911125048975,9.098317946493523,27.2,0.0110939260277633,2.921243324,0.2753692653966518,1.8,0.22955258,0.134915,2.25179,8.3,0.109219314,28.46517525,16261.96449,17.24,28.34327546,1.158109368,0.643641220940383,0.0,0.0,62.58353367,2.2720010586444936,3.198023863611301,0.0124875940098365,0.0217238398429947,28.387278748595,8.37282124385861,38.26,C
COD,刚果（金）,180,2004,0.2620209787762591,0.2847738078526096,0.41901621985055504,0.42882839304307074,0.3623292805646051,0.2648460916664336,0.3033802315905714,0.420113856291697,0.43288972598021364,0.3553074763822289,0.3227906635803019,0.26782044741538336,0.43666811273734507,0.459770746659289,0.37176249259807986,0.3689975913860696,3.641201688,0.1861619883670683,6.365458263,243.6078775,3395.955703,1557.304597,-2.9094251261838338,12.0,27.3,0.0109910862668076,2.944578643,0.2421148585520257,1.8,0.2026829,0.196208,3.49263,9.0,0.113473323,22.20790443,15790.09947,16.65,29.34605821,1.604056741,0.7105350075412681,0.0,0.0,62.28667211,2.2774089676010676,3.146631084448953,0.0130301493129838,0.0299397732446975,31.1408286760687,8.37282124385861,38.26,C
COD,刚果（金）,180,2005,0.2576646739904208,0.28217369402971615,0.426828201952012,0.42985496870257467,0.3629979351203295,0.26011479932892195,0.300683325712102,0.4277735178140792,0.4340605493723901,0.3556580480568733,0.31446545301808587,0.2648930248874902,0.44316215802651726,0.46086694873375356,0.3708468961664617,0.36839951270912313,2.924531505,0.1905671471109467,36.87340541,239.5151507,3756.103067,1530.93903,-3.081747539,12.0,27.3,0.0087234281017671,3.071727704,0.388765946974979,1.7,0.20690806,0.238038,4.67216,6.0,0.321173011,20.42402927,15312.4443,15.75,30.2397907,1.961729257,0.78161224378448,0.0,0.0,61.98981055,2.28029377384707,3.1445314395359607,0.0131492468185527,0.0293156658521126,30.7199152670696,8.37282124385861,38.26,C
COD,刚果（金）,180,2006,0.26375262763252644,0.2826389844306672,0.4319128624065593,0.4509929319967284,0.3726982040238861,0.26634184491126844,0.30029821110151744,0.432881341867493,0.4564781821780217,0.36399989501457514,0.32199387946789393,0.2647908933949822,0.44691618444525105,0.48135130770684215,0.3787630662537423,0.37573300623197287,1.918036136,0.1746959584032222,15.43818017,259.369093,3819.255858,1566.027436,0.308704873,8.4,27.4,0.0092035332679023,3.082845436,0.4055041128807309,1.6,0.21125633,0.296054,7.28434,10.2,1.398441906,16.92950549,14847.58753,15.55,31.78472478,1.871432947,0.839614245603374,0.0,0.0,61.69294899,2.2809686597119603,3.135016872146622,0.0132815773802959,0.0283693719971991,25.9073343100888,8.93481344574789,39.53,C
COD,刚果（金）,180,2007,0.27082392319589116,0.29162934153400144,0.42699794658821755,0.4550705528375568,0.3767359720120455,0.2734797242822793,0.30907835666352124,0.42784243297580854,0.4593085691468604,0.36742727076711734,0.3298234920950615,0.2719254659418108,0.44241823626565274,0.4824470083354451,0.3816535506594925,0.3785105675634699,5.295725693,0.1687092479168761,20.66037426,263.0741566,4003.695094,1619.441467,2.868057215,8.4,27.6,0.0083672795331939,3.025315849,0.5036993008327189,1.5,0.21943448,0.37,10.551,15.2,0.722497721,21.60808017,14405.12776,14.85,34.49593947,1.868918544,0.836260075614027,0.0,0.0,61.39608743,2.2865221322864513,3.130155929511921,0.0136388698970027,0.0284722215197499,28.3755597817063,10.1333099700296,43.37,C
COD,刚果（金）,180,2008,0.26678759186471235,0.29280031876123164,0.4225461755528735,0.47248317793645117,0.38195737434616467,0.2692833862805687,0.3098456417161061,0.42346337802359296,0.4751884321599841,0.369445209545063,0.32455439213299353,0.27247219829557323,0.4368963682505406,0.4944481160682557,0.3820927686868408,0.3789486756084588,4.211042729,0.1936322390296723,24.62341249,268.0746046,4006.089615,1684.55329,-0.664510638,8.4,27.7,0.0078975142846744,3.015812829,0.6207421622488627,1.4,0.25156215,0.44,15.4333,11.6,1.695991602,22.80093898,13977.18154,14.34,37.04923349,2.104607544,0.763178126451243,0.0,0.0,61.09922587,2.2911537019474646,3.1198120906023252,0.0142078913124986,0.0261777260597902,30.300079423914,12.4485670184172,50.47,C
COD,刚果（金）,180,2009,0.24960381896226183,0.2920814323202104,0.41824193101967305,0.4751603664065662,0.37955484077323653,0.2521169951795722,0.3090803934614411,0.4192061748578772,0.4781556764869268,0.36463980999645434,0.30621636692258386,0.271492318375533,0.4333987379193688,0.4972417749270868,0.37708729953614306,0.37461648802660086,-2.495424881,0.1880986291169784,17.89344,265.6672098,4098.382843,1641.558353,-6.035816296,8.4,28.4,0.0074023254134469,3.090977192,0.6708120593306841,1.4,0.30943882,0.56,14.2422,12.3,1.701694625,24.07982511,13551.75877,14.69,37.25874007,0.984676211,0.688933127975905,0.0,0.0,60.80236431,2.2960984539379368,3.124090778765356,0.0148783661586643,0.0259637221224511,29.402699785167,12.4485670184172,50.47,C
COD,刚果（金）,180,2010,0.2540797362234688,0.29612692985203104,0.4289089215310039,0.46536808982640837,0.3800047959986681,0.2566446097054037,0.31282473195668625,0.42983462058704114,0.46751692655259663,0.36670522220043195,0.3122628072932079,0.2740963702613556,0.441795131580122,0.487169751801742,0.37883101523410684,0.37647992800885427,4.459702917,0.2193559533385835,34.70030362,265.4500431,4442.73536,1692.727198,-8.995663483,8.4,28.7,0.0109860568479156,3.187515928,0.7721361471759755,1.3,0.38362399,0.72,17.2401,13.0,3.097508129,18.51745043,13126.6062,14.13,40.18094597,1.288163864,0.812581411422851,0.0,5.267196525648999e-09,60.50550275,2.300209523389427,3.136150503958889,0.0153194680311417,0.0355373387917845,32.157040126978,12.4485670184172,50.47,C
COD,刚果（金）,180,2011,0.27155312411736005,0.3015516101332923,0.4206649140750364,0.4724328924684389,0.3847529108583959,0.27386812372253916,0.3180271426743181,0.4218762591135297,0.47520530813216194,0.3722442084106372,0.33016822216454095,0.2772070663751315,0.4314705651560321,0.4943045982885711,0.38328761299606895,0.3800270615181165,4.121332904,0.2500721833167695,3.045189267,273.8369371,4785.03396,1814.907386,-4.852166794,9.649468953885416,29.6,0.0088635195263335,3.280165646,0.6453132621148567,1.2,0.34667644,1.2,22.0819,13.7,5.532128413,17.93893231,12703.01697,13.93,43.23201265,1.810102328,0.9129968662279552,0.0,5.097226641223657e-09,60.01968373,2.303103151672879,3.1402659844291048,0.0154826757239584,0.0396448707172325,30.1381638755243,12.4485670273537,51.01,C
COD,刚果（金）,180,2012,0.26835031805788384,0.30825011008963693,0.411540446244364,0.46443425108362957,0.381482971735844,0.2710701114016705,0.32389131881834193,0.412974407870485,0.46651023329481267,0.3686115178463275,0.3287580779656563,0.28186815672218835,0.4250352422478651,0.4860346669837049,0.38042403597985364,0.37745831262005597,5.100472769,0.2097946115717851,4.734114429,287.8251717,5506.546547,1932.6768,-4.197429121,8.943089431,30.5,0.007713798738381,3.338604896,0.9563902169280304,1.2,0.51978379,1.67996,27.4285,15.4,4.936276494,18.44604097,12285.91486,15.84,46.97962014,1.523515279,0.8980093288617531,1.3651016513388958e-08,4.929859787700215e-09,59.53386471,2.3040471096799804,3.1467193048234496,0.0158267351844908,0.0369689783652956,32.4276720388759,12.4931337011595,51.14,C
COD,刚果（金）,180,2013,0.2553241105170501,0.31543837498517185,0.41237477199720446,0.46085072496890234,0.380755316073045,0.2586332527413125,0.33030248411802077,0.4137759021197089,0.46267681535772165,0.366347113584191,0.31900219414481523,0.28630599140767926,0.4244778906229869,0.48234386389276196,0.3780324850170608,0.3757390352893964,5.958096775,0.1776952906812305,5.967494525,288.9584959,5956.577087,1948.072776,-8.909995075,8.943089431,30.8,0.0077593722755013,3.401708493,0.8915495367128871,1.1,0.46684277,2.2,37.2505,15.2,6.03646929,17.91549181,11875.01233,15.19,51.50116841,1.172167022,1.120809661581405,5.277783257143035e-08,4.764980582593915e-09,59.0480457,2.3030766855605305,3.1501951875785714,0.0158576123155642,0.0527375069295644,33.2549425024402,12.4931337011595,51.14,C
COD,刚果（金）,180,2014,0.2667768205406155,0.3264987506849158,0.41647923358180694,0.47375903209377035,0.39108406985288996,0.2694670522376587,0.3407359658922224,0.41769666878964967,0.47683051468988624,0.37618255040235427,0.32673950409522606,0.2945750612432986,0.42879415127446335,0.4956117667481331,0.3864301208402803,0.38402848931043543,3.724979823,0.2063724875062124,3.071716552,308.9695735,6323.697155,1972.243141,-4.491475402,10.64257028,31.1,0.0076304178562158,3.390690333,1.0984239656824395,1.1,0.51571059,3.0,47.3232,13.5,5.516760723,18.06156105,11479.11715,14.85,55.26192665,0.773841572,1.38191542366711,7.652744767875798e-08,4.6061232460456205e-09,58.56222668,2.298537747292737,3.1485454665755057,0.016135506495225,0.0691212415808009,29.2284408897156,12.4931337011595,51.14,C
COD,刚果（金）,180,2015,0.26965985115099944,0.32912676386877693,0.4344247992307116,0.46212456051709394,0.39175923635243165,0.27215241055375905,0.34291398188569994,0.4350872003101693,0.4642545555908818,0.3786020370851275,0.3285743910311772,0.297221128528976,0.44824963407160884,0.48382280849689174,0.3894669905321635,0.38756062344492975,2.904838658,0.216154603682066,1.420882061,304.5296205,7023.298589,1989.71582,-3.692820124,8.943089431,31.7,0.0072463768115942,3.302243427,1.2188480630798852,1.0,0.62508768,3.8,46.5879,16.6,2.598112295,17.78258016,11106.23931,14.11,58.77644016,0.248645653,0.955973148651544,8.63818613097013e-08,4.456501871278419e-09,58.07640767,2.29848481506804,3.148196996096248,0.016135506495225,0.0391388089133395,32.4814978337436,12.4931337011595,51.14,C
COD,刚果（金）,180,2016,0.25774224427300746,0.3228561234837945,0.43514033221696247,0.47418602322603465,0.39288180724550825,0.26020063523944265,0.3367835764461549,0.4357584093223395,0.47706607359972836,0.37745217365191636,0.3143186643512078,0.29278097615902265,0.4500095199581303,0.4954503659832362,0.38813988161289925,0.38652144175111014,-3.098916862,0.1863460678394493,4.405905446,299.0586444,6641.062327,1946.834497,-3.896763718,8.943089431,32.3,0.0072112925773126,3.541008232,1.1577435744487183,1.0,0.53029794,10.1,34.4099,17.3,1.75595799,18.19050145,10719.84791,14.39,59.00792105,0.204679217,0.789295795506584,3.811501479666563e-07,4.30145803083112e-09,57.59058689,2.2759136322533693,3.1397631282944793,0.016408989656161,0.0286006104238729,29.7078574239784,12.8771504598525,51.94,C
COD,刚果（金）,180,2017,0.2807065164869195,0.3239099280503084,0.4417132307161067,0.5035206010476473,0.4082753722533513,0.2815942657673315,0.3376276764698228,0.4421443831886509,0.5069679950017573,0.3920835801068906,0.3292516368923811,0.2918691787091986,0.45651626368418985,0.5216157924998864,0.399813217946414,0.39720664583810156,0.498126251,0.3275655793731792,35.22276799,293.989221,6954.98699,1948.976413,-3.307155251,8.943089431,32.7,0.0070073289213112,3.656846206,1.41289847233568,0.9,0.39801776,8.6199,40.6223,18.0,1.096160049,17.60100425,10334.92056,13.91,61.51057118,0.475642168,0.8130429125346631,5.971287431847802e-07,5.604376520964422e-08,57.10477052,2.273553737235615,3.138179572572286,0.0163913455812619,0.0300395535897669,26.243509667613,13.7077854827294,60.38,C
COD,刚果（金）,180,2018,0.2990315163702947,0.3322798530494773,0.4413757323453448,0.5007267937866643,0.4120694907867804,0.2990487574932476,0.34561202528179386,0.4422563938535549,0.503997864637824,0.3977287603166051,0.3448504682477904,0.3009844739957368,0.4510299135698948,0.5188104852935504,0.4039188352767431,0.40098679771086343,2.579952943,0.4287188101505172,29.83900759,295.0107512,7409.269368,1948.36711,-3.584061792,8.943089431,32.5,0.0072443062442222,3.347265084,1.57549929901553,0.9,0.48873118,11.7,40.5014,18.7,6.354484094,9.89474799,9994.709023,13.48,65.24530159,0.560875804,0.953258246199328,2.209941217340456e-06,7.427996699791503e-08,56.61895415,2.284272512736816,3.144760812509649,0.0166074854987759,0.0293373354221238,26.8872480249959,13.7077854827294,60.38,C
COD,刚果（金）,180,2019,0.27462559806909104,0.33971749825255604,0.4680857905691428,0.4898147120474061,0.4126643204093662,0.2760873873776705,0.35250365821936974,0.46815000163318055,0.4921603891917517,0.3972253591054931,0.32731016269270913,0.3083350248871578,0.48126085880858976,0.5076109409451621,0.40612924683340473,0.40490460719291604,-2.581768229,0.2856600022631436,1.396962732,298.7501258,7139.205389,1887.112555,-3.614472234,10.0,34.1,0.0052731702432999,3.169528558,1.4919184112673052,0.9,0.55490303,16.4812,39.94,19.1,0.965558414,8.973117668,9682.891542,13.11,65.60766374,0.462229612,0.8655186336076981,2.140994907638233e-06,7.196256164381586e-08,56.13330099,2.287642531042545,3.155038486138374,0.0167795152290421,0.0286613613099755,29.9458116215783,13.728360844816,60.4,C
COD,刚果（金）,180,2020,0.2797736809267141,0.35353133806860987,0.4496675170426709,0.49246502249459945,0.41452402147077533,0.2808664846204382,0.3658337100392014,0.45024435504329396,0.4951311690139967,0.3980189296792326,0.33003979218534835,0.3197249308220746,0.4603669366003386,0.5103699136398155,0.40512539331189423,0.4039349880011693,-2.418809839,0.3047631954966058,11.11104466,297.7532886,7877.308279,1938.714973,-2.25334502,12.8,35.2,0.0030875468941933,3.220980492,1.8313366357190672,0.9,0.63877279,21.6422,42.5028,20.1,4.647060505,10.20129515,9375.97686,13.1,66.11640393,0.25158414,0.9730590518172932,2.073132661175803e-06,6.968159354019364e-08,55.64720672,2.2879071921660303,3.157195474294789,0.0167839262477669,0.0351852328197777,28.9570256398742,13.728360844816,60.4,C
COD,刚果（金）,180,2021,0.2952223183933504,0.36453047270511146,0.37846120537379446,0.4899744741433396,0.403988771155284,0.29579106252979986,0.37549538474882505,0.38136263737232573,0.49249610228850965,0.3862862967348651,0.34360445167484277,0.32854012932468696,0.37530593181240396,0.5078591091646298,0.38882740549414085,0.386213491605866,3.038710053,0.3625018204563943,27.79204851,292.6513508,8449.160607,2014.183641,-0.994470839,12.8,36.6,-0.0063546700205202,3.237908481,2.150703953119737,0.8,0.64831114,28.4193,47.2883,20.8,22.66036198,9.970621426,9077.253601,12.51,70.36743089,0.463048824,1.057980809905745,2.009804805562606e-06,6.746150351432933e-08,55.16155356,2.2901920998654637,3.166471846672989,0.0168324474537394,0.0374644838433559,29.492994610234,13.728360844816,60.4,C
BEN,贝宁,204,2001,0.2589297654597068,0.32513554716725085,0.5241886921812092,0.5916765932934752,0.45513076359263344,0.2631254853966797,0.3434711195934941,0.5226448584434985,0.5972594788071263,0.4316252355601996,0.3217946446683722,0.3056857795282352,0.5296301766501964,0.5913666137187714,0.4371193036413938,0.43550072963420294,2.164524391,0.1020123536496577,1.970285582,1342.436646,2256.263422,2727.625482,-2.045495325,6.024096386,14.3,0.0010601830582748,3.054355066,5.757766067350418,1.4,1.20063126,0.363418,1.67884,21.9,0.00061317,1.714057261,1383.368101,4.93,50.39262212,0.0,3.595215667525641,0.0,0.0,36.22871586,0.0768889677190493,3.8270663355799934,0.0043455125931181,0.2283228904710919,11.0550766052211,24.9287087139378,71.33,W
BEN,贝宁,204,2002,0.2553127414387037,0.3261233853509535,0.5266109941141663,0.5906970173639714,0.45509575555723464,0.259492588897374,0.344696765398221,0.5250178460139534,0.5961982708043103,0.43135136777846467,0.3180055140280564,0.30665521712472776,0.5320589435576925,0.590305119534381,0.4367561985612144,0.4353988887569986,1.509640257,0.1068105382746496,3.554213255,1341.739194,2229.503734,2686.672083,-3.7415292,6.024096386,12.8,0.0034772478554028,3.040108016,5.827689564071101,1.4,0.93714452,0.702946,2.85027,23.4,0.001212147,0.472277563,1341.945059,5.05,52.73236713,0.0,4.020530294118691,0.0,0.0,35.7852962,0.0794608017027314,3.834427101809152,0.0030152536360411,0.2214860777760088,11.3676127448175,24.9406539824224,71.69,W
BEN,贝宁,204,2003,0.24881147948875426,0.3318065112969833,0.527156864777966,0.5944036919494022,0.45737823950197964,0.25311562388907655,0.35042975637966456,0.5255303811714971,0.6002801776911818,0.43233898478285504,0.3118095294549937,0.31192302957884677,0.5326805176363991,0.5939983619231218,0.43760285964834034,0.43670613400252917,0.336976511,0.1011355201961208,3.061704124,1325.532753,2189.897997,2729.654971,-6.205550509,6.024096386,11.2,0.004239151466113,3.049202597,5.866244074676453,1.4,1.05233788,0.951327,2.98462,24.3,0.000347505,0.0,1301.643989,5.15,54.54824667,0.0,4.47703039064058,0.0,0.0,35.34187655,0.0826534231997162,3.839570769776517,0.0023944661227385,0.2653837259116878,10.0433548030817,24.9406539824224,71.69,W
BEN,贝宁,204,2004,0.25152402695705955,0.34113175092620285,0.5273843646950562,0.585620347334418,0.457334132349705,0.2559353987372617,0.3597791428209083,0.5257324974197777,0.5906907374537633,0.43303444410792774,0.31536496642701817,0.31981417869485285,0.5329373012865799,0.5847869849210763,0.4382258578323818,0.4376596512613378,1.280779944,0.0919184405641422,0.769711004,1376.891843,2152.678023,2707.899369,-4.668788567,7.228915663,10.4,0.0044489595740209,3.061731061,7.456710267095832,1.3,1.15381396,1.18254,5.62957,25.2,0.00028287,0.0,1262.395065,5.15,56.96456193,0.0,4.582197828782601,0.0,0.0,34.8984569,0.0853139411138701,3.848971266406528,0.0023944661227385,0.2941503063943129,12.5793711644188,24.9406539824224,72.05,W
BEN,贝宁,204,2005,0.25015478293462406,0.34225743646777257,0.5281173258729703,0.5882787744675257,0.45860692235565403,0.2543456072050938,0.3609871420408797,0.5264693203477617,0.5936653248660216,0.4338668486149392,0.31166407942404745,0.320035565548769,0.5336076593514623,0.5875644039479788,0.4382179270680644,0.43779377580008866,-1.510433395,0.0880070594524719,4.293664135,1345.128835,2228.526741,2740.621618,-3.443766425,7.228915663,9.2,0.006835699089736,3.220611997,7.232252380210925,1.3,1.04785359,1.27103,7.07639,26.1,0.000426455,0.0,1222.385945,5.08,57.94045862,0.0,4.165221153547,0.0,0.0,34.45503725,0.0847818375310393,3.856864136218517,0.0023944661227385,0.2966956178294603,11.6143616350745,24.9406539824224,72.05,W
BEN,贝宁,204,2006,0.25633071917783135,0.35099873334669335,0.5238337383763824,0.5920419949620591,0.4624709772933808,0.26050153631783657,0.36935253554461955,0.522216054931848,0.5978091218871469,0.43746981217036274,0.31852467082033603,0.3274173002570786,0.5300673647410032,0.5912952678154366,0.4418261509084636,0.44131806245604877,0.750089698,0.1046329759426049,2.094317073,1396.797876,2236.33156,2774.704443,-3.087787091,7.228915663,8.9,0.0039488724929854,3.120668883,8.925323832006518,1.2,1.06306994,1.53785,12.1442,27.9,0.001331914,0.0,1184.828399,5.77,60.22547898,0.0,5.517870888512668,0.0,3.9563846375264833e-07,34.01161759,0.0838949982263214,3.861653068463994,0.0023944661227385,0.3450956501613552,10.2586049467493,24.9406539824224,72.05,W
BEN,贝宁,204,2007,0.2564437669557121,0.36736933660339277,0.5229883836064051,0.5911211797726365,0.4667993625902909,0.26072012761475777,0.3856742617019575,0.5213186295470787,0.5958051851365779,0.440879551000093,0.31997536096557333,0.3408811349769837,0.5294238563884242,0.5883110324110876,0.4446478461855172,0.4447041718621578,2.900175704,0.1281667032574851,0.390153238,1450.337327,2145.493008,2867.547559,-6.546219388,10.84337349,8.5,0.0048821723079046,2.955095547,10.494787283717422,1.2,0.95481884,1.79,22.9147,28.0,0.00102713,0.0,1150.32786,5.91,63.83078654,0.0,6.32452745672461,0.0,2.8808852056892314e-07,33.56819794,0.0833628946434906,3.885420361830436,0.0023944661227385,0.3689119074457371,12.6422801944957,25.8419697962605,73.82,W
BEN,贝宁,204,2008,0.25818936271318066,0.3788455166670676,0.5242506391090458,0.590965858349976,0.47062002433550704,0.2622950389119362,0.39612007557668033,0.5225321823462546,0.5954174648245799,0.4440911904148628,0.31950796381549945,0.34776779405088565,0.53056074418454,0.587666570554376,0.44637576815132524,0.44678273380333,1.776470696,0.130980258669104,6.434152206,1443.153977,1917.36764,3087.156115,-5.498622092,10.84337349,8.2,-0.0025751515047469,3.019593985,10.059093244749452,1.1,0.74250972,1.85,39.2846,29.0,0.001132413,0.0,1116.111822,5.76,66.9563102,0.0,6.275472809111382,0.0,2.795194436897747e-07,33.12477829,0.0877084072366087,3.889233770840723,0.0023944661227385,0.3688172741818629,13.3001084923618,25.8419697962605,75.48,W
BEN,贝宁,204,2009,0.25248369642349594,0.39372398976869266,0.5232301736714915,0.5992463196189236,0.47705539557053983,0.25661237809056564,0.40972157405951637,0.5214953987179202,0.6044380124577566,0.44806684083143966,0.31369937899269446,0.359228546145396,0.5297364875689712,0.5958204634040719,0.4496212190277834,0.4506580355810629,-0.703743156,0.1257877584546042,2.539692061,1500.83378,1920.100854,2958.670497,-6.690331811,10.84337349,8.7,0.0027367080328406,2.999036422,12.369835688243125,1.1,0.86784607,2.24,52.9301,30.0,0.001390535,0.0,1083.136169,5.91,68.50922264,0.0,6.761300625761948,0.0,9.042033648938092e-08,32.68135864,0.0870876197233061,3.912380276693864,0.0023944661227385,0.473239298220302,10.555242401441,25.8419697962605,75.48,W
BEN,贝宁,204,2010,0.25563149452765177,0.4125153163978984,0.5224458301849677,0.6002375072062132,0.4832062014358841,0.259589016148524,0.4270281889930613,0.5206736296447045,0.6055585547085024,0.4532123473736981,0.31619071228836976,0.3722919681214111,0.5290716058085055,0.5967043805912235,0.45356466670237744,0.45504512247761875,-0.888244805,0.1344471540200009,0.88088567,1437.196515,1952.412586,2918.546133,-5.567234146,10.84337349,9.1,0.0022142881664319,2.984241628,10.777256691615928,1.1,0.7522946,3.13,72.2115,34.2,0.001917839,0.0,1051.290311,6.0,69.95755195,0.0,7.501542295676317,0.0,8.776184043575454e-08,32.23793899,0.0863781482795317,3.922401560837177,0.0021284143313231,0.520553512003694,10.0192677681185,25.8419697962605,75.48,W
BEN,贝宁,204,2011,0.2581161706998211,0.4141074387282312,0.5241402537291492,0.5969177832209497,0.4831489213662756,0.26209723024438414,0.42766372490156307,0.5223614791755533,0.6020530166360345,0.45354386273938374,0.3184014929038296,0.37322913180505946,0.530628880523056,0.5935528581132953,0.4539530908363101,0.455446604646802,-0.057123017,0.1318580029537771,3.73308304,1431.588939,1955.292783,3088.675299,-4.833286272,8.43373494,9.6,0.0012845325157997,2.977822028,12.770439315991888,1.1,0.65150005,4.14832,76.9318,36.9,0.002939034,0.0,1020.446276,5.82,72.03092094,0.0,6.8070705983978215,9.90724539642505e-07,0.0,31.79451933,0.0866442000709471,3.950514366796736,0.0021284143313231,0.4679182421415977,10.9025257923959,25.8419697962605,75.48,W
BEN,贝宁,204,2012,0.2580756767592699,0.4216039618979285,0.5260867483475773,0.5965857416641187,0.48563999692469156,0.26215328683909017,0.4347558451769913,0.5242735460149226,0.6018058932603184,0.4557471428228306,0.31932788256165967,0.3793945170159713,0.532383742926825,0.5934535727511827,0.4561399288139097,0.45789184166006525,1.74647753,0.129517423726621,7.698908077,1448.396621,2127.798335,3019.692589,-5.178326843,8.43373494,9.4,0.0016591974273887,2.9676654,13.781951068399351,1.1,0.74686456,4.5,80.8629,38.4,0.002668126,0.0,990.6077879,5.61,75.4964894,0.0,6.265560693218259,9.617551338729486e-07,0.0,31.35109968,0.0862894643490599,3.9601809152181624,0.0019510464703795,0.4204836554042897,10.8862888221296,25.8419697962605,75.48,W
BEN,贝宁,204,2013,0.2656544788069313,0.42692430726597813,0.526273162729638,0.6019098045906012,0.49018455132366134,0.2696443590559793,0.4392610340775687,0.5244352824633978,0.6076894233200218,0.4602575247292419,0.32773590597518176,0.3836719700361294,0.5327312032094901,0.5989693186705325,0.4607770994728334,0.46227077707168346,4.076668027,0.1583339608667936,1.397298395,1491.026951,2340.403737,3033.244325,-5.37925542,8.43373494,9.2,0.0051913454806264,2.948851601,16.694628005252486,1.1,0.76463026,4.9,89.9019,34.7,0.001599583,0.0,961.8227344,5.71,80.9257694,0.0,6.208535098615507,9.338084799895116e-07,0.0,30.90768003,0.0849592053919829,3.9584959205391983,0.0019510464703795,0.4238192905969035,9.12872513455719,25.8419697962605,75.48,W
BEN,贝宁,204,2014,0.2682215761471851,0.41527310249398436,0.5277843124481996,0.6012444825510352,0.48716237682451924,0.2719273247890136,0.4285301640447412,0.525863127708216,0.6070314931441848,0.45833802742153884,0.3288161583296221,0.3749923751504626,0.5341143070403818,0.598278217564536,0.4590502645212506,0.4601438636379913,3.260772171,0.1927053809878622,0.247782654,1566.92645,2289.052726,3057.064311,-6.667906632,8.43373494,9.2,0.0024633470941,2.955018759,16.27560606505673,1.0,0.57532531,6.0,78.517,34.1,0.001230009,0.0,933.8165245,5.54,86.07077013,0.0,6.4119288325288775,9.06617984907349e-07,0.0,30.46426038,0.0844271018091521,3.95858460446967,0.0019510464703795,0.4388726784686569,9.1163283883954,25.8419697962605,75.48,W
BEN,贝宁,204,2015,0.2574687516250592,0.41746972434368457,0.5262774710268958,0.5866919041359769,0.48077885144516835,0.26130736226170304,0.429550300646681,0.5243652352066397,0.5912150289638596,0.4516094817697208,0.3172966061508803,0.3773094279140905,0.5328938632582559,0.5832263154191051,0.45268155318558295,0.4545889945551238,-1.184320438,0.1476972445720684,0.851504261,1500.244473,2465.337271,2985.803289,-5.964093171,7.228915663,9.1,0.0019488882863338,2.953916277,15.84412061213584,1.0,0.59082586,11.255,82.0193,29.6,0.0,0.0,906.6357906,5.79,87.60123844,0.03646713,6.8383142613841255,1.0562747074757225e-06,0.0,30.02084072,0.0839836821567931,3.9588506562610855,0.0019510464703795,0.4731269292747503,13.1548592280145,25.8419697962605,75.48,W
BEN,贝宁,204,2016,0.26506688019463115,0.42547481180234353,0.523555324587478,0.590031242501195,0.48478582848997576,0.2688450552610913,0.4375317796271561,0.5216275791766859,0.5948851056890829,0.45572237993850406,0.32489211875613677,0.3848580003214447,0.530713883454617,0.5863869133266572,0.45671272896471393,0.45853956153565334,0.36116614,0.1500710699069311,0.683591111,1570.946323,2352.600136,2964.120584,-2.996694549,7.228915663,9.7,0.0027062226206384,2.924602167,14.816408017820724,1.0,0.71389222,14.5,76.0182,37.0,0.0,0.0,880.5042845,6.22,90.52683372,0.03636442,8.097803440553335,2.4790897329610022e-06,0.0,29.57742107,0.0842497339482085,3.889943242284498,0.0019510464703795,0.5556751429024259,11.8227255719305,25.8419697962605,75.48,W
BEN,贝宁,204,2017,0.26937517630249114,0.4250240376226272,0.5246720420976494,0.5895505540635346,0.4852794165255034,0.2731325290692302,0.43670037114582105,0.5226699621600932,0.5944355141880558,0.4567345941408001,0.329829593724639,0.385830298542367,0.5317597722851239,0.5858508622807943,0.4583176317082311,0.4599927938326062,2.6704172,0.1744654420209354,0.367897725,1642.119042,2228.33338,3009.674517,-4.18078964,7.228915663,10.5,0.0041327193293185,2.881178694,17.246162305291293,0.9,0.70637327,18.7,72.8671,34.5,0.0,0.0,855.4973596,6.11,95.66111917,0.061896464,8.345793127471433,2.4086818862138674e-06,0.0,29.13400142,0.0839836821567931,3.8263568641362182,0.0019510464703795,0.5797544792346705,11.695836628718,25.8419697962605,75.48,W
BEN,贝宁,204,2018,0.27948309139415056,0.4320057461519451,0.5254909535315844,0.5941247191262109,0.49050634040989,0.28273901584914835,0.44330950469173525,0.5233935203811709,0.5994843606191764,0.4622316003853077,0.33791270122101275,0.39138596818194776,0.5325765230689888,0.5904313739175642,0.4630766415973784,0.46458494968611713,3.737015543,0.2344625100402662,0.670447614,1720.899632,2197.065707,3042.810182,-4.549195345,7.228915663,11.4,0.0030573847601129,2.813641884,18.828512194643334,0.9,0.66673458,19.0,76.408,39.0,0.0,0.0,831.7622045,6.05,102.0677869,0.081396089,8.928006443413935,2.341854750577529e-06,0.0,28.69058177,0.0841610500177368,3.7473394820858457,0.0019510464703795,0.6247441980750439,10.0451901149745,25.8419697962605,75.48,W
BEN,贝宁,204,2019,0.27773174919567645,0.4359812735316128,0.5289605021183953,0.5954237187871938,0.4926467642263903,0.28121604440153153,0.4467896057991135,0.5267888184979388,0.6010425578260056,0.46395925663114734,0.33713560303063295,0.3947976908532458,0.5357256515157649,0.5920738877122882,0.46493320827798296,0.46664847338491405,3.982113266,0.2120668790038267,0.397553793,1755.940071,2349.971369,3086.447582,-3.999481404,7.228915663,11.8,0.0029810751967844,2.735388428,21.762028105357572,0.9,0.45625761,20.5,81.3235,40.0,0.0,0.0,809.3186362,5.69,109.0754413,0.067996543,8.092502483078858,2.2786641213726514e-06,0.0,28.24716211,0.0868215679318907,3.681092586023413,0.0019510464703795,0.5619953043018429,9.51953494661433,25.8419697962605,75.48,W
BEN,贝宁,204,2020,0.27661080427422335,0.4448414237214501,0.5289514740653952,0.5866522549019141,0.4919152211833917,0.2800084512980839,0.4551220463173345,0.5267547417746582,0.5915454944140222,0.4633576834510247,0.3338829653465014,0.4027203082674696,0.535917899232347,0.5830405427738203,0.46389042890503457,0.4662343904524086,1.120202648,0.1909893094534709,2.878032289,1692.366449,2393.520386,3282.634385,-1.746485758,7.228915663,11.7,0.0044416243654823,2.662598752,24.267475041829982,0.8,0.51122105,22.1206,85.2391,41.0,0.0,0.0,788.0540795,5.79,113.2735286,0.030002195,8.284041592570127,3.7084447798647434e-06,0.0,27.80374246,0.0848705214615111,3.683398368215679,0.0019510464703795,0.5778946645601905,11.8846926483838,25.8419697962605,75.48,W
BEN,贝宁,204,2021,0.2784029338229381,0.46038411638849,0.5369379784666719,0.587426412514204,0.49868683735990593,0.2819722738352014,0.46936165188764195,0.5346155685299347,0.59260726086858,0.4696391887803395,0.33765536163649135,0.41554275914468713,0.5429320177841978,0.5845417004529236,0.470167959754575,0.4729922613701023,4.413354351,0.2059066891503428,1.618725067,1698.136395,2482.672368,3370.154714,-4.153520711,8.43373494,12.5,-0.0090434551318283,2.592301675,28.449872243590132,0.8,0.33374113,28.2047,94.9183,42.0,0.0,0.0,767.8878544,4.79,121.3787612,0.0,6.270831914225081,4.485061487315275e-06,0.0,27.36032281,0.0889499822632139,3.6274388080879745,0.0019510464703795,0.4153527246636707,11.6615864686645,25.8419697962605,75.48,W
GNQ,赤道几内亚,226,2001,0.8004456767835456,0.1505557172044141,0.5054221769086706,0.5997870452334892,0.4912688182458025,0.7825886551398562,0.15667003394435663,0.504346062636823,0.6031677648266465,0.5116931291369206,0.7815043652995158,0.14216930422511712,0.4898419366285424,0.6082183404927509,0.5054334866614816,0.48711950900635226,53.23568808,1.1874297885940657,11.97152744,880.1896203242632,318887.15250970423,26586.74173125002,,5.0,,0.0080906451914972,6.410083232,2.227153670936045,,0.39180481,0.16526,2.00044,64.9,0.11907606,8.907378515,34674.24877,0.9,246.7099044,74.62887189823505,8.29731105583593,0.0,0.0,92.94912656,1.464884135472371,1.0014260249554363,0.0,0.3452125491440795,15.9935969446882,17.6620154023443,60.73,C
GNQ,赤道几内亚,226,2002,0.7430703649846008,0.15365832250608488,0.44937680420161846,0.586704929728907,0.4669226702236528,0.7237363935147015,0.15972321493593153,0.44155167140552287,0.5865271195914524,0.4778845998619021,0.7004083843452166,0.14524499390070988,0.43585605216620926,0.5827121898761434,0.4660554050720698,0.4499616853478068,12.25859742,1.17172187870895,1.582890271,874.0046851263232,306321.0757085271,26671.66728600001,,5.0,,0.0092332844111691,6.220019533,0.5764721657933949,,0.36000615,0.321198,4.01024,64.9,0.153701355,6.868063648,32583.20937,1.09,287.0213719,71.4216421455385,120.71564674896491,0.0,0.0,92.6511943,1.4705882352941175,1.003921568627451,0.0,3.3729074097977714,15.5743592874475,17.6620154023443,60.8,C
GNQ,赤道几内亚,226,2003,0.7221805401473282,0.15735660917915306,0.457275867727871,0.6047444772051421,0.47438804839149595,0.7037815331435068,0.16336206394591254,0.44889522080160865,0.6046461775039221,0.4801712488487375,0.6794677402085011,0.14913000788980374,0.44490179753232567,0.5986453146779407,0.4680362150771428,0.45364919998657727,7.247865427,1.1272782301583684,0.635621902,867.8197499283815,293754.99890735,26756.592840750003,,5.0,,0.0085965687357336,6.066317541,0.9671385201837092,,0.39797717,0.520524,4.89466,64.9,0.04992469,5.646875421,30665.36771,1.09,318.7427782,68.21441239284286,123.10609955731452,0.0,0.0,92.35326203,1.4677361853832445,0.9928698752228164,0.0,3.2437918847642657,14.868574831883,17.7475680107288,70.11,C
GNQ,赤道几内亚,226,2004,0.7245035835971472,0.19282774801533287,0.5306728533645763,0.6119447779496011,0.503267296485195,0.7090395098093072,0.20283334932024488,0.5270677950659304,0.6147820673924849,0.5134306803969918,0.6998362038884101,0.1779712354608822,0.5210599117237016,0.6172601984106025,0.5040318873708991,0.49194864192953724,30.01629767,1.0426764266990234,16.92276351,861.6348147304398,281188.9221061729,26841.518395499996,,18.0,,0.0094176050811265,5.958465015,4.555975717760638,,0.35340402,0.84393,6.87841,64.9,0.008811695,2.631614281,28891.55333,2.89,428.9327529,65.00718264014631,23.470919076830185,0.0,0.0,92.05532977,1.4666666666666666,1.0010695187165777,0.0,0.4402361439999466,16.505742171942,17.7475680107288,70.11,C
GNQ,赤道几内亚,226,2005,0.6535417203023596,0.2049739913891296,0.48380796983831376,0.6084387603580822,0.48548289563484526,0.6395759310410611,0.2150617863068019,0.47741761472142263,0.6090541189694142,0.4852773627596749,0.6225259711242656,0.19157627052804949,0.47094133503477015,0.6038727257146115,0.47222907560042415,0.4624909616774134,10.90120344,0.8596425352266941,59.32905067,855.4498795324998,268622.8453049995,26926.443950250017,,18.0,,0.0082991303090023,5.138402086,0.7811122827795353,,0.40104085,1.14979,10.2283,65.0,0.006693565,1.475123791,27444.48561,2.67,488.6334539,86.2316523,81.36339801034212,0.0,0.0,91.7573975,1.4641711229946524,0.9978609625668448,0.0,2.9030860004623342,14.0013324615826,17.7475680107288,70.11,C
GNQ,赤道几内亚,226,2006,0.5739998333935822,0.21613501328019785,0.5176936062404762,0.6145023094342545,0.48891294136528185,0.5610542480642791,0.22626467780258214,0.5086695144927086,0.6158237021775428,0.4779530356342781,0.5665833145050175,0.20510310984136487,0.5116206564111866,0.6106467583111064,0.4734884597671688,0.4687124109661469,3.031055582,0.813659510116068,12.9763712,947.2110549,248183.531,19184.08698,,18.0,,0.0105440591041137,4.436479006,3.251398757804114,,0.45787242,1.27919,12.117,65.1,0.009791252,0.904329167,26253.53034,2.57,526.2822589,53.23834758,95.11084703265816,0.0,0.0,91.45946524,1.4623885918003563,0.986096256684492,0.0,2.777106391421962,12.2577125918352,17.7475680107288,70.11,C
GNQ,赤道几内亚,226,2007,0.6031730195786619,0.21886454071594263,0.5325168016458551,0.5995738894502951,0.49052976064648457,0.5917401500714753,0.22874069319757073,0.5222463600620397,0.5993759843016154,0.4855257969081753,0.59469318686126,0.2064617176020586,0.527364752624302,0.5942490612280273,0.480692179578912,0.4748428427557086,10.19689757,0.7810755561865436,3.037653859,982.7918529,243735.8712,22910.99948,,18.0,,0.008925719558505,4.511354519,3.1176282088405514,,0.48071325,1.55712,14.4781,65.1,0.00840115,0.691476921,25095.45927,1.9,606.7093133,49.62204081,100.57328265726532,0.0,0.0,91.16153298,1.46951871657754,0.9850267379679144,0.0,3.0488626679947957,16.1536661598822,17.7475680107288,70.11,C
GNQ,赤道几内亚,226,2008,0.6327399225692405,0.19133863539974952,0.5497360153606949,0.5936118120297281,0.4888791084824913,0.6213965934423061,0.19716032789616358,0.5388882301574149,0.5929729305357859,0.4876045205079176,0.6141075861583865,0.18395983237681487,0.5456240769195748,0.5883886328556746,0.4830200320776127,0.4765822558414971,12.53267335,0.7705357992062444,19.84003893,754.3972254,248741.3598,26861.6494,,6.0,,0.0092688675097174,4.573709944,1.1341318359104866,,0.48362917,1.82,16.5971,65.2,0.00756373,0.727038357,23973.51848,1.82,714.6981661,49.69935153,94.9550992765044,0.0,0.0,90.86360071,1.4713012477718364,0.9864527629233514,0.0,2.989903327708777,17.8651890368323,17.7475680107288,70.11,C
GNQ,赤道几内亚,226,2009,0.583614655924541,0.20911104036027503,0.5699862085966237,0.6009308981343225,0.4949626072314621,0.5733614214881558,0.21596513613579407,0.5581421799158254,0.6009074510094816,0.4870940471373142,0.5637273441544031,0.19808789358821277,0.5690767515114115,0.5954436656907889,0.4815839137362041,0.47910668718584304,-3.220460295,0.670557449312661,11.97152744,653.2607764,234577.3761,26314.95146,,10.0,,0.008660950787676,4.607871333,1.7346542534690883,,0.76920271,2.13,17.6107,65.4,0.013578872,0.881031188,22893.91401,1.44,724.2991088,32.36316504,96.10040417877563,0.0,0.0,90.56566845,1.4713012477718364,0.9768270944741532,0.0,3.117735343712495,15.407601410843,17.7475680107288,70.11,C
GNQ,赤道几内亚,226,2010,0.5987973366667871,0.2310180064629526,0.5432744829276892,0.5958144540816337,0.49397723480856315,0.588244731920866,0.23623916324807048,0.5332997472427488,0.5953213725487033,0.4882762537400971,0.5561607102708447,0.21381705156126724,0.5398491286971752,0.5899065799811658,0.47493336762761323,0.47178695071739063,-13.01517184,0.817680361106497,24.90653418,719.0656648,193505.893,29640.32201,,10.0,,0.0079991707123234,4.595867705,2.405210729258211,,0.64514917,6.0,33.5796,66.1,0.018984881,0.628088811,21865.55208,2.36,659.6613824,47.75253203,88.27415631828471,0.0,0.0,90.26773619,1.4698752228163992,0.974688057040998,0.0,3.195381867570443,16.6730910770184,17.7475680107288,70.11,C
GNQ,赤道几内亚,226,2011,0.632125255595617,0.24587411835014972,0.5514794115000238,0.5962892148540622,0.5037471414509366,0.6224523816839285,0.250153008769745,0.5408240224236833,0.5959174237274397,0.5023367091511991,0.5948279715231558,0.2271681746513926,0.5492372484536363,0.5905741089321026,0.49045187589007183,0.4856142365770847,1.999057628,0.8590487789279952,17.04510657,768.467409,186973.2887,30957.9363,,10.0,,0.0082784862196625,4.340602064,1.3769945282585851,,0.59239239,11.5,38.5607,66.1,0.022709256,0.518929556,20936.75891,2.28,702.6971872,43.98693678,90.88334598857946,0.0,0.0,89.96976827,1.4723707664884138,0.9786096256684492,0.0,3.159847076302407,16.4657843770037,17.7475680107288,70.11,C
GNQ,赤道几内亚,226,2012,0.6368603450734388,0.25435178270359315,0.5578001542413784,0.5949094911837828,0.5073163250222025,0.6283917962434907,0.25832895034588926,0.5471803134518599,0.5946271428307152,0.5071320507179888,0.6017009739579827,0.23615459289173385,0.5563151548882979,0.5899981732435778,0.4960422237453981,0.49116981828467976,3.988003868,0.8099750425205006,4.854782044,800.7041377,183675.2896,32510.14095,,10.0,,0.0080575246060483,4.074845548,1.7936068738437227,,0.70269078,13.9432,38.7386,65.7,0.019905703,0.595310257,20100.76669,2.71,761.1115038,45.7436935,84.60785266143806,0.0,0.0,89.67180036,1.4727272727272729,0.9778966131907308,0.0,2.9573651683091313,17.0257171055929,17.7475680107288,70.11,C
GNQ,赤道几内亚,226,2013,0.5917209419673286,0.26153369059046905,0.5585335424115075,0.5927748927512844,0.5029612786725012,0.5860024811936513,0.2660226432072845,0.5480073462380692,0.5925706590818172,0.49815078243020555,0.5564831373675809,0.24266957120594623,0.5593410903201614,0.5889311844915823,0.48685624584631776,0.4847024091182957,-7.888560394,0.6398061882601619,1.072673757,817.4744817,163506.5944,34169.40163,,12.12121212,,0.008144887944554,3.996059955,1.5896385280838616,,0.61788166,16.4,37.9421,65.9,0.013271873,0.643627446,19313.36529,3.48,729.6532545,37.17831426,83.10594030826739,0.0,0.0,89.37383244,1.473083778966132,0.977540106951872,0.0,2.683270593618567,17.9064455595399,17.7475680107288,70.11,C
GNQ,赤道几内亚,226,2014,0.5718195539326839,0.29492451909044326,0.5687817488457203,0.5997210761185436,0.513963210534031,0.5673589296488517,0.30303919018226727,0.5584882224042587,0.6003812807532826,0.507316905747165,0.5467441418320992,0.27000436865320143,0.570213864020061,0.597026409460313,0.49599719599141867,0.4951172855510084,-3.430585953,0.5808746527062073,1.273842647,839.5797834,157005.7401,32755.64523,,24.0,,0.0074267362505018,3.905019246,1.6859214132021934,,0.65114552,18.86,36.9002,66.0,0.010992393,0.758178247,18573.71048,3.24,732.6817993,33.08558575,74.61803202175945,0.0,0.0,89.07586453,1.4727272727272729,0.9771836007130126,0.0,2.453775397405967,16.0581476815855,17.7475680107288,70.11,C
GNQ,赤道几内亚,226,2015,0.504445295718215,0.3020321659017323,0.5797297026037687,0.5895819104480408,0.5060538815845905,0.5020783886531247,0.30983037132282454,0.5699626233970623,0.5896509946969037,0.4928805945174788,0.48736470716573493,0.27708492190070505,0.5834789423482045,0.5879981056650749,0.48398166926992986,0.48697299821466095,-12.49171427,0.4322173105370135,11.97152744,890.7807945,138409.0457,30571.90388,,24.0,,0.0067576542471938,3.791604842,2.78556704859886,,0.7432819,21.32,36.6825,66.1,0.0,1.268703596,17882.65266,3.3,665.9341859,18.6194263,63.682167069831586,0.0,0.0,88.77789661,1.4727272727272729,0.9771836007130126,0.0,2.111342406716174,19.3828632222337,17.7475680107288,70.11,C
GNQ,赤道几内亚,226,2016,0.4678269035942195,0.3116140867798582,0.5698413775198167,0.5830284659704316,0.4990905202771117,0.46696361229833483,0.3189743230677231,0.5607756891831002,0.5814245331197758,0.48203453941723345,0.46195929481708364,0.28593226190882354,0.5745081859508616,0.5755985667683957,0.4744995773612911,0.47853471199606495,-12.0971099,0.3680340139167181,6.285422111,892.519121,123059.763,28262.81717,,24.0,,0.0073554877545971,3.66421838,3.2157837295930345,,0.86530524,23.78,38.1684,66.2,0.0,1.835308438,17239.25298,4.08,607.2226496,16.07490346,60.6226560584724,0.0,0.0,88.4798574,1.4727272727272729,0.958645276292335,0.0,3.540280080175787,19.1943444912232,17.7475680107288,70.11,C
GNQ,赤道几内亚,226,2017,0.45955225497286584,0.30286115780788686,0.5445469553444733,0.5875724833754218,0.4919161031705697,0.45861642169561184,0.3088561023499974,0.5349025555580843,0.586232810935786,0.47215197263486985,0.4571439573001667,0.2802511645230632,0.5481404815806613,0.5792924698736236,0.4662070183193787,0.4694347468774338,-8.94053555,0.407346535619293,12.74238316,827.9182014,113009.4738,26566.50571,,19.931977518891017,,0.0065486812593114,3.531293626,1.894526099657193,,0.78999829,26.24,36.2336,66.4,0.0,2.575793182,16641.10763,4.06,572.8082543,21.60582608,81.13990078387334,0.0,0.0,88.18181818,1.4723707664884138,0.9461675579322638,0.0,3.795207865995561,17.3730338811765,17.7475680107288,70.11,C
GNQ,赤道几内亚,226,2018,0.455595921041055,0.3201970843371218,0.5478580768187962,0.5922478009330211,0.4983618441430286,0.45476414346937544,0.32498524408134627,0.5400898061097832,0.5917831415460962,0.47790558380165027,0.4522417444548769,0.2964424087783102,0.5509062942060893,0.5861245423831717,0.47142874745561203,0.47523041044761033,-9.370419052,0.462090126975521,9.513834297,795.7521771,95302.41173,26018.59114,,20.0,,0.0070590914266195,3.399452421,1.6084908520176042,,0.81501949,35.98256234096425,36.576,66.5,0.0,2.671416284,16084.90852,4.46,537.0848151,24.50148201,56.81781386114282,0.0,0.0,87.88377897,1.4716577540106952,0.9401069518716576,0.0,3.2965400087353425,16.5581122047123,17.7475680107288,70.11,C
GNQ,赤道几内亚,226,2019,0.44754415018847504,0.34454332213983696,0.5510449857012354,0.5903934931431142,0.5033933840076649,0.44711070615421217,0.3479746537620225,0.543439107949552,0.5900603900193169,0.48214621447127587,0.4475321154248359,0.31883675699255515,0.5534356273959856,0.5854884256422384,0.47632323136390375,0.4806682193610075,-8.52391282,0.4635637179747857,3.163689834,698.2192152,87107.98653,25292.33646,,21.0,,0.0061697488492287,3.271454421,2.436867469735244,,0.8050639,49.1337,36.9422,66.6,0.0,2.659075986,15567.21234,3.7,507.6427634,22.59431904,54.54187044549879,0.0,0.0,87.58573975,1.4720142602495545,0.9415329768270944,0.0,2.986669394920418,17.407283808127,17.7475680107288,70.11,C
GNQ,赤道几内亚,226,2020,0.41365333424280093,0.3704030242903683,0.5493326615505648,0.5842137165675807,0.5028157198649124,0.4153747176629419,0.37272037305500905,0.541304225904073,0.5831597388260515,0.47813976386201884,0.42471445226702187,0.3424760727821492,0.5541326196599754,0.5780653619769367,0.4748471266715208,0.48063908931014837,-7.358746574,0.2889683816323502,10.16854575,714.4484794,89805.41445,24915.6125,,21.0,,-0.0025041334253655,2.733908232,0.9904058799814502,,1.0338515,55.0013,43.3495,66.7,0.0,3.001764159,15147.38405,4.37,483.3211882,13.36404916,60.34910649467015,0.0,0.0,87.28770053,1.4645276292335114,0.952584670231729,0.0,3.2620656242936072,18.709739765696,17.7475680107288,70.11,C
GNQ,赤道几内亚,226,2021,0.4239975937315295,0.3902964904283601,0.5355797091637315,0.5810953147002937,0.504545273131011,0.4260687647182023,0.3925980870024533,0.5274814067383495,0.5794812426441581,0.4814073752757908,0.4353820090512091,0.3609160108891778,0.5403058113293555,0.5732944332964917,0.4774745661415585,0.4822170293469939,-1.5665204,0.3147542886080811,17.93863072,743.4565108,82380.04081,25440.07835,,23.0,,0.0049242850935775,2.435510716,2.513097102205726,,1.14400554,58.7173,46.4348,66.8,0.0,2.588405236,14782.92413,5.18,487.4790552,18.75432709,67.92273754963415,0.0,0.0,86.98966132,1.4666666666666666,0.9953654188948308,0.0,3.6635576175839466,18.9825413803618,17.7475680107288,70.11,C
ETH,埃塞俄比亚,231,2001,0.23641710873431052,0.2728940777363138,0.3927135927015124,0.4342145699958996,0.35190839491909165,0.24086549470865404,0.2872071926217973,0.39473848969761777,0.4469987912766039,0.34245249207616824,0.3057019618730267,0.2554837010440817,0.41580378407281504,0.4674713298240718,0.3611151942034988,0.35813986584705626,5.065304325,0.0552766345441273,5.755335342,433.3393477,950.4408085,1100.839331,-4.536205965,7.678244973,46.1,0.0107704402515722,3.033511323,2.4726656184437195,2.6,2.01543713,0.0371624,0.0395753,10.2,0.08900567,18.13399739,1755.704839,20.2,1.6129645991630923,0.0,0.835876537326326,0.0,5.692064231982316e-07,18.4555,0.2526899999999999,11.51086,7.30815,0.0518077451825258,11.9622912187115,10.4266671064824,34.92,E
ETH,埃塞俄比亚,231,2002,0.23679999207399047,0.28129050205583145,0.37847198493826134,0.4336269440725272,0.3512386273162654,0.24070060792945175,0.29594530039211286,0.38065384910694466,0.44636260593275656,0.3409155908403165,0.3011428770586254,0.2632172347630846,0.4024438638133121,0.4668648719140108,0.3584172118872583,0.35579665401979765,-1.52885894,0.061140191991957,3.621434213,408.4875879,979.3285469,1180.607414,-1.740465245,7.678244973,43.2,0.0127751419460215,3.044034773,2.816200796038088,2.4,2.08121943,0.0724023,0.0703129,11.9,0.171709578,23.1721892,1703.065813,20.48,3.300371689,0.0,0.8394477635955321,0.0,5.281345287018729e-07,18.3825,0.25311,11.53321,7.30414,0.0544434888771724,12.1201730074838,10.4266671064824,34.92,E
ETH,埃塞俄比亚,231,2003,0.23262486063653756,0.28992863408005604,0.33980397493701325,0.4325424740212515,0.34474512131860163,0.23626846140112595,0.30470149117986556,0.34246156430295344,0.4451634826729381,0.3321487498892207,0.29361914336318395,0.2710728112512097,0.36668646701507435,0.46571180990232863,0.34927255788294914,0.34682161171790243,-5.072886524,0.0575159734671856,12.76797833,349.2759575,994.6528682,1339.423544,-1.581507198,7.678244973,41.6,0.0152059134107709,3.021022331,2.8392582832885225,2.2,2.27634907,0.105812,0.0695139,13.5,0.057314997,36.33878455,1652.385205,21.62,2.837155977,0.0,0.8747760098150611,0.0,6.055849811207542e-07,18.3095,0.25319,11.55018,7.28128,0.0568855078950626,12.4722228440829,10.4363606750406,34.98,E
ETH,埃塞俄比亚,231,2004,0.2411291780716713,0.28095140922508666,0.37004555465460004,0.42986331710371856,0.3485747730238959,0.24587115513034294,0.29678197901270453,0.3722246731352427,0.44271744765494303,0.33939881373330827,0.3132648160568377,0.26322935083935656,0.3941496331714551,0.46315281530445207,0.35844915384302534,0.35522695416971,10.22181511,0.0669220677234898,3.911362453,396.7609788,1044.524722,1338.832148,-6.591893723,7.678244973,39.1,0.0162263365924693,2.994747129,2.79268931090871,2.0,1.32566774,0.155335,0.204442,15.2,0.029891146,27.94319471,1603.634077,19.95,2.873498227,0.0,0.9037154731972952,0.0,5.764158400016688e-07,16.15855363,0.225394833037435,10.375986191000102,6.400591247205711,0.0565216691448947,11.8068823690803,10.4363606750406,34.98,E
ETH,埃塞俄比亚,231,2005,0.2290457873845127,0.31746214955951196,0.3911696480529932,0.4298765409641557,0.36217213521923003,0.23392030805624064,0.3359806552923729,0.39293570470499906,0.44260052364357555,0.35135929792429704,0.3009167114817975,0.2944967980208067,0.41277334852407876,0.4629034328910332,0.367772572729429,0.3667521341301654,8.550898629,0.0728158894873758,9.875511909,433.9590016,1078.857344,1485.354814,-12.64198426,21.42857143,36.4,0.0117055922583046,2.966022472,2.848120527560734,1.8,1.72818744,0.21966,0.52398,14.0,0.049564918,23.49196145,1556.768389,18.13,2.899324051,0.0,1.014310145526453,0.0,7.022058330926085e-07,16.09383592,0.225606986639551,10.382449119696812,6.401826404718483,0.0586980422871888,12.1084346629624,10.5139293158113,35.41,E
ETH,埃塞俄比亚,231,2006,0.22953357211247002,0.32024131768096814,0.4102672338143406,0.43285565965852624,0.3681382923543835,0.23435825620118156,0.3397223968510685,0.41169774927079755,0.4454235989557261,0.3578005003196934,0.30049082092482043,0.2973459776150173,0.42982327129988734,0.46513310296510685,0.373198293201208,0.3725402878836399,7.62653695,0.0682553125119595,11.5523498,469.7517913,1134.231765,1551.954725,-11.68716056,21.92816635,32.7,0.019093517769112,2.937290315,3.443593331589501,1.7,1.12012815,0.310593,1.07393,18.6,0.103119059,18.73170795,1511.706619,16.78,3.116613478,0.0,1.071109441321068,0.0,6.392624860311494e-07,16.02896369,0.2261890964947069,10.38022592682772,6.411541172830515,0.0644336876633216,12.1611889674367,10.8615164007759,36.25,E
ETH,埃塞俄比亚,231,2007,0.24391160543402265,0.33171720549214595,0.4097579657624588,0.4307760238372937,0.3725519628243851,0.24839047971880596,0.35140052021217716,0.4110281885561368,0.44299535827546943,0.36345363669064734,0.31223032970612774,0.3080520348610577,0.4283688433697994,0.46266897228768245,0.37783004505616685,0.3771412948583272,8.23770708,0.0647972819194214,17.22057948,502.7398331,1183.812127,1657.048039,-4.201445981,21.92816635,29.4,0.0210100718385617,2.930159257,3.9892559153275617,1.6,1.33306754,0.37,1.45421,20.3,0.097701373,21.75737252,1468.053878,15.52,3.371894951,0.0,1.169381206100558,0.0,4.552554206067618e-07,15.96402793,0.2264601581101072,10.384552544710797,6.4156829972448035,0.0674045291531854,13.1026396373333,11.0264772593182,36.44,E
ETH,埃塞俄比亚,231,2008,0.23688094936325463,0.3261058571128015,0.42378506076797123,0.4320806389486334,0.37338287837844014,0.24141089977307212,0.3467095608690852,0.42478912713084604,0.44442717738713416,0.36433419129003436,0.3041727674818979,0.30335200149518143,0.44085662109525064,0.4639865801420478,0.37809199255359444,0.3777156358329041,7.627867429,0.059186654259506,30.31167308,527.5139426,1242.765357,1788.360689,-6.671395577,21.92816635,26.3,0.0206307675989108,2.89435689,4.212468420222523,1.5,0.51424927,0.45,2.28483,22.0,0.071438577,18.65130829,1426.172186,14.41,3.629421485,0.007327812,1.2078951638343651,0.0,4.925252462462797e-07,15.90023395,0.2240626464521464,10.383146505178283,6.422783627716639,0.0751824879779529,12.673083275172,11.0264772593182,36.44,E
ETH,埃塞俄比亚,231,2009,0.23506087082137314,0.3411586765534485,0.4347684957655575,0.43314984449185595,0.3802689127300801,0.23966285729788095,0.36158373728123,0.4355594604711114,0.44559694325155474,0.3706007495754443,0.3021776781274839,0.31682895743096173,0.45055457473978294,0.46507504613936773,0.3836590641093991,0.38409190773455865,5.756385598,0.0498807100107175,24.14641529,546.5905892,1298.186456,1916.587116,-6.753483621,21.92816635,23.9,0.0170093360816172,2.839660104,4.6382338914318755,1.4,0.90700704,0.54,4.60381,23.7,0.083533513,16.32843028,1386.243348,13.47,3.839993724,0.002975495,1.208539841726159,0.0,4.787359149893539e-07,15.83526539,0.2250067030625685,10.399325316594547,6.425999695548936,0.0801429992733812,12.337800774672,11.0264772593182,36.44,E
ETH,埃塞俄比亚,231,2010,0.25565964492018384,0.3596620519244278,0.4414771974082276,0.4338315709185192,0.3900903186901582,0.26016394950210925,0.38110709273452326,0.44210258678405223,0.4459064741801321,0.3823200258002042,0.3245467337190921,0.33229515608080845,0.45607089646450727,0.464978180651477,0.39447274172897123,0.39468359441865036,9.404344867,0.0778384552708479,1.444572327,563.640412,1359.511789,2026.156403,-2.122260872,27.78793419,22.4,0.0169292344375373,2.83517458,4.923650503033438,1.4,0.94396317,0.75,7.57026,25.5,0.207275089,15.58142383,1347.492847,12.52,4.205695267,0.005022054,1.231460956969334,0.0,5.698206362078131e-07,15.77082877,0.2244697054948249,10.430260922883896,6.419170792090173,0.0726803144239809,13.1628681538269,11.3287924000543,37.54,E
ETH,埃塞俄比亚,231,2011,0.25209294233206453,0.35650492650707694,0.441962543942184,0.4479653840347436,0.3939374759099499,0.25630636639888055,0.3778855437003196,0.44250228597483304,0.4593545380349107,0.384012183527236,0.3178128133270216,0.3285563453679161,0.45556037577881003,0.4758119678935242,0.39443537559181796,0.3946115374154646,8.061416764,0.0899765692247673,20.06187508,601.1716301,1475.584407,2095.529238,-3.303679641,27.78793419,21.2,0.0148386340417692,2.843544575,5.284381734100397,1.3,0.3811754,1.1,15.1655,23.0,0.538373369,16.7469092,1309.715934,11.66,4.553357849,0.006849335,1.307514336123704,3.2206129534985356e-08,4.153843016437901e-07,15.70608815,0.2249119265523401,10.428636960003814,6.424401885173612,0.0765077082901905,13.7126986518094,12.3129151114266,44.13,E
ETH,埃塞俄比亚,231,2012,0.23927399206077407,0.38453895604097016,0.45166615382839437,0.4497487751167867,0.4031928888370711,0.24355393114346335,0.4048679063484018,0.45202413668682073,0.4612299944135682,0.3904189921480635,0.3036858620400769,0.35276471142936155,0.4644186329748093,0.47749983493568526,0.3995922603449833,0.4015651330833212,5.643743769,0.0778098329923145,33.54140502,612.8781645,1672.284824,2163.683959,-7.106748681,27.78793419,19.8,0.0139945540061061,2.803903934,6.785369168686691,1.3,1.06663179,2.9,21.424,29.0,0.422106231,14.40551574,1273.502821,11.04,4.820862428,0.004766627,1.395293292379533,1.1482402482278297e-07,3.410703463879656e-07,15.6413078,0.2247599000551222,10.4420493644193,6.42148231838871,0.0802486044731661,13.3475366852832,12.3473246608544,44.39,E
ETH,埃塞俄比亚,231,2013,0.2442929048062302,0.39736689002625936,0.4573512502756317,0.45007110316580595,0.4089431531207029,0.2490657644514499,0.41736808879213855,0.45755454634699105,0.46142334488154974,0.3963529361180323,0.31355661000618334,0.36416670056594586,0.46951571132696696,0.47747745063805686,0.40617911813428825,0.4082948318455853,7.616614547,0.0623947015890187,4.901979297,642.1892832,1960.937058,2176.947386,-6.366263992,27.78793419,17.7,0.0116856273293948,2.718472318,7.836548027717256,1.2,1.09967208,4.6,26.0536,30.8,0.264483354,13.68930623,1239.349329,10.44,5.198346141,0.007061215,1.591653230345258,3.352338348949592e-07,2.445750898386551e-07,15.57676288,0.2243188538862514,10.4339988557222,6.424117697043902,0.0951833367329091,13.5654407861689,12.4565218044762,44.79,E
ETH,埃塞俄比亚,231,2014,0.23559539025486323,0.3984566494754934,0.46234828403521655,0.45596682841017894,0.41131105885536495,0.24054473106138624,0.4182544949606576,0.46241230537850747,0.4678180541639254,0.3972573963911192,0.3053583911398956,0.36591156065430996,0.473891668997607,0.4834353086326906,0.40714923235612577,0.40968034807536347,7.338618594,0.0588899259029822,10.98178829,680.6013384,2332.24659,2229.282527,-10.37817212,27.78793419,15.2,0.0123228390791654,2.682997818,9.744588397379989,1.2,0.71479559,7.7,30.1536,27.2,0.17635782,13.18477325,1206.539722,9.83,5.592388465,0.006220974,1.779013176162377,8.999599567267607e-07,2.636111481883954e-07,15.51254397,0.2243078502519586,10.427621286756503,6.419853008090199,0.1065964478976094,11.8883844182548,12.4565218044751,45.0,E
ETH,埃塞俄比亚,231,2015,0.23091292122119886,0.4437450053265311,0.46916898573263305,0.45148262359925806,0.4238392867301564,0.23608686053962225,0.46412399159678186,0.4690744832587461,0.4627603500083278,0.40801142135086954,0.3018764291857054,0.4036651094696918,0.47993799011417415,0.47848047064273724,0.4159899998530771,0.4205021110343036,7.468076761,0.0469217328981835,10.83654279,729.6847209,2844.897468,2250.398518,-12.18383272,38.75685558,13.6,0.0105678007850367,2.684801861,9.77017417492068,1.1,0.96540898,13.8552,40.7363,29.0,0.086425046,12.12748541,1174.577502,9.15,6.027218484,0.002709192,1.819508558080527,9.53140760068139e-07,2.317929186111661e-07,15.44784347,0.2242721875727157,10.427398458573975,6.419837889576563,0.1106796186108339,13.5532102629512,12.616981877406,45.25,E
ETH,埃塞俄比亚,231,2016,0.23099523225818738,0.4665345291313947,0.4735657628923874,0.4552729432925977,0.4328685419017954,0.23614165727132008,0.4863470037543116,0.47337252653488027,0.46666464720021716,0.41563145869018225,0.3014567612006585,0.4216943939935017,0.48383834238461026,0.48190621716936916,0.4222239286870349,0.42755694373988457,6.509914563,0.0407296752960874,10.39795727,766.6587157,3583.198357,2297.884969,-11.54492094,38.75685558,13.0,0.0089633916215876,2.707882508,10.948558128278108,1.1,0.90002954,15.3669,47.9993,42.9,0.091588458,11.14860827,1143.1981,8.78,6.441889419,0.002616878,2.039328118878957,1.3118666717667046e-06,2.256004593616408e-07,15.38289774,0.2251633388964772,10.424554863571538,6.404125262447627,0.1236632293011193,12.8925065843916,12.8209879709218,45.58,E
ETH,埃塞俄比亚,231,2017,0.2389832125699011,0.45737576315440037,0.48042374411668975,0.48452202469352534,0.4433067349839933,0.24397616079790813,0.47794978787861153,0.4800909408960929,0.4941819545752319,0.42404971103696115,0.30889190665308425,0.41548058083625783,0.4898854969215467,0.5036956852589063,0.42948841741744875,0.4339877679205688,6.6186207,0.0395725422867759,6.67682222,827.6676295,4403.283688,2266.470899,-7.7634304,38.75685558,14.1,0.0094136716436519,2.725240971,14.870541893288252,1.0,0.8612687,15.6,36.1095,44.3,0.086479754,9.82403543,1112.463889,8.16,7.059275279,3.92e-06,1.98282910060979,1.139819558904238e-06,1.803325870557477e-07,15.31829082,0.226032844896579,10.420372002089756,6.397414458588024,0.1194883743556976,13.702230538489,16.949443820114,51.18,E
ETH,埃塞俄比亚,231,2018,0.23933273302783062,0.4568919007944537,0.4910148193760357,0.4869518823774385,0.4463120386856177,0.24407774781230046,0.4770044744555722,0.49053273773070005,0.4968141986528615,0.42710728966285855,0.3066359899082559,0.4147842291913551,0.49976048660866557,0.506181430218287,0.4318405339816409,0.43651735419104787,3.974075459,0.0324462215296719,12.3822761,864.4892017,5073.327394,2297.499095,-5.533249174,38.75685558,16.1,0.0075811382515518,2.696751795,18.643640969312045,1.0,0.76642609,15.9,38.802088821577854,44.8,0.028962011,6.361088431,1082.864406,7.84,7.540445914,4.48e-06,2.096264155544717,1.0917403434590268e-06,1.984302505953269e-07,15.25348997,0.2328982720833798,10.442258613487931,6.3369347914965015,0.1247994380413035,13.0118804949641,16.949443820114,51.18,E
ETH,埃塞俄比亚,231,2019,0.24149328564151726,0.4557263954171966,0.4954861056100696,0.48893108817843567,0.4479098385969633,0.2463362737207402,0.47575251334907187,0.49489160768431223,0.4989513077106095,0.42898292561618345,0.30959305236537815,0.4139986779073744,0.5036834409211848,0.508158498883766,0.43385841751942583,0.4383987383821231,5.48664148,0.0298471651636962,12.86043264,910.1139718,5857.793358,2381.419748,-5.471944451,38.75685558,18.5,0.0074168288459475,2.691239783,23.633072816239505,0.9,0.73088509,16.0,36.2199,48.0,0.022403582,5.509609915,1054.110581,7.41,8.171135275,3.15e-06,2.348346419688344,1.0627508313368375e-06,2.22878348859763e-07,15.188678,0.2431925189635848,10.43622514101684,6.288306742624678,0.1423137837495427,12.4172744564505,16.949443820114,51.18,E
ETH,埃塞俄比亚,231,2020,0.24637562634407154,0.4639321247370619,0.4979051075002167,0.48693345000405075,0.45075112844007204,0.25087549493771344,0.483259801675241,0.4972684349802674,0.4968043822908422,0.432052028471016,0.3110141881913141,0.42178803684974736,0.5056872501151488,0.5062156853035458,0.436176290114939,0.44105560056768767,3.223115995,0.0330168756465586,18.25457268,929.1593031,6732.338658,2659.54019,-2.7552611,38.75685558,20.3,0.003468155336852,2.710772848,34.830147320998236,0.9,0.98278511,16.0696,37.4208,51.1,0.062810773,5.443972288,1025.919857,7.03,8.666267742,2.51e-06,1.972246497058779,1.6986541890817892e-06,1.95225999186866e-07,15.12398772,0.2427582339938793,10.435502795835513,6.2808609185028095,0.1159841849997213,13.0149320834588,16.949443820114,51.18,E
ETH,埃塞俄比亚,231,2021,0.2443101999980445,0.49063663238897615,0.4980910802236772,0.4869160462649963,0.4583835201613747,0.24878966033583208,0.5092226308656309,0.49742094005426213,0.49678066482388933,0.4380534740199036,0.30850000490593166,0.44361455590407584,0.5055521024000833,0.5061477923061898,0.44095361387907017,0.4469057898068397,2.855657631,0.0362293577981651,21.76327257,966.3661574,7456.084598,2733.657936,-4.132418312,42.58823529,20.6,-0.0096863678394396,2.672495388,46.7992965499159,0.8,0.97926205,16.6981,52.8089,54.2,0.206095286,5.630512801,998.8653217,6.79,9.155177896,4.94e-06,2.171827348436432,1.7344231947400522e-06,1.126386334159193e-07,15.06018224,0.2445446438192242,10.41999259906198,6.251293746349153,0.1302724857274426,12.9786490176397,16.949443820114,51.18,E
ERI,厄立特里亚,232,2001,0.3265863264646969,0.3047966330136941,0.4982771197272453,0.2848066454910787,0.34341597824443887,0.3492876052968624,0.3226310641134767,0.4975351427157938,0.3065075844214206,0.3689903491368884,0.48713889748066136,0.27947749107775993,0.5060353589941275,0.34421796968631063,0.4042174293097149,0.38913021036480877,5.695711544,0.0252534754900593,15.07726958,,,,,14.66666667,,0.0368481833525806,2.85373305,2.8891746346037483,2.2,1.79195142,0.157815,0.0,30.3,0.019964784,4.232916231,1211.031284,7.2,4.533657962,0.0,4.199185845999694,0.0,0.0,11.04257426,0.3071287128712871,24.441584158415843,49.61059405940594,0.346008938275898,9.56424926394449,0.0,0.0,E
ERI,厄立特里亚,232,2002,0.3290219799265464,0.32494825219266793,0.5052880882709129,0.28335408723023653,0.35063821683854296,0.34950710869960555,0.3442063677926979,0.5044558359271293,0.3049621691585617,0.3757828703944986,0.4756021419535236,0.29259944617724876,0.5123513917231366,0.342938752608643,0.405872933115638,0.3936163444080408,-0.476857823,0.0712991282334294,16.14866736,,,,,22.0,,0.009972754845011,3.439149563,4.943630906761366,2.0,2.11955547,0.22709,0.0,32.2,0.0,2.615629358,1170.090155,6.72,4.274420837,0.0,3.699172960066129,0.0,0.0,11.01128713,0.3076237623762376,24.45128712871287,49.57950495049504,0.2925225388616193,10.0738058995782,0.0,0.0,E
ERI,厄立特里亚,232,2003,0.283502086603084,0.3079551695659394,0.4950158912711148,0.2806660273281775,0.3395358919312744,0.3043415610641753,0.32782781443853903,0.4943936549542778,0.301994037394393,0.35713926696284626,0.4333280592757551,0.27360680534364223,0.5035331380082548,0.34006152961367114,0.3876323830603308,0.37981847947943825,-6.594920166,0.0080436816258248,21.87284176,,,,,22.0,,0.0087205849917713,4.131033775,5.733984040277429,1.9,1.66898465,-2.8325018718273896,0.0,32.4,0.0,3.812056399,1122.738134,7.94,3.8360403,0.0,4.254869708899319,0.0,0.0,10.98,0.3076237623762376,24.50267326732673,49.54227722772278,0.3207823239316044,10.8666222918009,0.0,0.0,E
ERI,厄立特里亚,232,2004,0.2940349238334025,0.30972994167696954,0.5045057787495295,0.2843372720720695,0.3443871979425115,0.31542378968448925,0.3296809658427996,0.5036282403806761,0.30523874286558333,0.36349293469338706,0.4468462654142784,0.2748097020227422,0.5115086569255411,0.3434992758891177,0.3941659750629199,0.3850137322031147,-2.623890351,0.009918362812278,24.79928568,,,,,22.0,,0.010226221512068,4.100227397,4.499123267510403,1.7,1.55933774,-2.1661309655244168,0.769739,33.4,0.002625731,2.899416529,1077.634316,6.62,3.609879982,0.0,4.447810166876727,0.0,0.0,9.140320769,0.2570617061747502,20.82365133009802,40.80668608405546,0.3078955187346726,10.0743682836071,0.0,0.0,E
ERI,厄立特里亚,232,2005,0.3077070748412437,0.3138565964557043,0.50443331603425,0.2835411100751051,0.34602698921810565,0.3300455551071449,0.33452354579631993,0.5035477363803648,0.30440139063743943,0.3681295569803173,0.46690402732620706,0.2866817038225355,0.5113504736942429,0.3428607939733355,0.40194924970408025,0.39054786315228657,0.148823405,0.0100143415749853,7.623689359,,,,,22.0,,0.0094067895376521,2.393155829,4.419034162966915,1.6,0.85298669,-1.499760059221671,1.51953,34.5,0.003847417,3.218361007,1052.150991,6.5,3.702814521,0.0,4.345394269772687,0.0,0.0,9.11098558,0.2569710078698734,20.848776726286196,40.786669725640735,0.2630377477956497,10.3856737944691,0.0,0.0,E
ERI,厄立特里亚,232,2006,0.2990834426000581,0.3246316414299251,0.5091297560561954,0.2870046709972729,0.3513080536917343,0.3208645524501834,0.3453759902742819,0.5082528168374351,0.3081842638034829,0.3706694058413458,0.45486037858326545,0.30060604216567205,0.5156049966632049,0.3464430791216349,0.4043786241334443,0.395931900626992,-2.518213455,0.0099078415512879,11.39400395,,,,,22.0,,0.0136735501748366,1.57651842,7.627144348330424,1.4,0.81826532,-0.8333891529186985,2.29317,35.6,0.00969737,2.32271377,1035.693704,6.2,3.666926209,0.0,2.938835500497592,0.0,0.0,9.086474152,0.2574294405117793,20.85575149145238,40.78855852331069,0.2589234259859989,9.36957617807612,0.0,0.0,E
ERI,厄立特里亚,232,2007,0.30724506806527246,0.33678912481212503,0.5089375303334753,0.2861682412775134,0.3550051181241018,0.3295641158756438,0.35715241673949466,0.5080562636909163,0.3072877761810487,0.37551514312177586,0.46635042674479216,0.3114812500178063,0.5153998967693627,0.3456222706374644,0.4097134610423564,0.40020550918684866,-0.041769605,0.0098636203422544,7.288208261,,,,,22.0,,0.0088029028426379,1.458517234,6.2517725506721655,1.3,1.21488249,0.41,3.07478,36.7,0.010047512,2.456008923,1020.697559,6.17,3.719246727,0.0,2.974312309855435,0.0,0.0,9.058220229,0.2584427538476697,20.847853180984966,40.80602874898025,0.2495535403259379,9.60912770809469,0.0,0.01,E
ERI,厄立特里亚,232,2008,0.2705245102208829,0.337249973361002,0.5029619722387855,0.28453512731316116,0.3510542865322319,0.29058448320468927,0.3571644155746224,0.5023794995676069,0.30551350789056364,0.3639104765593706,0.41613892433204763,0.3052017906445305,0.5109391937877227,0.3439490295796596,0.3940572345859901,0.3912164782594379,-12.12484316,0.0079699241147298,16.0762201,,,,,22.0,,0.0068389302880738,2.630041175,3.3731878435991276,1.2,1.64659166,0.47,3.85719,37.8,0.012135294,1.573893054,994.2027329,7.7,3.355391703,0.0,2.064243802844097,0.0,0.0,9.030254666,0.2588026479385075,20.82398963256252,40.78681820391887,0.2485506832125673,10.0694958618088,0.0,0.01,E
ERI,厄立特里亚,232,2009,0.3013204647845218,0.33015208663563045,0.509453225227815,0.2866486813357197,0.35301303713780824,0.3233459845444492,0.3504920646622592,0.5087283123845467,0.30786361010165053,0.3726074929232264,0.4576686120398244,0.2990573830251586,0.5167132067044584,0.3464216192677562,0.4049652052592994,0.3960797964768302,1.302578156,0.0059245038822199,29.50450714,,,,,22.0,,0.0125116144948898,2.509084658,2.4100682679538834,1.1,1.06634021,0.54,4.88697,38.9,0.010998852,0.0,969.567694,7.2,3.485463514,0.0,2.434351380519831,0.0,0.0,9.003251617,0.258776786825217,20.841979875508297,40.71872976989961,0.1731370882150778,9.58607915510874,0.0,0.01,E
ERI,厄立特里亚,232,2010,0.30553603286301645,0.33707946989584453,0.5119917991941603,0.2837246486343896,0.3547164801575655,0.32780815535632557,0.3574781869686312,0.5111928573083732,0.30458924211319566,0.3752671104366314,0.46416686926245787,0.30750518451143655,0.5187515232007214,0.3431512954542161,0.4083937181072079,0.3991041841665697,0.205918878,0.008178593057737,11.97152744,,,,,22.0,,0.0073097795990695,1.964757271,3.5549537448568613,1.0,1.00715244,0.61,6.29077,40.1,0.028958418,0.0,950.7039623,6.74,3.561941218,0.0,2.379637841729697,0.0,0.0,8.977483792,0.2587863820675062,20.910237031723337,40.614180950228075,0.2376759905825982,10.4435289218706,0.0,0.01,E
ERI,厄立特里亚,232,2011,0.40561558965928585,0.3371367608527264,0.43896448887875317,0.2812783053859071,0.3419869227365175,0.4238669209879108,0.35759488913901394,0.4405660484620722,0.30196793832719027,0.3809989492290468,0.5358595204014488,0.30806161012418587,0.4306447614664025,0.3408767421808755,0.40386065854322817,0.3787224083781602,6.747982979,0.2082322815565666,19.53822815,,,,,22.0,,0.0088902850859968,1.793518811,3.8686203199282305,1.0,0.76524723,0.7,8.06871,41.2,18.99981863,0.0,933.8049048,5.67,3.871110595,0.0,2.381576915730992,0.0,0.0,8.949616385,0.258735333895636,20.915444260584255,40.589570039270875,0.1773910348059103,11.2482531619337,0.0,0.01,E
ERI,厄立特里亚,232,2012,0.331688352142534,0.34502974522544294,0.4900017481885447,0.28178313121847215,0.3525454880838922,0.35247058302626866,0.36551312328094393,0.4899513435862968,0.3025187359461588,0.377613446459917,0.4804322676915363,0.3167377890661355,0.490547436089478,0.34137843259051626,0.4072739813594165,0.39441004448962963,-0.2530912188909155,0.0696190735367316,8.349195157745498,,,,,22.0,,0.0072550637542621,1.275907368,1.3994128392999907,0.9,0.79066068,0.8,10.0522,42.3,6.922007746854433,-0.4322731654364133,921.9661059,5.71,3.3629759595818314,0.0,2.499642343006049,0.0,0.0,8.924026107,0.2587500119753436,20.91316207545755,40.58666960902237,0.1825334703331063,11.0818114643485,0.0,0.01,E
ERI,厄立特里亚,232,2013,0.33484544391549054,0.3491496864062507,0.48335882740571223,0.280797265533745,0.3519805316301123,0.35552700096049833,0.36954636771754834,0.4835406761714077,0.3014410107556748,0.3775137639012823,0.4829148310245755,0.3204099867542831,0.48398592643545235,0.3403449755559546,0.40691392994256637,0.39348508676651656,-0.1395233978272756,0.0755464076982885,7.421110689490888,,,,,22.0,,0.0047606535078905,1.223051473,3.421850401384354,0.8,0.776559,0.9,11.542,43.5,7.786310643936304,-0.8547883183272234,910.758662,6.43,3.292912959390918,0.0,2.519143141921821,0.0,0.0,8.900342223,0.2588202136984245,20.92255354055065,40.58520696009439,0.1880700903602701,11.3616016129466,0.0,0.01,E
ERI,厄立特里亚,232,2014,0.3380025356884465,0.3517213618461611,0.48987922957568597,0.28725120556959194,0.3571077328093247,0.3585834188947274,0.3722757162002865,0.49001343869780667,0.30846142016733646,0.3823334984900393,0.48539739435761436,0.32494059683527937,0.48911814727037584,0.34695012050788354,0.41160156474278825,0.3985628222098899,-0.0259555767636356,0.0814737418598436,6.493026221236278,,,,,22.0,,0.0078763172063687,0.674705167,2.4715904409866587,0.8,0.51250237,0.99,13.4855,44.6,8.650613541018174,-1.277303471218147,904.6344098,5.04,3.222849959200005,0.0,2.6134220154410652,2.5523613704306676e-05,0.0,8.875197116,0.2588482113840584,20.862769261936005,40.45410056505003,0.1950354419607563,9.4603335767934,0.0,0.01,E
ERI,厄立特里亚,232,2015,0.3411596274614022,0.36263781151368785,0.47910258194205113,0.281239402890774,0.35554079096105523,0.3616398368289565,0.3829934201686348,0.4795987987400152,0.3019135524057506,0.3815364020358393,0.487879957690653,0.3359399609876188,0.479207336015031,0.3407845183453742,0.41095294325966925,0.39745661009857935,0.0876122443000042,0.0874010760213988,5.564941752981895,,,,,22.0,,0.0059831799380314,0.334574416,3.3295272393324717,0.7,0.73755044,1.08373,15.2952,45.8,9.514916438100045,-1.6998186241090707,901.6127921,6.5,3.1527869590090916,0.0,2.58429048915453,2.543836091946473e-05,0.0,8.845245978,0.2587357911581812,20.84916624187502,40.43620063048784,0.1911097398009883,11.2156966133564,0.0,0.01,E
ERI,厄立特里亚,232,2016,0.34431671923435886,0.36244212135223297,0.47826403450172017,0.2831613191056677,0.35624555005947783,0.3646962547631862,0.3826954699682669,0.4788311172791725,0.30398146270885595,0.3825510761798704,0.4903625210236923,0.33398240409881697,0.4774864304200557,0.342715638155659,0.41113674842455594,0.39710455789607596,0.2011800653636442,0.0933284101829556,4.636857284727284,,,,,22.0,,0.0050524207619595,0.614809318,2.835474020209313,0.7,0.7340641,1.17712,16.1936,46.9,10.379219335181688,-2.1223337769999944,896.0865978,6.22,3.0827239588181783,0.0,2.614615873736244,2.8802783500997533e-05,0.0,8.819973667,0.2587599728203744,20.878287510146706,40.360443970004354,0.2018729490017915,10.6822562103833,0.0,0.01,E
ERI,厄立特里亚,232,2017,0.3474738110073147,0.3752243406092743,0.4715985848364769,0.2781738568232249,0.35662665260085036,0.36775267269741524,0.39465799157373266,0.47241986508308265,0.29853484160398797,0.3833413427395546,0.49284508435673113,0.3434741002735163,0.4711820930765184,0.337563219805002,0.41126612437794197,0.3969291983331214,0.3147478864272841,0.0992557443445107,3.708772816472674,,,,,22.0,,0.0055855801455269,0.817496698,4.332856031414952,0.6,1.00827622,2.5,22.0611,48.0,11.243522232263558,-2.544848929890918,888.7909808,6.99,3.012660958627265,0.0,2.848755452332406,3.61864899326963e-05,0.0,8.79432689,0.2587732793635627,20.89439363353969,40.34154009152612,0.207857359840043,12.1482652091556,0.0,0.01,E
ERI,厄立特里亚,232,2018,0.3506309027802706,0.37770126224592704,0.47249386424498246,0.2827214956836463,0.3596171329523547,0.3708090906316443,0.39620112582484557,0.4733228101687282,0.3032707130862818,0.3859009349278749,0.4953276476897699,0.3418704668250308,0.47074540607395793,0.3420893092000914,0.4125082074472125,0.3978013887158945,0.428315707490924,0.1051830785060659,2.780688348218064,,,,,22.0,,0.0055095178045998,1.337314098,6.724589383480124,0.6,0.62541473,5.3,31.111196506089072,49.1,12.107825129345429,-2.9673640827818417,876.9841767,6.38,2.94259795843638,0.0,2.796684868798341,3.633220160613388e-05,0.0,8.767757211,0.2609894005762282,21.037232334928287,39.572930820282906,0.2325435704531502,11.226878950108,0.0,0.01,E
ERI,厄立特里亚,232,2019,0.35378799455322707,0.3967398780867317,0.4704938928927046,0.28573750271447057,0.3662536036418076,0.3738655085658739,0.41362922918176614,0.47141722667455566,0.3064558905701398,0.3913419637480839,0.49781021102280903,0.3570625155547039,0.4679362934584215,0.3453222809599007,0.4170328252489588,0.4027930400643366,0.5418835285545356,0.1111104126676227,1.8526038799636808,,,,,22.0,,0.004882127233909,1.474745807,8.197040053774558,0.6,0.74166143,11.2,40.4605,50.3,12.9721280264273,-3.3898792356727654,864.1457888,6.28,2.872534958245467,0.0,2.723472490625414,3.5800325536063576e-05,0.0,8.741453809,0.263708754666501,21.082412363749995,39.00164110591308,0.1904206970323382,10.6855367761794,0.0,0.01,E
ERI,厄立特里亚,232,2020,0.356945086326183,0.41919374699380163,0.469467050917381,0.288357403236707,0.3739792789454922,0.37692192650010303,0.4346399613648132,0.47067573589379574,0.3093209876870935,0.3978896528614514,0.5002927743558478,0.37421786999967926,0.46767164976396075,0.34804837528563365,0.42255766735128036,0.4090438276974266,0.6554513496181755,0.1170377468291778,0.9245194117090704,,,,,22.77192982421053,,-0.004843550352123,1.564060781,11.448464742040384,0.5,0.84150839,14.3494,54.7205,51.4,13.836430923508942,-3.812394388563689,850.7351719,6.41,2.8024719580545536,0.0,2.618040028696976,7.871123344142732e-05,0.0,8.71821524,0.2641257521459969,21.08024227097784,38.99394971923069,0.1832118959514424,9.91922269546577,0.0,0.01,E
ERI,厄立特里亚,232,2021,0.3600996430117766,0.4238511634673926,0.46684451117050557,0.28920408461330877,0.3752747387481455,0.3799756104400052,0.4388700121589469,0.4681364435609129,0.31016900044304,0.39928776665072624,0.5027712816666522,0.3775832660923548,0.46419685873558514,0.34886827553583044,0.4233549205076057,0.40949245423234687,0.7690191706818155,0.122965080990733,0.0035650565455398,,,,,22.887719297842096,,-0.0005971931919976,1.774115885,9.796479774388445,0.5,0.88709611,18.3844,53.7583,52.5,14.700733820590813,-4.234909541454499,835.7752397,6.37,2.7324089578636404,0.0,2.710492214909833,7.462278926255671e-05,0.0,8.682254729,0.2634962394226025,21.05246653275919,38.62798754231371,0.1904373581980447,9.78803457919627,0.0,0.01,E
DJI,吉布提,262,2001,0.39023021550144427,0.29836618307624485,0.5795647711956171,0.17292827854667633,0.3112989016423163,0.3978575124047517,0.31219622701433314,0.5732468910380946,0.1937828888722818,0.3692708798323653,0.42197079798503667,0.2758122284930262,0.588423232973891,0.22718395874872604,0.37834755455017,0.3616757648100454,,0.0559032582153286,,,,,12.0278461,0.0,40.8,0.013607360665562,3.16034601,0.8297539390623521,3.6,1.25085211,0.343526,0.388947,56.1,0.0,0.40714183,388.9471589,3.72,,0.0,15.5745376260999,0.0,0.0,0.241587575,4.0823986194995685,3.105263157894737,82.8783433994823,2.463332006591358,11.2993526001504,0.0,0.0,E
DJI,吉布提,262,2002,0.39129295174595874,0.2960869787111077,0.5790464993471001,0.1732666175750052,0.3106359776973098,0.39885907911860446,0.30984899096332336,0.5727810989102128,0.1941501198194042,0.3689098222028862,0.42277898054453483,0.2745902613434966,0.588036100151099,0.22757974638498188,0.37824627210602807,0.3612995481004529,,0.0609011296962644,,,,,11.82525691,0.0,39.4,0.0055298577539735,3.096960925,1.6089012461442933,3.6,1.28561246,0.486972,1.88543,49.7,0.0,0.442820967,377.0862296,3.83,,0.0,15.143772094110656,0.0,0.0,0.241587575,4.0823986194995685,2.920621225194133,83.05047454702328,2.3882127872454353,11.4242753184359,0.0763135855189775,0.45,E
DJI,吉布提,262,2003,0.3952085135795083,0.3391417372415231,0.5782611675374058,0.17302272580125613,0.3247588095462327,0.4028835561245868,0.3552197959236253,0.5719975477372715,0.19392201908894993,0.3810057297186084,0.42714778696239014,0.31518715304528266,0.5873057476267627,0.2275375984757058,0.3892945715275353,0.3758897811856198,,0.0594812592279999,,,,,12.70551712,10.76923077,36.5,0.0037527670171555,2.230541555,1.6348726950446149,3.5,1.50298142,0.62594,2.82722,56.4,0.0,0.6027917,368.7682771,3.86,,0.0,15.362422192966614,0.0,0.0,0.241587575,4.0823986194995685,2.9219154443485764,83.03364969801554,2.335532421492307,11.5771937214,0.0763135855189775,0.45,E
DJI,吉布提,262,2004,0.3314788631852819,0.351005915066897,0.5798864259318289,0.1719106381054057,0.3250573674012234,0.33781166408796215,0.36751580022491365,0.5736180539634574,0.19269060110910313,0.3679090298463591,0.35783247075450164,0.3292932694242866,0.5887290933619067,0.22652292115675238,0.3755944386743618,0.3760933482821836,,0.0570508806738916,,,,,0.473072862,10.76923077,32.7,0.001068210402991,1.537560106,2.2756874270690597,3.4,1.43785477,0.781317,4.17395,56.6,0.0,0.554402213,363.1416107,3.69,,0.0,14.713961281841469,0.0,0.0,0.241587575,4.0823986194995685,2.96160483175151,82.86496980155306,2.2998968677825604,12.0589986768304,0.0763135855189775,0.45,E
DJI,吉布提,262,2005,0.3433639702235391,0.3581652232974177,0.5808882233996409,0.17263492420735363,0.32856995026469243,0.3499649115316133,0.3750104914462331,0.5746675595199919,0.19350211986656918,0.37328627059110187,0.370833429550267,0.33644132369224755,0.589679336955768,0.22740802671500435,0.3810905292283217,0.380099250192471,,0.0564466924484591,,,,,2.841057973,10.76923077,28.9,0.0076588127979622,1.566484982,4.421050875451489,3.3,1.39653015,0.953611,5.24961,56.8,0.0,0.524130213,357.4973754,3.65,,0.0,13.697818848929934,0.0,0.0,0.241587575,4.0823986194995685,2.9581535806729935,82.83175150992236,2.26415004403176,11.9080634930365,0.0763135855189775,0.45,E
DJI,吉布提,262,2006,0.3240979342255668,0.36646679025288564,0.5823763927499762,0.17528649131755505,0.3316356523102593,0.33002644878550513,0.3835075043434347,0.5761896278107581,0.19658828569730694,0.37157796665925125,0.3487691261013286,0.34276870740208265,0.5910015224270009,0.231232973275548,0.37844308230149004,0.38225361756585263,,0.0715332064870099,,,,,-2.154487907,10.76923077,24.6,0.0070711211313794,1.958490405,3.166760929415119,3.2,1.72493029,1.27004,5.23707,55.5,0.0,0.598451207,350.5639405,3.5,,0.0,12.55225079578016,0.0,0.0,0.241587575,4.0823986194995685,2.949956859361518,82.70750647109578,1.9865289963120671,11.5627344901942,0.0763135855189775,0.45,E
DJI,吉布提,262,2007,0.23022984054191775,0.3801680216341434,0.5821464938308955,0.17798550910981215,0.3320470538815704,0.23417378036462522,0.39787210371576043,0.5759544023601377,0.20021389547856122,0.3520535454797712,0.24664233225948654,0.35342130279360795,0.590820601873588,0.23744831039936873,0.35708313683151277,0.38048746395138233,,0.0684027658889069,,,,,-20.2086361,13.84615385,22.1,0.0067840303924562,2.168967505,3.750594606462,3.0,1.73417449,1.62,7.9516,57.2,0.0,0.508972437,343.0421896,3.55,,0.0,12.785178532877168,0.0,0.0,0.241587575,4.0823986194995685,2.9413287316652292,82.67687661777394,1.1230845267389953,11.9700605041862,0.0763135855189775,0.45,E
DJI,吉布提,262,2008,0.21845922132263046,0.3912669741548833,0.5805580738718535,0.1723045354992546,0.33241248695492953,0.22213658144610757,0.4087591897690915,0.5743098059172249,0.19339202763375105,0.34964940119154375,0.23376235607676402,0.36327658839955385,0.5892781037452682,0.2284892503988789,0.35370157465511626,0.3800867653322229,,0.0690617868665813,,,,,-22.5587851,13.84615385,20.2,0.0076311445032175,2.060435192,3.718912912468888,2.8,1.83015931,2.26,12.6407,57.4,0.0,0.765381341,336.0463475,3.56,,0.0,14.005493680088344,0.0,0.0,0.241587575,4.0823986194995685,2.9305435720448667,82.64322691975842,1.9042626359027437,12.5660214865143,0.0763135855189775,0.45,E
DJI,吉布提,262,2009,0.3011833091283863,0.3977256370672787,0.5832347085849197,0.17686210521345988,0.34148844032076137,0.3065830915549438,0.41478774190859063,0.5770604575635978,0.19881710932649713,0.3743121000884074,0.323654210900845,0.3694720623589896,0.5917270768906275,0.23551655992413476,0.3800924775186492,0.39142779071106004,,0.0733954968726679,,,,,-6.7771884,13.84615385,20.0,0.0089609629691549,2.083255102,8.908128887021448,2.7,1.90362072,4.0,14.1275,57.6,0.0,0.728164434,329.1180623,3.37,,0.0,11.911043017924886,0.0,0.0,0.241587575,4.083692838654011,2.9245038826574636,82.58628127696291,1.3164722493135146,12.0633935197276,0.0763135855189775,0.45,E
DJI,吉布提,262,2010,0.35966519001217595,0.40495115899948153,0.5809121785566576,0.17614049704632678,0.3462940403126404,0.36630194639912417,0.42162738394198207,0.5747055375630716,0.19805134424886,0.39017155303825946,0.38728369184761563,0.37533866510658137,0.5896277514479025,0.23487960140363562,0.3967824274514338,0.3972861734847624,,0.075313768234017,,,,,4.473571379,13.84615385,19.5,0.0064953356199566,2.033322702,7.385103590321322,2.5,1.85621846,6.5,17.803,57.9,0.0,0.825460149,322.4936066,3.55,,0.0,13.291485811893772,0.0,0.0,0.241587575,4.083692838654011,2.9188955996548747,82.58067299396032,1.2899744262569994,12.3101115482206,0.0763135855189775,0.45,E
DJI,吉布提,262,2011,0.26553056176837053,0.41421276198028495,0.5876181771877139,0.17311896224860618,0.34435635422856675,0.2701286128572633,0.43060715051176474,0.5814401443323399,0.19524225011783855,0.3693545394548016,0.2846651020518996,0.3833562447868943,0.5954925108130966,0.2342137908133289,0.37443191211630483,0.39430510946371944,,0.0750517795542783,,,,,-13.86782429,13.84615385,18.8,0.009778904565135,1.948849448,4.469942797382975,2.4,2.14218068,7.0,20.3518,58.1,0.0,0.882237965,316.2695376,2.82,,0.0,9.846492925050436,0.0,0.0,0.241587575,4.083692838654011,2.9188955996548747,82.57031924072476,0.6770322774147707,14.0483820114051,0.0763135855189775,0.45,E
DJI,吉布提,262,2012,0.28568101278951336,0.4144098043727878,0.586689049194398,0.16865575496116975,0.34351705604449123,0.29051212304297525,0.43071390033732926,0.580322183302094,0.1902135396966052,0.3729404365947509,0.30578541614908905,0.38438431659866823,0.5945137943117009,0.22881266382932877,0.37837404772219674,0.3943580594076105,,0.0871728194097096,,,,,-10.93116736,13.84615385,17.4,0.006227888550141,1.899389061,7.6752242313656,2.2,1.88866687,9.4,21.9776,54.6,0.0,0.926983661,310.319039,2.67,,0.0,12.74503519052205,3.1031903900399997e-06,0.0,0.241587575,4.083692838654011,2.9188955996548747,82.57031924072476,0.8803463501826229,15.0779340955189,0.0763135855189775,0.45,E
DJI,吉布提,262,2013,0.20894002329450143,0.4251104066580975,0.5413974954520848,0.18905590361938235,0.33785600515173675,0.2142063288008684,0.44095324654965623,0.5384473999308884,0.2102720583732074,0.3509697584136551,0.211059026348263,0.393662567791659,0.5452178418716631,0.2455588680454344,0.34887457601425487,0.37072976033957333,,0.0586957670549271,,10898.549,30628.60841,11743.03299,-30.75120969,12.72727273,15.7,0.0064323790080849,1.85261177,6.549393597231586,2.0,1.8059175,12.7,24.7885,58.6,0.0,0.534002614,304.622958,2.71,110.9294192,0.0,12.914628823847252,3.0462295801077145e-06,0.0,0.241587575,4.083692838654011,2.9012079378774804,82.58757549611737,0.928073577613868,14.0736031920907,1.32720241912321,6.83,E
DJI,吉布提,262,2014,0.40104003223462037,0.43633045684504695,0.541868155599311,0.1946439564702152,0.3657741404103173,0.40813510311685924,0.4515780788683116,0.5387695393305362,0.2163670973900323,0.40371245467643485,0.44997519568117844,0.4038541619107997,0.5456643118020295,0.25132140817536236,0.4127037693923425,0.4149975900146297,5.28018026,0.0580914142580231,1.329738751,10860.3893,31245.11874,12345.57235,23.89321748,12.72727273,14.1,0.0050067615429196,1.800564961,7.48965061926745,1.9,1.76028001,17.0,28.6271,58.9,0.0,0.797515515,299.1871086,2.58,118.9085582,0.0,14.079262134596863,2.991871086258635e-06,0.0,0.241587575,4.083692838654011,2.902933563416739,82.5832614322692,0.9242979474767058,12.4414844133652,1.32720241912321,6.83,E
DJI,吉布提,262,2015,0.41586492149584503,0.4468584518083797,0.5440281752105839,0.19016922651290225,0.36965399947900984,0.42287622435723565,0.46148211175572457,0.5409728583338812,0.21158580356208556,0.4092292495022317,0.4625819577420427,0.41337029216828275,0.5479604271080293,0.2472073189071086,0.41777999898136586,0.42003173591488996,5.458368313,0.0552715946445099,1.739348802,11226.48296,32045.95519,12871.17738,29.45995118,12.72727273,13.1,0.0065035962003618,1.739612734,5.596321912981605,1.7,1.70769882,22.9,30.8092,59.1,0.0,0.670082084,294.027421,2.66,127.5995677,0.0,12.202441869128949,2.940274209972822e-06,0.0,0.241587575,4.083692838654011,2.8999137187230373,82.58239861949957,0.8017020267310129,13.9226222188224,1.32720241912321,6.83,E
DJI,吉布提,262,2016,0.4571691824551777,0.4536499155682234,0.5478029769829336,0.1939993539172512,0.37928353389950115,0.4594961488806493,0.46751370010638665,0.5446621966414263,0.21582001005088636,0.4218730139198371,0.4839500915925344,0.4195755700594933,0.5515133183003562,0.25148761208235204,0.42663164800868403,0.42820373832660874,5.333315297,0.6648866670406794,0.302782334,10942.25983,32215.53973,13611.02606,-1.00034789,12.72727273,12.7,0.0079894323046807,1.685198916,4.037958739578646,1.6,1.32919765,30.8,33.2718,59.8,0.0,0.499769805,289.1139909,2.37,136.6890365,0.0,11.470329359445367,3.854853212008254e-06,0.0,0.241587575,4.083692838654011,2.917601380500431,82.55220017256255,0.7156139865639092,12.9440656538847,1.32720241912321,6.83,E
DJI,吉布提,262,2017,0.5359513036699782,0.4791569398959089,0.5501041104612574,0.19077396557167386,0.3964911280775509,0.534925821727367,0.4895670053802361,0.5469492680816485,0.2123638651587349,0.4459514900869967,0.5442269126001895,0.44418052851067014,0.5537365160519405,0.24859656881832354,0.44768513149528094,0.44775867259770824,3.73971531,1.14458168564459,0.56223153,14819.51108,35106.03345,13863.32083,-4.79510874,10.76923077,12.6,0.0059208968185047,1.642861254,4.967573311996785,1.5,1.1462568,55.6814,35.3657,60.2,0.0,0.598855899,284.4030522,2.23,144.1496492,0.0,10.213601968259235,3.792040696180752e-06,0.0,0.242018982,4.085418464193269,2.9270923209663504,82.45599654874893,0.6070658611108214,14.0950621793055,1.32720241912321,6.83,E
DJI,吉布提,262,2018,0.5911753146263483,0.5177723938181353,0.551592283894935,0.19514268612913255,0.41705340009541303,0.5891882636785983,0.5308077072698429,0.5484032001664396,0.2169102797869704,0.47132736272546283,0.5919858468787967,0.4766783456769832,0.5553224569840236,0.2529536240141758,0.4692350683884948,0.468594573232089,3.108615401,1.2088699927521138,0.656019049,17141.10314,39908.25246,13946.438,14.71177991,26.15384615,12.2,0.0061999686077538,1.602593729,6.101417879953204,1.4,1.33991563,57.0617,36.8545,62.4,0.0,0.293270663,279.8815541,2.3,151.0318427,0.0,9.890336941597235,3.73175405501725e-06,0.0,0.243313201,4.085418464193269,3.215703192407248,81.86367558239863,0.6294519919170207,13.2679561188118,1.32720241912321,6.83,E
DJI,吉布提,262,2019,0.6218752398933226,0.5228743780998621,0.5517449807028781,0.1958747165472815,0.4229012605745005,0.6197152374389538,0.5358101666195815,0.5484265224846168,0.2175925738934341,0.4803861251091466,0.6196857184393249,0.48081936749069437,0.5555912175749016,0.2536801689752124,0.4774441181200333,0.47575752982229497,3.913784409,1.2936847448588051,0.449845162,19504.34432,43427.29864,14320.50549,18.25843919,26.15384615,11.9,0.0043054363934169,1.557660865,4.482373159402559,1.3,1.28569102,58.4762,38.0144,64.7,0.0,0.369765614,275.555727,2.32,159.4066804,0.0,11.041040481554877,3.674076360166031e-06,0.0,0.245901639,4.085849870578084,3.2911993097497843,81.42450388265746,0.6278019195211944,13.3123495424123,1.32720241912321,6.83,E
DJI,吉布提,262,2020,0.5973815501266454,0.5235874383632858,0.5541938118683922,0.19791763439056587,0.42114035262110017,0.6080618331507539,0.5363296222975671,0.5508948060497498,0.21988151739941925,0.47879194472437253,0.6348969534726346,0.48195842772860126,0.5577972212444068,0.2561325253057859,0.4826962819378572,0.4803852395658942,-0.306867603,0.8857758778571131,0.580719548,41679.65174,46323.47514,14345.2246,11.65211719,26.15384615,12.0,-0.002811388453115,1.502286563,9.48254957527588,1.2,1.07290661,59.9257,39.2725,64.5,0.0,0.332449615,271.4470298,2.09,161.3229323,0.0,9.68273826863224,3.619293731021328e-06,0.0,0.250215703,4.084987057808456,3.300258843830889,81.39128559102676,0.5388165633358306,12.8573956186616,1.32720241912321,6.83,E
DJI,吉布提,262,2021,0.5942392012552982,0.5249026642840056,0.5545946995786089,0.2020873393756652,0.42271611791078056,0.6021431538976478,0.5374268847946194,0.5511634837721036,0.22427094437831413,0.4787511167106712,0.6234570456252596,0.4821963199487952,0.5582451784634227,0.2601074705111435,0.4810015036371552,0.4791537908566094,2.911698993,1.128567389396615,3.353752725,37698.78174,43020.54428,14719.55783,-6.634815317,26.15384615,12.2,-0.0057632398753895,1.442689442,7.313279488569878,1.1,0.76665086,61.4112,43.6424,65.4,0.0,0.281995991,267.5590057,2.08,168.4326866,0.0,10.909884648753517,3.2285453351970304e-06,0.0,0.253377912,4.085849870578084,3.297670405522002,80.94779982743744,0.6095828933474129,11.736266476453,1.32720241912321,6.83,E
GAB,加蓬,266,2001,0.54398274260643,0.39717054228895865,0.6235731590761525,0.46144037997900816,0.48731284115127754,0.5382351598385511,0.4142996364247084,0.6190547460613721,0.4685559077606905,0.5100363625213306,0.5497755605511169,0.3705643070586461,0.6046587687618351,0.4927433281835859,0.504435491138796,0.49817492761086724,-0.517762469,0.5024620027976212,0.168658932,3923.054963,202588.4711,18977.29442,10.2998523,9.166666667,10.6,0.0027827212425173,2.631864207,21.93818060475462,4.8,1.26300132,1.34762,11.454,77.2,0.002229619,4.412182081,125230.1295,3.18,79.76997264,21.74499572,27.67675499068287,0.0,4.59603478064492e-06,91.9584779,0.8784491791826755,2.6016222299840885,0.0,1.4943167604492706,16.1662920328186,5.99119721647127,19.85,C
GAB,加蓬,266,2002,0.5172541093003598,0.40290286069313064,0.6177296418877248,0.6090268617669806,0.5379943376386271,0.5123476001693688,0.41914973418333573,0.6133650689230222,0.6122586092576207,0.5392802531333368,0.5260767484690826,0.3737212757961246,0.6004696092345472,0.6125040754515955,0.5281929272378375,0.5212943848226033,-2.885012358,0.4515082145537797,0.855807814,3641.213229,191939.97,18495.08853,6.33560264,9.243697479,12.0,0.0031138072343583,2.678103224,22.21338378675746,4.8,1.19960451,1.93953,20.7629,77.8,0.003640922,4.888253676,121920.8481,3.83,77.23061985,19.65594399,26.830511683574205,7.43419805447037e-07,4.4745818020867795e-06,91.93884426,0.8778670392362323,2.60123413668646,0.0,1.3950706739472247,14.4180635200298,14.7642153480749,77.01,C
GAB,加蓬,266,2003,0.528218468072094,0.40709004553400296,0.6153762472110169,0.6090249711522807,0.5401800816172592,0.5230461742270933,0.42297986611848387,0.6110797031974119,0.612228757869194,0.5423336253530457,0.5368783778862146,0.37646321359681767,0.6000475719262042,0.6123598690067148,0.5314372581039878,0.5241790553106246,-0.505326252,0.470215822989259,0.217120396,3576.322528,188292.2577,18021.11311,11.76147686,9.243697479,13.1,0.0046320868516285,2.729056967,19.45961587152313,4.7,1.4352864,2.65959,21.7022,78.5,0.001114284,5.304807216,118638.5503,4.43,76.70972533,15.52763898,25.4249976658986,7.234057944804138e-07,4.976136159315658e-06,91.91921062,0.8786044165017268,2.5986727209221097,0.0,1.429853793178283,14.3713475196388,14.7642153480749,77.03,C
GAB,加蓬,266,2004,0.5205263232411699,0.4166303117329574,0.6101100589068282,0.6034385160255292,0.5388422596956801,0.515276323016446,0.4314122698096254,0.6061292369598421,0.6061637325162017,0.5397453905755287,0.5279621596034295,0.3828303087076154,0.5948691980956674,0.6067174801514593,0.5280947866395429,0.5215176714227306,-2.091088445,0.4797805565276545,7.765278535,3455.343339,181008.6559,17512.86979,11.89774047,9.243697479,13.8,0.0036981893280823,2.80043793,22.82624828627281,4.7,1.35957062,2.97907,34.4235,79.2,0.003969711,2.695797767,115362.241,5.08,75.0928362,19.55117194,25.37507717522191,7.034282984983917e-07,4.838715722698717e-06,91.89957698,0.8770132339814493,2.593045368106493,0.0,1.4041666801490424,16.031263012819,14.7642153480749,77.03,C
GAB,加蓬,266,2005,0.538791759198975,0.43079977084178683,0.5917472501264942,0.6122342473028922,0.5447844863349312,0.5329166607266962,0.4441243583842329,0.5882185207102115,0.6157921309626145,0.5452629176959388,0.54263282189109,0.39354290932535313,0.5767290477905449,0.615927551599115,0.5322080826515257,0.5250541379234995,-0.262443846,0.5285520371488044,20.09447289,3790.450741,174020.13,16876.34354,20.69305688,9.243697479,14.3,0.0045299390691293,2.903808194,33.40633210226205,4.6,1.05433261,4.89326,50.3377,81.6,0.004857905,3.212327258,112060.5127,5.98,75.01832294,26.42068958,27.0412563132176,6.832958090051555e-07,4.700229122634516e-06,91.87994334,0.8772848992897893,2.584313268909846,0.0,1.363978688003717,13.490120871942,14.7642153480749,77.03,C
GAB,加蓬,266,2006,0.5140978614379935,0.44435714952806105,0.5821076511950289,0.6148731113469298,0.5444698226185882,0.5097512474230026,0.45748235219806255,0.5788112275206276,0.6185476089874885,0.5411481090322953,0.5164859640662532,0.4026315402550823,0.5688631514866463,0.6180139382252872,0.5264986485083173,0.5207528535351974,-5.696083429,0.5277122365258655,9.868137278,3782.343984,143343.1073,18258.90461,13.185301469398835,12.5,14.5,0.0044618755755978,3.018030874,27.957943085663217,4.6,1.2173816,5.4892,59.5349,80.5,0.01300404,4.191824684,108729.0175,6.86,72.91287492,25.32133942,26.474045883915007,1.3259636274917344e-06,4.560493987636715e-06,91.8603097,0.8783327511933869,2.577832110839446,0.0,1.5223229225299122,12.4856296093048,14.7642153480749,77.03,C
GAB,加蓬,266,2007,0.5369278683869944,0.46485394768563865,0.5770598179279268,0.6192765958370294,0.5540668447677222,0.5330881163450654,0.4777271447381524,0.5739303497425279,0.6213530658249288,0.5515246691626686,0.5429393676394068,0.416413857971178,0.5641968978829683,0.6187756747080234,0.5355814495503941,0.5291968126999568,2.745244866,0.5065268994915149,4.231361642,3954.563296,139700.1616,18471.94964,22.06393639,16.66666667,14.4,0.0056908898338576,3.126300836,21.301382758538704,4.5,1.23346996,5.767,75.1171,81.3,0.012395546,3.699126032,105382.4064,7.11,77.29355921,27.29214735,26.089889692155214,1.2851512976493942e-06,4.420124839487816e-06,91.84067606,0.8822136841696745,2.5714673807583344,0.0,1.523734957464705,15.666673593587,16.2964491299315,81.19,C
GAB,加蓬,266,2008,0.53898175529423,0.4704716455386999,0.5666788680593878,0.6090585065881998,0.5500998438635147,0.534082845923569,0.4827671677814151,0.5638651710887461,0.610059917813054,0.5476937756516961,0.531235856989707,0.4206462126652896,0.554699007795256,0.6074977095417751,0.5285196967480069,0.5228642903550691,-6.372985013,0.6143334404105089,20.47895904,3574.856109,116438.5922,19054.63343,24.5939589,16.66666667,14.3,0.0061616812587435,3.220725161,25.834149983666993,4.4,1.06247222,7.5,80.8873,82.0,0.012386617,4.386412292,102042.4036,7.69,74.73635541,29.08131886,25.48877100577464,2.4888391121066467e-06,4.280032865014699e-06,91.82104242,0.8824853494780146,2.563239802848605,0.0,1.7153955182229688,18.397421780985,16.2964491299315,81.21,C
GAB,加蓬,266,2009,0.4714574007484264,0.48317790114580694,0.5723192908929835,0.65875872993513,0.5642244896497441,0.4696340659062337,0.4938785251332107,0.5693305053118654,0.6588657267640047,0.5479272057788286,0.48157761285773787,0.4313891026338609,0.56378229466749,0.6491242415643192,0.531468312930852,0.5279990853195512,-3.146830491,0.4421440527731624,11.97152744,3220.392194,106933.8556,18208.2678,6.637818683,14.65517241,14.4,0.0054678102201184,3.327653333,30.36310542647976,4.4,1.54066849,9.5,87.2676,82.7,0.018855498,3.397594949,98702.66184,8.61,74.83376014,19.1967256,24.20718093890094,8.425836986535513e-06,4.139951840220854e-06,91.80140878,0.8838048666899523,2.5599410098187603,0.0,1.4185142071648502,16.1114361910177,21.882160354933,87.02,C
GAB,加蓬,266,2010,0.5266065751621586,0.4992510060427334,0.5584709232324847,0.6524785779096675,0.5710439649740621,0.5226311873176667,0.5092331905990787,0.5557208006582997,0.6517620488435091,0.5598368068546385,0.5286529460125472,0.4430396231557509,0.549342750993906,0.6413707156681223,0.5406015089575815,0.5354710981745727,3.458350737,0.6043446709938218,16.56432021,3050.434446,113056.2855,18421.51723,17.06850596,14.65517241,14.0,0.005500225291714,3.449942679,24.961058307008805,4.3,1.57325745,13.0,93.6112,89.3,0.0,2.285417135,95355.54536,9.09,80.13938941,27.34379206,27.963520705784784,8.140107530820482e-06,3.99956149230847e-06,91.78177514,0.8843870066363955,2.557961734000854,0.0,1.743841742355131,17.4973356308762,21.882160354933,87.02,C
GAB,加蓬,266,2011,0.5111279202369124,0.5384198595766009,0.5668013399957154,0.6518631200971837,0.5820703279627412,0.5080413559116645,0.5445872270935499,0.5638009654950507,0.6510613670216391,0.566872728880476,0.5175113653826547,0.4726039035578816,0.5551700602805218,0.6405643207447681,0.5464624124914566,0.54322540299236,3.359376003,0.5362896738094796,12.68122777,3069.253361,112736.7863,18448.63883,14.30205454,14.16666667,13.5,0.0059800664451827,3.547397199,32.08781218697127,4.2,1.58558345,18.0,133.01,88.7,0.0,1.751010829,92032.20005,6.83,85.82267723,30.21773118,27.949915789071586,7.85640732104928e-06,4.342689218657845e-06,91.73566189,0.8875305623471883,2.55291652113168,0.0,1.7892632053580697,17.5983931288628,21.882160354933,87.02,C
GAB,加蓬,266,2012,0.5323135418420252,0.5518521483135166,0.5654354973979442,0.6494546643282988,0.5876587149852641,0.5280502353497147,0.5574373589956165,0.561897559636243,0.6482031161165652,0.5738970675245348,0.530856962197359,0.48308785434759016,0.5533376100765861,0.6369415294333464,0.5510559890137204,0.5477190589709843,1.552307854,0.706387433018572,2.941902704,3150.936499,104493.9019,19117.19033,11.51765233,15.78947368,13.0,0.0051611317624651,3.577469045,27.354107366495768,4.1,1.48285842,24.0,138.488,89.3,0.06365831,2.269104296,88797.97324,5.73,90.32929203,29.65849976,34.36964442646852,7.580314788815137e-06,4.190076960396645e-06,91.68954865,0.8901695967710637,2.552062715876897,0.0,2.0727767413201335,17.9323718983418,21.882160354933,87.09,C
GAB,加蓬,266,2013,0.5327533960405603,0.5670953400345298,0.5581207496332408,0.6438159043794319,0.5886256801345016,0.528573949038097,0.5712278743032062,0.5547083408028601,0.6420568026453233,0.5741417416973716,0.5298587062499042,0.4969179839723047,0.5502992652193691,0.6311207053168991,0.5520491651896193,0.549407347440644,1.984806095,0.7410314340022744,6.157924934,3249.859742,99728.88019,19630.07232,8.312421476,15.78947368,13.1,0.0047831535193618,3.520092964,28.268861545827914,4.0,1.82302928,30.538,143.499,86.4,0.071175934,2.513544869,85726.57717,7.98,95.42268892,22.48928932,33.46363507349911,7.318122441597463e-06,4.494609039653246e-06,91.6434354,0.890751736717507,2.551985097217371,0.0,2.0794981487763837,19.5603263444648,21.882160354933,87.09,C
GAB,加蓬,266,2014,0.5310978741716185,0.5752715986025856,0.5663386234905141,0.6505578166798308,0.5949928422494803,0.5271335004372276,0.5781375503543901,0.5624625750097432,0.649431109718139,0.579291183879875,0.5277328138897918,0.5049763855958539,0.5597471302513688,0.6381247212588473,0.5576452627489654,0.5554886910447111,0.869784891,0.7643388981913253,0.851390333,3508.206956,93934.36119,19864.6089,6.108920584,15.0,13.3,0.0048516372374562,3.358440017,30.378098654518123,4.0,1.51668847,38.0712,148.238,87.1,0.047692712,2.36883185,82895.3108,7.43,99.54014401,15.51918392,34.36166245743852,7.076428971102391e-06,4.3461669131403726e-06,91.59732216,0.8924593472270733,2.536500174641984,0.0,2.063835030244152,17.5749205889213,21.882160354933,87.09,C
GAB,加蓬,266,2015,0.5162097162172573,0.576395224709801,0.5756998834844906,0.6457834513600148,0.5935835494247765,0.5129096793493757,0.5788634821631516,0.5715718140717323,0.6442995549376026,0.5769111326304656,0.5145338142789169,0.5090245921733261,0.570858395415689,0.6335571329888102,0.5569934837141856,0.5558283895393341,0.693296575,0.7407300407918107,8.927172453,3735.428956,90375.68837,20023.70082,0.980288665,14.16666667,14.1,0.0040260329953081,3.114656253,29.902169977398213,3.9,1.56549394,45.7845,138.244,87.3,0.060506351,2.437395391,80353.20132,7.22,103.4012061,7.345856963,31.64442272198625,6.85941962450557e-06,4.2128851624335065e-06,91.55120891,0.8924593472270733,2.536538983971747,0.0,1.978279767308888,19.0802063973254,21.882160354933,87.1,C
GAB,加蓬,266,2016,0.5190148478384022,0.5898172694020261,0.5759472159150612,0.6444484400569507,0.5974754331837782,0.5162288084870357,0.5914344373495752,0.5718647355775159,0.6428961699914301,0.5806060378513892,0.5179832536915728,0.5212523677655388,0.5714686681948078,0.6323911469266311,0.5607738591446376,0.5600221659606682,-0.79183198,0.677629375332252,4.26975398,4101.102258,85320.10657,19926.5179,9.178323504870376,14.16666667,15.3,0.0037234684032803,2.86485541,28.21017508877278,3.8,2.01055074,48.0523,141.05,88.1,0.062178599,2.589618017,78083.86016,7.08,105.5637825,6.471545328,30.196826348359625,6.665695379625635e-06,4.503294997143274e-06,91.50510343,0.8930026778437535,2.516862653781969,0.0,1.9278509831424564,19.508604040814,21.882160354933,87.1,C
GAB,加蓬,266,2017,0.4706779968590374,0.5790235585762094,0.5702913843282533,0.6530699889559755,0.5898793662549345,0.4714122437671687,0.5822279651927007,0.5662499799653168,0.6522231882481712,0.5680283442933394,0.4820810503850956,0.5151766183740993,0.5651154358008684,0.6410679406202903,0.5508602612950884,0.551203411282553,-2.163617741,0.3865504429270098,3.820302144,4524.053379,75414.24114,20418.5454,8.777625708417531,17.09401709,16.4,0.0034993917366294,2.658895725,28.45750846121749,3.7,1.75976336,51.6049,123.475,86.3,0.045692831,3.274479714,76035.0503,6.62,106.0627213,9.801758075,31.56955258061091,6.4907969771431224e-06,4.265540328262785e-06,91.45899794,0.8937400551092483,2.5093336438079716,0.0,1.943297111131717,17.0740128544082,21.9685372651069,87.1,C
GAB,加蓬,266,2018,0.4852304856467925,0.5905538873070937,0.5696457270802054,0.6531743604039638,0.5950987310831762,0.48500756333376205,0.5925667983942431,0.5660838542402888,0.6525944585996342,0.574063168641982,0.49233978040045445,0.5241925148955964,0.5644564858615096,0.6424291571127323,0.5558544845675732,0.5561130953357232,-1.688047436,0.5089129003267627,7.176657494,4885.469755,70857.08959,19991.3128,8.376927911964685,16.532490349668706,17.5,0.0033973898467434,2.536882898,27.780816320257756,3.6,1.61284041,55.4202,132.465,89.6,0.004412499,2.760557613,74130.39174,6.82,106.9514385,12.13091227,25.708648734082377,6.328204173179443e-06,4.1975558924078726e-06,91.41289246,0.8951760003104745,2.4935382465944813,0.0,1.628743351543494,17.4588037971893,21.9685372651069,87.12,C
GAB,加蓬,266,2019,0.4806228712637281,0.6002242931571088,0.5729969842197284,0.6521010196236712,0.5976529693847938,0.48125043847134896,0.6018443317895776,0.5693684717142244,0.6516025534630018,0.5760164488595382,0.4931789779770817,0.5336615393772371,0.5676820128993595,0.6421689378170895,0.559172867017692,0.5598634664189086,1.382575991,0.4571420318185414,1.547485198,5209.121815,71686.19057,19871.64711,7.976230115511839,17.91044776,18.6,0.0043852452903359,2.47279132,33.63310764270148,3.4,1.66963005,59.5176,131.975,90.3,0.004917152,2.44101764,72319.78043,6.35,111.1447999,11.5255687,24.77865902384819,6.1736397928126485e-06,4.246699769621812e-06,91.36678698,0.8952924282997633,2.4804206931346298,0.0,1.4184874331152275,18.0352413994305,21.9685372651069,87.12,C
GAB,加蓬,266,2020,0.48423492826075154,0.6015507427697384,0.5735181393732943,0.6484087313921265,0.5972846646875651,0.4845887483461192,0.6019747249959941,0.5698346637297629,0.6476771250066927,0.5760188155196423,0.490506923854883,0.5345504430819792,0.5696914357953218,0.6388300594023765,0.5583947155336401,0.5593210675053201,-4.155280833,0.4787437712134021,9.009868562,5747.732124,72076.78182,20849.99036,7.575532319058993,14.78873239,19.7,-0.0039205785823546,2.389223598,26.737979426825557,3.3,1.89678836,63.9179,131.302,91.1,0.00618118,3.485340929,70612.37723,6.52,109.102224,6.621365954,23.404968474245628,6.027885861120094e-06,4.072395556014344e-06,91.32068149,0.8945550510342687,2.474987386967827,0.0,1.3046217854684032,19.2515816676686,21.9685372651069,87.12,C
GAB,加蓬,266,2021,0.4730256600654314,0.6085323872884523,0.5686042273506151,0.6503610521765524,0.5975478114075577,0.47460004199475264,0.608378244320048,0.5651937834672827,0.6498452989180451,0.5745043421750321,0.4850603682006212,0.5423993970798013,0.5640305269045985,0.6410155267452627,0.5581264547325709,0.5595239854207603,-0.845244789,0.4130124353687885,20.33840918,6737.850258,69093.88768,20360.80831,7.174834522606147,16.1971831,21.3,-1.4909128859486032e-05,2.306124358,38.93597989163226,3.2,1.65491903,68.6436,132.309,91.8,0.020698802,3.136779046,69002.60106,6.47,110.7037981,11.2745159,22.399979181164884,5.890465944271144e-06,3.9795556662790185e-06,91.27457601,0.8956805215973921,2.4843792447704427,0.0,1.2616757685585442,18.7277559333643,21.9685372651069,87.12,C
GMB,冈比亚,270,2001,0.2489148602332462,0.32042649225469316,0.5278018204809193,0.5180175236424377,0.4263596218658548,0.25472380332077493,0.3374810861826095,0.5263059189641626,0.530502684911496,0.41225337334476075,0.3182214651286133,0.30478566863588685,0.5309378107738199,0.5733170739328519,0.431815504617793,0.4305995244319516,2.97441795,0.0130926107475259,1.805437652,3013.752516,1928.4200560743047,2615.040846,-2.147421361738566,2.040816327,16.9,0.00674880050616,2.706993376,23.618555314977616,1.7,0.61059773,1.33679,3.68459,29.9,0.0,2.608029087,2006.674198,3.1,10.956853,0.0,3.14651943698073,0.0,0.0,34.74278656,13.90810276679842,4.8814229249011865,0.1432806324110672,0.2006674198383824,3.04375924126254,4.7775088064712,19.95,W
GMB,冈比亚,270,2002,0.2395285668676634,0.32577527200413053,0.5241644954865452,0.5173937147343218,0.42571090854427585,0.24436794198780262,0.3432072418305434,0.522730128670806,0.5299005053166733,0.4100514544514564,0.30145649952497083,0.3074774760759555,0.5276020361167726,0.5727842384695785,0.4273300625468193,0.426931249712998,-5.812879006,0.0293997957692688,10.39134459,2381.00529,1972.081200821456,2594.01657,-2.331773676245575,5.660377358,18.9,0.0079081053715761,2.684687794,16.78723128546042,1.8,0.54214686,1.79678,6.51173,31.5,0.0,3.76193144,1953.517993,3.23,10.35287579,0.0,3.050213187418568,6.511726642924912e-07,0.0,34.17628458,13.93774703557312,4.886363636363637,0.1432806324110672,0.1953517992877473,3.05951907901531,4.7775088064712,19.95,W
GMB,冈比亚,270,2003,0.252425180332008,0.3383486354302687,0.5186763998163825,0.5201612348600669,0.4309754847130408,0.2579833325896719,0.35665763683524304,0.5172736004235867,0.5325054672203011,0.4161050092672007,0.3202441550261924,0.31800772397249377,0.52227851872869,0.57499702860426,0.43388185658290906,0.43300791830295804,4.030268925,0.0102661249588418,12.89394118,2785.730127,2015.742345568622,2571.822011,0.541196572,13.20754717,19.9,0.0084349452681169,2.693123485,20.188753754886346,1.9,0.5868997,2.43678,9.46368,27.8,0.0,6.422433213,1901.609459,3.05,10.81131529,0.0,2.969163462982958,1.267739639239331e-06,0.0,33.60978261,14.054347826086955,4.871541501976285,0.1432806324110672,0.1901609458858996,3.07113420780222,5.28331819345083,19.96,W
GMB,冈比亚,270,2004,0.23727018995380653,0.3528230744426621,0.5287807401121224,0.5206881398738595,0.43555236850159057,0.24223620257224887,0.3708533588703773,0.5272709917649414,0.5329799678221412,0.4183351302574272,0.29670787595506054,0.33043048683499276,0.5318475594292363,0.5758000027928316,0.43369648125303034,0.4345378840365039,4.164563977,0.0187129512531277,94.19011414,2915.207375,2392.812707,2670.171954,-3.152280704,13.20754717,19.1,0.0090342304587534,2.732402056,22.771681206331664,1.9,0.78081375,3.308,10.7937,34.8,0.0,2.605675086,1850.353294,2.94,11.31497811,0.0,3.048852367712075,2.4671377254963884e-06,0.0,33.04328063,14.317193675889328,4.7519762845849804,0.1403162055335968,0.1850353294122291,3.12036642133536,5.28331819345083,19.96,W
GMB,冈比亚,270,2005,0.23465261822555086,0.35400253474484583,0.5279209824366712,0.5207999956629309,0.4354158713699588,0.24003268823173857,0.3717258492573208,0.5264442672353744,0.5331718296920732,0.41784365860412676,0.29977847538784275,0.33130021003333393,0.53115254509312,0.5760314633188125,0.43456567345827735,0.4352963541304946,-5.03011453,0.0068113191841112,4.113805283,2712.224106,2282.147527,2545.717055,-4.22219702,13.20754717,17.6,0.0061447854431564,2.781210107,22.405021604199547,2.0,0.81679177,3.799,14.8454,30.5,0.0,2.690589172,1799.600129,3.05,10.80745806,0.0,2.992389785969438,3.5992002577027385e-06,0.0,32.47677866,14.359683794466404,4.74209486166008,0.1403162055335968,0.1799600128851369,2.93415913499738,5.28331819345083,19.96,W
GMB,冈比亚,270,2006,0.23301198068355713,0.37569944878105827,0.5266792271545117,0.5206973588374606,0.44129818159977585,0.23838974279546976,0.39272894482625553,0.5252243422006633,0.5331089180225949,0.42236298696124586,0.2991537542852115,0.3492003568712539,0.5301066303663082,0.5760583302421183,0.438629767941223,0.4401619459983159,-3.352217018,0.0104353189296434,1.303203998,2204.193939,2305.538936,2677.964089,-6.223246232,13.20754717,15.5,0.0094231094569448,2.852561853,25.651863403827377,2.0,0.88458723,5.23769,23.5732,38.1,0.0,2.796143067,1748.990687,3.2,10.74741388,0.0,3.160498463297793,4.080978268790719e-06,0.0,31.91027668,14.42687747035573,4.728260869565217,0.1403162055335968,0.1748990686624593,2.85713807309518,5.28331819345083,19.96,W
GMB,冈比亚,270,2007,0.23618081356651696,0.38796470982547593,0.5259259916394643,0.5224945428108312,0.4458279840244194,0.24167448420229154,0.4029076246683275,0.5244877029339831,0.5345292396720416,0.4258997628691609,0.30371690314915234,0.35633510758314246,0.5295060589453856,0.5767803803711967,0.44158461251221925,0.443210793275104,0.096337244,0.010158606741209,4.414824902,2065.321759,2291.356676,2753.754155,-6.19477968,9.433962264,13.7,0.0055977340908708,2.901570356,20.64816901823223,2.0,0.70619458,6.20504,45.3269,39.8,0.0,3.103633011,1698.971669,3.22,11.0744845,0.0,3.181126153894128,6.795886676324376e-06,0.0,31.3437747,14.515810276679842,4.729249011857708,0.1413043478260869,0.25906879702612,3.45992974615314,5.32321176161773,22.58,W
GMB,冈比亚,270,2008,0.25057424086886043,0.4098032371749009,0.5263990104465672,0.5265325771345655,0.4557314979676267,0.25617322589170455,0.42333185517071603,0.5249378661172549,0.5385420586958329,0.4357462514688771,0.3193009569640886,0.37342387372719793,0.5298986862441499,0.5803050395699076,0.45073213912633603,0.4523786449640356,3.21187607,0.0089642055405352,2.475845868,2622.012844,2188.822926,2560.65441,-0.402650265,9.433962264,12.0,0.0078665355577407,2.906646313,23.775312841749493,2.0,0.7288478,6.88,64.1491,41.5,0.0,3.237946159,1650.299364,3.09,11.76729379,0.0,3.210259109798963,7.701397033421862e-06,0.0,30.77727273,14.567193675889326,4.724308300395257,0.1413043478260869,0.2200399152406246,3.45303965209397,5.35996500927211,25.12,W
GMB,冈比亚,270,2009,0.26146168873749126,0.41853386314238106,0.5261114898681848,0.5279075563193416,0.46018022415808824,0.26669974392767093,0.43124813176040516,0.5246426432718063,0.5401211276997222,0.44067791166490117,0.3281686921868031,0.3801460961796705,0.5296677868521649,0.5818328187449802,0.45495384849090464,0.45647983643334267,3.612386872,0.0455127682902784,4.513305353,2948.528597,2094.050239,2529.102314,1.931104127,7.547169811,10.5,0.0043325120301622,2.904298539,20.55656073296135,2.0,0.9055742,7.63,70.1538,43.2,0.0,3.362405917,1603.059064,3.09,12.55166915,0.0,3.347210970621645,8.549648342276622e-06,0.0,30.21077075,14.597826086956523,4.721343873517787,0.1413043478260869,0.2137412085569155,2.87930344188507,5.35996500927211,25.12,W
GMB,冈比亚,270,2010,0.2592465109222719,0.43179823648804655,0.5277193345363467,0.5259662709383602,0.46342815685843086,0.26459525318300403,0.44385354341855227,0.5262013817614719,0.5380882413124884,0.4431846049188791,0.32606438781023656,0.3912877138289916,0.5311006495761126,0.57970724199179,0.45703999830178266,0.45920269514943834,2.873509505,0.0440615716479964,5.644330861,3229.058863,2080.38403,2486.153461,1.133911817,7.547169811,9.7,0.0071128673746605,2.9073793,23.55927188925741,2.0,0.91823167,9.2,76.7323,46.8,0.0,3.090206861,1557.123059,2.92,13.29326391,0.0,3.546604787836443,9.342738356612325e-06,0.0,29.64426877,14.575098814229248,4.724308300395257,0.1413043478260869,0.2595205099058978,3.10541400221688,5.35996500927211,25.12,W
GMB,冈比亚,270,2011,0.23114324542697542,0.4311893289407118,0.5220238056482898,0.5250174290343482,0.45800764557010704,0.23552391693377794,0.4435762338367203,0.5206002131225698,0.5371661600298143,0.4342166309807206,0.29048379097873817,0.39080656376079526,0.5259320242557299,0.5787478636605483,0.44649256066395293,0.4501418618248552,-10.77726091,0.0723561490362646,4.572123504,2218.055593,2126.194237,2531.906801,-7.671352279,7.547169811,9.5,0.0064413817908348,2.923376927,17.04318615333121,2.0,1.04374862,10.8703,70.6308,48.3,0.0,4.570765179,1512.261416,3.24,12.2124625,0.0,3.620539489621486,9.577655631863146e-06,0.0,29.07786561,14.54644268774704,4.7559288537549405,0.1413043478260869,0.2677486334197675,3.10200068163289,5.35996500927211,25.12,W
GMB,冈比亚,270,2012,0.2493175669112934,0.43987094759926987,0.519509077289076,0.5227041784891764,0.4615929783979497,0.2542217076602165,0.4515377081816972,0.5181028987811418,0.5347604422831561,0.43965568922655296,0.3152559611362837,0.3977552591111004,0.5234810332315653,0.5765049043878984,0.45324928946671195,0.45610920156624307,2.186458971,0.0890456382344636,3.845160214,2301.271743,2171.176208,2554.045926,-6.557071527,7.547169811,10.2,0.0055067331589804,2.945919358,18.163628300998383,2.0,1.20622373,12.4492,74.7,49.9,0.0,5.903301104,1468.361221,3.13,12.85258718,0.0,3.4286759615870332,9.78907480517294e-06,0.0,28.51146245,14.543478260869566,4.759881422924902,0.1413043478260869,0.2501930865638096,3.56496591594957,5.35996500927211,25.12,W
GMB,冈比亚,270,2013,0.2469065442983354,0.45229171576568267,0.5199138487629552,0.5248904221202385,0.46581743007723747,0.2515554879558985,0.4627290448411543,0.5184930799394383,0.5372433855994769,0.442505249583992,0.3108614184282157,0.40694163182701343,0.5237746826276284,0.5788440472670274,0.4551054450374712,0.4585344343838976,-0.096616308,0.0974113689810475,5.933131381,2160.106656,2138.002826,2580.219274,-7.059356592,7.547169811,11.1,0.005686591276252,2.928941434,21.69862440703102,1.9,1.08376527,14.0,87.8808,51.5,0.0,6.036871056,1425.977508,3.01,13.2218123,0.0,3.3138564131259782,9.506516717209647e-06,0.0,27.94505929,14.547430830039524,4.770750988142292,0.1413043478260869,0.2452914289245277,2.70849499899733,5.35996500927211,25.12,W
GMB,冈比亚,270,2014,0.24274438189388228,0.4733015875815306,0.5195099404055336,0.5449767631764609,0.47869126862084566,0.24696956578674245,0.482490783660535,0.5181202771794253,0.5563697334563991,0.45098759002077543,0.30387455435976707,0.4227414814094136,0.5236525217600067,0.5941167013775336,0.4610963147266802,0.46530420592567157,-4.172586098,0.101670509837695,5.211723107,1788.299765,2218.504139,2529.177748,-6.877587197,9.433962264,11.9,0.0052046520593715,2.844758394,21.362625015707813,1.9,1.09228694,15.56,105.505,53.0,0.0,5.367388189,1385.983457,3.34,13.03573083,0.0,3.561912417424343,9.701884198310209e-06,0.0,27.37865613,14.553359683794469,4.793478260869565,0.1393280632411067,0.2651684635172194,2.95126837333973,7.58832664517386,30.87,W
GMB,冈比亚,270,2015,0.24994955924290854,0.48888766503740116,0.5179607092819358,0.5420863397161944,0.4828584393955966,0.25444187959554665,0.4966222247665197,0.5166001163493125,0.5533228885124851,0.45524677730596597,0.3138475791670801,0.4340154017390711,0.5223089186609854,0.5912128891475985,0.4653461971786838,0.46963442507911557,1.251372481,0.0834435871636535,9.720362427,1796.425808,2574.355292,2423.305722,-3.902280613,9.433962264,12.6,0.0063123242137559,2.734288399,18.86241986505907,1.9,0.99829203,17.6,122.079,54.7,0.0,5.695464463,1348.600086,3.48,13.5647304,0.0,3.547527426732893,9.8897339616611e-06,0.0,26.81225296,14.549407114624504,4.794466403162056,0.1393280632411067,0.2643184242596972,3.55639273005512,7.58832664517386,30.87,W
GMB,冈比亚,270,2016,0.24307488944086178,0.501957144347161,0.5156994057299031,0.5428395301703695,0.4856060302555582,0.24761292434324728,0.5089782635228757,0.5143566743337831,0.5542265480608155,0.45629360256518037,0.3071735565244297,0.4462360304279489,0.5201365332634814,0.5920925251511583,0.46640966134175454,0.47148659413326754,-0.701007891,0.070727127396314,7.820622749,1718.690415,2910.073096,2292.274238,-5.127966475,9.433962264,12.8,0.0065903352336791,2.628194051,22.913876140713004,1.8,1.2897681,19.9,124.274,56.4,0.0,6.686377353,1313.617971,3.45,13.8283419,0.0,3.483529918771424,9.633198453959225e-06,0.0,26.24505929,14.576086956521738,4.790513833992095,0.1393280632411067,0.2595525204169073,3.1541714385058,7.58832664517386,30.87,W
GMB,冈比亚,270,2017,0.24654205192320153,0.5025604707565711,0.5168320373769277,0.5410251251077376,0.4858172258686669,0.2511994290601342,0.5093413440351718,0.5154560019092023,0.5523620829670989,0.4570897144929018,0.3122428892967795,0.4462559558101777,0.5210938679984127,0.5903198631685365,0.4674781440684766,0.47237245589744825,2.208075467,0.0823969833725472,3.92171862,1606.014351,2659.530425,2440.388195,-6.328755935,10.34482759,14.2,0.005079986116808,2.525881385,20.049620248408647,1.8,1.06097889,22.5,126.634,56.2,0.0,6.617679575,1280.853082,3.29,14.49522907,0.0,3.455140227713393,9.3929226035986e-06,0.0,25.67885375,14.568181818181818,4.790513833992095,0.1393280632411067,0.2519429900832085,3.44417988072555,7.58832664517386,30.87,W
GMB,冈比亚,270,2018,0.24621356550818838,0.5173714249541026,0.5271625075605126,0.5408261701702852,0.4922300758873866,0.25108609170977103,0.5230857796157649,0.5257234495203881,0.552270664935023,0.46304149644523673,0.31333441740845214,0.4580804760184135,0.53090201452847,0.5901919322550372,0.4731272100525932,0.4786411550247009,4.667874305,0.0837986488746397,6.951764038,1649.288575,2561.972207,2551.236825,-8.083325297,10.34482759,15.0,0.00511709675394,2.422943009,14.881448488768278,1.7,1.04798186,28.3,132.578,60.3,0.0,2.770953945,1250.191696,3.24,15.543943,0.0,2.747287962582808,9.168072437773793e-06,0.0,25.11264822,14.552371541501977,4.773715415019763,0.1541501976284585,0.247620760183228,3.22018611656921,7.58832664517386,30.87,W
GMB,冈比亚,270,2019,0.25582467210000925,0.5034911607095311,0.5271364137322232,0.540771140354921,0.4893794242376079,0.26044641608944186,0.5105218815577098,0.5256981762190263,0.5523526082938047,0.46225477053999564,0.32093393625490496,0.4508621828547243,0.5309560116607176,0.5903341895963142,0.47327158009166526,0.478130500119075,3.74848296,0.0733344118013237,6.252206399,1648.441831,2824.895075,2619.493291,-2.044452216,10.34482759,16.8,0.0061373645250959,2.35622072,20.823462946772363,1.6,1.28750503,31.1183,105.205,62.1,0.0,2.861239344,1221.07875,3.24,16.5110954,0.0,2.745236860038993,1.0989708748296596e-05,0.0,24.54545455,14.539525691699604,4.766798418972332,0.1551383399209486,0.2128747287170044,3.01518184280843,7.58832664517386,30.87,W
GMB,冈比亚,270,2020,0.23906260658718745,0.5149575823948043,0.5270433959447396,0.539977630142614,0.49024233237045706,0.2439744029394572,0.5204739567804691,0.5256188025486426,0.5516203031368236,0.46042186635134813,0.3043182250220432,0.4613680026227255,0.530831484393337,0.5897319590563371,0.47156241777361074,0.4776249009815378,-1.763187113,0.0336612845416243,2.188758959,1716.410208,2988.043415,2523.428297,-4.776218486,8.620689655,18.0,-0.0001396929858599,2.368661292,24.243431238529684,1.6,1.9513855,34.2172,106.448,62.2,0.0,3.080133319,1192.495388,3.19,16.60875643,0.0,2.412789155668106,1.073245849221678e-05,0.0,23.97924901,14.535573122529645,4.771739130434782,0.1551383399209486,0.1756943205022154,3.0579365899503,7.58832664517386,30.87,W
GMB,冈比亚,270,2021,0.2416974669861757,0.5119688940637704,0.5277657657443348,0.5386806392130015,0.48938750725577657,0.24703361437667554,0.5171751055911785,0.5262999136367184,0.5503004345769331,0.46020226704537637,0.309784346028032,0.45878876568141164,0.5314545796417204,0.5883722662581847,0.47209998940233716,0.4778366889956266,2.793045884,0.0163840106906523,7.382122856,1882.079955,2941.558011,2554.808272,-4.313331603,8.620689655,18.9,-0.0088639821167997,2.367747784,31.24987868835913,1.5,1.28643787,37.6247,108.847,63.7,0.0,2.930407385,1164.591752,3.11,17.48170748,0.0,2.702728136989235,1.0399804348585604e-05,0.0,23.41238142,14.522727272727272,4.775691699604743,0.1551383399209486,0.1972042033998315,3.14869888178045,7.58832664517386,30.87,W
GHA,加纳,288,2001,0.2793214650220523,0.3457796610931624,0.4926524946188382,0.5566823351410958,0.44455984100168927,0.2810181443363625,0.36471289386284284,0.4917241833495737,0.5659004142156457,0.4258389089411062,0.327661447716531,0.3243350394847799,0.4968219532487881,0.5690466164983117,0.42946626423710266,0.4282573835320324,1.266924337,0.3228675543401814,34.81794407,602.9617486102798,1982.2310849338537,3446.053554875005,-8.042861874,9.0,14.8,0.0045408417757442,2.663105441,5.814429454275185,2.5,0.84126645,0.200008,1.20889,44.8,2.04512627,9.588187479,1502.449364,4.65,20.68870308,0.558497541,4.838371084130036,0.0,5.969054394919757e-07,38.49012042,0.1670475520787553,3.819943746154523,0.0286982508569921,0.2578460955332676,8.76269041726404,14.5569662239042,78.41,W
GHA,加纳,288,2002,0.2906120952825444,0.34829922295251947,0.49180928238119537,0.5550793989107491,0.4460301902529013,0.2923783109347249,0.36741385120398057,0.4908917469714686,0.5642181847709724,0.42872552347028664,0.3395988314749981,0.32628629202102416,0.49563858325386423,0.5674162361336081,0.43223498572087365,0.43059211408496684,1.665263905,0.3000228091286506,22.81858472,712.7642968764412,2457.6415874940576,3494.2882513749937,-1.70668469,9.0,13.4,0.0052394568772153,2.7501377,7.182074067985027,2.4,0.65024012,0.830284,1.86583,46.8,2.292808775,10.06840281,1461.692936,4.43,21.053775,0.517287395,4.68207265682826,0.0,5.807133903186143e-07,38.0920893,0.1671354487123143,3.8166476223960624,0.0284785092730948,0.2653238002009514,9.05382644206787,14.5569662239042,78.41,W
GHA,加纳,288,2003,0.29787036184505744,0.3583614902361596,0.4898341598253994,0.5600580959386877,0.4513520823957473,0.29945056641413226,0.3771738032374812,0.488759044601517,0.5694488745868328,0.43370807220999075,0.3454686599975613,0.335213489085991,0.4947401014217878,0.5720507453681907,0.4368682489683827,0.4352788937230722,2.397606595,0.3044784712755815,28.70440721,822.5668451426318,2933.052090054378,3542.522947874997,1.332245334,9.0,12.6,0.0051951148886881,2.699996233,7.007656818273062,2.4,0.94345516,1.19306,3.73546,48.3,0.944846306,14.2031675,1422.755304,4.01,21.5835966,0.430091347,4.410299066428434,0.0,5.652439278616105e-07,37.69405819,0.1654654126746945,3.826623890305002,0.0283027160059769,0.2770381615371955,8.01951205278266,14.7129457127801,79.15,W
GHA,加纳,288,2004,0.2812607709646943,0.3705771080871646,0.49966301320560014,0.5533126193025903,0.4523658468108075,0.2837284249729074,0.38948016914640615,0.4984153061378594,0.5621616929774194,0.43344639830864806,0.3345505806158709,0.3453941679235467,0.5040774244788558,0.5650783413639253,0.43727512859554973,0.4368564498461079,2.839829959,0.275856853675245,14.35015113,932.3693934087931,3408.462592614698,3590.7576443750004,-6.645203446,10.86956522,12.0,0.0051174297624292,2.648564224,7.932944758663889,2.3,0.9509024,1.7168,7.75095,50.8,0.707191324,11.07777916,1385.567363,3.75,22.22534491,0.546173547,4.889527582859319,0.0,5.504695968890675e-07,37.29602707,0.162125340599455,3.7774457238287775,0.0252263338314142,0.2972339228228918,9.76248690813227,14.7129457127801,79.15,W
GHA,加纳,288,2005,0.27298412596962895,0.38021908148003897,0.5027800936835136,0.5555323085115788,0.4555782164547397,0.2758334532593849,0.3981853596619641,0.5015282550346932,0.5646585759478499,0.435051410975973,0.32822454613814356,0.35443193588100563,0.5063329703541846,0.5674402698022916,0.43910743054390633,0.43936500215832514,3.158610995,0.2607829277679386,14.9637184,1042.1719416749838,3883.8730951750185,3638.992340875004,-10.28063187,10.86956522,11.1,0.0054285521613055,2.622757231,8.42070077656287,2.2,1.756845,1.8312,12.8046,41.3,1.250103253,9.479504945,1349.699712,3.5,22.96540175,0.614659667,4.840141101355672,0.0,5.362198013469201e-07,36.89799596,0.1621692889162345,3.78052210600334,0.0255339720488705,0.2895395421480038,8.95681300229278,14.7129457127801,79.15,W
GHA,加纳,288,2006,0.26525069371435256,0.404296809199059,0.5123933981986258,0.5589666336617114,0.46491972911260365,0.2681505945502014,0.4216950225811531,0.5110979675080547,0.5684723007658273,0.44235397135130916,0.3144392754602515,0.3731605841635698,0.5152908129778967,0.5710159821583567,0.44347666369001865,0.4452478218801583,3.669508041,0.1784531142302257,84.68347182,1281.357981,5044.662523,4075.103821,-5.056607765,10.86956522,10.4,0.0056507595828163,2.599672365,8.159907627814466,2.1,1.65231752,2.72318,22.6002,55.1,1.593944707,5.039195304,1315.064098,3.57,23.85617292,0.387616897,4.5666804716917,0.0,3.73185342824624e-07,36.49996484,0.1623011338665729,3.786191438867891,0.0265008350180188,0.2907897511108819,7.784030427373,14.7129457127801,79.15,W
GHA,加纳,288,2007,0.2610044456142146,0.4175769164052632,0.5111007948221001,0.5505059268973024,0.46492371703331864,0.2647322464739288,0.43421973985273943,0.509768608119884,0.5593246302982804,0.44201130618620815,0.31897689000994117,0.3839056312518589,0.5140688723054353,0.5623938170681285,0.444836302658841,0.446990144996533,1.691717775,0.1689669592332291,16.10424059,1280.727716,5156.946206,3882.868603,-9.581309614,10.86956522,9.2,0.0051187994997914,2.577428818,9.921209372412871,2.1,1.63629603,3.85,32.1629,56.9,1.436819302,6.285396405,1281.602336,3.37,24.31696398,0.361349784,4.6348598601294695,0.0,3.6368965423299506e-07,36.10193373,0.1605432011953942,3.7912015469807505,0.0267205766019161,0.2823706018781015,10.1129120203778,14.7129457127801,79.15,W
GHA,加纳,288,2008,0.26333010033142756,0.4320311244614249,0.5107762645813911,0.5476138901030867,0.46837004367866286,0.2672584912732199,0.4470226734995886,0.5094176234860378,0.5562232245279222,0.44498050319669213,0.32405926090219334,0.3947029860841608,0.5137483588935052,0.5593719978437995,0.4479706509309147,0.4504163499984973,6.414669925,0.1837556950132043,19.41027109,1411.289854,5567.089957,3729.419547,-11.60216351,7.894736842,8.1,0.0049102551342026,2.537779829,10.509301752671943,2.0,1.64284575,4.27,47.7132,60.5,1.403151116,6.602594533,1249.487318,3.32,25.94145899,0.431696994,4.873640423814266,0.0,5.673218257751996e-07,35.70390261,0.1588731651577744,3.792739738068032,0.0265008350180188,0.3051553186963798,10.766277632745,14.7129457127801,79.16,W
GHA,加纳,288,2009,0.27335319476371184,0.45485494221370404,0.5059850049663069,0.5551932362677533,0.4781754929255948,0.2764882199316153,0.46856850202558636,0.5046662953652886,0.5645549450014751,0.4535694905809914,0.3294010006957607,0.4136448530430773,0.5085631834116827,0.5672204312978584,0.45470736711209475,0.457561401070268,2.260688935,0.2241952771059318,15.66656862,1556.932801,5600.42249,3521.390649,-7.283142833,8.260869565,6.9,0.0057776750635543,2.495284986,12.362311617130006,2.0,2.04712129,5.44,60.7695,61.1,2.042374142,7.636070773,1218.694827,3.22,26.59649656,0.228270195,5.556953047245076,0.0,5.533406894639287e-07,35.3058715,0.1592247516920102,3.797618001230553,0.0259295068998857,0.3016571353737475,8.39786736191715,14.7129457127801,79.19,W
GHA,加纳,288,2010,0.2775567918789645,0.4721903078282838,0.5064998286412921,0.55734484039935,0.48473071945163604,0.2807275381363243,0.48489813525702835,0.5052562827071654,0.5669186451467556,0.4594501503118184,0.3348706001029429,0.42816155985447396,0.508342424194186,0.5692230988738546,0.46014942075636434,0.4633698943530544,5.306175082,0.2472229688722541,16.59564473,1704.033284,5696.487851,3463.981975,-8.532733057,8.260869565,6.9,0.0060563287815125,2.43301424,13.947009606871363,1.9,2.26015067,7.8,68.4473,64.2,2.899057325,5.871840667,1189.401607,3.3,28.07642141,0.199727157,5.612126057697626,0.0,5.400402881205668e-07,34.90784038,0.1589610617913334,3.8069350443878,0.0258855585831062,0.3664538967721093,7.51635038693676,14.7129457127801,79.19,W
GHA,加纳,288,2011,0.296702454713949,0.48551561424394407,0.4999209170737592,0.5532240036367139,0.48830395955988404,0.29941414486469836,0.4969548386745262,0.49880654324884993,0.5623883247358042,0.4643909628809697,0.354201754187562,0.43836473227434086,0.5001047874695729,0.5647773969431376,0.4643621677186533,0.46712417249492943,11.33704178,0.325014817565987,13.91482218,1717.990422,7301.041146,3573.356939,-9.002581734,8.260869565,7.3,0.0052204838735989,2.404971455,15.697973503672417,1.9,2.35423017,9.0,81.1104,64.1,4.038433316,5.678583555,1161.138066,3.04,31.26872887,3.150231039,7.19628629484386,0.0,5.272074054576861e-07,34.85291377,0.1578184055550672,3.830886877032609,0.0271600597697108,0.4198163736408936,8.64478467293269,14.7129457127801,79.19,W
GHA,加纳,288,2012,0.28836993612765277,0.48989540464075676,0.5011676082633315,0.5543912273471213,0.48918301941030357,0.2909527561946701,0.5006244186514004,0.4999418907524475,0.5636811317742242,0.4638000493431855,0.34336151325321235,0.44073788105580103,0.5022058306914361,0.5659955986032852,0.46307520590093365,0.46643313730528546,6.679747406,0.3283605873179301,15.20527874,1744.558246,7542.943218,3790.30179,-11.90092376,10.875680655333156,7.7,0.0061346706266127,2.41990908,19.237482021202148,1.9,1.97869766,10.6,95.8262,56.5,3.392977753,6.555686067,1133.376833,3.12,33.33991281,2.303273024,7.195048851477584,0.0,5.146025931837745e-07,34.79798717,0.1491166388327327,3.834270897424629,0.0271600597697108,0.4156354965843838,8.27006944578329,14.7129457127801,79.19,W
GHA,加纳,288,2013,0.27178843152059634,0.5139458188630632,0.5122997774166955,0.5587868941708884,0.49801854340747603,0.27496066210046965,0.523749641740216,0.5108051747996911,0.5684772439834445,0.46949818065595533,0.32487911750308085,0.4603300802456844,0.513819489433397,0.5703970439977468,0.46735643279497724,0.47250018770179286,4.757963385,0.2188215772070032,54.01291176,1843.461087,7356.945601,4123.270347,-9.076249539,10.90909091,8.0,0.0064843939027341,2.409279309,21.19133535646959,1.9,1.85814357,15.0,102.338,70.7,2.332857159,4.548138357,1106.396935,2.93,35.18611751,1.817182273,7.429845686824899,1.0954425100268592e-06,5.023525409197985e-07,34.74306056,0.1305704491517975,3.8364683132636017,0.0279071811549617,0.4443722831428231,6.88120197606596,14.7129457127801,79.19,W
GHA,加纳,288,2014,0.28107535868419736,0.5242180378400265,0.5068971641370701,0.5593280376770707,0.5013363898791394,0.2839768462334718,0.5334052049092667,0.5055036081599275,0.5690809631195914,0.4729916556055644,0.33288643338926366,0.468184728517819,0.508180280142231,0.5709864918646287,0.4700594834784856,0.47510490515000425,0.452244094,0.2417219168109747,23.93995876,1906.161522,7551.088869,4349.397784,-6.756902721,10.90909091,8.7,0.0069714890138949,2.364985531,22.22306065932348,1.8,1.40883136,19.0,108.27,78.3,2.863423385,5.978564403,1080.537795,2.89,35.57084653,1.813945993,7.365012777239768,1.7117430422637914e-06,5.826009922015127e-07,34.68813395,0.1306583457853564,3.843543992265096,0.0292256306583457,0.4378121277850416,6.71331001397225,14.7129457127801,79.19,W
GHA,加纳,288,2015,0.279869116281334,0.5391320730154662,0.5077819840385428,0.5489081250165588,0.5019650827670601,0.28315738279892344,0.5464248114869578,0.5062422318735783,0.5576816955024341,0.47337653041547334,0.3334950180193392,0.48076194233512226,0.5102921066997879,0.5600404475194685,0.4711473786434294,0.4769128555864834,-0.20832582,0.2087715770307357,13.25296668,2000.69441,7797.974162,4491.174239,-5.711615603,10.90909091,9.4,0.0054590017825311,2.307127331,27.40131505124674,1.8,1.5937829,23.0,121.997,74.0,2.112531464,7.041402387,1055.89379,2.95,34.36751159,0.735210009,8.581814967132448,1.0593785880351274e-05,5.693135143849674e-07,34.63320735,0.1303946558846796,3.8444229586006857,0.0292256306583457,0.4966886695766124,9.66826874647357,14.7129457127801,79.19,W
GHA,加纳,288,2016,0.2802146366744245,0.5543950620679091,0.514180573729509,0.551505416186245,0.5087950218503308,0.2836192356834909,0.5605195046943302,0.5124562193730008,0.5604401043339932,0.47925876602120376,0.33470270316679746,0.49386783277213125,0.5174480174537337,0.5625039189372195,0.4771306180824705,0.4834900223079487,1.047044067,0.1983820962284251,15.74862031,2030.425121,7959.135064,4429.086019,-5.044240206,10.90909091,9.5,0.0054926790660863,2.276212039,34.3362352675239,1.8,1.3003906,28.0,130.481,79.3,1.007866778,6.639782215,1032.130882,2.87,35.27857238,0.560456776,8.573111780104679,1.168385783408799e-05,5.565011036343884e-07,34.81691131,0.133163399841786,3.849169376812868,0.0292256306583457,0.5437621054134686,8.92687972476206,14.7129457127801,79.19,W
GHA,加纳,288,2017,0.294153946261311,0.5705785086920462,0.5143079012910928,0.5538879907550915,0.5162965592605672,0.29746662859379325,0.5762584211019672,0.5126281305814866,0.5630311081194453,0.48734607209917313,0.3502018434849584,0.510908131553119,0.5168429289016107,0.565059999940649,0.4857532259700843,0.49213413469310546,5.780945858,0.2291116368912304,10.67730823,2139.040714,8839.078034,4385.808893,-3.316430275,12.72727273,8.8,0.0048329712540537,2.195357928,37.208971874965215,1.7,1.63058531,37.8842,122.472,79.0,1.412683297,6.214325369,1009.718827,2.63,38.14633045,1.599569389,8.386589011289338,1.3096353102206138e-05,5.444170420713512e-07,35.00061528,0.1357124022149951,3.8364683132636017,0.0291377340247868,0.5122107321181295,8.34346916491746,14.7129457127801,79.19,W
GHA,加纳,288,2018,0.2918559432350222,0.5873473057342281,0.5180487007807502,0.5568506183738453,0.5227986728676468,0.29514292100907785,0.5917416964458326,0.516434464861947,0.5662015581986592,0.4923801601288792,0.3476453661627577,0.5260256137554318,0.520478689808162,0.567803225568908,0.49048822382381485,0.49766199157406893,4.018953383,0.222169841351045,10.5684825,2354.804179,10159.11675,4198.234438,-3.03986603,12.72727273,7.5,0.004841059706403,2.075171366,44.50416049437317,1.7,1.37083328,43.0,133.61,80.4,1.562550289,3.988044289,988.9813443,2.8,40.51143257,2.55545415,8.199806736184431,2.1542167896066223e-05,5.613009168180195e-07,35.03234596,0.137294541619056,3.8042102487474727,0.0288300958073305,0.5879246608373343,7.36121299563481,14.7129457127801,79.19,W
GHA,加纳,288,2019,0.29550151735673064,0.5784670662043845,0.5186528419529731,0.5578868709328855,0.5211651159465797,0.2987986879824941,0.5852524487629934,0.5169990239857998,0.5673743000965803,0.4921061152069669,0.35148992471420154,0.5183360012358023,0.5210119059441933,0.5691221530233602,0.4899899962293893,0.4966433489130016,4.390631335,0.2292230770466944,8.481070297,2606.042163,11250.93333,4223.981289,-2.726993758,13.09090909,6.6,0.0049424678037979,2.0078052,52.99123178981248,1.7,1.9720608,22.0732,130.705,83.5,1.645064467,3.630996638,969.3225411,2.78,43.14782537,2.695343116,8.731749237618333,2.3161370289368372e-05,5.50143472519306e-07,35.06515538,0.1440230647862068,3.7918455784435663,0.0350718357337177,0.5246927774433846,7.15927866060533,14.7129457127801,79.19,W
GHA,加纳,288,2020,0.2859864548365672,0.6382221209664676,0.5169474696960181,0.552733838554208,0.5352926530136255,0.289270829870194,0.639760775917695,0.515258292040272,0.5616852988475779,0.5014937991689347,0.33985099684657954,0.5766023316090265,0.519766528728424,0.5635056102752874,0.4999313668648293,0.5097330569051305,-1.468308017,0.2067185120218212,9.365574966,2840.780677,11708.9861,4192.403387,-3.048163134,13.09090909,5.7,-0.0022651462260492,1.991819851,65.11955713231976,1.6,2.52818918,62.5176,126.887,85.4,1.93832675,3.758551957,950.2063939,2.97,43.36958002,1.469436921,10.075622233128202,2.9917389432431684e-05,5.392940151388262e-07,35.09739375,0.1429701577813914,3.803981892497693,0.0342372434404254,0.6028144990143413,8.585267468293,14.7129457127801,79.19,W
GHA,加纳,288,2021,0.28931751619222984,0.6430655538368906,0.5067942516978794,0.5534053643208122,0.5352783564261454,0.29316321090937403,0.6443816116023613,0.5054871315901464,0.5623735805308427,0.5013513836581811,0.34644375528350085,0.5834718914105287,0.508195388443506,0.5639982282633426,0.5005273158502195,0.5101638095055321,3.0380027,0.1852121900735509,12.10610163,3189.597454,12264.94657,4354.016458,-2.820557414,14.54545455,5.6,-0.0003576482296412,1.959045844,78.71048826881423,1.6,2.09936643,68.6,124.403,86.3,4.359771419,3.853234098,931.7725682,2.88,45.57122219,2.608793505,10.81635099841897,5.074009034503723e-05,5.288318124249565e-07,35.12867716,0.1460447495528121,3.7883296049364272,0.034412590701129,0.6521351240895036,8.32728169958945,14.7129457127801,79.19,W
GIN,几内亚,324,2001,0.2781996626902221,0.31509192941256037,0.5052015237531462,0.44897934882075097,0.39877762827524993,0.28094216893566964,0.33447276809560833,0.5044960690462494,0.46254414557157214,0.3956137879122749,0.33524544546421764,0.3038742391195542,0.5108757426375319,0.48427914325844534,0.4085686426199373,0.4075757452720711,2.309470745,0.1771894580146383,1.752426319,441.8983309,11946.61857,3344.923721,-1.442602871,8.771929825,18.0,0.0047500953834413,1.309811432,1.6721389795736747,1.5,0.37107071,0.175542,0.651877,16.4,0.723255905,7.567519804,26463.82419,8.9,9.633451357,0.0,2.9634201157485363,0.0,0.0,28.0522546,1.0089125834282924,3.2161403223180853,0.0067963535731727,0.1522255373561468,5.52185920910184,10.4086816941304,25.51,W
GIN,几内亚,324,2002,0.27167496115191797,0.33433731978140807,0.5026096820725667,0.5849728878264997,0.4525644795961905,0.2747865988682651,0.35498270608256177,0.5019329327609765,0.5924673098641304,0.43104238689398344,0.3311697538506058,0.3189788884418228,0.507688273914811,0.5893871558699935,0.43680601801930824,0.43506673157546216,3.538704716,0.1648220562842992,0.432772377,457.7145074,12122.95055,3344.550167,-4.640742534,16.757868202022678,17.8,0.0100818318175777,1.558133038,1.198976350883196,1.6,0.64011806,0.402023,1.04648,17.7,1.248601897,8.359853426,26054.67839,8.55,10.05426582,0.0,3.034537585016341,0.0,0.0,27.90574638,1.0132671333224808,3.2123962233436427,0.0067963535731727,0.1498720438603994,5.64253104757008,26.5795564533827,54.23,W
GIN,几内亚,324,2003,0.2588418365551786,0.33313090436993925,0.4936482078966843,0.585626336944365,0.44887971818121347,0.26198574833685107,0.3544511856885759,0.4930278649796133,0.5932095898234433,0.4256685972071209,0.31594571530529336,0.31433796387061186,0.4994083909879677,0.5900928333296437,0.42994622587337916,0.42854170092270677,-0.996648465,0.1211899787290195,15.91069656,477.2372235,11221.7784,3202.378149,-3.686670762,19.29824561,16.9,0.0073120300751878,2.242518772,0.6380497951645971,1.6,0.42212996,0.45096,1.25694,18.9,1.016285734,12.24593916,25476.89995,8.5,10.10329748,0.0,3.019384850862472,0.0,0.0,27.75923816,1.0168484453849909,3.1942861793911774,0.0068370503011557,0.1465485395254375,5.38720689280816,26.5795564533827,54.23,W
GIN,几内亚,324,2004,0.26349258207143494,0.33310133647053813,0.501365677761349,0.5818200420377415,0.4497135351139545,0.26648994021194977,0.35453499693620266,0.5005880894594874,0.5890782754391329,0.42767282551169317,0.320293906715338,0.31481860270347656,0.5074800871863624,0.5861670136324012,0.4321899025593945,0.43079118434642943,0.172593566,0.1403570209965657,16.52158332,493.7519928,10639.01127,3137.363098,-3.062763758,19.29824561,16.4,0.0072029707589245,2.140711575,1.20383204788493,1.7,0.24164158,0.508819,1.7092,20.2,0.233688275,10.36629456,24937.30915,8.43,10.26259821,0.0,3.113040452352553,0.0,0.0,27.61272994,1.0214064789190946,3.179838840957187,0.0073661077649356,0.1544789062363796,6.43017624810206,26.5795564533827,54.23,W
GIN,几内亚,324,2005,0.2701667711717291,0.33468385628939606,0.4886760261066008,0.5972449403067551,0.45401932450072924,0.2725612567979466,0.3560979410452579,0.4880887077650938,0.604249528106526,0.43024935842870604,0.3238655725837561,0.3167850943893985,0.4944038678341782,0.5988874600936503,0.4334854987252458,0.431636601271679,0.957366357,0.1991841791041236,27.39084537,505.1912455,10102.49506,3076.06532,-3.744102143,19.29824561,16.4,0.0082816118573412,2.000419546,0.7462812480937381,1.7,0.26129073,0.542254,2.04416,20.2,1.216786719,14.04477028,24443.41479,8.25,10.4919326,0.0,3.13181640946998,0.0,0.0,27.46622172,1.0206332410874166,3.181955070812307,0.0074068044929187,0.1514193836711932,5.48894746041364,28.0753951831465,56.75,W
GIN,几内亚,324,2006,0.26960841413926756,0.35089324326754634,0.5037492967449061,0.5989238548675085,0.46249072386352374,0.27142997893169035,0.3709029734997608,0.5029941420265087,0.6061067551093599,0.4378584623918299,0.31990416489918133,0.32781736540372947,0.5089103369448158,0.600646068567903,0.4393194839539074,0.4383195408640627,-0.903894697,0.2447855787275332,37.58406147,522.5611251,9405.688099,2856.009593,-5.245235997,19.29824561,16.8,0.0083238396236815,2.090586581,1.7773219021242177,1.7,0.24835719,0.637492,19.584210268236347,22.8,0.97443803,8.40648466,23937.70857,8.13,10.18541401,0.0,3.151295127977909,0.0,0.0,27.3197135,1.0229529545824516,3.182402734820121,0.0074068044929187,0.1482866902844996,4.94389069504454,28.0753951831465,56.75,W
GIN,几内亚,324,2007,0.26580622127259845,0.35093584632113745,0.506913617369936,0.5998540716027754,0.463003381256936,0.26881725210411667,0.37079561748400575,0.5060897528030306,0.6063590205284666,0.4380154107299049,0.32492530117496027,0.32637759437768793,0.5115577246206274,0.6001624429729855,0.4407557657865653,0.43951682698150385,4.373078215,0.1915020152635778,13.61887015,536.6659232,8768.191512,2888.217599,-7.236483883,19.29824561,17.2,0.0065239179954441,2.314972964,1.460317703449113,1.7,0.24066733,0.780025,20.699,24.1,1.083622469,7.61877731,23389.92211,7.73,10.45504043,0.0,3.237853876373207,0.0,0.0,27.17320527,1.0245401269737917,3.183542243203646,0.0073254110369526,0.1385019045709807,6.41519863493232,28.675321194848,58.45,W
GIN,几内亚,324,2008,0.2640172877227248,0.35601119148380644,0.5050659072388752,0.5992897240761511,0.4636714762588298,0.26679990624996963,0.3751045605567982,0.504310643194512,0.6057720727853024,0.43799679569664557,0.3210546863038518,0.32919454269279486,0.5089232441326723,0.5996293821094016,0.43970046380968014,0.43872566132718166,1.644173882,0.1927003614604887,16.70512702,563.5371864,8512.777353,2791.920967,-6.292341684,18.59990239994056,17.7,0.0085094056089658,2.41908605,1.2163004464145908,1.7,0.26959306,0.92,27.7809,25.4,1.85982948,7.424719052,22830.88878,7.47,10.47807177,0.0,3.202195628426177,0.0,0.0,27.02669705,1.0264528731889957,3.1911118346084977,0.0072847143089695,0.1313281212906119,6.53893327586216,28.675321194848,58.45,W
GIN,几内亚,324,2009,0.25533691946132336,0.3620887351465885,0.5037085129450699,0.60182913829738,0.4649596421759529,0.25836141303947474,0.3806685380101743,0.5030117314838134,0.6085589892280823,0.4376501679403862,0.3125279512444643,0.3330819754751421,0.5077451601479134,0.6022327408445187,0.4388969569280096,0.43841422886911885,-3.507583027,0.1563219886019712,1.771030087,526.6836867,7468.728605,2833.633069,-6.005146412,18.90690809959358,18.4,0.0062653717034988,2.441584894,1.1662602008333585,1.7,0.26025116,0.94,34.3963,26.7,2.001512538,6.940723365,22280.20333,7.7,9.985251534,0.0,3.305495472167673,5.915098229078741e-07,0.0,26.88018883,1.0271447175647077,3.201448803516197,0.0072847143089695,0.1380189586785039,5.73194182679072,28.675321194848,58.45,W
GIN,几内亚,324,2010,0.27060691435236306,0.3696696443456492,0.4986560282006373,0.6009170694778927,0.46781671842380596,0.2732246908173863,0.3879531201522274,0.4981984750135997,0.6075931856584521,0.44174236791041643,0.3266588511610974,0.33900464117109896,0.5009377682032383,0.6013233058370182,0.4419811415931132,0.4410495508930577,2.267130393,0.2146358870135598,16.10260337,635.7969152,6818.837408,2819.215928,-4.769702591,19.213913799246484,18.1,0.0067615785342181,2.4592931,1.110995041787842,1.7,0.36297843,1.0,38.476,28.1,4.188228154,4.948325053,21738.9506,7.71,10.10011594,0.0,3.758539888096147,5.771402814482296e-07,0.0,26.73368061,1.023807585870096,3.214756633566661,0.0073661077649356,0.1346660656712535,5.94632547806904,28.675321194848,58.45,W
GIN,几内亚,324,2011,0.24856616428384817,0.38250777094801164,0.5007155602703461,0.5996824472772112,0.46867840186066256,0.2520148449472398,0.40017548027893096,0.5001011453360035,0.6061652724946806,0.4396141857642136,0.30978949333839356,0.3492652800424564,0.5036576732388269,0.5995472981665078,0.44056493619654613,0.4408963734786713,3.028260488,0.2111969083493859,8.999290643,688.9834284,6195.989508,2910.529918,-17.11652934,19.520919498899502,17.2,0.0061491024436923,2.476973527,0.9852854653503252,1.7,0.51036745,2.0,45.6102,29.5,3.169798584,6.340012732,21207.09668,7.39,10.30674539,0.0,3.782988932161843,5.630202659144716e-07,0.0,26.58717239,1.0246215204297575,3.224198274458734,0.006430083021325,0.2661710612275155,6.07495323195524,28.675321194848,58.45,W
GIN,几内亚,324,2012,0.2619152431236405,0.38816390410368207,0.5032230005940435,0.6003044418089603,0.4728561383997826,0.26479114288986455,0.40548853030535487,0.5024983368028133,0.6068916201870521,0.4449174075462712,0.3200322208043075,0.3542015005080355,0.5062061483192735,0.6003190010470397,0.4451897176696641,0.4453131733517731,3.34759059,0.2524206275064284,11.51596111,732.2138871,5863.980704,2947.774975,-13.597983,19.82792519855252,15.5,0.0059706224241784,2.454161563,1.0666953804581956,1.7,0.51431388,3.1,51.1345,26.2,2.673909801,7.063800197,20692.97476,6.93,10.55983543,0.0,3.540584213947982,5.493710113947787e-07,0.0,26.44066417,1.0225052905746377,3.2325411036952625,0.006389386293342,0.2363178469307695,5.87900911011388,28.675321194848,58.46,W
GIN,几内亚,324,2013,0.25624187492943296,0.4111518998376785,0.5084054324139937,0.6032477383664466,0.48104152546382084,0.25945640157676414,0.4273899941995928,0.5075180411033231,0.6101500010580705,0.4511286094844376,0.31528317947133067,0.37197846978304727,0.5117353274663574,0.6034744299114333,0.45061785165804213,0.4517700100181903,1.435321962,0.2251506520169666,4.329356461,794.3927725,5142.688764,3097.399178,-14.20347249,20.134930898205425,14.2,0.005987709438521,2.444714985,0.939074272912139,1.7,0.48858824,4.5,66.4453,32.2,1.71490572,7.48849772,20193.22414,6.49,10.62928909,0.0,3.046149073118939,8.935054927803418e-08,0.0,26.29415595,1.021935536382875,3.231767865863585,0.006389386293342,0.2085599340700167,4.99006825989194,28.675321194848,58.46,W
GIN,几内亚,324,2014,0.26339316636012655,0.428620050593916,0.50521933617157,0.6023252655137027,0.48613027179233803,0.26636877233659617,0.4442173515384765,0.5043755873085616,0.6091685834575269,0.4560325736602903,0.32115571836219975,0.38581483132041267,0.5083385651404407,0.6025290001419186,0.45445952874124296,0.45592698320996594,1.156309675,0.2353484384146345,2.615897706,837.1860164,4984.000012,3065.792847,-11.1827727,21.92982456,13.6,0.0021232531022119,2.480193464,1.7798426974675332,1.7,0.61152339,6.4,75.6869,33.5,2.041045018,8.324118371,19698.55287,6.35,10.68424627,0.0,3.110287152821219,8.716173836765588e-08,0.0,26.14764773,1.0217320527429594,3.22733192251343,0.006389386293342,0.2121276850609312,5.19075710454246,28.675321194848,58.46,W
GIN,几内亚,324,2015,0.2588065293070392,0.44318878048597654,0.5058684341840285,0.5982178919074899,0.4884608197861509,0.2621871945966586,0.45735819731633576,0.5049189348243621,0.6046976638131465,0.45729049763762575,0.31787412430228024,0.39625038170458954,0.5097959303901867,0.5982300358480247,0.45553761806127024,0.4576948925722863,1.230534126,0.2025198024843629,2.972284899,891.7501952,4849.15918,3271.018977,-11.6007987,21.92982456,13.6,0.0055226550424618,2.531512776,2.3463784952413813,1.7,0.42931107,9.2,91.4756,34.9,1.209542127,9.121038694,19206.14053,6.37,10.76300345,0.0,3.495712301624907,8.498292268168712e-08,0.0,26.00113951,1.0216099625590105,3.2273726192414127,0.006389386293342,0.2351549706086562,6.30318144192714,28.675321194848,58.46,W
GIN,几内亚,324,2016,0.23934922097986996,0.45041873129691923,0.5009982099765501,0.5986407571284658,0.4871625626580449,0.24331843605550432,0.46385823901304774,0.5001197841605329,0.6051740817229762,0.4531176352380153,0.304841263439284,0.4029679577336741,0.5038821914876139,0.5986029455690925,0.4525735895574161,0.45550975615744105,8.012162454,0.2808297551180519,5.668951633,943.1296752,5566.981257,3306.529437,-31.93283907,21.92982456,14.0,0.0102074301801413,2.566908693,3.202178740548147,1.6,0.66374409,13.1,92.0233,33.5,2.253772821,10.14635692,18719.41012,5.91,11.58303748,0.0,3.802941173531396,2.484877449985629e-07,0.0,25.8383526,1.0204704541754843,3.220861142764121,0.0063486895653589,0.2554968388217374,6.0754790234631,28.675321194848,58.46,W
GIN,几内亚,324,2017,0.3354755094672977,0.45993046667747745,0.5068934922214205,0.5982976052297854,0.5037423830905522,0.33583507808757973,0.4725481631188239,0.5059277875411338,0.6048415564932799,0.4797881463102043,0.38119394454438416,0.4111121744375783,0.5094592367939056,0.5983233272307689,0.4750221707516592,0.4750352677993463,7.515899921,0.4449537631057512,10.35650721,1121.157706,6541.632789,3305.768482,5.030185826,21.92982456,14.0,0.0038468114207557,2.556523182,2.9469566375111733,1.6,0.60066199,18.7,94.4641,35.4,2.145879885,8.397780456,18246.90959,5.66,12.4173523,0.0,3.675595901068127,4.036926900700238e-07,0.0,25.67556568,1.0185984046882632,3.221023929676054,0.0065521732052742,0.2417280112426799,6.12327778166734,28.675321194848,58.46,W
GIN,几内亚,324,2018,0.30317263511676623,0.4752219351871234,0.5175927804652336,0.5992039364767433,0.5065631970779545,0.30481794235101795,0.487579260771592,0.5164055321627536,0.6058714219368979,0.4786685393055654,0.3540002668824846,0.42415524233675433,0.5198118729612943,0.5993004779623549,0.47431696503572207,0.4762430874086888,3.687008739,0.3354971588055814,7.05908442,1181.09245,7136.259662,3386.864602,-1.606388734,21.92982456,13.4,0.0055863067359276,2.543855729,2.192089367351202,1.6,0.61740124,21.83,94.555,45.0,1.691997215,5.37195882,17788.58876,5.29,12.84620138,0.0,4.290595237800532,6.296845579464854e-07,0.0,25.51277877,1.0135113136903793,3.211012534592219,0.0070812306690542,0.2346151611197491,5.78077077435606,28.675321194848,58.46,W
GIN,几内亚,324,2019,0.29487614328066275,0.4851207706470152,0.5250396870312257,0.600211438585457,0.5103137183191716,0.2970025698781634,0.49710721161565147,0.5235954844102298,0.6069371823535911,0.48116061206440897,0.3472382402353023,0.43260616346103975,0.5286078669256274,0.6000490768459243,0.4771253368669735,0.47984096274575155,2.946402444,0.2934643045436313,9.402907663,1360.692581,7099.357979,3438.218409,-2.340424322,22.80701754,12.5,0.0056907677455413,2.561004517,2.641482741059659,1.5,0.92095226,22.6255,98.7621,42.2,0.0,4.762981952,17338.80626,5.37,13.56776152,0.0,4.8327471397523265,1.1508057251203858e-06,0.0,25.34999186,1.0061859026534268,3.246662868305388,0.0074881979488849,0.3104237757690335,5.32430658948364,28.675321194848,58.46,W
GIN,几内亚,324,2020,0.3893773331542693,0.4808982596662491,0.5229171124155734,0.5993325013028679,0.5207572562468341,0.3868916960824703,0.49151796451576973,0.5214661952819599,0.6059845857333431,0.5014651104033858,0.41935570352349777,0.4288841214953349,0.5266634900909651,0.5990348011402006,0.4934845290624996,0.4928406164575919,2.066949976,0.6339125658429042,4.249980167,1307.334996,7774.555794,3485.406373,19.05606048,16.66666667,11.1,-0.0004883881506929,2.551399536,3.034884796655614,1.5,0.77726084,23.4499,103.17,44.7,0.0,5.321807972,16902.01981,5.39,14.2060692,0.0,5.305338550211871,1.5705416641145362e-06,0.0,25.18720495,1.0024011069510013,3.251383688751424,0.0073254110369526,0.342375278238283,5.46607606673216,28.675321194848,58.46,W
GIN,几内亚,324,2021,0.3999307548962715,0.4929311534534017,0.5251020527173842,0.600295463132946,0.5265029819214013,0.3973766729044735,0.5049429403088883,0.5236397474599503,0.6069752433063651,0.5082336509949192,0.4285509125883812,0.43956308920159765,0.5289022839964512,0.5999764740142963,0.4992481899501816,0.4986888125946198,2.969210094,0.5998553268465746,11.98629786,1368.868285,7917.045273,3529.051967,27.17615881,22.590976495429345,10.4,0.0003875315922492,2.506104194,3.5352433566854864,1.5,0.68109477,24.3044,100.616,46.8,0.0,5.115552302,16483.70123,5.13,14.99909926,0.0,5.21888346073088,1.0940509665830885e-05,0.0,25.02441804,1.018679798144229,3.2235471268110043,0.0073661077649356,0.314849998683492,5.43919740994018,28.6753211952455,59.04,W
CIV,科特迪瓦,384,2001,0.30868251629750204,0.32166824759715185,0.5308052174088721,0.5289176982770185,0.43919893046463504,0.3111995548034065,0.3385549938708172,0.5291290022522351,0.5385320349991969,0.429353896481414,0.35194921848583655,0.30441665990837946,0.5342746469298398,0.5403672056162354,0.43275193273507284,0.4305653116406792,-4.737069576,0.2347337262142022,6.875968797,1569.9424347076929,3662.6170779757663,6479.619762050548,4.379965038882347,8.520179372,18.9,0.0006810265989531,2.675392917,4.463413186476001,6.4,0.50978333,0.395748,4.00764,49.7,0.0,0.0,4226.875391,3.98,20.70536272,0.3278053,6.157114582444487,5.5008789579442966e-08,0.0,15.66529245,0.0424842767295597,4.084433962264151,0.0002830188679245,0.3217120776143216,5.65919835323697,22.6708360456949,47.06,W
CIV,科特迪瓦,384,2002,0.3172830858768679,0.3280119129303898,0.5283989434595566,0.527151022704174,0.44105524251146333,0.3192247356003512,0.3449348832972701,0.5268257520355972,0.5366740176574467,0.4319148471476663,0.35796909547240513,0.3097406431936801,0.5321811828591014,0.538630052692832,0.4346302435545047,0.43240768139759433,-5.211739304,0.292172815111573,4.582137352,1596.119698978022,4120.207997538382,6512.891200263744,4.007462030377496,8.520179372,18.9,0.0022555806175623,2.583963509,4.233233417874708,6.0,0.54329485,0.497929,5.5056,51.4,0.0,0.0,4119.053512,4.33,19.7539587,0.668094519,5.854182383461663,5.360558969070164e-08,0.0,15.31030189,0.0428616352201257,4.08811320754717,0.0002830188679245,0.3116234253961091,6.05122798914843,22.6708360456949,47.07,W
CIV,科特迪瓦,384,2003,0.3122622840717187,0.33215899589487075,0.5294205645254499,0.5286960907194941,0.44239255543668654,0.3143310439269276,0.34915120294371477,0.5278808085487728,0.538427295607559,0.4324475877567435,0.3529807618102674,0.3135137912981528,0.5329762006387709,0.54029237426791,0.4349407820037753,0.43309200133957704,-7.071018377,0.2723539858121661,3.278120693,1622.296963248351,4577.798917100998,6546.162638476926,3.634959021872646,8.520179372,18.3,-0.0019594909203787,2.492278811,5.195669748862542,5.7,0.5154925,0.75867,6.69626,51.5,0.014145971,0.0,4017.663918,4.15,18.46645246,0.781835571,5.056849209962389,5.228609991810952e-08,0.0,14.95531132,0.0423899371069182,4.094119496855346,0.0002830188679245,0.3039528834790668,5.46296625852487,22.6708360456949,47.07,W
CIV,科特迪瓦,384,2004,0.3233650481179491,0.3387012902559453,0.5211090090040833,0.5240230013397853,0.44234267451200326,0.32565921102832823,0.355729804431005,0.5199144954707109,0.5333781125064011,0.4336704058591113,0.36779226327367315,0.31934839332924586,0.5260061593704077,0.5354508034566873,0.43714940485750353,0.43487328347633347,0.712925867,0.2942930914954825,2.50335752,1648.47422751868,5035.3898366637295,6579.434076690122,3.2624560133676823,8.520179372,17.9,0.0096417394008903,2.424971247,5.46721102322021,5.3,0.5599317,0.849282,8.54469,52.4,0.0,0.0,3921.408523,5.78,18.70286625,1.249160349,5.416039376397452,5.103342689461598e-08,4.695250795628476e-06,14.60032075,0.0425157232704402,4.098993710691824,0.0,0.3234621507017096,6.6632030897023,22.6708360456949,47.07,W
CIV,科特迪瓦,384,2005,0.32006320717431613,0.3506851520373043,0.5184316171917517,0.5280746787787701,0.4463549396917171,0.32214477644903833,0.3677197589223892,0.5172928504745281,0.5375268030721311,0.4361710472295217,0.3631417728388658,0.3287138650210892,0.523165567403836,0.5390580028766969,0.438519802035122,0.436767211462678,-1.386648404,0.3202157520730538,1.21513494,1674.651491789009,5492.980756226345,6612.705514903304,0.165122857,8.520179372,17.6,0.0094919039642658,2.387489711,5.086090819733135,4.9,0.52909023,1.03924,11.7071,58.9,0.0,0.0,3828.894078,5.88,18.54678391,2.743029875,6.035188332424273,9.965887762776793e-08,4.71301656673273e-06,14.24533019,0.0429874213836477,4.10248427672956,0.0,0.3158309842739288,6.13189376937892,22.8685463370411,48.06,W
CIV,科特迪瓦,384,2006,0.32801205930304833,0.3616257297223214,0.5175770104178536,0.5296505174898247,0.4510223104334696,0.3299446785574047,0.37810645385658165,0.5165564332624766,0.5393160768131823,0.4409809106224113,0.37085041962989934,0.33691496959585604,0.5217281855307108,0.5407705174828906,0.44256602305983916,0.4407888365590405,0.421959618,0.3353056220320684,1.35953826,1700.828756059338,5950.57167578896,6645.976953116486,1.89621807,8.520179372,17.5,0.0086397619774183,2.355597963,4.871804381041877,4.6,0.5577988,1.5249,19.7861,60.2,0.009561662,0.0,3739.754732,5.69,19.61366658,4.946512182,4.9505376727728665,9.733874887196558e-08,4.226661062653935e-06,13.89033962,0.0432075471698113,4.111006289308176,0.0,0.3036112794098078,5.5441699790305,22.8685463370411,48.06,W
CIV,科特迪瓦,384,2007,0.31676731806835845,0.3741727497527436,0.5171215123032142,0.5244308834632867,0.4512433272021806,0.31905721515222735,0.389465694781557,0.5160936223857854,0.5337006705684109,0.4395793007219952,0.3606944011769201,0.34604324575414697,0.5218464962838842,0.5355157164888024,0.44102496492593846,0.44017757247780265,-1.224158705,0.3014246378485714,3.088549446,1727.006020329667,6408.162595351576,6679.248391329682,-0.48408868,8.866995074,17.5,0.0107213765718068,2.327121449,5.666991812580531,4.3,0.67966127,1.8,35.5088,55.3,0.0,0.0,3653.730919,6.02,20.42734595,3.779327876,5.128301076186732,1.9019942314416958e-07,4.701834404972993e-06,13.53534906,0.0443396226415094,4.111635220125786,0.0,0.285934154433753,6.95487771843747,22.8685463370411,48.06,W
CIV,科特迪瓦,384,2008,0.3264884134365257,0.3928468191563672,0.5168731950844034,0.5227897154648671,0.45737950175436537,0.3289028207290728,0.40724613687796646,0.5158222598457148,0.5319637917932819,0.445983752311509,0.3715158080329179,0.36042333463396703,0.5213618483903356,0.5338239355280182,0.4467812316463097,0.4461085918325665,2.426000244,0.3048866347167053,5.372933485,2016.782996,7846.384277,6835.820402,1.330442557,8.866995074,17.5,0.0136009878021403,2.274776823,7.6999451391690945,4.0,0.67955697,1.9,48.5676,60.3,0.108633486,0.0,3571.554899,5.9,22.06134645,4.133464605,5.536638462273766,5.112845377934326e-07,4.715983384117987e-06,13.18035849,0.0438679245283018,4.119622641509434,0.0,0.2975170213362291,7.27697102858127,22.8685463370411,48.06,W
CIV,科特迪瓦,384,2009,0.33701913671410416,0.40274936224273356,0.522019689569134,0.5266182579259047,0.4641576026821414,0.3388892270421804,0.4162170262565942,0.5207572240343553,0.5361972777327052,0.45301518876645874,0.3792737740623939,0.36755922326867907,0.5262733912035427,0.5378030360235079,0.45272735613953086,0.4520409841218675,1.326185181,0.3342598171281272,1.207779297,1895.53572,7858.440011,6862.114549,4.792717567,8.866995074,17.6,0.0104283947654995,2.222452149,6.818820307719723,3.8,0.83744568,2.0,59.9343,57.3,0.243740195,0.0,3493.05435,5.24,23.56667897,2.028194728,5.194754026277336,6.364232287205074e-07,2.8143024473446153e-06,12.82536792,0.0439937106918238,4.12311320754717,0.0,0.2955236629884434,6.02396171068091,22.8685463370411,48.09,W
CIV,科特迪瓦,384,2010,0.3326413227393441,0.41479591642755576,0.5270891225197463,0.5291504840968787,0.4691150579304874,0.3349270856301967,0.4276143357455074,0.5256377923717647,0.539012860858015,0.45679801865137093,0.3777778978478582,0.37674954676335554,0.530847839297241,0.5404222452727618,0.45644938229530413,0.45626321377723017,4.519307455,0.3265943272120192,1.516217924,1763.611649,7247.708431,7008.705883,1.330952701,8.866995074,16.9,0.0098275610112523,2.203591142,6.895213083028708,3.6,0.83997321,2.7,69.3659,58.4,0.100027166,0.0,3416.923599,4.55,25.98827262,1.588017725,5.3518307348455885,7.114885162418377e-07,2.6382581469819655e-06,12.47037736,0.0439308176100629,4.1381761006289315,0.0,0.3025635220727083,5.13325756564051,22.8685463370411,48.09,W
CIV,科特迪瓦,384,2011,0.3298193733274259,0.4196713482744988,0.5185836980196122,0.5251562246479838,0.466945511099191,0.33088427260182884,0.4327536895008565,0.5174445017795506,0.534737565127747,0.4539550072524957,0.3662432477225888,0.38041042144270876,0.522700549166832,0.5364512502572288,0.4514513671473396,0.45187417332483915,-7.4042497,0.3443369374256818,5.7093205,1810.944996,6885.059325,6290.017921,7.266127618,11.02362205,16.0,0.012481458702652,2.17265768,7.845705334609694,3.4,0.57983553,2.9,75.4688,55.8,0.749652716,0.0,3343.486207,5.45,25.40760582,2.334581416,4.802842688511223,7.397093377425811e-07,2.3944867530549994e-06,12.11538994,0.0449371069182389,4.142735849056605,0.0,0.2789813534940388,6.19510059217167,22.8685463370411,48.09,W
CIV,科特迪瓦,384,2012,0.33047501918900085,0.427447673204951,0.5203188818892862,0.5259728206710167,0.46998478801226073,0.33288042372235077,0.44016343715891326,0.519024546151385,0.5356356774021557,0.4569260211087012,0.3765157748904747,0.3875946551186076,0.5247143478997683,0.5370723823315406,0.4564742900600978,0.4567813283873423,5.395835952,0.3339733030457796,0.404098361,1739.509757,6541.751844,7054.28375,-0.882958575,10.44176707,15.1,0.010683913385264,2.088720192,7.908526148845629,3.2,0.74607307,4.4,77.1273,55.8,0.569695118,0.0,3274.374424,5.39,28.26919415,1.48250476,5.847867354183896,8.522577885495587e-07,2.418272313820664e-06,11.76040252,0.0454716981132075,4.1504088050314465,0.0,0.3438880014802013,5.72848510649607,22.8685463370411,48.1,W
CIV,科特迪瓦,384,2013,0.3233346184810727,0.43937758518769565,0.5233775303630636,0.528627335335711,0.47416741237141147,0.3263848382960898,0.4516079070820456,0.5219237162214201,0.5385543859334422,0.4596177118832494,0.3739021835907403,0.39724756701948705,0.5276840381006368,0.5396543041636768,0.45962202321863527,0.4604759332807412,8.573224303,0.2817804874864804,2.876730429,1744.36961,7803.704671,6844.167445,-1.480122778,10.44176707,15.5,0.0086088032526074,1.994279884,6.586528068872828,3.1,0.7278282,6.6,80.9987,61.5,0.405404479,0.0,3209.72106,5.07,32.4288992,1.122579646,6.439237542402949,1.2113731227632672e-06,2.4423569339573993e-06,11.40541509,0.045440251572327,4.15374213836478,0.0,0.3917108841248508,4.73746658734707,22.8690073869822,48.1,W
CIV,科特迪瓦,384,2014,0.3272527238883519,0.4496952673371464,0.5271586125642859,0.5288027821234106,0.4785805781984399,0.33026763542784854,0.46069683369017483,0.5255512250819669,0.5388025223218027,0.46382955413044824,0.37574931043068255,0.4035649983823454,0.5313531450703832,0.5398407567966758,0.4626270526700217,0.4637293975542673,6.751698251,0.2651556724897335,4.407332356,1852.774914,9133.17823,7304.46495,1.045624137,9.448818898,14.6,0.0125313283208019,2.424935455,7.397035029606691,2.9,0.77760309,10.0,90.122,61.9,0.274753883,0.0,3132.823522,4.7,36.78131806,0.479875466,6.587884822809819,1.5492880511770615e-06,2.4539567256771463e-06,11.05042767,0.0463207547169811,4.145849056603774,0.0,0.4011444761663437,4.51982930673582,22.8690073869822,48.1,W
CIV,科特迪瓦,384,2015,0.3154074164609124,0.49125073353268545,0.5325959482201901,0.5207384518501527,0.4874714205993527,0.31822203844863445,0.49800069343938425,0.5308425649913737,0.5300693978934435,0.469283673693209,0.3648205612036263,0.43874408354313965,0.5359267102518284,0.531574924012687,0.4677665697528203,0.471091898477198,4.142329475,0.2560296557149996,4.775682373,1749.891453,11317.61211,6374.200519,-0.439534824,9.163346614,13.5,0.0088104964342587,2.88906178,7.026760550102664,2.7,0.80445331,38.44,100.639,62.6,0.283646954,0.0,3043.609248,3.89,39.42771529,0.302124261,6.516257571777699,2.0200946339077557e-06,3.5761120912241464e-06,10.69544025,0.0463207547169811,4.1461635220125785,0.0,0.4046109595203931,6.73401147193129,22.8690073869822,48.1,W
CIV,科特迪瓦,384,2016,0.31456234053574156,0.5046218869747219,0.5330386437302154,0.5222315847438479,0.4919379486111787,0.3176962637042754,0.5108820968517493,0.5312596897600256,0.5317421470484778,0.472895049341132,0.36467356688608643,0.45009710798015784,0.5360645087233658,0.5330402521873918,0.47096885894425045,0.4747820189415768,4.108583592,0.2246747167605425,1.179832436,1667.908015,13441.40698,6964.631935,-0.855798631,9.163346614,11.5,0.0091453475403648,2.900768103,6.700037957775486,2.6,0.85302079,41.2078,105.625,64.3,0.439437579,0.0,2956.589426,3.81,42.25577054,0.273745862,7.215326258848552,1.962338114320047e-06,5.723610230938723e-06,10.34044025,0.0463207547169811,4.128647798742138,0.0,0.4331284800864045,6.09409379754633,22.8690073869822,48.1,W
CIV,科特迪瓦,384,2017,0.31353349892473786,0.5265790491571491,0.5339192888694289,0.5238624340586128,0.49905307199367055,0.3168806161076602,0.5318541773571145,0.532079194551005,0.5335952133472394,0.4786023003407548,0.36442980170334766,0.4679953432406946,0.5370572600355552,0.5348124251446154,0.4760737075310532,0.4806757878178618,4.421612285,0.2257183568243907,1.041677248,1981.878579,12894.35069,6987.928719,-1.997800153,10.58823529,10.6,0.0085183799775563,2.822371762,7.688517557755153,2.5,0.93267012,43.8399,118.755,65.6,0.316954405,0.0,2874.310057,3.66,45.38724531,0.560121418,6.8520414525868345,3.1047336639762465e-06,3.4415201845969896e-06,9.985440252,0.0461320754716981,4.124748427672956,0.0,0.4201168668883221,5.48106253595972,22.8690073869822,48.1,W
CIV,科特迪瓦,384,2018,0.30327820093956587,0.5273209760028623,0.5356671527415009,0.525002853938189,0.4987015496601631,0.30692154225149315,0.5332306678437279,0.5337479022623982,0.5348997633089955,0.4771999689166536,0.35495461292744485,0.46804611433681165,0.5385236165813336,0.5360917954185924,0.47440403481604565,0.4794291278364992,2.053348748,0.2035457220959652,1.681976472,2256.296142,12385.62399,6804.920837,-3.903630867,10.58823529,9.8,0.0080923880974459,2.69696827,9.042689907320348,2.3,0.89862597,37.5465,123.098,67.1,0.365459387,0.0,2797.826827,3.27,47.58541589,0.671897796,6.697837877237133,4.769850524900203e-06,1.909781112880042e-06,9.630440252,0.0470440251572327,4.122106918238994,0.0,0.3931734523009303,5.08618936507852,22.8890486995184,48.14,W
CIV,科特迪瓦,384,2019,0.3099224751474429,0.5387083735232183,0.5359490219871108,0.52537941675814,0.5031299756130324,0.31345453718463534,0.5441861239008909,0.5339895703906763,0.5353531022619756,0.4817458334345446,0.3616480419903963,0.4766585337667061,0.5387029158392372,0.5364435469494543,0.47836325963644855,0.48347047793378245,3.962447375,0.2106225622971312,1.983352493,2179.082762,13159.16444,6853.410846,-2.23379059,10.98039216,9.4,0.0080107032360565,2.619168412,8.554957720192265,2.2,0.96328849,36.289,132.574,68.6,0.461255793,0.0,2725.498367,3.2,50.78380856,0.62282418,6.951352066058677,4.646541984929668e-06,1.991553769745897e-06,9.275471698,0.0475471698113207,4.14182389937107,0.0,0.4128728034669872,4.81555007081374,22.8890486995184,48.14,W
CIV,科特迪瓦,384,2020,0.3015611010237601,0.5531409955957657,0.5354986763163028,0.5221254209081106,0.5050035570252951,0.3050549008756329,0.5580556676293701,0.5335654211939201,0.5318863626268686,0.48214058808144794,0.3500875238560272,0.48844972912994616,0.538283761202021,0.5332347015905785,0.47751392894464323,0.48369239475983733,-1.816210617,0.1975951812690027,1.828383094,2120.991256,11064.04011,7228.314433,-3.132435368,11.37254902,9.2,-0.002223180807645,2.530198035,8.619267852282011,2.1,1.33183074,36.0166,138.664,69.9,0.547495456,0.0,2657.402968,3.3,51.13915738,0.300225436,6.587985735225444,2.214041358998091e-06,2.141030435963142e-06,8.920471698,0.0470440251572327,4.1478301886792455,0.0,0.3888592735322906,5.6587409997451,22.8890486995184,48.14,W
CIV,科特迪瓦,384,2021,0.30990239108273004,0.5743169733502287,0.5295126799642585,0.5220107064938941,0.5110500798227521,0.3137116780204735,0.5786423630751636,0.5276878036195402,0.5317661129389419,0.4879519894135298,0.36088242558586614,0.5055514186322168,0.5313248936157349,0.5328704479691722,0.48265729645074745,0.48901702328583,4.447091986,0.210647387016766,3.930131375,2147.119184,10182.89778,7589.996302,-3.948253115,14.17322835,9.7,0.0024941802460924,2.473987374,11.283838695459366,2.0,1.59011114,35.9507,150.344,71.1,1.887765175,0.0,2592.465736,3.3,54.75128437,0.531806702,7.639679295514852,2.6143957557516704e-06,2.2337608714173435e-06,8.565492767,0.0479874213836477,4.146761006289308,0.0,0.461569519006512,5.44421210301514,22.8890486995184,48.14,W
KEN,肯尼亚,404,2001,0.27525557959666486,0.254347217287477,0.5117521542729448,0.4904422242550595,0.3969515333231863,0.27894582385957284,0.26741283253565673,0.5105721666998374,0.5014675439755514,0.38959959176765463,0.3322173863286588,0.24711143191235826,0.5178824314211548,0.520148624147616,0.404339968452447,0.4005519676292798,0.575576747,0.1496995909695701,1.573120297,1383.543935,5724.495553,4268.639382808848,-2.466322584,3.571428571,31.8,0.0074352756579416,3.136292065,12.805522725612342,8.3,1.05907285,0.619782,1.89758,17.0,0.016840785,3.153392748,654.6661408,5.57,20.96503528,0.0,4.301121788041516,3.162638361475017e-08,0.0,6.89936571,1.6820993077274484,26.407667709175247,3.8563622307340895,0.2548392101057681,14.3891096888231,11.4550105785495,48.98,E
KEN,肯尼亚,404,2002,0.2773891195087937,0.2595995321758183,0.5138174263959392,0.49709568931942816,0.4016358665194017,0.2806889092704037,0.2724565209216255,0.5128543236284531,0.5086278519138733,0.3936569014335889,0.331283795433665,0.25061223666741117,0.5191655818373537,0.5268758051608298,0.4069843547748149,0.4033119297803702,-2.56736281,0.1609402451733682,0.933205556,1288.128335,5783.117126,4372.859938144131,-0.894975876,3.571428571,33.3,0.0045662908621086,3.14626442,13.519540170141363,7.8,1.10948944,1.20777,3.63815,18.9,0.028629661,3.745014611,634.3892676,5.62,18.49542964,0.0,4.255292863157948,3.064682452314767e-08,1.2298257092559049e-05,6.838774291,1.6835049372737814,26.478107319815862,3.784798116456408,0.2477752460878715,12.6868421122795,11.5088669981813,49.17,E
KEN,肯尼亚,404,2003,0.2833070999257821,0.26664505182115833,0.5111732584022366,0.4967853722976194,0.4038260484800542,0.28658773886090544,0.27992678018299044,0.5102478799235972,0.5082500324759502,0.3962531078608608,0.3371875166024623,0.25642565188275634,0.5165678906495883,0.5265409665517509,0.40918050642163944,0.40547082009720886,-0.194798007,0.1617630343106071,6.197313239,1276.525776,5967.13866,4477.080493479414,0.88845032,7.142857143,34.5,0.0107471942775594,3.085288988,12.61788857158114,7.4,1.12453854,2.9419,4.72713,16.0,0.009391902,5.129325406,615.1153818,5.48,16.95875256,0.0,3.793565243995518,2.971571892888027e-08,1.1924613944964052e-05,6.778182872,1.6850159890360896,26.571897951294932,3.675387426643708,0.2514477196053289,12.8709644221423,11.5088669981813,49.17,E
KEN,肯尼亚,404,2004,0.2833832617824758,0.28208241685218977,0.5127942236799661,0.5011296796847153,0.41030783876203436,0.2868121609867251,0.2957353775305243,0.5118430861354719,0.5128003062739241,0.40179773273166136,0.3384755371523172,0.26915553583711216,0.5181993712576037,0.5307430789429998,0.41414338079750823,0.4109006791558757,1.891135133,0.1667563707628427,7.126841555,1260.943457,5945.249558,4581.3010488147265,-0.818703018,7.142857143,31.6,0.0100751276821977,3.104824764,12.978829102433048,6.9,1.07972252,3.02353,7.33478,22.6,0.00309299,4.155792421,596.310566,5.57,16.89041317,0.0,4.055258598649982,0.0,1.156006417871226e-05,6.717591454,1.6859823593491932,26.76761429525249,3.490933689426152,0.2713794827106665,11.9944507612644,11.572685909635,49.41,E
KEN,肯尼亚,404,2005,0.28669444015712836,0.29712043887056216,0.5132352469018809,0.5010816786276018,0.4152519191549507,0.2900870856653249,0.3108744909785138,0.51224797197749,0.5127089443234089,0.40647962323618436,0.3418102400120303,0.2819180255993305,0.5185635974212839,0.5305903053959292,0.41822054210714343,0.41540137517754433,2.702441032,0.1825178285164024,4.899649721,1311.689635,5907.259746,4685.52160415001,-1.346558497,7.142857143,28.0,0.009715774759694,3.072231234,12.86606807528918,6.5,1.11996722,3.1019,12.8839,24.5,0.004592834,4.071868485,578.2690836,5.48,16.99743863,0.0,4.297828572443045,0.0,1.1210312377741905e-05,6.657000035,1.6863513371051062,26.7988895526584,3.474294549671434,0.2862966325407824,12.0625112126056,11.5794904225166,49.53,E
KEN,肯尼亚,404,2006,0.27859443151213004,0.31189119150565214,0.5161749006968004,0.500252783441067,0.41885227727470137,0.2823920151452447,0.32540086903336324,0.5151255984715245,0.511752505706569,0.4086677470891754,0.3335624757102225,0.29406459697368625,0.5213102058972443,0.529573243235022,0.4196276304540438,0.4177635617254057,3.277154575,0.1356023439724616,23.53013325,1301.946397,5945.09885,5065.388821,-1.976469905,7.305936073,25.8,0.009383011451034,3.047048674,13.103454779220728,6.2,1.17933488,3.6,19.8903,26.4,0.006519554,2.949300773,560.9146844,5.4,17.23926573,0.0,4.607479036466942,0.0,1.087388035643283e-05,6.596408617,1.6858593667638893,26.8074463225217,3.457198580314159,0.3107133360961768,12.3464895235214,11.6091783291991,49.61,E
KEN,肯尼亚,404,2007,0.2779452639820952,0.3244624514671414,0.5157927839927792,0.49427627150970366,0.4202164186515782,0.28207183913337597,0.33698837416649047,0.5147219421054823,0.5052503360224833,0.409758122856958,0.3355247875673743,0.30336959840780253,0.5207529834374071,0.5235027320359675,0.4207875253621378,0.4193284765962956,3.669786662,0.1276980748367969,8.129485596,1338.205186,5984.347308,5140.938343,-3.229369603,7.246376812,26.8,0.0058924126720736,3.022209212,14.349169001472776,6.0,1.27245092,4.4,29.8383,28.3,0.041713417,3.591234801,544.2162706,5.16,17.58620436,0.0,4.466566362233973,0.0,1.0550165255472864e-05,6.535817198,1.68584179639456,26.81788312190322,3.421425308359982,0.2925667970130361,14.1247745820205,11.6091783291991,49.61,E
KEN,肯尼亚,404,2008,0.267267233621716,0.3447250866952042,0.5148711250911137,0.49772814947222205,0.42584628470046615,0.2709279932978369,0.35677810222821116,0.5138264425211224,0.5090172859653896,0.41263745600314006,0.32052490797509503,0.3190844316349707,0.5200318437146464,0.5270451549385208,0.4216715845658082,0.4215048972092751,-2.758864564,0.1393224303655215,15.15117496,1232.427772,5937.504274,5062.657873,-5.523296303,9.821428571,26.7,0.0092245021630448,3.029649383,15.07714910780654,5.8,1.35639918,5.2,41.584,30.3,0.005268857,3.63415517,527.9756843,5.3,16.86347017,0.0,4.396693489240577,5.1012143415233924e-08,1.023532558959236e-05,6.475225779,1.6851565519907228,26.802140070984297,3.4081596795164635,0.2914293129192257,13.1024579145408,11.6170050443523,49.63,E
KEN,肯尼亚,404,2009,0.26675175509324917,0.34997847440977137,0.5135234325509588,0.5015290841379036,0.42842876835990157,0.2707119900644954,0.36159850950498673,0.5124825174023265,0.5130914902952234,0.414471126816758,0.3211556507894204,0.3241170980964436,0.5188550455084472,0.5308511789251753,0.42374474332987166,0.42369898169022957,0.232598395,0.1053906305998421,27.69681638,1169.172702,5995.523912,5168.17047,-3.987288881,9.821428571,24.3,0.0088066049537152,3.021108603,17.390727204070014,5.6,1.4598949,6.1,47.9215,23.0,0.019319317,3.689029919,512.2635016,5.44,16.69780507,0.0,4.77060239412844,4.949405812696023e-08,9.930729543278978e-06,6.414634361,1.6857363741785851,26.81491372948659,3.377727799838352,0.2813735635556046,12.1775334679244,11.6764608145123,49.8,E
KEN,肯尼亚,404,2010,0.27495106683972764,0.36426458414863466,0.5165359501318857,0.4973966884375769,0.43284648859801084,0.2794333126166371,0.37503579290325295,0.5154208493561295,0.5084418564578731,0.41958295283347313,0.3349152601987083,0.336327816187376,0.5215021940410768,0.5262711880190509,0.429754114611553,0.42974630099372996,4.968112999,0.1138405457720197,1.639199648,1264.471645,6132.762101,5293.591704,-5.216693897,9.821428571,21.7,0.007142502852041,2.901588455,18.044131183653512,5.5,1.56062746,7.2,60.0234,19.2,0.054007569,2.9506001,497.6132952,5.18,17.3240926,0.009513538,4.9375874539187965,4.8078579245289874e-08,9.646720947498985e-06,6.354042942,1.6855606704852937,26.813578381417575,3.3483501423199913,0.3039471199332419,13.6503675479935,11.7552219178682,50.17,E
KEN,肯尼亚,404,2011,0.26713794032962096,0.39516297802819733,0.5163909993679945,0.4973036715103738,0.44086096142285996,0.27144687381992794,0.40564305332614115,0.5152552423722678,0.508312691756271,0.425164465318652,0.32504590442670894,0.36243549024554733,0.521329698677279,0.5260731169086292,0.4337210525645411,0.4353008369649112,2.26952219,0.1228091466156621,10.06501297,1263.348451,6336.627204,5309.014901,-8.148809352,9.821428571,19.9,0.006041204957728,2.750137437,19.430306436894444,5.3,1.60566163,8.8,65.673,36.2,0.061532173,3.172193954,484.1147112,5.1,18.20901437,0.019334558,4.999228914725967,3.2742057764894765e-07,9.385037680959563e-06,6.321035246,1.684647011280177,26.83596303194293,3.3168816108514605,0.3285755044364202,13.6643990742003,11.7584152039835,50.17,E
KEN,肯尼亚,404,2012,0.265790827800653,0.4055764431719988,0.517789452980345,0.5024547392495485,0.4459214224153947,0.27019090230440657,0.41567739328868125,0.5166361352008678,0.5135409683461856,0.4290113497850353,0.3240090536459281,0.37142522847153236,0.5225108736087991,0.530740177760779,0.4371713333717596,0.43914220425888956,1.876707539,0.1086410994336332,9.522972212,1268.015981,6384.736072,5288.604289,-7.475871662,9.821428571,19.1,0.0041447057095769,2.608074418,18.03624077239897,5.2,1.62624443,10.5,70.0227,38.1,0.107666137,3.095205953,471.6518659,4.9,19.03855968,0.011862672,4.621172903448377,7.746938859768627e-07,9.143433221030212e-06,6.28802755,1.6841901816776188,26.84601328319921,3.300997996977896,0.2893023640034567,13.1822351372192,12.0243944388757,51.31,E
KEN,肯尼亚,404,2013,0.2622474690188888,0.43052171528000216,0.5180311947622795,0.5016932507184558,0.4525812250856672,0.2667912399689548,0.442032521859513,0.5168563145924424,0.5127009807253468,0.43459526428656425,0.3212594940248015,0.3930158999743317,0.5229010107555205,0.529848204857637,0.44175615240307264,0.44481971157581485,1.263311291,0.0949548115182398,7.337562234,1292.645159,6473.088549,5214.123184,-7.851522286,18.57142857,18.9,0.0031200741017598,2.472107524,18.977570549541976,5.0,1.66091359,13.0,70.7541,40.1,0.038366654,2.942319265,460.135065,4.96,19.75915985,0.014330326,4.858366079108188,1.6449272854336289e-06,8.920168759421848e-06,6.255019855,1.6839441965070108,26.821133640229117,3.306567804055241,0.3177332485884578,13.3308020689485,12.0243944388757,51.31,E
KEN,肯尼亚,404,2014,0.2602400413522991,0.4376430659312574,0.5172696067118067,0.5065158165037955,0.45601242812508197,0.26498827517271456,0.4485125038003894,0.5161064740384784,0.5179641578556036,0.4368928527167965,0.32058611865455017,0.4002939559180739,0.5224366643304379,0.5347763487798324,0.4445232719207236,0.4478583282051526,2.592183533,0.0895501013705873,7.635031901,1287.48919,6517.907703,5276.791721,-9.340048506,19.14285714,19.0,0.004228158564046,2.339011922,20.319234317102783,4.9,1.83768213,16.5,73.0327,36.0,0.00268485,2.950429869,449.4973447,5.13,20.74851351,0.012760592,5.015916116540233,3.6698092394070626e-06,8.7139461364257e-06,6.222012159,1.6823980040060444,26.79511192325263,3.2993463822609552,0.3265545655249868,11.8693404112481,12.0243944388757,51.31,E
KEN,肯尼亚,404,2015,0.265746152678966,0.45146976875647943,0.5157992091079244,0.5061735931742237,0.4603813981899096,0.2704077543934044,0.4617498627277047,0.5146333296191343,0.5175890691976086,0.441095003984463,0.3250712127577661,0.411014579461168,0.5213180269515945,0.5342504902841512,0.44791357736366993,0.4515150131986353,2.655893528,0.0842265025588802,9.238654684,1317.907402,6436.274491,5382.983141,-6.304596563,19.71428571,20.8,0.0046620422648815,2.227032943,21.27673310479075,4.7,1.92388499,16.5879,80.0958,41.6,0.001300612,2.996414116,439.5975359,5.34,21.7765363,0.004396749,5.704530279948368,6.625817932801719e-06,8.527506705839337e-06,6.167806624,1.676600634866937,26.701252792765768,3.288010834604792,0.371015495091097,11.8079580293654,12.0243944388757,51.31,E
KEN,肯尼亚,404,2016,0.2662731561858981,0.46592748381921006,0.5165910053713828,0.504639546850064,0.4643198926154897,0.2709730540157479,0.47603193588270654,0.5154360112544449,0.5159313822590665,0.4445930958529915,0.32550988337972964,0.42249819384249115,0.5219455701371588,0.5325952118848322,0.4506372148110529,0.4547594984822384,1.937947956,0.0761209520296607,5.849628946,1310.216508,6280.988686,5453.129346,-5.397008638,19.71428571,22.2,0.0039660238603702,2.207756846,22.854947104246857,4.5,2.03529072,16.6,80.9772,53.1,0.001709379,2.685884356,429.9986412,5.27,18.12375593,0.003438507,5.948305638490724,7.561328763936501e-06,9.2165147932848e-06,6.19833694,1.6679809741557532,26.563448593941107,3.2677831561912085,0.3882400401149264,12.1346398320144,12.0243944388757,51.31,E
KEN,肯尼亚,404,2017,0.26333277775669334,0.4730782020679425,0.5188074590027449,0.5073742814783955,0.4675000526888408,0.26816726923729134,0.4831296422657784,0.5176851510215719,0.5189216975706037,0.44697594002381136,0.32247937229255147,0.4273112926260666,0.5239397855512185,0.5354239876921192,0.45228860954048894,0.4567446618766602,1.604751834,0.0700541739106464,7.581934028,1316.115704,6388.436524,5707.92222,-6.996833221,21.7765043,23.6,0.0031826760067812,2.17412855,24.216140220675875,4.3,1.71156442,17.8271,87.0265,55.8,0.003994307,2.354043715,420.7508121,5.24,18.8193381,0.0,5.894448930758066,9.4313225523289e-06,1.2199171173360596e-05,6.228659542,1.662098180695352,26.476302988053295,3.2358497875204035,0.375580271307441,11.3363389737624,12.0243944388757,51.39,E
KEN,肯尼亚,404,2018,0.2702755599819058,0.4949959962493451,0.5197829006940962,0.5035223473892992,0.47367754013094393,0.27528348736654035,0.504067432869077,0.5185307659981903,0.5147414076096378,0.45315577346086133,0.33014439956520725,0.44545659695070094,0.5256774079638347,0.5314482104134312,0.45818165372329356,0.46318409180721826,3.524047815,0.0656377917610099,4.215028415,1428.899504,6478.751794,6021.423164,-5.411066791,21.7765043,22.9,0.0015942606616181,2.030837442,26.585280048101556,4.1,1.7670722,19.5,98.5945,61.2,0.003613265,1.376153117,412.2922279,5.09,19.88224423,0.000852379,5.611882119717216,2.1232053860422588e-05,2.791532523059136e-06,6.258776541,1.6527021953875127,26.33314164033055,3.1690007802910483,0.3758885140902462,12.3820929751296,12.0243944388757,51.39,E
KEN,肯尼亚,404,2019,0.2717746739521736,0.5192515922515231,0.5211639534013712,0.5019293357621797,0.48073424005234827,0.27688642627579585,0.527157347302625,0.5198744466317683,0.5131037996041601,0.4592555049535873,0.3309491211462415,0.46547388490148334,0.5270140124012129,0.5298951345698962,0.4633330382547085,0.46922558485907684,3.070047694,0.05839,4.275234239,1504.280013,6679.244971,6426.984316,-5.238529359,21.7765043,23.7,0.0018145642658176,1.963815498,28.574008228100375,3.9,2.00870633,22.6688,106.548,69.7,0.003050055,1.240412897,404.274553,4.93,20.89905378,0.001746755,5.727669331058964,2.4803317988672773e-05,2.4853528823127283e-06,6.237629449,1.637565795979671,26.033395791561965,3.1538022724200787,0.3534468113645365,12.6209774819064,12.0243944388757,51.39,E
KEN,肯尼亚,404,2020,0.2707118955850365,0.5305148071642863,0.5216586151884908,0.4969051371258393,0.4821885823734071,0.2754118210488247,0.5372409923587967,0.5204245624420428,0.5076422025297133,0.4601798945948443,0.3259674888055536,0.4729258209795753,0.5275660390120529,0.5247509321538434,0.4628025702377563,0.4693274246992309,-2.210321712,0.0597425742574257,4.948852833,1509.799921,6865.708514,6464.906566,-3.269110071,21.7765043,26.3,-0.0213381210378302,1.961976337,34.20837226197722,3.7,2.2100935,21.521057333333378,117.603,71.5,0.001359247,1.289228226,396.4200853,4.96,20.8420482,0.0,5.340827895763761,2.8132420548318305e-05,3.6276057987527665e-06,6.216624779,1.6286255782857726,25.884426684304383,3.1437674423969444,0.3233931146312448,14.1166377337709,12.0594800539063,51.51,E
KEN,肯尼亚,404,2021,0.2787022308502634,0.5349188276992015,0.5237660191784193,0.5006809587876436,0.48635567050960754,0.2838980777280034,0.5405531327082056,0.5225203338683061,0.5117525881582421,0.4646810331156893,0.33810933036663354,0.4757473814192224,0.5298288967075937,0.5285449322034776,0.4680576351742318,0.4741487839633771,5.565136516,0.0612636363636363,4.330747559,1454.091232,7101.466139,6865.711133,-4.599008115,21.61383285,31.6,-0.0060231183843105,1.900408589,37.14300971946836,3.6,2.22920752,22.729064740350623,122.298,76.5,0.004455419,1.240886563,388.9576173,4.76,22.42406168,0.0,5.578444901963253,4.0897859992770266e-05,4.0553275881369505e-06,6.216624779,1.6249070585251972,25.848515424024015,3.1402210763289875,0.3453832231418282,12.9446482742161,12.0594800539063,51.51,E
LSO,莱索托,426,2001,0.30181495602489516,0.19937305089403082,0.4747333110282112,0.48082472217542926,0.3781947284050013,0.302822281813179,0.20306415880721046,0.47476771789242145,0.4889115818235988,0.36739143508410244,0.35219396877120884,0.22359365011686436,0.4887892020133349,0.5108245039357168,0.39385033120928126,0.39283028733503,3.719963504,0.3391033540435167,11.47305492,451.1262151,4122.18966,2110.899598,3.459488269,3.797468354,,-0.0334132792161204,-0.152817947,6.122388801176299,22.5,3.60629058,0.26115,2.84878,1.3,0.0,2.497713569,2613.885178,13.24,34.36365499,0.0,3.280359784272738,0.0,0.0,1.137022398,0.0296442687747035,46.481884057971016,0.0233860342555994,0.0999573681824701,21.2363616461209,20.9514579559718,0.42,S
LSO,莱索托,426,2002,0.3270658742586678,0.21842642963979203,0.4741021357701733,0.47424525666947154,0.38423240888396415,0.3263598154376644,0.22414245581908102,0.47411260402690275,0.48176627444408515,0.3765952874319333,0.3682481965617514,0.23970906451444696,0.4880338174078177,0.5040575907472529,0.4000121673078172,0.3987843648245656,1.035599997,0.4614726782214721,14.20693244,321.5300974,4270.766501,2165.790877,8.187596688,13.438478666765375,,-0.0255126927236866,-0.309045449,6.306779186024418,22.8,3.18394804,1.08394,6.91605,3.4,0.0,3.211252707,2621.975767,13.04,34.61239152,0.0,3.334628385219965,0.0,0.0,1.137022398,0.0296442687747035,46.35210803689064,0.0233860342555994,0.1002667597142196,23.0690441417024,20.9514579559718,0.42,S
LSO,莱索托,426,2003,0.3072490272750856,0.2156058952416426,0.4812739784503589,0.46852010205401246,0.3801703643770072,0.30790074488385377,0.22091004752638582,0.4810209939057382,0.47555769498137307,0.37134737032433773,0.357195278059788,0.23818803023971208,0.49368499387629305,0.4981690562970129,0.39680933961820153,0.39613868526783846,5.066495129,0.4111155150085298,2.438812827,338.6628958,4365.392567,2311.183387,-1.485206815,11.66666667,,-0.0223939064200218,-0.483449852,3.2391984318854,23.1,3.14434719,1.5325,6.3449,5.4,0.0,3.825798613,2634.682395,11.53,36.19063944,0.0,3.397335754638317,0.0,0.0,1.137022398,0.0296442687747035,46.19894598155468,0.0233860342555994,0.1007526728424696,24.6329094648826,20.9514579559718,0.42,S
LSO,莱索托,426,2004,0.31960299284273436,0.2197782800414652,0.48380162804546817,0.4765494052101608,0.3865449062603076,0.31930993706643956,0.22484779313955466,0.4835122207354773,0.4843162806027609,0.3779965578860581,0.36329906247781796,0.24237910175845195,0.49609222744316894,0.5063880487583174,0.40203961010943906,0.4012254481886623,2.4110358,0.4684904890237125,9.60039256,339.98003,4262.993161,2442.757534,1.759048315,11.66666667,,-0.0196344694018387,-0.704216158,2.7294002574159277,23.2,2.99280524,2.17552,9.95435,6.8,0.0,2.810525774,2653.301737,11.53,36.80312048,0.0,3.549666341492108,0.0,0.0,1.137022398,0.0296442687747035,46.09222661396574,0.0237154150197628,0.1014646935842352,22.2403897102846,20.9656600651909,0.47,S
LSO,莱索托,426,2005,0.3175409625405336,0.21407233123091182,0.4848524088554689,0.46788877720053534,0.38168229804808673,0.31804200989125836,0.21940289586613423,0.48451091976577915,0.4748692329752072,0.3742062646245947,0.36512312274761044,0.23806544737797852,0.4970078866060486,0.49747589162618416,0.3994180870894554,0.3985251211545149,4.42249766,0.3869602073251238,5.922843201,353.7052842,4188.170616,2559.190471,5.687944551,11.66666667,,-0.009718658461818,-0.920090941,3.5994503030092018,23.3,2.25555015,2.58025,12.7894,9.6,0.0,2.666490599,2677.827181,11.41,38.07876161,0.0,3.855666028155444,0.0,0.0,1.137022398,0.0296442687747035,46.10309617918314,0.0237154150197628,0.1024025690756529,24.7900059156563,20.9656600651909,0.47,S
LSO,莱索托,426,2006,0.3319715067140258,0.23001818364357945,0.4870192611063084,0.4648931413829014,0.38734831311023965,0.33200834925666617,0.23406812624939574,0.4866044669231877,0.47160012497030296,0.38107026684988815,0.3765280480573456,0.2494009685346252,0.4988764225802886,0.4943930086706539,0.4047996119607283,0.40379808866063255,4.659487877,0.3988683773041795,9.310988481,326.8708295,4260.146342,2680.874082,11.99893676,11.66666667,,-0.0098369677374973,-0.411119834,6.128336202991883,23.5,3.04879928,2.97971,18.4011,9.7,0.0,2.462132723,2688.858921,11.14,39.68952949,0.0,4.009658715626267,0.0,0.0,1.137022398,0.0299736495388669,46.11166007905138,0.0237154150197628,0.1028244329361054,25.6760658280914,20.9656600651909,0.47,S
LSO,莱索托,426,2007,0.35899816146605884,0.28697521164311235,0.4848886336231625,0.47494749214031456,0.40991421440503506,0.3577499900096277,0.2919521321608562,0.4843885232819503,0.48254669374355413,0.40415933479899707,0.3967445713373315,0.29382714177294045,0.4966896808063777,0.5046580734325615,0.4229798668373028,0.42209478757683866,3.750256883,0.4934215068054254,6.682454307,329.0741048,4231.856345,2851.66744,18.14191836,23.52941176,,0.0110694270760964,0.420949997,4.99163453248607,23.8,4.63973618,3.44543,24.6999,13.9,0.0,3.624767704,2677.563959,10.93,41.35169289,0.0,5.102315076226545,0.0,0.0,1.137022398,0.0299736495388669,46.11923583662714,0.0237154150197628,0.1220582669659258,22.7034165727055,20.9656600651909,0.47,S
LSO,莱索托,426,2008,0.3560592380766869,0.28875257296005524,0.48553080775854923,0.4703987948516721,0.40843438563067996,0.3548631053569781,0.29358320942446364,0.4850362342549731,0.47760367189843933,0.40277155523371355,0.39360023629597557,0.2933790351543716,0.49722957592886924,0.500060482494591,0.42106733246845185,0.42033827314477956,4.811198389,0.5003105125693709,16.71982041,394.4436692,4360.982621,2958.824159,15.71139396,25.0,,0.0147503435639029,0.677229463,6.061404262611357,24.2,4.36957979,3.58,30.1655,16.0,0.0,4.03131381,2659.491971,10.77,43.63572043,0.0,4.33631870006611,0.0,0.0,1.137022398,0.0299736495388669,46.11528326745717,0.0233860342555994,0.1017014138022039,24.0641216592166,20.9656600651909,0.47,S
LSO,莱索托,426,2009,0.3033506850568736,0.2979928950406835,0.4818916057011866,0.4693408579914779,0.40262814525654383,0.3036998711265931,0.3018375563229574,0.48143597609702676,0.47646274001725963,0.3908590358909592,0.34795109632329696,0.3013058627057274,0.494031970716459,0.4989760164819383,0.4105662365568554,0.4116820093005534,-1.968700886,0.4216222200401389,2.345030868,418.891648,4080.996496,2997.930087,-2.94530646,24.16666667,,0.0169510653665583,0.7266543,5.7802505246397695,24.6,4.86539936,3.72,33.369,17.0,0.0,4.481407271,2640.236703,11.13,43.08863419,0.0,5.014115406748862,0.0,0.0,1.137022398,0.0299736495388669,46.06192358366272,0.0233860342555994,0.1009650746661968,24.335218498635,20.9656600651909,0.47,S
LSO,莱索托,426,2010,0.2906316708270374,0.29518465680397976,0.48827941611006853,0.4597502222185651,0.3979141300335358,0.2920224574248327,0.29824525398978285,0.4876725505948413,0.4658471381538935,0.3859468500408376,0.34213348476899835,0.2960170566739624,0.4997499946895647,0.48831570706976296,0.4065540608005721,0.4079807124912981,4.459259514,0.3928843644186267,5.337110137,403.5037278,4166.623445,3183.044886,-11.00204176,24.16666667,,0.0219731439351904,0.772821659,6.10143714392629,24.8,3.9816153,3.86,49.4651,17.0,0.0,3.061288742,2619.911023,10.64,45.35926335,0.0,5.314689309305686,0.0,0.0,1.137022398,0.0299736495388669,46.05566534914361,0.0227272727272727,0.3005634061047434,26.8707991604476,20.9656600651909,0.47,S
LSO,莱索托,426,2011,0.29865374653419036,0.33316585613817257,0.4836237523961231,0.46857303025538877,0.4117015878003379,0.2994014982813292,0.3342414831046404,0.4831533316336842,0.4754777042600011,0.39806850431991375,0.3462618527383933,0.3272036484968557,0.4960021306608037,0.49746235344786677,0.4167324963359799,0.4185570851263825,3.693985953,0.4543675385687675,9.426407003,388.6972161,4123.395487,3408.128998,-11.85666839,24.16666667,,0.0192203279400586,0.885634152,7.269083703200929,24.9,4.93363905,7.0,61.1891,22.5,0.0,3.247771007,2596.81064,11.45,47.45323471,0.0,5.138244296441921,0.0,0.0,1.137022398,0.0299736495388669,46.07509881422925,0.0223978919631093,0.2825279628839791,24.3203403566351,20.9656600651909,0.47,S
LSO,莱索托,426,2012,0.28003570173941167,0.3661656024193779,0.4854529400458603,0.47744099647710164,0.42192540900697584,0.2819688700602629,0.36568837223074885,0.48484429679491464,0.48513846965127727,0.4044100021843009,0.333909873934573,0.35432475431999083,0.4972798708409552,0.5065269408754753,0.4230103599927486,0.4258795839695251,5.270666596,0.3922989589803071,2.182048018,428.7010782,4116.994354,3682.900722,-18.76525203,26.66666667,,0.027807372682719,1.005106078,10.450491900622998,24.9,5.62558651,10.0,75.9364,20.6,0.0,4.03080035,2570.84067,10.81,50.45896234,0.0,5.506915063799208,0.0,0.0,1.137022398,0.0299736495388669,46.06488801054019,0.0220685111989459,0.2968461403472552,21.6894308366499,20.9656600651909,0.47,S
LSO,莱索托,426,2013,0.28607535189474925,0.3982645367244055,0.49416547229877034,0.4775937316041243,0.43346504877768494,0.28769399325834605,0.3960867638316657,0.4932649073710318,0.4853102397925888,0.4155889760634081,0.3348969117891639,0.3799147586357181,0.5042329189389191,0.5066722030898715,0.4314291981134182,0.434999548648935,0.696148189,0.3578198524243456,10.27989564,476.3048296,3618.650277,3993.216605,-10.75798677,26.66666667,,0.0272001658546698,1.082912996,7.38632164099851,24.9,6.12028074,15.0,87.0553,26.9,0.0,4.441539992,2543.150901,9.1,51.36345213,0.0,5.495751045493169,0.0,0.0,1.137022398,0.0299736495388669,46.03096179183136,0.0220685111989459,0.2999422442163983,21.6145523056155,20.9656600651909,0.47,S
LSO,莱索托,426,2014,0.28877345073039273,0.41721068018306773,0.4936662220883148,0.4815661062525897,0.4403980440762914,0.29044849928646566,0.4132470348649896,0.4927381049887863,0.48965378982833974,0.4215218572421453,0.3365190687474521,0.39362976245308673,0.5036471155889249,0.5107218893398163,0.43612945903232003,0.43990607570693335,0.557309193,0.338377166721069,14.03515215,411.705794,3398.659323,4347.78005,-8.420166645,26.66666667,,0.0250065594284216,1.140322752,5.591106918982794,24.7,5.8080492,22.0,102.822,27.8,0.0,5.017889397,2514.315493,8.94,52.24204961,0.0,5.601284668713535,0.0,0.0,1.137022398,0.0299736495388669,45.94268774703557,0.0194334650856389,0.3093207713708404,20.3695146948997,20.9656600651909,0.47,S
LSO,莱索托,426,2015,0.30628409164284337,0.42034466818893856,0.4971659217978256,0.47776705696236865,0.4429620996353418,0.30740043746835977,0.4160334411772929,0.49611100165521416,0.48551767821665487,0.4262656396293804,0.351351580154087,0.39628684834537425,0.5063779760928893,0.5068460060614144,0.44021560266344123,0.4435821978640696,1.922510595,0.393696328481909,10.20303919,425.633241,3468.7455,4636.642613,-5.73228397,25.0,,0.0205568463749852,1.17199707,7.844680085773572,24.3,5.62011147,25.0,101.688,31.8,0.0,5.553883538,2485.019797,8.14,53.87412613,0.0,5.382079378081658,0.0,0.0,1.137022398,0.0299736495388669,45.94202898550724,0.0194334650856389,0.3013464245886769,21.4953835701207,20.9656600651909,0.47,S
LSO,莱索托,426,2016,0.30394325646934117,0.44132574828889004,0.49654909093184674,0.4849492272717553,0.45094645180069537,0.305290814981658,0.4358899952713178,0.49541850937710935,0.49331230204174814,0.4324779054179583,0.350786051379052,0.4138925350956513,0.5055935335811815,0.5141466925802871,0.446104703159043,0.44981971267839865,2.353639813,0.4166614540631939,0.292451233,658.7374729,3483.662448,4776.904073,-10.50175677,25.0,,0.0207987651939032,1.218943021,10.134142437507686,23.8,5.59334755,32.4539,107.158,35.1,0.0,6.403457216,2454.912689,7.86,55.81839341,0.0,5.927053735891722,0.0,0.0,1.137022398,0.0296442687747035,46.03162055335969,0.0194334650856389,0.3227514220187362,19.4245948988429,20.9656600651909,0.47,S
LSO,莱索托,426,2017,0.30387782862511753,0.4572943995138115,0.49503866398223784,0.4727766442777705,0.4504170091381907,0.3044168293390931,0.4500755961214012,0.4939806309120562,0.48003236777453406,0.4321263560367712,0.34473603751500864,0.4279829583587134,0.504565573941093,0.5015446168003131,0.44470729665378206,0.4490438178092674,-4.336559993,0.44565024878087,2.018910238,522.800544,3420.346334,4749.190654,-9.010747254,22.13114754,,0.0182581084146065,1.24492807,11.529314684925664,23.1,6.03923559,39.0,110.37,33.7,0.0,5.544699725,2424.540241,8.42,54.06671458,0.0,6.286428219515927,0.0,0.0,1.137022398,0.0289855072463768,45.991106719367586,0.0194334650856389,0.3432292534919406,22.9379631824868,20.9656600651909,0.47,S
LSO,莱索托,426,2018,0.3154192462718221,0.4365968617885016,0.5020996186203817,0.475537883609586,0.4488772597497252,0.31542458924495465,0.4330933971615592,0.5009713219550989,0.48310135005028326,0.433147664602974,0.3536327112980341,0.4138907609653006,0.5110915746462426,0.5044459352339993,0.44576524553589414,0.4495708327715794,-2.675939075,0.4776533177448154,11.72306873,456.2038887,3550.900998,4711.391756,-5.623727772,22.13114754,,0.0141812377027878,1.220690194,9.667508242111776,22.3,5.5954361,40.8,72.4555,47.0,0.0,3.218569725,2395.124022,8.19,53.26618487,0.0,6.044089893779751,0.0,0.0,1.137022398,0.0289855072463768,45.78623188405796,0.0194334650856389,0.3286484081584427,21.9918648021624,20.9656600651909,0.47,S
LSO,莱索托,426,2019,0.3000425215738426,0.46947163678000225,0.5006497080260236,0.4784874095096567,0.45658029684459084,0.30121704597461246,0.4651714943375848,0.49955154098716176,0.486393394522456,0.43808336895545374,0.3435786109202997,0.44332052202284783,0.5098419867273046,0.507442064270592,0.45104579598526107,0.4558499808896426,-2.569259861,0.3844058716711083,3.575454469,465.7401204,3265.931025,4984.732567,-7.457534395,23.33333333,,0.0111826933635932,1.174698371,17.081521948216828,21.5,6.75437784,42.3017,76.1125,44.6,0.0,3.300601853,2367.153148,8.37,52.51087366,0.0,6.213886210006441,0.0,0.0,1.137022398,0.0289855072463768,45.4137022397892,0.0194334650856389,0.339491763619617,20.8280688387792,20.9656600651909,0.47,S
LSO,莱索托,426,2020,0.29929170863605337,0.4376836509055161,0.49981171484592146,0.47505301845329534,0.44631073057376486,0.29973022220211804,0.43545884524747946,0.49878267733827714,0.48271404903019555,0.42917144845451755,0.33719675349807526,0.41414858802495996,0.5089349796758741,0.5040860563553776,0.4410915943885717,0.44547932832233494,-9.237270053,0.4114525276123795,6.548204188,514.3094995,3010.188508,4834.677051,-5.890184117,23.33333333,,-0.0020995855128599,1.18432063,15.346238606055213,20.7,4.87197256,43.6575,69.8944,47.5,0.0,4.049206484,2339.283821,8.18,48.22810893,0.0,5.504462788768768,2.70605489847374e-06,0.0,1.137022398,0.0289855072463768,45.27799736495389,0.0194334650856389,0.2956867274045534,21.7938182246614,20.9656600651909,0.47,S
LSO,莱索托,426,2021,0.3019394435609583,0.4497002464449658,0.4876625644097271,0.4751599457059208,0.44737912086628834,0.3033343492260373,0.44719240636609936,0.4869771225460249,0.48281847306262465,0.43008058780019653,0.34821107515294936,0.42213806350433003,0.4991534635934117,0.5040919628443647,0.44339864127376394,0.44732839311228,1.099357825,0.387624206782147,3.12378243,552.3694044,3239.893281,4779.452492,-8.127947597,23.33333333,,-0.0167594725482016,1.148042669,19.429221301218373,19.8,4.38429165,45.0567,80.5368,50.4,0.0,3.790642618,2312.581416,10.42,49.32130012,0.0,5.991413547548836,2.5204042197757104e-06,0.0,1.137022398,0.0289855072463768,45.23945981554677,0.0194334650856389,0.3219433908368714,21.6969002459269,20.9656600651909,0.47,S
LBR,利比里亚,430,2001,0.19372365424033586,0.2387472008756534,0.5075151480029721,0.45266548682758384,0.3669676090653568,0.1985888039471938,0.2553016932734789,0.5065937450383619,0.46735037352060227,0.3569586539449092,0.26654946622074294,0.22983677428035093,0.511377942043715,0.5005764978878676,0.3770851701081691,0.37562433728956135,-0.056774336,0.141280353200883,0.720025736,1082.496873,826.576219,499.6708535,-30.47768088361522,7.8125,34.9,0.0242420735940755,2.935237571,0.0,2.6,0.5318647,0.0338122,0.0663276,-14.404880952381973,0.01064269,20.83929727,66327.55598,10.79,16.99924075,0.0,2.28218342225648,0.0,0.0,85.05377907,0.2953696013289036,4.119497508305648,0.0,0.1658188899552886,4.33268706074222,1.61690941063373,6.82,W
LBR,利比里亚,430,2002,0.20458133552200597,0.2426835512284288,0.4855661599430662,0.451743674440222,0.36462822997678906,0.20897021464960755,0.2591465056960184,0.48485932238551166,0.4664003057744585,0.35484408712639903,0.2752347151287523,0.23416111009600935,0.4906881051252645,0.49968121813915906,0.3749412871222963,0.3729969646500592,1.099389235,0.1898597626752966,1.392728214,1036.615876,665.7520044,637.0024333,-29.679705573837055,7.8125,36.2,0.0179253987083167,2.600553744,0.2229559303369349,2.5,0.56401348,0.0327133,0.161562,-12.24809523809563,0.013895134,29.01490149,64624.90734,10.79,17.24964168,0.0,2.193484598048584,0.0,0.0,84.73961794,0.2928779069767442,4.1482558139534875,0.0,0.1615622683600977,4.49432928137271,1.61690941063373,6.82,W
LBR,利比里亚,430,2003,0.1634950189409856,0.2576112663772752,0.42074679499307044,0.4762536471085149,0.3589694203970599,0.16626120308733475,0.27431858157629674,0.4212762682346168,0.4901300028429327,0.33799651393529523,0.21569771287667422,0.254145050884364,0.4330908715918676,0.5191795287322689,0.3555282910212937,0.3559584874460388,-30.69935303,0.1457219251336898,15.51149159,676.0730484,602.3566131,456.9850529,-28.881730264058888,7.8125,35.9,-0.0187935850243243,0.79655231,0.3205609046485178,2.4,0.4171488,0.0318689,1.51465,-10.091309523810196,0.003101372,42.95456019,64112.18093,15.93,11.78952456,0.0,2.383158538844607,0.0,0.0,84.42545681,0.2917358803986711,4.132682724252492,0.0,0.1602804523242589,4.19549925632434,3.65616131451449,14.63,W
LBR,利比里亚,430,2004,0.2131512231414522,0.2561271364070409,0.46536715599908396,0.4738726930626963,0.3735492161865425,0.21735956131176862,0.2722204734632766,0.4655109373346384,0.4875664186616452,0.3606643476928322,0.2814097304468344,0.2528948927641265,0.4756697001865234,0.5167738934870496,0.38168705422113347,0.379824573245418,1.405400065,0.1159420289855072,16.85827813,575.2976783,1166.625436,651.7935922,-17.80679088,5.263157895,36.0,0.0547459704024884,1.190500873,0.4498094961753522,2.3,0.51704127,0.0310112,2.98933,-7.934523809524762,0.013101218,24.27262279,63353.45017,16.06,11.84267296,0.0,2.554581142569654,0.0,0.0,84.11129568,0.2910091362126246,4.2452242524916945,0.0,0.1583836254138564,4.84940620587856,3.65616131451449,14.63,W
LBR,利比里亚,430,2005,0.21524079886262804,0.2501655991721398,0.4629490135095321,0.47328692770485264,0.3713477215607519,0.21941401615110323,0.26724959243890317,0.4631197897680646,0.4869901117569662,0.3591933775287593,0.2843503280868564,0.2301426536017952,0.4736786241216416,0.5162367423646659,0.37610208704373976,0.37308471731288373,0.684612867,0.1380400421496312,0.490010501,573.0032272,1197.676409,672.1045479,-19.34103075,12.5,35.7,0.0145847110761587,4.464199764,0.3271720970671142,2.2,0.54538667,-0.2818058855805248,4.84699,-5.777738095238419,0.004752792,23.98079122,60587.42538,16.09,12.21003092,0.0,2.859688637467265,0.0,0.0,83.79713455,0.2906976744186046,4.2425249169435215,0.0,0.1514685634569973,4.89651891207741,3.65616131451449,14.63,W
LBR,利比里亚,430,2006,0.2238041428231109,0.2485433890728112,0.4724844176648308,0.4762985206193257,0.37509063276041027,0.22774733364783661,0.26529298434148113,0.4725115228128404,0.49017510025048927,0.36393173526316186,0.29137317473486435,0.22287231948280067,0.48253972392225464,0.5190220343367936,0.37895181311917836,0.3753932119990205,2.170246273,0.1411974977658623,9.13488163,574.199218,1294.0835,708.0268678,-15.44364423,12.5,35.4,0.012860036994627,5.589721529,1.0169626505427,2.0,0.47191602,0.8554468698275741,8.02111,-3.6209523809529855,0.003617589,20.41764629,57293.67045,15.39,13.19219481,0.0,2.769927642517286,0.0,0.0,83.48297342,0.2891403654485049,4.238579734219269,0.0,0.1718810113593296,4.13892124906311,3.80584719617293,14.73,W
LBR,利比里亚,430,2007,0.2249264296918044,0.2712857031749049,0.4685306722866064,0.47239432632444195,0.37969328055895873,0.22896046538883363,0.28749167069850873,0.46845853913605406,0.4859469686340244,0.3677144109643552,0.293379894755106,0.24402408660181774,0.4778280508269689,0.5149191535217245,0.3825377964264043,0.3798148769094245,4.213438159,0.1456664238892935,12.01764714,599.8632444,1396.011458,739.157962,-16.25345312,12.5,35.1,0.0113401165318722,4.980556075,1.1310829778825582,1.9,0.73447984,0.551377,15.3446,3.0,0.112017031,24.1481143,54510.02303,13.92,14.45010691,0.0,2.459729399217231,0.0,0.0,83.16881229,0.2899709302325581,4.243459302325581,0.0,0.2033671544405227,5.11528133203773,3.80584719617293,14.73,W
LBR,利比里亚,430,2008,0.21379164857868596,0.2852472327287854,0.47065814347924084,0.4712175343138991,0.38235850231342067,0.21798807580158933,0.30089452021680724,0.47054087404602013,0.48473620365185544,0.368539918429068,0.28259446268455307,0.2595928004049223,0.47953321874357674,0.5138263526781777,0.38388670862780744,0.3823676186164325,2.884739435,0.1402085747392815,17.32634555,651.3766727,1552.685489,691.9098306,-20.52751761,12.5,34.9,0.0090804340722649,4.058018063,0.5600623710580703,1.9,0.91902161,0.53,22.3666,1.3,0.220513428,23.66016876,52342.27767,13.34,15.48266692,0.0,2.092572270686257,0.0,0.0,82.85465116,0.2889327242524916,4.245950996677742,0.0,0.1831979718414249,5.35671075508369,3.80584719617293,14.73,W
LBR,利比里亚,430,2009,0.22096372880570173,0.3038882522751216,0.4702968958423866,0.47212951708913503,0.38905502143021725,0.2258251870360895,0.31889721826054673,0.4701786797461053,0.48581090165236007,0.3751779966737754,0.29134476301810935,0.2794785316623568,0.4791998298801983,0.5149257229968052,0.3912372118893674,0.3901883209013694,2.041801672,0.0842760180995475,2.722843141,1231.293688,2465.79282,1301.174318,-15.67824792,12.5,34.8,0.0073455475074564,3.143600246,0.5909164226071942,1.8,1.1980319,2.0,27.5185,1.9,0.217808896,23.73390797,50722.43971,13.12,16.30333195,0.0,1.850993711978714,0.0,0.0,82.54049003,0.2885174418604651,4.249792358803987,0.0,0.1521673191263161,5.00216752881551,3.80584719617293,14.73,W
LBR,利比里亚,430,2010,0.1745725273783612,0.3202470987799535,0.47707173572775097,0.47481522355393385,0.39016035891967293,0.18060049578289186,0.33433686230903,0.4768657021665791,0.488814273501488,0.37015433343999726,0.25227419891222996,0.29289115308802993,0.48577270836916026,0.5178414818373234,0.3871948855516859,0.3885152103907923,3.071179982,0.1111111111111111,6.512003689,1273.26332,2321.337043,1381.012043,-42.7136317,12.5,35.2,0.0042635265455281,2.896058116,1.0741853068203375,1.7,1.2732017,2.3,38.7128,5.3,0.332974074,19.72192273,49274.55536,13.25,17.29780671,0.0,2.831104329478502,0.0,0.0,82.2263289,0.2886212624584717,4.268480066445182,0.0,0.1231863883968277,4.1363571261737,3.80584719617293,14.73,W
LBR,利比里亚,430,2011,0.16317045316565718,0.3180714436418619,0.479463995538406,0.47016005470420497,0.3868223690122525,0.16928117867717768,0.3305466297370091,0.47920875941532104,0.48371573602476564,0.3656880759635684,0.24207955532418227,0.2852706750278896,0.48783947742975237,0.5127173825768797,0.381976772589676,0.3835164116185582,4.040866351,0.1530442035029191,10.92344536,1296.668239,2690.761324,1392.706633,-52.48534702,9.589041096,35.6,0.0021564068870245,3.920469879,2.184224403709107,1.6,1.51829398,2.5,47.869,4.1,0.50638689,18.42697328,47380.13891,12.93,18.71635974,0.0,3.031085098567273,0.0,0.0,81.91216777,0.2913205980066445,4.273048172757475,0.0,0.2173974020996034,5.25005447552817,3.80584719617293,14.73,W
LBR,利比里亚,430,2012,0.15161410791271426,0.3337406513207787,0.47645337815732947,0.4720196092952275,0.38996536529238074,0.15806513642184167,0.3459318871108358,0.47617663677334654,0.4857919472095026,0.36649140187888163,0.23287437168145345,0.29912148922396187,0.4846158393830384,0.5146340210560573,0.38281143033612774,0.3852926534383999,4.243455569,0.1647792280737953,7.797157164,1388.012533,2762.011648,1406.055504,-59.99555099,10.95890411,36.5,0.005026392764684,3.534486944,1.7081926704127994,1.6,1.55076897,2.6,54.4221,9.3,0.693364354,19.73671689,45734.74352,12.46,20.21251081,0.0,3.245101542939549,0.0,0.0,81.59800664,0.2919435215946844,4.273567275747508,0.0,0.2260407553733178,4.56206892686665,3.80584719617293,14.73,W
LBR,利比里亚,430,2013,0.20849237879185462,0.32669908226313893,0.48392289582406617,0.4728302579834477,0.397243462916539,0.2135894052993495,0.33974326190212717,0.4834981161480414,0.4867508253957368,0.3808954021863137,0.2822429996424927,0.29812188842459864,0.4912667205619052,0.515603581041818,0.39680879741770364,0.3971514416216213,6.324110003,0.1759411854111331,4.715308133,1457.304681,3273.106027,1456.530787,-32.82096884,10.95890411,36.4,0.0034624069582671,2.198276931,0.7740078326908248,1.5,0.31744617,3.2,57.0613,9.8,0.639073849,18.43813166,44740.33715,11.65,21.9684298,0.0,2.808103151142477,0.0,0.0,81.28384551,0.2921511627906976,4.275539867109634,0.0,0.2015364355239171,4.22808529251978,3.80584719617293,14.73,W
LBR,利比里亚,430,2014,0.2197723346254792,0.3497833538282479,0.47843068284351387,0.4729888001477472,0.4044426110698941,0.2241843835073473,0.3611187795694141,0.47798223337719115,0.4869297283628916,0.387553781204211,0.2871235403239691,0.31685620532484327,0.48621046139533913,0.5155712556611828,0.40144036567633357,0.40232032451069794,-1.373707869,0.137646590518754,0.817921327,1399.417195,3346.941286,1445.356147,-19.91983599,10.95890411,36.6,-0.0130350713428456,2.082175325,2.0704192303167215,1.4,0.82358247,5.41,70.6628,9.4,0.46254547,20.60622082,43818.39641,11.55,22.12251485,0.0,3.621604060457995,0.0,0.0,80.96968439,0.2931893687707641,4.2860257475083055,0.0,0.2602208219323343,3.97878203944573,3.80584719617293,14.73,W
LBR,利比里亚,430,2015,0.2592873112299866,0.3758539106621696,0.47615914983673524,0.46651729115542634,0.4145028276722525,0.2628858031332742,0.38588901858698393,0.47575262364597215,0.47993190954101184,0.40111483872681053,0.32076512659961715,0.339333824356231,0.48464428522421105,0.5089655706073122,0.4134272016968428,0.4138887429892949,-2.0600232,0.0876954947167802,0.062713426,1402.014082,3209.817327,1412.558227,5.302425371,10.95890411,35.7,0.0006417834825198,2.062970967,2.2985639233631745,1.4,1.20420825,10.0,78.3787,15.2,0.187460638,20.94750611,42923.69605,11.85,22.11840781,0.0,3.560664810789128,2.1461848023932536e-07,0.0,80.65552326,0.2928779069767442,4.2860257475083055,0.0,0.2569341621326724,5.75091798509346,3.80584719617293,14.73,W
LBR,利比里亚,430,2016,0.22989045378417747,0.3797018428187744,0.47186516686825464,0.46803966368559474,0.411418831244737,0.23410934948591172,0.3899883272056964,0.4715224524039483,0.48162066153151056,0.3943101976567667,0.29434282424041885,0.34587982761375524,0.48117767926599864,0.5104393547303626,0.4079599214626338,0.4098032940310992,-3.545902519,0.0820969841393334,6.972956972,1432.208762,2852.498854,1350.292474,-8.122612799,10.95890411,35.1,0.0208445854712395,2.043121555,3.614679763344666,1.3,1.39315951,15.7,65.5437,17.7,0.019623322,21.35821769,42055.61098,12.34,21.77447573,0.0,4.010906029260612,2.102780548775257e-07,0.0,80.34136213,0.295265780730897,4.28125,0.0,0.2899797460177541,5.12772073176027,3.80584719617293,14.73,W
LBR,利比里亚,430,2017,0.2217492526513762,0.3775705304952126,0.4693341408148145,0.4696752897144983,0.4097834707713639,0.226431540788243,0.3884401592346732,0.469090910796617,0.48349704075110816,0.39186491289266034,0.29076076633652714,0.34539381887775084,0.47909863386706014,0.512341341790356,0.40689864021792355,0.40882005859587023,0.483418311,0.1055828121091334,2.617934153,1464.891163,3018.191886,1312.071013,-16.67983238,9.85915493,34.9,0.004860869996528,1.943247767,4.349417654428559,1.3,1.38745701,16.3,54.8575,24.2,0.049016618,21.99392126,41246.25561,12.46,22.30907306,0.0,3.396245812226681,4.949550673602911e-06,0.0,80.027201,0.2946428571428571,4.281769102990033,0.0,0.2443038405419758,4.57801411968127,3.80584719617293,14.73,W
LBR,利比里亚,430,2018,0.22331824719687315,0.38662943609692335,0.48425861576546164,0.46926898527227895,0.4156369852214776,0.22754191909138616,0.3976106247428582,0.4840097754128933,0.4830893104010124,0.3980629074120375,0.29035361375330965,0.3532560874275352,0.49350467918405766,0.5118507523406753,0.4122412831763944,0.41474659711560113,-0.802290168,0.1601049540563057,0.209872797,1452.166616,3032.452064,1276.304094,-19.69443733,12.32876712,35.3,0.0036526975665136,1.956452314,5.122629646212955,1.2,1.68725502,17.2777,54.73947649391084,22.8,0.0,16.07775623,40447.13499,12.52,22.56731733,0.0,1.504159598222958,5.2581275484222985e-06,1.7389137992274152e-07,79.71303987,0.294954318936877,4.274190199335548,0.0,0.2721415746797699,4.52197916030254,3.80584719617293,14.73,W
LBR,利比里亚,430,2019,0.21951825447697457,0.36675399891450006,0.47547510890369227,0.46971877204975643,0.4076023804735751,0.22347547258639766,0.37898261031660074,0.4754217327878479,0.4837187411081262,0.3903996391997431,0.2843795516535733,0.33773697542005415,0.48626474213858295,0.5127714796225258,0.40528818720868404,0.4072523862353825,-4.381608492,0.1635740970325761,0.560426634,1394.756582,2996.536428,1181.918032,-19.68321667,12.32876712,36.6,0.0038197347497499,1.982254929,4.357893705857243,1.2,1.3562839,18.3141,38.4042,23.1,0.0,15.9614665,39653.26393,13.87,22.01051445,0.0,2.450936137272872,5.154924310841143e-06,1.7047834871910206e-07,79.39887874,0.2953696013289036,4.276785714285714,0.0,0.1667883691425437,4.40648582712014,3.80584719617293,14.73,W
LBR,利比里亚,430,2020,0.24374389625543688,0.3650695645212113,0.46633781635605714,0.4685270463214232,0.40795137500695483,0.24678773612894142,0.37767957607717945,0.4664676503344838,0.482512376550699,0.39336183477282594,0.3035259869946453,0.33582554759383215,0.4780140889882991,0.5117440184586023,0.4072774105088447,0.4082063627489514,-4.974703942,0.1914281557380133,1.38060189,1356.857907,3025.897541,1112.709361,-8.657440087,12.32876712,37.5,0.000571596550823,2.074833406,2.0584670673427503,1.1,1.32303464,19.4126,32.1004,27.6,0.0,18.38544288,38839.00127,14.32,21.35405277,0.0,1.8713128067417344,5.04907016518033e-06,1.6697764941312486e-07,79.08471761,0.2890365448504983,4.2828073089701,0.0,0.1254954157355825,4.67360078662209,3.80584719617293,14.73,W
LBR,利比里亚,430,2021,0.27144320406321193,0.3622139664669246,0.45086425948041503,0.4700329597176138,0.40806864735685333,0.2739549727698664,0.37455133249296463,0.4515461626440613,0.4842187014150913,0.39606779233049594,0.33076714970502125,0.3335344937101806,0.45893900507414276,0.5133705299123614,0.4091527946004265,0.40847441970597437,2.793685277,0.2507792731073103,5.354276045,1336.99383,3367.408632,1116.95043,-2.896233836,10.95890411,37.7,-0.0016485220428616,2.110987385,4.974024223269801,1.1,1.11087501,20.5771,31.4299,29.8,4.48328104,17.54014848,38027.70813,14.01,22.41891806,0.0,1.735182657490842,4.911278504856993e-06,1.6348971673347653e-07,78.77055648,0.2884136212624585,4.2843646179401995,0.0,0.115458586589947,4.11354424398807,3.80584719617293,14.73,W
MDG,马达加斯加,450,2001,0.27480824179100294,0.3076276804188322,0.5223362227772268,0.49654796564778403,0.41703744023952755,0.27808868345487714,0.32443156210868984,0.5214041117317535,0.5106187785819066,0.4086357839693068,0.3308587628768063,0.28588185992878856,0.5270191083375807,0.5385741770656638,0.42058347705220983,0.41842927444085487,2.765905244,0.170640537810931,7.916944839,424.0341699,2430.891709,4114.322653,-2.575487585,8.0,33.4,0.0120743781695242,3.079898477,3.628264035936488,0.1,1.83291543,0.222512,0.865969,14.8,0.0,2.83977081,19785.19385,7.18,0.608690826,0.0,1.675021876247879,0.0,4.038505521466378e-07,22.32658287,0.7419781958248787,37.95864428930082,0.5766929188018021,0.1192484855960559,10.6563862153414,5.1562742363969,34.94,E
MDG,马达加斯加,450,2002,0.22836896816887634,0.29950741389553287,0.5120741786023233,0.5016475270018302,0.4082328507924411,0.23168324523210349,0.31579077457647636,0.5114431219578105,0.5161862007464373,0.3937758356282069,0.2795284906955412,0.2788730422360991,0.5184662017593465,0.5437787129473536,0.4051616119095851,0.40476045225419777,-14.98820051,0.0908122370422949,16.49852553,393.9128541,2259.351388,3661.767391,-8.913598288,5.715540028766554,34.8,0.0084534887684495,2.989993505,2.347589985203915,0.1,1.74709666,0.33972,0.928837,14.0,0.0,3.569880282,19202.37439,8.62,0.532465413,0.0,1.211508270088118,0.0,3.919541834668924e-07,22.24598824,0.7434398321697563,37.943099356880005,0.5786704267978127,0.1322698405969306,9.09765398546504,5.1562742363969,34.94,E
MDG,马达加斯加,450,2003,0.2668038912023259,0.3092351737531166,0.5087087676707648,0.510890719021245,0.41882603254995177,0.27078105634122523,0.3246442449695838,0.5080562478025553,0.5250305801086057,0.40712803230549255,0.3289051844683536,0.2873287754877115,0.5150783082446329,0.5509642348355032,0.42056912575905026,0.41820713820709743,6.614147364,0.1343272105301222,1.704004799,383.2424162,2942.59828,3753.777162,-5.146326395,3.75,36.1,0.0088389386513434,2.93067077,3.621653871263015,0.1,2.17278719,0.423252,1.56966,20.3,0.0,5.307467698,18647.78235,8.32,0.583800939,0.0,1.536829550179317,0.0,4.282132340882126e-07,22.16539361,0.7632836950166799,37.94082952161502,0.5822299411906317,0.1343380827999163,8.98740264293275,6.37840696284202,36.21,E
MDG,马达加斯加,450,2004,0.2648138798197259,0.3120596612941699,0.5064164357738866,0.5100344468370709,0.4186047532826925,0.26790935880823397,0.32819114071654115,0.5057709182913092,0.5241387431309812,0.4065025402367664,0.32121187610288365,0.2901022021924007,0.5128614643486759,0.5500739929813028,0.4185623839063157,0.4166426552244912,2.231916851,0.1958642386979185,13.9558018,377.6632478,3625.91916,3634.178242,-7.877992479,6.875,34.6,0.0079573819375806,2.916108611,2.655508193648192,0.1,2.17331147,0.525354,1.79446,15.3,0.000697059,6.24678484,18111.845,8.21,0.613687594,0.0,1.63609678166355,5.3744347169564716e-08,5.083300245950256e-07,22.08479898,0.7743921312377482,37.752656739003335,0.5844825807339135,0.1417068911216918,9.07305944784478,6.37840696284202,36.21,E
MDG,马达加斯加,450,2005,0.2465651818959152,0.3121394939698917,0.5086541424223695,0.5071054452849519,0.4156255958862819,0.250293539248831,0.32855635259560473,0.5079760510066853,0.5209366604769275,0.40194065083201214,0.30613796681024763,0.2902561154479381,0.5148952216336596,0.5470465497445491,0.4145839634090986,0.41341047984736606,1.731772067,0.1459226210846892,18.36382465,369.6582402,4399.723271,3503.20445,-12.53082177,6.875,32.9,0.0082435846297035,2.929269371,2.9911730904861957,0.1,1.93450081,0.567722,2.66324,16.0,0.000243446,5.581796218,17588.99549,8.02,0.642033817,0.0,1.528994371351089,5.2192864953519394e-08,4.936556442261878e-07,22.00420435,0.7761632905733052,37.72971764624961,0.5844653850122089,0.1324422447065604,9.97963894635223,6.39347618263263,36.33,E
MDG,马达加斯加,450,2006,0.25471890641893585,0.31799324988284067,0.5090433372071484,0.5094539564142627,0.4193621825073577,0.2582972546020745,0.3344824349068414,0.5083428076630387,0.5235120734870014,0.406158642664739,0.314398904880273,0.29536354513005525,0.5151372089993059,0.5494793663450387,0.41859475633866816,0.4172499293298978,2.347263378,0.1540094244990038,10.76563716,374.5872121,3968.15935,3342.982045,-9.155174333,6.875,30.6,0.0078464987471975,2.937691079,3.106293785045585,0.1,1.89314044,0.607552,5.30076,16.8,0.001866099,5.754311455,17079.80104,7.79,0.676694067,0.0,1.465329228458136,1.5204570656121314e-07,5.229431005814279e-07,21.92360973,0.779155346149878,37.70512776421227,0.585170409602091,0.1282321230613348,9.26536323855839,6.39470560576212,36.36,E
MDG,马达加斯加,450,2007,0.25112399783863815,0.3261149283325562,0.5074425910361438,0.5071376132555473,0.4201040873573516,0.2548487541712604,0.34231238355694715,0.506739755762313,0.5209756259177859,0.40621912985207664,0.3120052703426566,0.30194606959690506,0.5135609242295271,0.547058306895005,0.4186426427660235,0.41770624592921857,2.653099507,0.1452263996223297,10.28796632,381.036012,3621.633508,3172.854905,-9.885701977,7.874015748,30.2,0.0064278704612366,2.934949508,5.366515962259769,0.2,1.90437353,0.65,10.9142,17.5,5.2e-05,6.499722519,16585.80227,7.65,0.715337116,0.0,1.506601293910101,1.968641218730657e-07,4.654998580496484e-07,21.8430151,0.7833682979674658,37.68686590776215,0.5849296694982289,0.1294003660097754,9.95446921686802,6.42222836286837,36.37,E
MDG,马达加斯加,450,2008,0.23642389394443256,0.3299624247345603,0.5094060868102545,0.5089812029410449,0.4203834932676523,0.2407362491280765,0.3455252992133221,0.5086675378337654,0.5229949277012564,0.4044810034691051,0.3015077512690025,0.3032423743805179,0.515350937086781,0.5489324072326524,0.41725836749223844,0.4168410498332483,3.625791508,0.1221429536581678,7.486300276,388.6963296,3626.714723,2935.068739,-15.63646139,7.874015748,30.0,0.0074594120228168,2.935329273,3.9495618395093826,0.2,1.41035628,1.65,23.1088,18.3,0.00260484,5.86010067,16106.03025,7.49,0.763355068,0.0,1.570492989051985,3.82338997048343e-07,4.931285428367834e-07,21.76242047,0.7864807235959692,37.65164906971145,0.5854799325927709,0.1352084819038952,9.36647585436469,6.42323754443104,36.4,E
MDG,马达加斯加,450,2009,0.2175465954986012,0.33988590678165514,0.5033099154595632,0.5088135179105238,0.41948400041712386,0.22156967844217945,0.35582718893130627,0.5027106127153663,0.5228728932225217,0.40074509332784347,0.27844694044753177,0.31077764523209667,0.5100317063897261,0.5489601071622422,0.4120540998078992,0.41290797794879885,-6.756948552,0.1093909942361844,6.929159085,402.9174431,2793.533888,2713.582864,-18.17185576,11.529235323744842,29.4,0.0050329074719319,2.936041173,3.9800847253110367,0.2,1.30581379,1.63,29.1628,17.4,0.001211345,6.983989715,15640.0251,8.02,0.732983394,0.0,1.312423478531807,5.105052702707721e-07,4.788605675403114e-07,21.68182584,0.7896447363895864,37.58164528665267,0.5860473914090174,0.0850117693277295,9.41874196355957,6.4292651977285,36.41,E
MDG,马达加斯加,450,2010,0.23858635082011612,0.35236500057568904,0.5030646713489504,0.5112150841851697,0.42675812851833267,0.24227890696447824,0.36775197918327734,0.5025290187329063,0.5247242620048105,0.40932104172136813,0.2990075521951798,0.32172745638098293,0.5102157024856993,0.5499960657663827,0.42023669420706117,0.42065403757877773,-2.265802527,0.11509899075477,10.21854103,391.4890123,2462.922412,2492.635369,-8.948536171,12.5,28.1,0.0047027478171546,2.909196621,3.613522580459029,0.2,1.86784148,1.7,34.7636,12.3,0.008080465,5.791522498,15191.58071,8.5,0.737522319,0.0,1.367080671264952,6.761831176008662e-07,5.426519714664248e-07,21.60123121,0.7958351962031848,37.6216253396155,0.5864085015648107,0.0845896748190308,10.4360898402093,7.03536507928581,37.93,E
MDG,马达加斯加,450,2011,0.24563376293623143,0.35600287034948364,0.5015070399961805,0.5150136089802418,0.42981614095054915,0.2490226866441198,0.37133801892958673,0.501010497554128,0.5288469328709162,0.41255453399968767,0.3053741093672396,0.32475976344564517,0.5089290876135691,0.55382857559303,0.42322288400487096,0.4234178468615733,-1.26548227,0.1376406533843783,10.38618714,389.408166,2106.403873,2242.654339,-6.727751144,12.5,27.4,0.00420147930412,2.839657144,4.224815202674577,0.2,1.67813444,1.9,38.0364,14.3,0.031390402,5.679099024,14766.25932,8.72,0.749163571,9.85e-06,1.519405248140169,8.76335864483422e-07,6.028105685960661e-07,21.56904408,0.8022413393033627,37.63487138940692,0.5864780549850033,0.1052853485406817,9.30160266074844,7.03536507928581,37.93,E
MDG,马达加斯加,450,2012,0.24395857320617492,0.3654813120082487,0.4982031705506973,0.517659323358612,0.43266113762271835,0.24756785990002425,0.3818304666867418,0.49773536273536134,0.5316895293384121,0.4147058046651349,0.30603308133925716,0.33230829122794486,0.5058531386492187,0.556434447321604,0.42515723963450613,0.4255725972961779,0.200640942,0.130926959586883,5.466174863,389.8562746,1871.768032,2043.510014,-7.462710178,17.4863388,28.6,0.002338530066815,2.766263126,4.011092112422418,0.2,1.48979211,2.3,37.4155,18.7,0.057445348,6.612850646,14363.38372,8.78,0.771721995,1.3e-05,1.767836977884929,1.1081542335881718e-06,6.230115074635466e-07,21.54632474,0.8035992059058604,37.65728478244056,0.5862889849517442,0.1225329831878511,8.5674480061255,7.06095272278603,37.96,E
MDG,马达加斯加,450,2013,0.2502535539299488,0.3531605151721267,0.49991417146008776,0.5163842759457078,0.4297526442440766,0.25354010938519933,0.36953023106545346,0.4994009157860109,0.5302958126207715,0.4131917672143588,0.31007287097728903,0.32231632133583515,0.5070465369079601,0.5551005795353602,0.42363407718911106,0.42346755231334987,-0.444341802,0.1547866073416259,5.452302455,347.5264741,1952.216295,2277.990957,-6.505498543,17.4863388,30.1,0.0024441728696811,2.7196484,4.674546616677637,0.2,1.30425918,3.0,35.0949,12.9,0.233310923,6.453500674,13978.01428,8.35,0.789474505,1.56e-05,1.7979883125641372,2.0738893596617735e-06,6.062961151966732e-07,21.52342042,0.803643863870746,37.667703678239945,0.5860433138535579,0.1288029817136879,8.93163378853494,7.06095272278603,37.96,E
MDG,马达加斯加,450,2014,0.2673027622857545,0.3782187189974995,0.4993005348292374,0.5188363853824471,0.4401502862761694,0.2701531429767099,0.3942598260070749,0.498750001609567,0.5329650155587626,0.4240319965380286,0.3242420233464508,0.3425900673572856,0.5065990389896434,0.5575994943511596,0.4327576560111349,0.4328171218445318,0.60571012,0.1753579390260768,6.73177081,334.0767728,1886.236022,2574.596611,-0.649123767,20.52980132,32.1,0.0015832554899384,2.680779482,4.6001614902197305,0.3,1.74814212,3.7,39.2253,23.0,0.0,7.296048667,13608.27267,8.18,0.815836662,0.044618999,1.89910659926017,2.8266441741167585e-06,5.902585792749318e-07,21.50070127,0.8050017188037125,37.677002406325194,0.5857854932966655,0.1355219469941223,8.20280016524485,7.06095272278603,37.96,E
MDG,马达加斯加,450,2015,0.26662265734435364,0.38443784236854706,0.49530905606638975,0.5173644504975449,0.44052241904822254,0.26951485813244136,0.39991180743640814,0.4947833460828851,0.5313464167278091,0.4238891070948859,0.32319502529104566,0.347566418950645,0.502817329116117,0.5560285708228817,0.43240183604517235,0.43269452632858457,0.445748708,0.1808704632871623,6.503716692,313.1929558,1868.328715,2855.68498,-2.259418413,20.52980132,33.3,0.0015965602820062,2.639484347,4.182610863178402,0.3,1.99010992,4.17397,42.0572,23.8,0.0,8.879879491,13253.78337,8.12,0.841391098,0.035330256,2.038486366944051,3.5395860619281255e-06,5.748826122691806e-07,21.47798212,0.8049845307665865,37.676589893434176,0.5857854932966655,0.1461699160984385,8.63364529115545,7.06359656725033,38.0,E
MDG,马达加斯加,450,2016,0.2730812503483912,0.37857763391804733,0.49574940867838235,0.5174055134708748,0.4397531430082796,0.2757550660013421,0.3943960802321482,0.49519567755864874,0.5314061446431445,0.4241882421088209,0.3288123180999457,0.3440876244376111,0.5031142354038813,0.5560549731757757,0.4330172877793035,0.43291265809167256,1.310635934,0.1902332228067449,8.96008073,311.9184548,1905.366315,2756.865115,0.378142575,20.52980132,35.0,0.0010889807771219,2.613359357,3.8582446435150537,0.3,2.37194586,4.71366,30.6447,22.9,0.0,9.073595338,12911.90114,7.9,0.874989073,0.031269888,2.104295679932923,4.21456713790125e-06,6.687697401834302e-07,21.45527673,0.8052079752492265,37.61057064283259,0.5861292540391887,0.1511179786844052,8.55539456034355,7.06359656725033,38.0,E
MDG,马达加斯加,450,2017,0.2759692860147566,0.3776824116281512,0.49832589944027395,0.5214746873181961,0.4418907888067073,0.27843409302369915,0.3928574450123974,0.49778092239270666,0.5355243445962754,0.42614920125626965,0.3312812478818709,0.3431151757392421,0.5056713086219161,0.5596586663498606,0.4349315996482224,0.43465975296946024,1.262369943,0.2161454324597186,4.961539756,311.2920161,1940.103977,2674.64628,-0.228589799,19.20529801,36.0,3.153032428948599e-05,2.603454951,4.973799269272586,0.3,2.24615121,6.4,32.5906,24.1,0.0,7.790316097,12580.08371,7.98,0.909405085,0.055928655,1.8867346079072291,4.852851283439178e-06,8.249108931105377e-07,21.43255414,0.8060673771055347,37.583705740804405,0.5860433138535579,0.1381122454049564,8.12963980548138,7.29046325178958,38.86,E
MDG,马达加斯加,450,2018,0.2770104273638017,0.3829188009833102,0.5021551535365639,0.5215779793921116,0.4444107985495595,0.2792353814579626,0.3979445047865952,0.5017058125150113,0.5356581687744253,0.4286359668834986,0.33112429071250177,0.3453219105185032,0.5098162967666295,0.5598273007559919,0.4365224496884066,0.43641335932706304,0.542519019,0.2260168951820999,8.297993311,307.4376233,1933.923874,2489.700162,0.71256088,19.20529801,37.5,0.000914350574622,2.60334538,4.53901930850805,0.3,1.49675477,7.7478,38.7516,36.5,0.178574251,4.863076179,12256.80695,8.49,0.938454726,0.076290587,1.579486827054517,1.2002214517689556e-05,8.130946020538481e-07,21.40983156,0.8066517703678241,37.55826744585769,0.5866277071158473,0.1233469298662597,8.09176340394291,7.29046325178958,38.86,E
MDG,马达加斯加,450,2019,0.2669638091713888,0.36295212912715225,0.5020701003793413,0.519809889199614,0.4365395762399187,0.26976405934625547,0.3769957628610431,0.5015955098662649,0.5337318645847389,0.42052179916457555,0.3246695008108716,0.32703671492246283,0.5099985651714405,0.5579888224712362,0.42992340084400277,0.4293220976827524,1.730137229,0.1911424384313078,6.522090641,321.8870931,2005.825505,2386.730354,-2.135649717,15.89403974,38.9,0.0002047534296198,2.601366335,4.339189768909884,0.3,0.68268955,9.37944,46.078,31.0,0.0,4.781490032,11942.07393,8.58,0.979852142,0.058440035,1.880776015100558,1.1694018977053997e-05,7.312761023618587e-07,21.38712616,0.8088174630457202,37.53942935716741,0.5871777243038845,0.1294440614830411,8.58267602188062,7.29046325178958,38.86,E
MDG,马达加斯加,450,2020,0.24458717327197363,0.3753229903275883,0.4947395710531127,0.5228809016025531,0.43682123347876733,0.24729811543134517,0.3886107432261418,0.49445018486065195,0.5371224316332238,0.4168703687878407,0.2986058847366579,0.3361653099181171,0.5036225551740876,0.5613036420336746,0.4249243479656343,0.42573313015217534,-9.491825796,0.1552318987867081,4.311145136,311.0591372,1564.794992,2301.1721,-4.778422927,17.8807947,40.6,-0.0125661375661374,2.567788704,6.070411523890192,0.3,0.68988532,11.3547,54.8085,32.0,0.0,5.780285454,11639.33024,9.41,0.909913514,0.029831528,1.396458654209082,8.388952293113806e-06,7.12737511741563e-07,21.36440358,0.8090409075283602,37.505775180474394,0.5865245788930904,0.0911401659954998,7.69961997599583,7.29046325178958,38.86,E
MDG,马达加斯加,450,2021,0.2608491846093646,0.3826847085783655,0.49505409448341303,0.5218659981619262,0.44083051289468556,0.26381487420968436,0.3957749602336398,0.4947319329733963,0.5359917380035397,0.42257837635506507,0.3198965897604375,0.3434539356223599,0.5038818312803902,0.5601304224930357,0.43184069478905585,0.4320528042945429,2.051158699,0.1901115260698712,6.26959796,295.0617047,1812.22048,2285.511819,-5.029371299,17.8807947,39.9,-0.0030300130768986,2.515373609,5.86708137254542,0.4,0.74739987,13.7459,53.9177,35.1,0.0,5.56282993,11350.20908,9.35,0.952230711,0.046954766,1.799277039719485,8.136449586564424e-06,7.239928124881803e-07,21.34169251,0.8161051907872122,37.48133379168099,0.5864902028188381,0.1255107657406771,7.93612702414697,7.29046325178958,38.86,E
MWI,马拉维,454,2001,0.2510420504451007,0.23222437955974137,0.49740693684596077,0.5660764517286733,0.4117753015314643,0.25332476683402405,0.24516774429483298,0.4967219616469549,0.5703390205942769,0.3913883733425222,0.30277905578178477,0.23834129706462576,0.5035543919678027,0.5732096396830997,0.40447109612432824,0.40060391194981687,-7.246405544,0.1781418960770498,25.62246998,425.7457323,1988.337984,2037.404947,-2.39994804,9.32642487,23.2,0.0224171539961013,2.419394275,6.499579317208626,14.8,0.83659285,0.164021,0.480719,5.2,0.0,10.02969893,1392.212478,5.42,3.49700782,0.079607634,1.370754844058398,0.0,5.117659266097867e-06,32.24119644,2.418752651675859,6.938693254136613,0.1368264743317777,0.0738752843296393,19.0300714009288,20.1758807407601,77.1,S
MWI,马拉维,454,2002,0.22775736575124853,0.2371556826286637,0.5069943541019812,0.5709370990888782,0.41393751750433844,0.2306755967080858,0.2501477465676568,0.5062415907865232,0.5757551105909502,0.39070501116330403,0.2784699493158206,0.24200987053282802,0.5128024014541999,0.5782159694800201,0.4028745476957172,0.40030405057255836,-0.760072947,0.0807889651727652,112.6936491,439.7515024,1810.175849,2020.534972,-3.944948055,9.32642487,23.4,0.0205698548882533,2.448687959,6.591506711872624,14.3,0.97493625,0.215095,0.724275,5.6,0.0,5.832343496,1358.535542,5.56,3.421204632,0.038425285,1.294164668079843,0.0,4.921490741810067e-06,31.79571489,2.3838565973695376,6.89149342384387,0.1368264743317777,0.0801935862644817,17.3021185165937,20.1758807407601,77.1,S
MWI,马拉维,454,2003,0.24783173601734101,0.24347491716555056,0.5011373586895722,0.5701470740917762,0.41693177878558746,0.25163195880591177,0.25650275380765786,0.5004043699309827,0.5749860754596986,0.3958812895010627,0.3112016755688631,0.24673348097608366,0.507059405135664,0.5774691352438175,0.4106159242311071,0.4067363019680705,3.092548353,0.1143520543849805,10.34609667,445.2572852,1958.088836,2038.141327,-5.331746892,9.32642487,24.1,0.0295790435071403,2.503113189,6.202810901120003,13.6,1.17513871,0.278815,1.10917,6.2,0.0,8.691846671,1324.951931,5.33,3.599565467,0.049201534,1.342941942126951,0.0,4.870414996954417e-06,31.35023335,2.3838565973695376,6.843869325413661,0.1365082732286805,0.0773666600884253,17.3151363959472,20.1758807407601,77.1,S
MWI,马拉维,454,2004,0.24010988310824394,0.25241770284251586,0.5078387752109612,0.5725554213799321,0.42083019052238774,0.24415244668300978,0.2668926275662895,0.5070149490533893,0.5776582894028353,0.398929578176381,0.30422038125726164,0.2531325710384088,0.5132850341635202,0.5800010438330951,0.41265975757307144,0.40942476580356957,2.728950463,0.0958739347503942,14.84662611,451.5377418,2001.647758,2073.751768,-7.491806777,13.98963731,23.2,0.0296768210318341,2.586312039,6.582011924576927,12.9,0.85772187,0.347505,1.77698,6.9,0.0,6.380203109,1291.123875,5.13,3.777090789,0.075860651,1.379186355907611,0.0,4.608498702208517e-06,30.9047518,2.417161646160373,6.843020789138735,0.1360840050912176,0.0825679557933264,16.4800064089121,20.1758807407601,77.1,S
MWI,马拉维,454,2005,0.23538788725194745,0.2607680368617036,0.5073672422938432,0.5678431465909292,0.4208549986119045,0.2394491013148036,0.27531463868140177,0.5065282452158918,0.5725820542667005,0.3984685098696994,0.2989863822423615,0.259727469178192,0.5127753515753362,0.575195842619719,0.41167126140390214,0.4090213021357126,0.539880655,0.0954813695416327,10.74123681,399.9639608,2095.407404,2229.899459,-9.523892935,13.61256545,21.5,0.0273334247058132,2.678011002,6.667429385489801,12.3,1.05274868,0.384489,3.28008,6.6,0.0,6.791581522,1257.006311,5.0,3.882557176,0.08759586,1.255191584912651,0.0,3.950992674496658e-06,30.45927026,2.4343445057276196,6.8316716164616045,0.1358718710224862,0.0884209169744216,17.6943057575317,20.1758807407601,77.1,S
MWI,马拉维,454,2006,0.24805767667873976,0.2621559040768392,0.5088085533643062,0.5723691626272541,0.42488331485065306,0.25164771519895357,0.2770775983876578,0.5079241531971149,0.5775945358110647,0.4035610006486977,0.3087286232345973,0.2604711904819271,0.5139681733661429,0.5799166112908537,0.41577114959338024,0.41267231523775205,1.854814551,0.11876362619147,19.96725955,378.7019061,2275.294445,2352.761083,-5.269113712,13.61256545,19.3,0.0225466465913206,2.755070307,6.624136723757891,11.8,0.9437108,0.425137,4.69867,3.7,0.0,6.728768584,1222.847612,4.76,4.065037354,0.098098213,1.273529914451416,7.576503172547057e-08,3.8436258554012245e-06,30.01378871,2.4409206618582946,6.823822655918541,0.1372507424692405,0.086658714899292,16.1876713641417,20.1758807407601,77.1,S
MWI,马拉维,454,2007,0.255638351566345,0.269894385006036,0.5074293107252249,0.561533841868562,0.4239294510711313,0.25952868979716803,0.2848930718503739,0.5065293469933242,0.5658781713096149,0.4042073199876203,0.32041684275319415,0.2665060897539918,0.5124668789626814,0.5688949750731517,0.41707119663575476,0.41386295611945956,6.551346557,0.1359434850560401,4.099724867,421.1496916,2542.935653,2383.754103,-6.479832597,12.95336788,17.5,0.0192909863565198,2.821037713,9.60126007423354,11.3,0.73458099,0.965865,7.74032,7.4,0.0,7.882401436,1188.832663,4.51,4.455280935,0.106752942,1.222610404497229,1.4731507593760708e-07,3.926713114404225e-06,29.56830717,2.445057276198558,6.780759439966058,0.1372507424692405,0.0700125924190336,19.1805188933239,20.1758807407601,77.1,S
MWI,马拉维,454,2008,0.24519955397822402,0.28560258685058865,0.5063632293020889,0.5639224984049365,0.42783092536424094,0.24927288942362807,0.3002073415864051,0.5054487414537779,0.5685551214263085,0.4058710234725299,0.30951700890871053,0.2795321864462158,0.5113442925959998,0.5713360648013346,0.4179323881880652,0.4157272964293473,4.558556158,0.1136419789354281,11.96466753,435.0114618,2718.81203,2496.466884,-8.954289785,12.95336788,15.9,0.018797886152102,2.904261646,8.040687395059836,11.1,1.3674773,0.7,10.7873,7.8,0.0,8.568973121,1154.802408,4.38,4.795652654,0.150566301,1.371805107673988,2.146472876417468e-07,3.998874660522078e-06,29.12282563,2.447496817988969,6.739499363597794,0.1371446754348748,0.088048806571813,18.2410988424807,20.1758807407601,77.1,S
MWI,马拉维,454,2009,0.2554432811671513,0.3035734065325044,0.5119649994109665,0.5686677946155679,0.4373786806573118,0.2592421204757733,0.319612101853509,0.5109585593689724,0.5738198193256238,0.4159081502559696,0.31871078170103706,0.29317376076924534,0.516492543329029,0.5763686086954293,0.4261864236236852,0.4241792599742473,5.172348754,0.1322990926204467,7.899822951,452.3162654,3178.920326,2550.590206,-6.033742038,20.83333333,14.7,0.0179305393520594,2.956425455,7.39382936175498,10.9,1.0557555,1.07,17.2665,8.3,0.0,7.038095365,1121.161273,4.07,5.195039875,0.052805464,1.216318167900526,3.473238144379454e-07,3.524007745967779e-06,28.67734408,2.453330504879083,6.752121340687315,0.1371446754348748,0.0644301719364025,16.7149572651378,20.1758807407601,77.1,S
MWI,马拉维,454,2010,0.24373817989094773,0.31198356267628563,0.5159799266610289,0.5643425252390165,0.43758105903603295,0.24784557309970656,0.3276551494199156,0.5148868454112175,0.5691700920426986,0.4148894149933846,0.30775843702381234,0.30026850342592876,0.5200970931656426,0.5719850844945283,0.425027279527478,0.42393378258449954,3.769617523,0.1094949281135244,12.12722206,482.3306313,3391.9907,2617.036132,-9.570079304,20.83333333,14.1,0.018919490778291,2.947796087,8.550252342719906,10.7,1.13196635,2.26,21.0257,8.7,0.0,5.972724383,1088.59409,3.79,5.552150338,0.086933336,1.435407384902051,4.721287875604587e-07,3.36364938784321e-06,28.23186254,2.467649554518456,6.754560882477727,0.1368264743317777,0.0638409599781148,17.8293439042705,20.1758807407601,77.1,S
MWI,马拉维,454,2011,0.24392546585937405,0.32073937469270103,0.5165845371851722,0.5695805600533634,0.4422205482069652,0.24780236914392656,0.3362533431347062,0.5154799942382533,0.574944469930444,0.4186200441118325,0.3059793675763315,0.3073809911208423,0.5206494826090874,0.5774093593376912,0.4278548001609881,0.4270819324242959,1.917989323,0.1231097527881147,13.99023774,509.5500589,3411.794775,2687.96573,-9.758721178,22.27979275,13.9,0.0185508851471785,2.915044272,9.24662932028529,10.5,1.15239477,3.33,25.8864,7.6,0.0,5.881126333,1057.319144,3.72,5.826019592,0.117453177,1.388869896861943,1.179166332023629e-06,3.2106850528187908e-06,27.78638099,2.4845142129826048,6.737908358082308,0.1367204072974119,0.0710035740531523,16.1158324535343,20.1758807407601,77.1,S
MWI,马拉维,454,2012,0.2456748963774504,0.3224812827868017,0.5089620159815202,0.5699051381412453,0.4414870232903726,0.2491580012409979,0.3377656607042208,0.5079210193592786,0.5753650080933335,0.4175524223494577,0.3044004380932305,0.30844377373997756,0.513440069193832,0.5778306324504051,0.42602872836936123,0.4252601907764741,-0.983601162,0.1371220950423998,17.63976447,499.8073069,3374.326811,2777.642084,-8.487980444,22.27979275,14.2,0.0171766424845816,2.870645899,10.031460426973942,10.3,0.95642853,4.3506,29.58,7.4,0.008292732,8.921079219,1027.398764,3.71,5.936713964,0.108461951,1.345314506653068,1.7186968178710353e-06,2.7366912154280155e-06,27.34089945,2.504879083580823,6.733347475604583,0.1367204072974119,0.0659109126872098,15.8778890933784,20.1758807407601,77.1,S
MWI,马拉维,454,2013,0.23722278144265757,0.33624358961188233,0.5066218504749403,0.5692676787156773,0.44370812990841235,0.24105482294396297,0.3508600445952652,0.5055867264642873,0.5747273037219224,0.4180572244313595,0.2983847716111666,0.3197274244261429,0.5111670438728981,0.5772341613969846,0.426628350326798,0.42659836269328105,2.460763685,0.149410353385059,27.046291,530.3440373,3445.662127,2857.525155,-15.39159208,22.27979275,14.9,0.0158009019542342,2.838089664,8.388908771143045,10.1,1.48205006,5.05,32.7317,9.0,0.005087746,10.2442128,998.6501517,3.56,6.257910968,0.107360244,1.33473272038495,3.3412086859545984e-06,2.6601132802149215e-06,26.8954179,2.52800169707255,6.730483665676708,0.134811200678829,0.068301793684571,15.9196978108306,20.1758807407601,77.1,S
MWI,马拉维,454,2014,0.24569282741832466,0.333018694838512,0.5095039342410914,0.5743665901801189,0.44633349431728964,0.24935976817289374,0.34629710565814587,0.5084261274898605,0.5803578770212843,0.42111021958554606,0.3061950469261391,0.3172050133674523,0.5137568220533739,0.5825452096955845,0.42992552301063747,0.42939966288830994,2.703864029,0.1611120838805491,20.96928131,560.5344765,3563.800826,2948.391372,-12.8223513,16.66666667,15.5,0.0137299394896079,2.804790124,10.329369039134646,9.9,1.56810546,5.83,33.8868,11.9,0.003291274,9.733352441,971.0292754,3.33,6.609935356,0.074228269,1.326498306695029,4.632543631040642e-06,3.207308740247142e-06,26.44993636,2.5334111158252015,6.75445481544336,0.1320534577853203,0.0659050157091359,14.2694439741681,20.1758807407601,77.1,S
MWI,马拉维,454,2015,0.23913097240436273,0.34196549515614594,0.5111037325787128,0.5886504872417255,0.453641920361817,0.24305282937645506,0.35465500796467436,0.510011979340017,0.5935186800052374,0.42530962417159596,0.2996470594341855,0.3243432619618816,0.5153916890060013,0.5925630452313595,0.432986263908357,0.4329409293695001,0.007925183,0.1162756092084585,19.81466926,546.7876058,3655.673321,3039.871027,-11.54537609,16.66666667,16.3,0.0109162868404404,2.753591835,10.464960905352564,9.6,1.89914215,6.0,38.4342,10.8,0.003693801,9.140299295,944.655867,3.31,6.795013546,0.036084695,1.234634854427924,7.081992558991388e-06,2.6169397533107874e-06,26.00445482,2.5334111158252015,6.752757742893508,0.1320534577853203,0.0614442663866333,15.1172139633366,22.7597783890751,79.19,S
MWI,马拉维,454,2016,0.23921195725055794,0.34548920504106145,0.5065813694979829,0.5920292145113918,0.45497480703966536,0.2430454485985868,0.3579752461970551,0.5055192588274311,0.5972724265742644,0.4259530950493344,0.2990855811211857,0.32712117758041587,0.5110928220804332,0.596064969189552,0.4333411374928967,0.4333284116439051,-0.256367435,0.1292056858788144,20.29268293,531.6423733,3715.900014,3141.414796,-12.71340081,16.66666667,16.7,0.0134619087349976,2.725957877,11.129565145033766,9.4,1.91101837,6.3,40.8844,11.0,0.001152358,10.94346538,919.252758,3.3,6.964888885,0.04084343,1.31372570809293,6.8915479379207084e-06,2.448621737342718e-06,25.55897327,2.532562579550276,6.776941026728892,0.1320534577853203,0.0680529744177197,13.9459955415378,22.7597783890751,79.19,S
MWI,马拉维,454,2017,0.22791224564206772,0.3478643236834242,0.51698913956868,0.5967546591551215,0.45808530137055137,0.23253427758234446,0.36027550544996356,0.5158282656457261,0.6019659628415694,0.4276510028799009,0.29274410275251544,0.3285087126734817,0.521025401736646,0.5999687907162466,0.43556175196972247,0.4359786702165357,1.221380494,0.0938106883943324,10.57692451,558.4896237,3764.788116,3206.457145,-17.42087077,16.66666667,17.6,0.0118898722353277,2.708089491,13.016281022178012,9.0,1.71919668,7.0,43.0855,12.7,0.001650286,7.09868952,894.6926268,3.18,7.24348444,0.014491179,1.373932561131433,1.064318366448694e-05,2.4785287255896226e-06,25.11349173,2.5443360203648706,6.766652524395418,0.1320534577853203,0.0726881599293558,13.4975709896742,23.2793246181321,79.75,S
MWI,马拉维,454,2018,0.22770081313198057,0.3518591163586449,0.5213108794261637,0.5884584187474201,0.45711903746415883,0.2324562144104152,0.3645223890001809,0.5201385139778125,0.5929610264349038,0.42751953595582814,0.29362989104612275,0.33218364794573074,0.5253178027745243,0.5914844284276181,0.435653942548499,0.4363818049756421,1.602997456,0.0848245073975601,6.152346986,545.237306,3885.848201,3190.162256,-17.25870819,16.66666667,18.3,0.0086053133898675,2.671175686,13.275524864123811,8.7,1.68875861,8.79829,38.1956,18.0,9.15e-05,5.276775028,871.1101814,3.26,7.558834223,0.012826148,1.258256729680941,1.392480959037258e-05,2.459606963960812e-06,24.66801018,2.5896266440390328,6.72719558761137,0.1320534577853203,0.081398823439945,15.7947143738456,23.2793246181321,79.75,S
MWI,马拉维,454,2019,0.23870013941967125,0.3637394111737982,0.5256790350881569,0.5853560079508996,0.46185534990913024,0.24328170975718316,0.3767985896717676,0.5245516490370709,0.5896655599676993,0.4335743771084303,0.30370081529890613,0.3409512992655771,0.5303327025412016,0.5883512056294353,0.44083400568378,0.4416241961074827,2.951510154,0.0813438274419392,7.728556424,561.9642099,4028.449042,3215.650126,-11.95321814,22.91666667,19.3,0.0082371556217424,2.650595676,13.266229897246635,8.3,1.53329957,11.0586,46.7841,11.2,0.000302089,4.302370839,848.3238928,3.16,7.990959562,0.008179705,1.432635052331567,4.215339293816086e-05,2.440462920146862e-06,24.22252864,2.59068731438269,6.690072125583368,0.1320534577853203,0.080690106388436,16.4936400896399,23.2793246181321,79.75,S
MWI,马拉维,454,2020,0.22625079235599674,0.372982809183377,0.5243161237526265,0.5939717151356193,0.4657913599019575,0.23081165737339293,0.385390432151197,0.5230444013246042,0.5991408745283454,0.4345968413443849,0.2903609156789466,0.34832958899127975,0.5277127010005246,0.5972850602793669,0.44092206648752946,0.44245638502662,-1.828352407,0.06550934288394,6.21829712,515.2151625,3837.807854,2985.134061,-13.92332324,22.91666667,19.9,0.0034002615585813,2.635737351,14.898211764089156,7.9,1.56224585,13.8995,51.217,11.5,0.00030768,4.149636334,826.2564012,3.11,8.054375532,0.006074429,1.373392599617618,3.061858448251521e-06,2.376979036836394e-06,23.77704709,2.5932329232074673,6.689859991514638,0.1317352566822231,0.0765918372727436,13.7880771795223,23.2793246181321,79.75,S
MWI,马拉维,454,2021,0.23132456064594067,0.3863058412242125,0.5259621133468714,0.5954524582809128,0.47127102974866275,0.2360238523264661,0.397866125981504,0.5247827898485541,0.6008224519537569,0.43987380502757034,0.296607172479109,0.35868467232639,0.5302209020989528,0.5988801512202978,0.4460982245311874,0.44782724291972414,1.880764329,0.0815148071995877,8.152968429,556.0668145,4153.076523,3287.721409,-15.49226063,22.91666667,20.4,-0.0066548086359174,2.594158288,18.55016780848533,7.4,1.36146903,17.4703,59.5599,14.2,0.000470911,4.27755159,805.0976348,3.04,8.421517497,0.011967485,1.336179391969915,3.292220811444638e-05,2.31610937934305e-06,23.33156555,2.605112431056428,6.711073398387782,0.1344929995757318,0.073937847011297,13.2087473730626,23.2793246181321,79.75,S
MLI,马里,466,2001,0.2855943732188031,0.3190907267532985,0.5165290445401539,0.33110234359657603,0.3603824265226344,0.29001616187948276,0.33877517033620363,0.5156882044853649,0.3538185992159773,0.3745745339792571,0.3473034916299893,0.30122287151938687,0.5189181923926344,0.3787996098630416,0.386561041351263,0.38658864020711287,12.3755666,0.1757881908584344,4.289868049,1090.212895,2714.632966,5348.124491,-7.524032382,12.24489796,14.2,0.0137338207686987,3.007011656,2.3832793352808115,1.7,1.05405474,0.185897,0.20145,10.8,1.792115202,3.033756441,5036.870733,4.36,1.797542721,0.0,1.185229871517661,8.394784555409692e-08,3.753472026558916e-06,10.89666363,0.2475925880395676,12.887017595620351,58.088027274440854,0.0503687073324581,3.38679665871391,3.06631802004446,31.14,W
MLI,马里,466,2002,0.2818572219218791,0.3200113833379761,0.5052360684178226,0.3352798560260448,0.3593183309002607,0.2851875510909031,0.3393764537084318,0.5047474319602123,0.3577233008157919,0.37175868439383475,0.3347900077991626,0.30172313709310233,0.5065297798901534,0.3819258414630928,0.3812421915613778,0.38161576988944956,-0.115608872,0.1880686876089297,3.58323851,1017.204288,3048.546799,5109.688063,-3.217270631,10.20408163,13.3,0.0135477582846004,3.106768618,2.678211758578456,1.6,1.10984015,0.227046,0.374136,13.0,3.858056604,3.29442351,4882.792632,4.7,1.844614173,0.0,1.111894771463548,1.6275975439553065e-07,3.7086272481337568e-06,10.89666363,0.2478138650538031,12.943574361369953,58.05310648341653,0.0488279263186592,3.83277996127467,3.21112622801719,34.04,W
MLI,马里,466,2003,0.2825502970796907,0.3279753718028922,0.5149552072127824,0.33653225488878313,0.36424791299248355,0.2865974480398773,0.34699495785604634,0.514097309515392,0.3590730226748654,0.3766906845215453,0.3402443851461997,0.30810674805382277,0.5185913792976163,0.38321610156977814,0.3875396535168542,0.3881126294940705,6.36163328,0.1655483527276977,8.164959698,1230.214489,3230.16427,5246.464956,-4.844831635,10.20408163,13.2,0.0122511779978844,3.178940014,2.7875542325534464,1.6,1.41243839,0.310364,1.94895,14.7,0.922596204,4.171203302,4730.012838,4.74,2.017157474,0.0,1.025203253113467,2.365006419021589e-07,3.592586418826871e-06,10.89666363,0.2479122103934633,12.967251001893148,58.00136044386529,0.0473001283804317,3.50867610082903,3.21112622801719,34.04,W
MLI,马里,466,2004,0.26955048895324435,0.3351079657744012,0.5172397443684056,0.39801733434271824,0.3875027755639217,0.2733572320580481,0.3540267938133151,0.5163598303235384,0.41869696515612614,0.3906102053377569,0.32400042459221673,0.31389645757594525,0.5212572083891198,0.4327564191074845,0.3979776274161916,0.39883334636079193,-1.755829794,0.1504831744138244,3.683026129,1081.047107,3412.575547,5244.902967,-6.316948306,10.20408163,12.4,0.011798905608755,3.237946088,2.636919668741832,1.5,1.58851421,0.43282,3.10524,16.4,0.625793914,3.123136969,4579.310568,4.98,2.038727564,0.0,1.045727650155433,3.816092140002652e-07,3.47812353105677e-06,10.89666363,0.2477564969390012,13.09286258697416,57.81083273916357,0.0457931056800318,4.20186026782383,5.26649117129473,66.11,W
MLI,马里,466,2005,0.2647139048274457,0.3376517482912727,0.5214289528740741,0.4003314733775045,0.38933487347412515,0.26827301926345337,0.35663802601117245,0.5204224315846111,0.4212097120148881,0.39163579721853126,0.3203932290509129,0.3156302927137222,0.5256955822908412,0.4351121594122007,0.3992078158669193,0.40032979548261144,-0.765580835,0.1482016526788466,11.69155482,932.0340127,5282.570111,4307.134006,-5.894250172,10.20408163,11.2,0.0101214955026007,3.275222992,3.0231972219971466,1.5,1.39720833,0.507063,5.62823,18.2,0.0,2.887015534,4431.757472,4.77,2.082106983,0.0,1.078406309215815,7.386262452961511e-07,3.3660525351189087e-06,10.89666363,0.2478220604987747,13.107384915463983,57.799277161753494,0.0517038371707305,3.53065468044942,5.26649117129473,66.11,W
MLI,马里,466,2006,0.2793314782583783,0.34048614023004853,0.5072391384277454,0.40216718205784857,0.38979445629820925,0.28234490457701444,0.3593203959459664,0.5066932340095626,0.42305839006982887,0.3928542311505931,0.33331841204356094,0.31782380862175375,0.5087736116946022,0.43673024827538054,0.39916152015882433,0.3995373959404979,0.343315237,0.1887479997805174,5.628436561,810.5747686,6215.4831,4314.324139,-2.663768143,10.20408163,9.8,0.009536734086853,3.280438795,4.689731817532334,1.4,1.22405839,0.729627,10.8144,16.6,3.591177034,2.666089744,4288.735087,4.68,2.150317634,0.0,1.242105338082475,7.147891811510952e-07,3.2574227501549487e-06,10.89666363,0.2486907776657733,13.11452314803432,57.770781599586954,0.0500352426805766,3.33408955130744,5.3895753900268,66.36,W
MLI,马里,466,2007,0.2641274104613481,0.3497652134007085,0.5052200531951386,0.4019087303034618,0.3900094894323791,0.26738692742295145,0.36841764077540784,0.5046844640999012,0.4225348291299789,0.39075596535705986,0.3201813490746485,0.32468423692234866,0.5070842443922952,0.4360468303995572,0.3969991651972124,0.3982424898668571,-1.531377457,0.1604281254571032,6.336232062,807.8995264,7533.443046,3817.75167,-5.999623708,10.20408163,8.5,0.0083049442961053,3.287960784,4.686059922775116,1.4,0.99671644,0.81,17.5054,21.7,3.479879863,3.229011411,4150.016168,4.82,2.188164216,0.0,1.451151729688412,6.9166936129522e-07,3.152061576309633e-06,10.89666363,0.249895508076611,13.114064203115907,57.71572460026717,0.046342851856527,4.04569224648708,5.41976024602326,67.53,W
MLI,马里,466,2008,0.2629675955743248,0.353921934745797,0.5089392907508326,0.4023520551577391,0.39202198657394577,0.26629257341466755,0.37240429037745265,0.5082582322586944,0.42302470016017224,0.39249494905274673,0.32024365679650224,0.32752672277446504,0.5113376898843527,0.4365024792056496,0.3989026371652424,0.4003244667036628,0.288268762,0.1829445300564358,6.257483225,865.4501308,7378.538309,3776.425136,-9.315037558,10.20408163,7.4,0.0078712835123091,3.28621889,4.363225432243105,1.4,0.71373433,1.57,23.0146,23.4,2.647277958,3.245052382,4015.854056,4.71,2.267785181,0.0,1.665343774910961,6.693090093945551e-07,2.9350610029294317e-06,10.89666363,0.2514690335111745,13.079725288684548,57.71778165695507,0.0468516306576188,3.89096973148619,5.41976024602326,67.53,W
MLI,马里,466,2009,0.265765786606765,0.3601961558911692,0.5024131086438607,0.40422212881881525,0.39355492909246054,0.2693376120939238,0.3783138169957106,0.5019154774972422,0.42504254831051674,0.39365236372434836,0.32497166338923916,0.33238116521525246,0.5038200487442244,0.4384241357484215,0.3998992532742844,0.4011878476636056,2.074583586,0.1459455539483461,6.035591638,916.2679144,8139.240706,3585.528226,-5.40923593,10.20408163,6.7,0.0072662039973183,3.257805694,4.464372769878655,1.4,0.66568589,1.8,28.8979,24.0,4.093576469,3.186040257,3887.133452,4.76,2.391486867,0.0,2.054706541187875,6.478555753705783e-07,2.896688727808598e-06,10.89666363,0.2515100107360328,13.11446577991952,57.66088068251665,0.0453498902759404,3.40083381729707,5.41976024602326,67.54,W
MLI,马里,466,2010,0.26089308803158734,0.37980973373119126,0.49952570510187433,0.40503469212100845,0.39838594423868157,0.2646219371659599,0.39664875026928714,0.4991352434247391,0.4256608425923605,0.39651669336308665,0.3209793911594102,0.34679419905062503,0.5020028354544214,0.43884552626437034,0.4021554879822068,0.4042231605243198,2.202220249,0.1570325671097346,4.206632598,965.9063998,7814.302296,3687.220205,-9.370824979,10.20408163,6.2,0.0072857451248471,3.248514009,4.630234130676834,1.3,0.66893148,2.0,46.6622,27.0,3.856170332,2.716868022,3762.888363,5.63,2.524855034,0.0,2.049493878557828,6.271480605007226e-07,2.804101387072773e-06,10.89666363,0.2519033920946738,13.180791516075368,57.50811758824446,0.0439003642350505,3.83156586167146,5.49069399909564,68.45,W
MLI,马里,466,2011,0.2668933512983103,0.3975516767726404,0.49362839101056494,0.4056238465616477,0.40338654696942233,0.2701578116861133,0.41299571871211455,0.4934117436538086,0.42614861298279305,0.4006784717587074,0.3229085076282062,0.35958342296224843,0.49549386346405555,0.4389577299695275,0.40423588100600943,0.4066853057044897,-0.338811373,0.1536291973913685,12.48559788,908.118741,7964.188628,3761.612746,-4.253521742,10.20408163,5.8,0.0066794063543655,3.23250831,5.226166975397304,1.3,0.6047653,2.2,65.7107,28.8,4.995867846,2.606992434,3643.197613,5.83,2.598969098,0.0,2.297159184351517,6.071996021142448e-07,2.714907936028972e-06,10.89666363,0.2522476007834845,13.231537711340035,57.439824945295406,0.1441635979102375,3.70931976123106,5.50562789372037,68.65,W
MLI,马里,466,2012,0.27020081080430125,0.41135150087026157,0.48516539799223196,0.4079011638980237,0.40694782061641227,0.2730189567330089,0.42535071530390295,0.48519837475389466,0.42827709575818323,0.4029612856372474,0.32383839916751656,0.3703583644946383,0.48545501566280946,0.440695007010787,0.4050866965839378,0.4077972834167818,-3.919305674,0.1764095831654302,4.854597868,962.6209087,6780.882404,3458.512917,-1.842846835,10.20408163,5.4,0.0058367484521084,2.919987285,5.002054309854796,1.3,0.41352206,2.8,86.1757,25.6,6.963622836,3.153241406,3538.354853,5.62,2.571097773,0.0,2.233182368454021,8.256161322561558e-07,2.6367791953315184e-06,10.89666363,0.2525426368024652,13.3195076176661,57.37547431137773,0.1455018606144129,3.94167087819876,5.59299453030269,70.05,W
MLI,马里,466,2013,0.2702782252081445,0.4532696308834753,0.4939735109033824,0.41209259929609837,0.4226846918047887,0.27365844941555206,0.46538913138228605,0.4937031583903146,0.43270699167291243,0.4163644327152663,0.3280936323312928,0.40229555036516934,0.49693604237464684,0.4447215441242608,0.4180116922988424,0.4220531665981368,0.317423676,0.1485344116492683,0.317559105,905.3461219,7093.280202,3561.358574,-2.380051501,12.458012952725651,5.2,0.0062791025821928,2.920782575,3.528714693880707,1.2,0.81583834,3.5,113.115,32.4,4.130205428,3.171697545,3436.501893,6.12,2.655704564,0.0,2.361534895262615,1.8900760411956391e-06,2.5608784517270285e-06,10.89666363,0.2528048910415591,13.33025184602398,57.376875732467894,0.155904087117614,3.0172973758043,5.65649670668613,70.49,W
MLI,马里,466,2014,0.2720683114045147,0.46811583209065255,0.498672917935704,0.4107785819663032,0.42780228330490266,0.27559188019252046,0.4778494942482976,0.49822549648049785,0.4312662640062817,0.4207332837318994,0.3314079962573818,0.4122281306107757,0.5024504914413437,0.4433450117496329,0.4223579075147835,0.4267926999081938,3.189096458,0.1625132701298146,1.82208435,1018.453145,6617.408297,3543.761129,-3.961762165,9.523809524,5.0,0.0075369838042487,3.160656917,3.899498270475126,1.2,0.89173758,7.0,130.44,34.2,2.958063133,3.409520339,3329.584406,6.02,2.828395439,0.0,2.457476958287272,2.1087367906368977e-06,2.4812036263918843e-06,10.89666363,0.2528950409362476,13.33476753620338,57.3683934469222,0.1620063789287917,3.40207770493526,5.65649670668613,70.49,W
MLI,马里,466,2015,0.2703027731640271,0.46826470538477727,0.49842090291668295,0.40887981307541127,0.42686940938559786,0.27372898798185596,0.4781174221857106,0.49793613032109457,0.4291891922704197,0.4197429331897702,0.32988522843010515,0.41379860941788105,0.5022225731754137,0.4413588786173062,0.4218163224101765,0.4264134376678448,2.966207623,0.17435464366099,2.818549067,1135.563679,6268.691542,3151.261444,-4.477294743,8.843537415,4.9,0.0064367976062071,3.12892801,3.55240799478428,1.2,0.91927379,10.33,122.083,37.6,2.866154999,3.813547945,3227.017104,5.92,3.004855606,0.0,2.8607560433399213,2.58161368281068e-06,2.7747352554517493e-06,10.89666363,0.2528950409362476,13.334693777198634,57.3683934469222,0.1703050746672595,3.94801661223183,5.65649670668613,70.49,W
MLI,马里,466,2016,0.2684713410118403,0.46574928646664426,0.49203589721910107,0.4108807649349937,0.4252784917942499,0.2719992509495011,0.47629376330120066,0.49171286976065975,0.4311832649667961,0.4177972872445394,0.3282849619169222,0.41433604779703537,0.4950668313798238,0.44295380796846145,0.4201604122655607,0.4247231516927916,2.70047364,0.168778923547376,1.600058897,1131.573298,7741.925221,3395.236726,-6.066952193,8.843537415,4.5,0.0075019014035815,3.167012913,4.024742684037534,1.1,1.20876825,14.0,105.348,38.8,4.140533041,3.768780066,3126.41845,6.05,3.18529908,0.0,3.453473249722779,2.761669630424512e-06,2.688235982939447e-06,10.89666363,0.2528704546013325,13.350666699448446,57.26131176292216,0.232933546047897,3.60751057579454,5.69597795812375,70.93,W
MLI,马里,466,2017,0.2648776368269557,0.4713015043009047,0.4954523931581915,0.410994101187814,0.42719810782302176,0.2685814791496917,0.48074894348673863,0.49501344328387065,0.4312520144222769,0.4188989700856445,0.3250299177210801,0.4190184790641377,0.4990615859079007,0.44299239807317375,0.42152559519157307,0.42649669624839515,2.068917711,0.1581790874395446,1.67388511,1202.925324,6607.510567,3417.721831,-6.624943824,8.843537415,4.6,0.0047352709055346,3.188236494,4.993688238501457,1.1,1.17751467,18.9,111.21,34.8,3.398306013,3.533384281,3028.313062,6.06,3.356526352,0.0,3.692543408525876,3.633975673864008e-06,2.603880533291482e-06,10.89666363,0.2529933862759078,13.375031757349266,57.102148026127075,0.2495351656040568,3.64172553289639,5.69597795812375,70.93,W
MLI,马里,466,2018,0.27252251061591815,0.4889276249868767,0.4942463796986903,0.41288644109313954,0.43383786478217984,0.2758773190305652,0.49854729855654534,0.49390597735399683,0.43321127837415346,0.42538546832881524,0.33093698603359883,0.4340912472971133,0.49704922513277505,0.44488100776481193,0.4267396165570748,0.43205771951528815,1.640975265,0.1759621609154557,1.479794937,1267.921943,7607.063557,3387.123827,-4.105726227,8.843537415,4.6,0.0053106109764011,3.125423237,4.26767791652786,1.0,1.15118647,21.4,107.404,50.9,4.326361874,2.434943209,2935.129241,6.05,3.51991702,0.0,3.713292786454708,3.6199927306632464e-06,2.523756869977688e-06,10.89666363,0.2537965398831329,13.434850310197591,56.73138609560807,0.2572107066176891,3.28953261593805,5.69597795812375,70.93,W
MLI,马里,466,2019,0.2673385274508178,0.4921981559050595,0.49274226064808757,0.4139372191256624,0.43418656794245,0.2708392713562013,0.5013910824745682,0.4924440451122575,0.43426886486540833,0.4247358159521088,0.3272229217961046,0.43771861865950895,0.4952634670745938,0.445907159810936,0.4265280418352858,0.4321286800390193,1.878292729,0.1794659513604097,1.001245138,1417.358228,6940.901798,3076.229457,-6.293539634,9.523809524,4.8,0.0058430859647036,3.018144943,4.359608617738267,1.0,1.1192745,24.9603,108.815,47.9,4.732746061,2.258929905,2847.866272,6.06,3.69591284,0.0,3.917928825043756,3.892083904785389e-06,2.4772926715629404e-06,10.89666363,0.2538539079979348,13.488751751776364,56.42337668723724,0.2651339197248201,3.1498334981151,5.69597795812375,70.93,W
MLI,马里,466,2020,0.28655261943618077,0.5457825845990326,0.48772786713025573,0.41411818026097935,0.45153024921300605,0.28904401055906176,0.5572597576010264,0.48768136897613124,0.4344498747432414,0.44210875296986524,0.33607734938337647,0.4816410570983666,0.4908498828431295,0.44603060757402585,0.43864972422472465,0.4457307594955198,-4.106798457,0.2316103044133468,0.473313578,1150.19561,6445.136052,4599.739228,-1.834345242,27.89115646,4.7,-0.0060624482834321,3.017513615,4.57312102753286,0.9,1.40269554,29.113,116.587,50.6,5.515683244,2.414343375,2763.215122,6.48,3.652703614,0.0,4.169818716242337,2.6987401028542352e-05,2.6135310690229952e-06,10.89666363,0.2537145854334161,13.495234348748966,56.41164081003778,0.28060272721964,3.08527123264183,5.69597795812375,70.93,W
MLI,马里,466,2021,0.27639843675964304,0.5418998612063286,0.4566046830215145,0.41395839072264706,0.4424740985016064,0.2794676692022401,0.5530321544048026,0.4576029947620327,0.4342213016844451,0.4310810300133801,0.330876015967745,0.47929229902613,0.4544605061319839,0.44568082645264107,0.427577411894625,0.4342543020248381,-0.00652431,0.2112243225570232,3.830788321,1116.778123,6718.091618,4277.518248,-6.385083113,27.27272727,7.3,0.0043834313092527,3.060357966,5.04229155602643,0.9,1.35538208,33.9565,108.693,53.4,13.15428673,2.343555858,2679.931733,6.43,3.765971807,0.0,4.733148201298816,3.984656497516819e-05,2.611570045537846e-06,10.89666363,0.2542390939116039,13.456183053458886,56.31219728075136,0.3222739980070241,3.10975524645339,5.69597795812375,70.97,W
MUS,毛里求斯,480,2001,0.40242398154285575,0.39897993325006803,0.6274290152015378,0.37983826378067964,0.44209448202709273,0.4062877421997584,0.41052144913110866,0.6282232390163988,0.3931704456979745,0.45955071901131006,0.4309180129653236,0.3916867329945813,0.605787093647951,0.4159008770228837,0.46107317915768486,0.46426962262797355,2.534262853,0.3481789995687985,6.232012515,5197.750766,8229.12969,15381.12753,5.904518358,5.714285714,5.9,0.0014294466783211,0.790047581,38.27676803308905,,1.57129419,8.7809,22.2235,99.2,0.0,0.011275753,2299.615393,2.94,10.86764567,0.0,45.493840235734346,0.0,0.0003435680724904,20.48078818,0.561576354679803,7.596059113300492,0.0394088669950738,3.275200868186313,3.45683046021901,4.30510341535965,10.11,S
MUS,毛里求斯,480,2002,0.39973109203342644,0.4138726275214859,0.6213403651461201,0.38070809900414104,0.44465513163735476,0.403089380807428,0.4244411364304268,0.6219059867758588,0.39434291508723324,0.4609448547752368,0.42614729358753106,0.40603903899616556,0.6011092897554179,0.4177847130262591,0.46277008384134344,0.4663528399420316,0.911910217,0.3670645288878234,6.219284189,4491.875195,7752.261181,15301.05905,5.082798044,5.714285714,5.8,0.0027868406742224,0.694240135,52.688770991042,,1.68696284,10.2526,28.1611,99.4,0.0,0.01085999,2283.705829,2.87,10.42666281,0.0,44.2623692065855,0.0,0.0003226326311934,20.30640394,0.5566502463054188,7.620689655172415,0.0394088669950738,3.0314121263036258,3.47390693151551,4.30510341535965,10.11,S
MUS,毛里求斯,480,2003,0.3919570882138068,0.42004986247516846,0.6196952969076209,0.380002916736604,0.4445889368953508,0.3962600912709951,0.4300742051149857,0.6201673566594403,0.39352446513724887,0.4600065295456675,0.4237494834905514,0.40709140297899415,0.5997567081258673,0.41682058773444247,0.46185454558246386,0.46552860867433804,5.161670448,0.3219746555665095,5.623192591,4593.376725,7689.355099,15534.5452,1.580639311,5.714285714,5.6,0.0021012675082607,0.723661766,34.67202914197648,,1.6688329,12.1871,37.2277,99.1,0.0,0.010361097,2267.239177,2.84,10.46052755,0.0,44.74195483926409,0.0,0.0003181803630701,20.1320197,0.5665024630541873,7.704433497536946,0.0394088669950738,3.097907089346201,3.59920406498943,4.30510341535965,10.11,S
MUS,毛里求斯,480,2004,0.38636495800155995,0.43474679503771824,0.6238973156141994,0.37938492420932246,0.4483822267681307,0.391731003448245,0.44376339299011464,0.6244673299870865,0.39274343770805575,0.46317629103337554,0.4207636195317478,0.4207456143630395,0.6029857344792939,0.4156951504112277,0.4650475296963272,0.46922692968463803,3.677809302,0.2989162784176661,6.84544976,6504.146149,8009.509947,15700.77593,-1.676637713,5.714285714,5.6,0.0020630411560005,0.627103982,46.4208523648181,,1.80295277,13.6891,43.8266,99.0,0.0,0.006631817,2253.065717,2.77,11.17551707,0.0,45.83421453781292,0.0,0.0003309797411763,19.95763547,0.5517241379310345,7.733990147783251,0.0394088669950738,3.189233900326207,3.72091542299336,4.38587779085973,10.14,S
MUS,毛里求斯,480,2005,0.3859168566867868,0.4719106547408536,0.6171056915443589,0.3773941810897245,0.4558891989580542,0.3911006421239038,0.4828371142546707,0.6173156881211286,0.3905033650218146,0.4704392023803794,0.4176123148871088,0.4517675655725427,0.5972667099014455,0.4131661825913316,0.46995319323810714,0.47484618618806995,1.176699087,0.325876620994234,3.9480997,6394.301807,7755.991886,16361.58159,-4.926188198,17.14285714,5.4,0.0023017988659292,0.59209966,61.44494542659743,,1.69515753,15.1722,52.2447,99.0,0.0,0.006407302,2239.764739,2.82,11.65399424,0.0,48.930884915304006,0.0,0.0003171248683483,19.78325123,0.561576354679803,7.689655172413793,0.0394088669950738,3.31705381541603,4.04168877339352,4.38587779085973,10.14,S
MUS,毛里求斯,480,2006,0.3920408223313666,0.4786559067855183,0.6133724112423935,0.3769583171826777,0.4575304588245842,0.39755513910979196,0.48906150462357056,0.613382165252734,0.38984016955026357,0.47245974463409,0.42343112857145754,0.4545994373949346,0.594086158451712,0.4115263594184623,0.4709107709591416,0.4755878526656884,4.377586821,0.3262951093894428,11.26545615,6573.890541,11978.1337,17688.20743,-8.467845336,17.14285714,5.4,0.0,0.466403526,47.83645976161997,,1.61826241,16.7,61.1178,99.0,0.0,0.007931731,2229.342721,2.89,12.38229905,0.0,51.04988933760132,0.0,0.0003107716487379,19.608867,0.541871921182266,7.674876847290641,0.0394088669950738,3.618147023167012,3.63020006215685,4.38587779085973,10.14,S
MUS,毛里求斯,480,2007,0.39607073228767,0.490687691465475,0.6181171190087494,0.37718489894654983,0.46238320469070243,0.40215182256581045,0.4998826794304972,0.61818521891403,0.3897906267727698,0.47750258692077685,0.428409658170701,0.4622837966804526,0.5977225597622132,0.4107580503549836,0.47479351624208765,0.4795451278187505,5.246496965,0.2703733535805362,8.321659221,6653.16305,12660.32734,18480.22079,-5.242379317,17.14285714,5.6,0.0019126382925505,0.455526401,42.827295241322005,,1.47311974,20.22,73.1476,99.0,0.0,0.007931384,2219.210571,2.75,14.17199823,0.0,52.732979549164035,0.0,0.0003246190931653,19.43448276,0.541871921182266,7.650246305418719,0.0394088669950738,3.777303358260126,3.73040284174021,4.51881146697396,10.69,S
MUS,毛里求斯,480,2008,0.38490203233781933,0.503371249653399,0.6216131777125606,0.37581086818784465,0.4644365461093147,0.39165352485222493,0.5115740980744209,0.6217822782681148,0.38818245593432726,0.47829808928227197,0.4198993194031833,0.4741695833529054,0.6003082368965055,0.4084968514501241,0.47571849777567954,0.4811384978687265,5.006539055,0.2353922273245615,5.492811245,6796.33171,13056.88477,18811.6721,-9.634533738,17.14285714,5.4,0.0,0.361630847,56.176207941189,,1.38968194,21.81,81.0663,99.0,0.0,0.008161793,2211.199714,2.66,12.28371571,0.0,53.719387862727075,0.0,0.0003358875708674,19.26009852,0.5172413793103449,7.615763546798031,0.0394088669950738,3.991450325973117,3.68964827746543,4.51881146697396,10.69,S
MUS,毛里求斯,480,2009,0.3844881024848987,0.5144184631200107,0.6235550551090044,0.3779278853981764,0.4685242526357962,0.3915008433612257,0.521968395087668,0.6237733169206817,0.39090834171656064,0.482037724271534,0.42060032031690825,0.484645711526964,0.6022281291027095,0.4126097863149441,0.4800209868153814,0.48566500298196874,3.041100463,0.2092932338629335,0.545773084,7491.281904,14231.61841,18455.89527,-7.069682009,17.14285714,5.5,0.0042952207130226,0.265537673,63.8112469727736,,1.57988811,22.51,84.9704,99.0,0.0,0.011001251,2205.335935,2.52,15.38172887,0.0,51.56036868064698,0.0,0.0003343075520352,19.08571429,0.5123152709359606,7.620689655172415,0.0394088669950738,3.5103084207598187,3.65340803288161,4.51881146697396,10.69,S
MUS,毛里求斯,480,2010,0.38412990083717063,0.5434099134420786,0.6360845390549017,0.3758278345699086,0.47806659909881216,0.3912716948081613,0.5497258719028097,0.6366883699552278,0.38828711036667063,0.4914932617582174,0.42089247128529383,0.5087350722399403,0.6116670405774354,0.40870100196761505,0.48749889651757117,0.49392346454831393,4.129198848,0.2228746438495104,1.050452891,7673.71558,14874.09144,18646.78092,-9.914259935,18.84057971,5.5,0.0011645884954083,0.237886693,67.81829814459373,,1.99484634,28.33,92.8426,99.4,0.0,0.006429192,2200.095969,2.54,15.92899785,0.04492542,55.53308153244487,0.0,0.0003782108726119,18.91133005,0.5123152709359606,7.660098522167488,0.0394088669950738,3.954214967210493,3.61368613864991,4.51881146697396,10.69,S
MUS,毛里求斯,480,2011,0.38334654354147485,0.5506201128556802,0.6225017490043732,0.37734028259028835,0.47746891636503536,0.3911984077670819,0.555933914714839,0.6224381754858774,0.3893674215102165,0.4897344798695037,0.421049761318248,0.5118362506314135,0.6008593763730445,0.40857750386482294,0.48558072304688227,0.49182512130867995,3.911001241,0.2196490715132917,3.134108207,8904.224887,15191.81806,19235.72087,-13.36133544,18.84057971,6.1,0.0041047445901385,0.160140421,50.77435076860183,,1.74817169,34.95,100.609,99.6,0.0,0.004335494,2196.575546,2.45,18.49476376,0.065489196,56.999032278812,0.0,0.0003384720083515,19.21482223,0.5207811717576364,7.831747621432148,0.0400600901352028,4.260232784309217,3.50768206175414,4.72321850133194,11.01,S
MUS,毛里求斯,480,2012,0.3991267827183509,0.5763995284890802,0.6246218450916077,0.37789872215816095,0.48711895437781955,0.40665297567373865,0.5794923769133947,0.6246261002012143,0.3899866654901696,0.5001895295696293,0.433286786992735,0.5366783679857664,0.6030251276943875,0.4092301609649702,0.4955551109094648,0.5019448562966756,3.209499479,0.2238782538825133,2.48495987,8952.532621,15214.80645,19796.61346,-6.993656449,18.84057971,6.5,0.0081426392535901,0.277321026,92.0627893384888,,1.87548065,35.42,115.252,99.4,0.0,0.003345644,2190.492419,2.4,18.77958426,0.042390412,57.25979217852419,1.1943797267577689e-05,0.0003423272359504,19.20580871,0.5207811717576364,7.8617926890335506,0.0400600901352028,4.240761294452823,3.38965698264222,4.72321850133194,11.01,S
MUS,毛里求斯,480,2013,0.40222952876175916,0.5882221009008126,0.6229434522894255,0.3776455979440781,0.4902032391010109,0.40976820557336574,0.5902918989635443,0.6228622491296394,0.38963757368655766,0.5031399818382768,0.43623252439870625,0.5470315750364123,0.6019855991077864,0.408591226296394,0.49846023120982474,0.5049549105593903,3.110405554,0.230727228707436,3.877373095,9402.21758,15542.60254,19667.90966,-6.033774147,18.84057971,6.7,0.0020803064787855,0.242165627,96.20891441680098,,1.93168211,40.1168,118.793,99.4,0.0,0.001428509,2185.194217,2.37,18.58059367,0.037764525,57.8712040870041,2.0652508048520684e-05,0.0003367182506591,19.19679519,0.5107661492238357,7.901852779168752,0.0400600901352028,4.334243959339978,3.34154336409863,4.72321850133194,11.01,S
MUS,毛里求斯,480,2014,0.4087680523523709,0.6136462333574403,0.6183766583539735,0.37913053839673466,0.4973794857657479,0.4163247630958958,0.6141037299547123,0.6180391796952382,0.39103393048779994,0.5098754008084115,0.4417265440235334,0.5678428597676773,0.598261743046866,0.40953682382829576,0.5043419926665931,0.5110097522461208,3.639190074,0.2338537711622162,2.21263587,9390.763442,15805.51877,20261.92309,-5.215458786,18.84057971,6.8,0.002395623906835,0.181022098,97.0022391231264,,2.42503381,44.8033,127.863,99.5,0.0,0.000832403,2181.242111,2.33,18.91828027,0.041158403,59.530723944550154,2.2200937513875584e-05,0.0003252010560572,19.18778167,0.4857285928893339,8.502754131196797,0.0450676014021031,4.474292349874089,3.11251441637633,4.72321850133194,11.01,S
MUS,毛里求斯,480,2015,0.41150192955622017,0.6108897349518717,0.6359436535379517,0.3781755367690623,0.5005033271411349,0.4190160971630337,0.6081999779194904,0.6363990303285559,0.38989280690609174,0.513376978079293,0.4435439101246779,0.5653542769507589,0.6170944967169442,0.4079722021213485,0.5084912214784324,0.5154734530561473,3.553356966,0.2188746675999982,1.493989726,9047.499376,16099.32053,20648.02291,-3.428524634,11.5942029,7.1,0.0021400605825641,0.13240433,95.53567681464337,,2.31317115,50.1393,136.372,99.6,0.0,0.000647414,2178.355963,2.32,19.87289461,0.013787558,61.6202330643474,0.0001464906772541,0.0003608564007829,19.17876815,0.4707060590886329,8.502754131196797,0.0450676014021031,4.618228449439733,3.16038441543955,4.72321850133194,11.01,S
MUS,毛里求斯,480,2016,0.41348537683667114,0.627514013284725,0.6345932296154848,0.3767613743104538,0.5043314719380193,0.42178903656962957,0.6236016853629137,0.634946207365971,0.3882490011129373,0.5171464826028629,0.446037336100464,0.5831452720573694,0.6180828261100695,0.40600439196751636,0.5133174565588549,0.5206469506651614,3.791130707,0.1849082155519452,2.392923549,9796.317172,15710.90679,21680.57671,-3.851417223,11.5942029,7.2,0.0005609353251585,0.068708233,122.7065227454546,,2.44510746,52.1913,140.424,99.7,0.0,0.003165987,2176.859767,2.23,20.3741501,0.012152323,64.13278060311427,0.0002025721920605,0.0003510830390731,19.17376064,0.4707060590886329,8.502754131196797,0.0450676014021031,4.747150926569954,3.39541382587414,4.72321850133194,11.01,S
MUS,毛里求斯,480,2017,0.4113793624163639,0.6363771277415369,0.6257112937354422,0.3750321456364461,0.5037833417962118,0.4199266857387615,0.6316554792151641,0.6255438246536094,0.38594798485382725,0.5157684936153406,0.445109339927185,0.591857660890977,0.6127173656276067,0.4022911457793954,0.512993878056291,0.5204627207391731,3.844308006,0.1685263291031597,1.67581605,10026.59425,17095.59214,21704.35992,-4.405484053,11.5942029,7.3,0.0016097358197095,0.090167266,132.13038002604185,,2.47479272,55.4032,142.525,99.6,0.0,0.002869186,2174.897837,2.19,21.52363626,0.0,70.51019725978806,0.0002593117013614,0.0003263625080446,19.35403105,0.4707060590886329,8.507761642463695,0.0450676014021031,5.227071777162703,3.31968370190002,4.72321850133194,11.01,S
MUS,毛里求斯,480,2018,0.41768144073002583,0.6410820194448834,0.6411774533874361,0.3737732764672059,0.5087928011792402,0.4267488421927193,0.6360592450962258,0.6421399293901918,0.3843674006592547,0.522328854334598,0.45169972945350567,0.5912146067302592,0.6391108981947597,0.3999768363612903,0.5205005176849538,0.5283224951936372,3.950035487,0.1581811365804797,1.843804786,11112.98892,18055.30999,22255.4203,-3.713131549,11.5942029,7.1,-0.0013191058524442,0.054535454,105.5565959242306,,2.48200822,58.5962,148.817,99.8,0.0,0.002013558,2173.71207,2.08,23.10571885,0.0,66.53392924613581,0.0005886643009473,0.000312324616418,19.37406109,0.4707060590886329,8.512769153730595,0.0450676014021031,5.482235838672795,3.34907294149649,4.72321850133194,11.01,S
MUS,毛里求斯,480,2019,0.41793390652623513,0.6804562889255726,0.6501075065272806,0.37639773088337986,0.5221685742942447,0.427684294844362,0.6757139648570376,0.6516096878099796,0.38760666542816546,0.5356536532348861,0.45350477390792043,0.6362622472496365,0.6540618539171288,0.40463732338594177,0.5371165496151569,0.5461984519679958,2.858125324,0.1517899828089514,0.523204884,12673.21633,18418.10104,22325.13997,-4.906001686,20.0,7.6,-0.0024253785722186,0.032233064,186.84265611361903,,2.50442028,61.73,145.117,100.0,0.0,0.001942035,2173.011529,2.06,23.61394736,0.0,68.7625983943539,0.0007851593818252,0.0003120202036392,19.39409114,0.4707060590886329,8.5628442663996,0.0450676014021031,4.989409467726711,3.3056193885657,4.72321850133194,11.01,S
MUS,毛里求斯,480,2020,0.38759508211485827,0.6919383440023927,0.6471157076700571,0.3805142916573869,0.5219372439006452,0.39680603485845106,0.6865912798320678,0.6489998296331155,0.3926570278726022,0.5312635430490592,0.4166933400354616,0.6411185901601731,0.6554978018003518,0.4117202451980163,0.5312574942985008,0.5418231172568814,-14.54849559,0.1546760167401739,2.510413688,13440.26118,16232.6341,21219.41257,-8.669398436,20.0,7.5,-0.0007918072885538,0.00229068,152.62864391704989,,2.93306947,67.7329,149.07,99.5,0.0,0.002021984,2172.961752,2.12,19.78001091,0.0,58.1689432468028,0.0008507014930324,0.0002773751245268,19.41412118,0.4707060590886329,8.5828743114672,0.0450676014021031,4.273969369217086,3.10873389630424,4.72321850133194,11.01,S
MUS,毛里求斯,480,2021,0.41143729555385333,0.7099125265581437,0.6390587120675149,0.38039125981889493,0.5281533227443074,0.42226675885608256,0.7033808211410254,0.6406572943224477,0.392540458423583,0.5397113331857847,0.4511146819572028,0.655559122822535,0.6498598332337032,0.4116211914079507,0.5420387073553479,0.5515013002869747,3.377668734,0.168817052066427,2.967949686,14975.64504,19851.28981,22243.5525,-12.87759236,20.0,7.7,-0.006697881822074,0.025272988,153.00860594440329,,3.35773063,71.6,154.053,99.6,0.0,0.002095854,2172.412649,2.15,20.55487181,0.0,57.56309296399635,0.0008660037557232,0.0002505522942131,19.43415123,0.4556835252879319,8.5828743114672,0.0450676014021031,4.264016966297991,3.13705872831436,4.72321850133194,11.01,S
MOZ,莫桑比克,508,2001,0.2519488987328235,0.2858483053516328,0.39981943360147154,0.5465598207429766,0.4001668154750458,0.2559774913405389,0.303293024257544,0.4022077906110297,0.5520476448415643,0.3783814877626692,0.31916199381112303,0.2762058897948928,0.4263152390292774,0.5627006628187795,0.3960959463635182,0.39219515613060363,10.36744768,0.1244213859770489,14.78207109,257.2094537,3487.91396,1991.564,-7.496432773500146,30.0,36.4,0.0158258549599805,2.225917569,1.7326825740089304,9.4,1.311831,0.160032,0.823467,5.7,0.000667161,5.279835268,5410.587241,25.24,6.509069249,0.000873666,2.520308722004196,0.0,0.0,52.09493375,2.874920521885093,4.868155344744271,0.7567715353900151,0.0818711717060919,14.198097189861,21.7946545811803,33.65,S
MOZ,莫桑比克,508,2002,0.24912899993794002,0.28664443575065995,0.40894055324298373,0.5602990924406318,0.4069418955478307,0.25297614400559026,0.30412016111399054,0.4110755439852383,0.5662152849782279,0.38359678352076176,0.3149348833679655,0.2770601421394564,0.43383241314686594,0.5752784287715685,0.4002764668564641,0.3965254339254314,7.23540386,0.136116851767915,9.831877435,282.3544919,3647.209413,1985.352031,-8.68302201593906,30.0,34.9,0.012336099007143,2.243577403,1.25538430636694,9.9,1.17593813,0.259613,1.34378,8.4,0.000882586,4.991233949,5290.548148,23.75,6.787423415,0.000916046,2.344768386412326,0.0,0.0,51.81315395,2.8962079401815917,4.897886517968413,0.759658180523411,0.0906042288095085,12.0090083417646,22.3596736886601,35.73,S
MOZ,莫桑比克,508,2003,0.2489098014212643,0.2883376800186393,0.4111881296001674,0.5639236875426327,0.4092023942120923,0.25250216787707025,0.30578010771897485,0.4132162643815453,0.5695089945410378,0.385251883629657,0.31335314552865007,0.2790695755126261,0.4356767851142232,0.577724610035794,0.40145602904782335,0.3978545800041522,4.817431122,0.1587295111060381,3.640147318,291.2411354,3958.885003,1975.949881,-9.869611258377972,30.0,32.8,0.0099058550679063,2.264126947,1.3536178337215854,10.3,1.1753726,0.419539,2.24704,8.1,0.000974664,4.720580296,5172.109285,23.38,6.936281367,0.000726873,3.024023519133444,0.0,0.0,51.53137414,2.9054401180091043,4.897390574531397,0.7598234950024162,0.0957557398939537,12.5551798436989,22.6272849035519,38.43,S
MOZ,莫桑比克,508,2004,0.2526993068462077,0.3019054487680111,0.4222927048621645,0.5902937273347897,0.425627393246772,0.2560685468372597,0.3202743144022819,0.4241133572218608,0.5952925888851228,0.3989372018366313,0.3163042508312138,0.2906735389292433,0.445440993634737,0.5992188871154879,0.4129094176276705,0.40951721131610197,5.762294959,0.1894861501791646,5.794264605,303.4864584,4310.817932,2037.387378,-11.05620050081643,34.8,30.9,0.0091859175213591,2.283077372,1.6254783883701835,10.6,1.12229657,0.679448,3.56849,10.7,0.000678648,2.209451362,5055.363794,22.44,7.16940215,0.267608584,3.07078338212764,0.0,0.0,51.24959434,2.921450189475826,4.900887611587273,0.7622396296955669,0.1077262840057009,11.7762504033267,24.3422955427617,47.41,S
MOZ,莫桑比克,508,2005,0.25775443700500295,0.31254381209031246,0.4303210101871267,0.5838404594137396,0.42876048501047753,0.2607846831086887,0.3304293515786683,0.4319498738366948,0.5883017930382863,0.40286642539058454,0.31860803685364264,0.2999570579364485,0.4522504729962827,0.5926031686085437,0.4158546840987294,0.4129678365639669,3.881241087,0.2010485442704102,7.331047983,321.1509436,4156.620562,2138.32537,-8.576333279,34.8,29.2,0.0090058817857487,2.313005667,1.9143474554914215,10.9,1.4261055,0.854357,7.40692,11.8,0.001122962,1.096796989,4939.774885,21.44,7.295357722,0.453577793,3.154746581415069,0.0,0.0,50.96781454,2.9233576642335763,4.901230957043669,0.7631806505760573,0.1110601652268511,13.5517257196875,24.3422955427617,47.41,S
MOZ,莫桑比克,508,2006,0.2710859914758543,0.3139570587863117,0.4388917497658983,0.5868954137956335,0.4338403497302344,0.2737995381947085,0.33188235325606075,0.4403112303128287,0.5916847733490211,0.4094194737781548,0.3312681185494147,0.3008349832845562,0.45923982752551556,0.5957825354153513,0.42178136619370943,0.41843074687482096,7.359387898,0.2503723635110431,7.46134454,352.6697591,4112.0335,2280.885472,-7.943652953,34.8,27.3,0.0081418906005121,2.3486042,2.143638500190046,11.1,1.14244211,0.842954,11.2537,13.0,0.003963636,0.0,4825.110897,20.21,7.746366584,1.270344146,3.335057233344064,0.0,0.0,50.68603474,2.9236247106996616,4.896182507184823,0.7633332485566774,0.1103696725760564,12.5342489404521,24.3422955427617,47.41,S
MOZ,莫桑比克,508,2007,0.26646863321100606,0.31820532889326686,0.46711973309924804,0.5806697599266337,0.43812671560802663,0.26932500376163115,0.33597372404333825,0.46764111946919795,0.5849438752343015,0.4144709306271172,0.3262321317032998,0.3045866148544757,0.4821479779649174,0.589403116570453,0.42559246027328645,0.4230602295504628,5.118134814,0.2230966854659927,7.436278404,380.0191135,4071.491537,2372.954684,-7.271884821,34.8,25.4,0.0096117388337,2.379441111,2.002570976061925,11.3,1.17217517,0.91,14.4675,12.4,0.004430027,0.0,4711.655381,15.17,8.065310915,1.121563238,3.734965613849187,0.0,0.0,50.40425494,2.925697499936417,4.890027721966479,0.7641725374500876,0.1132062646696075,14.23902729373,24.3422955427617,47.41,S
MOZ,莫桑比克,508,2008,0.26083095815278556,0.32628500871986443,0.4706955565493786,0.5838164232389045,0.44165984529902214,0.26395099533184785,0.3435746465338357,0.4711290990922996,0.588338750075077,0.41674837275826504,0.3214646284212454,0.3110658470185214,0.4849578821564305,0.592532318668054,0.42750516906606284,0.42546442229077175,4.275022963,0.2053351383827044,5.152804075,401.2274961,3968.498408,2496.455484,-8.87904478,34.8,23.6,0.0102150032860763,2.465641206,2.231995950691864,11.6,1.20704949,1.56,20.1888,13.6,0.013878934,0.0,4596.903365,14.49,8.346203514,1.393475007,3.456417679077235,0.0,0.0,50.12247514,2.93172512017091,4.884585060657697,0.7644523004145578,0.1087898643643101,13.3968529267425,24.4211005871614,47.53,S
MOZ,莫桑比克,508,2009,0.25396327494019094,0.3448538326981535,0.46919182991587516,0.587876802383547,0.44739221441563526,0.2574455974465957,0.3624202903720922,0.46965596081351274,0.5928117324587322,0.42058339527273325,0.31597019718876307,0.32602381143604664,0.48391323944096803,0.5967329398561434,0.43066004698048027,0.4294444755441078,3.219648615,0.175066733428818,1.471373232,419.2604786,3886.685665,2591.340926,-9.998353644,39.2,21.7,0.011171211360806,2.590956438,2.606764233872795,11.8,1.2755909,2.68,26.6651,15.0,0.029658792,0.0,4479.329324,14.82,8.568832642,0.880945129,3.540538349861886,0.0,0.0,49.84069534,2.936888018515221,4.874271980467459,0.7646303313919479,0.1121577753765952,12.0843388734084,24.4211005871614,47.53,S
MOZ,莫桑比克,508,2010,0.25955846626996587,0.35508044371983166,0.4810190568478189,0.5999605300117243,0.45801979630426476,0.2623954594073127,0.37225316522938934,0.48112407200077656,0.6039095711819361,0.4299205669548537,0.3184063605425044,0.33415574051648544,0.4934126547525278,0.6052071514930534,0.4377954768261427,0.4368462656964577,3.861945687,0.2628836028158228,7.645227987,435.8246883,3756.762152,2760.471348,-14.71658263,39.2,20.0,0.0117647058823529,2.676859035,2.028763130599778,12.0,1.24370587,4.17,31.4105,18.9,0.008996763,0.0,4361.014616,12.66,8.868157826,1.201634608,3.519436977773216,0.0,0.0,49.55891554,2.9365573895572115,4.876204888221979,0.7649863933467281,0.1115725992625406,13.5047061824073,25.523562965646,54.45,S
MOZ,莫桑比克,508,2011,0.24328905413648277,0.356830771979912,0.47159628945791987,0.607303520088035,0.45709295089101076,0.24679277933280408,0.37366730126224285,0.4719286373009229,0.6117423117067551,0.4260327574006812,0.3060118861898168,0.33529926306255564,0.4855128136159183,0.6122477071082991,0.43476791749414745,0.4341962592165862,4.19033882,0.2465237687978998,2.34836229,449.4087486,3680.371947,2868.372461,-22.77035465,39.2,19.9,0.0125908430232557,2.786152536,3.143468113017193,12.3,1.25546241,4.6,33.2163,20.2,0.012378734,0.0,4241.187137,14.14,9.225257153,1.650065522,4.393408713232399,2.114250815857676e-07,0.0,49.2964114,2.9350186932526263,4.874093949490069,0.7643251354307078,0.1599180258868024,11.5500613120538,25.7193798199693,54.58,S
MOZ,莫桑比克,508,2012,0.2085921269207183,0.35670645251664623,0.47523054831885375,0.6084504550888362,0.4536626247595442,0.21323274574335946,0.37306730884362116,0.4753721575075298,0.6126107379962985,0.41857073752270224,0.2775759842414448,0.33397648407996927,0.4883239680198388,0.6125076742180048,0.42809602763981447,0.4287580540121292,4.938054791,0.2310626573336553,3.175234574,451.320488,3622.255284,3087.211753,-40.68750617,39.2,21.6,0.0130443363895718,2.871010748,2.6066398809492015,12.4,1.23552883,5.0,36.1782,21.2,0.016198352,0.0,4121.153532,13.35,9.681956666,1.759582361,5.465743082066629,6.163240576014821e-07,0.0,49.03390727,2.9315979551870597,4.872911315140263,0.7633968310486026,0.2140194385320706,11.8992512948222,26.0095018422664,55.43,S
MOZ,莫桑比克,508,2013,0.2161657770433392,0.36569770495084175,0.4745525242442037,0.6125935074976878,0.4586776353774171,0.2204954765357827,0.3801832638175821,0.4746773031974781,0.6165147193858069,0.42296769073416246,0.2828412783121722,0.3390126600111206,0.48775568804619734,0.6154414705872087,0.4312627742391747,0.43186319133558404,3.535004572,0.2339797014853441,2.601236269,458.4251807,3472.992761,3125.230368,-36.36131916,39.2,26.4,0.0129117959617428,2.89055495,2.791038069368074,12.6,1.49877322,5.5,49.503,22.4,0.011682841,0.0,4003.73453,13.4,10.03533871,1.827229857,6.033007739789703,1.955962033739068e-06,0.0,48.77140314,2.9262570258653575,4.859724306315013,0.7615656552811618,0.2519339278420058,11.90975343399,26.5370605510871,56.58,S
MOZ,莫桑比克,508,2014,0.2283521062492008,0.3807716827434561,0.47851374338180497,0.617317200943613,0.46727613804322504,0.23244841246386774,0.3925974422693504,0.47846295565267355,0.6216976439794921,0.43130161359134594,0.2936587645744061,0.34772387224885454,0.49156651338771695,0.6202318463868125,0.4382952491494475,0.43878833723803945,4.625141598,0.2459082969438586,1.085870896,470.9888489,3441.662484,3312.431519,-32.24533336,39.03433041877588,32.6,0.0135690429977792,2.898954986,3.391049684015825,12.7,1.71540534,6.0,71.6701,24.8,0.00915822,0.0,3889.334286,12.94,10.51992801,0.320556844,6.501028903115534,2.7143908276856233e-06,0.0,48.50889901,2.91998779216155,4.848177725781429,0.7546224471629492,0.2743098511641343,10.3732908759103,26.5370605510871,56.6,S
MOZ,莫桑比克,508,2015,0.2138919382170637,0.37473831957054626,0.4806632645158433,0.6132021906087867,0.4625438599622317,0.218515712970182,0.38539531169381497,0.4805259716955148,0.6172418923620016,0.4254197221803783,0.2811850141526341,0.3405066210690207,0.4933568951309599,0.6159526396450622,0.4327502924994192,0.433564543620523,4.322312866,0.2105622182923293,7.059950335,481.2253719,3539.075516,3409.374629,-36.69477153,39.6,39.9,0.0128698352454066,2.901060671,3.9615675587959607,12.8,1.78662503,6.5,75.8447,24.0,0.0095034,0.0,3778.123288,12.54,11.00406366,0.259343147,6.79328086745588,3.7668228190510223e-06,0.0,48.24639487,2.91988606017447,4.847707215341184,0.7545970141661792,0.2939307748746288,11.4436836436716,26.5370605510871,56.6,S
MOZ,莫桑比克,508,2016,0.2261819066819682,0.3560866477424545,0.48101589692414015,0.6153045908044168,0.45950450683430405,0.22977822087941466,0.36811861016687214,0.480834481568406,0.6195831902800413,0.4245786257236835,0.28757861645456034,0.32670983043962254,0.4933629293136989,0.6178692319005799,0.43138015202711544,0.4312755540766493,1.673197899,0.2757466129398287,12.16089129,489.5211357,3826.055313,3327.915227,-33.69160627,39.6,41.6,0.012672241998944,2.930664347,4.022005987832289,12.9,1.7231313,7.0,54.9641,26.2,0.17817058,0.0,3669.005917,12.29,11.52092346,0.318514467,7.29110745011451,4.755441368060005e-06,0.0,47.8500089,2.888221979195808,4.82294819298558,0.7509092296345279,0.3625228693382126,10.485244380864,26.5370605510871,56.6,S
MOZ,莫桑比克,508,2017,0.2672884666162513,0.34977496536758435,0.4842744257905284,0.6151369712542539,0.4636817601281614,0.26914451928608796,0.3630411986881361,0.48408469466391757,0.6194340953209772,0.43392612698977967,0.31939029972425476,0.32371155347751757,0.49594628732520213,0.617656766296361,0.43917622670583384,0.437577010268902,-0.383714309,0.3584718294976116,7.978012402,493.8916796,3992.652856,3240.844216,-17.93875224,39.6,38.3,0.0116558741905643,2.988459279,4.721939369375411,12.8,1.73677838,7.79633,42.162,24.3,0.119168628,0.0,3560.981344,11.92,11.82486931,0.636941742,7.487826689211868,5.325495529370764e-06,4.212773761703176e-06,47.56809685,2.889786108497165,4.822693863017879,0.7496248632976423,0.3813530166251674,10.3937346834708,26.5370605510871,56.6,S
MOZ,莫桑比克,508,2018,0.2532479233750833,0.37580302273721444,0.4872884899297708,0.6100321901018959,0.4682764550144975,0.2553258518348795,0.38881962348029037,0.4872018741733897,0.6139991503169882,0.4363366249513869,0.308021208696145,0.346613725385142,0.49924313193362185,0.612882519418919,0.44169014635845694,0.4417215899258348,0.445674339,0.4020014450539584,3.795118615,496.8058152,4156.635122,3192.208887,-29.46747964,39.6,32.5,0.0106736716100286,2.98089903,5.193213025391538,12.8,1.7863487,10.9,48.5007,31.1,0.024329485,0.0,3456.398583,11.7,12.23695796,0.8206897,5.546473190600408,1.9297938249630135e-05,3.502358893410388e-06,47.33610723,2.8868104478750736,4.8338589485999135,0.7495994303008725,0.2683036603984666,11.9538440386403,26.5370605510871,56.6,S
MOZ,莫桑比克,508,2019,0.2627547353368644,0.3876534833302265,0.4881185915071726,0.6126458306628431,0.4741478864812308,0.2650244721695184,0.40116677225316866,0.48797979289227905,0.6164551506782378,0.4426565469983009,0.3169272054138676,0.3578944092907631,0.500018476752291,0.6147669780550118,0.4474017673779834,0.447521666059277,-0.646283516,0.3085846937670158,4.677645347,492.6713931,4146.004658,3156.911707,-16.07644776,41.2,28.3,0.0084882381970718,2.93974159,5.194352367357128,12.7,1.8260498,12.4793,49.4351,29.7,0.021700045,0.0,3356.268392,11.56,12.52058788,0.517855681,5.630142986549097,1.8738886334600216e-05,3.0412422993088693e-06,47.00794781,2.886556117907373,4.851623896843765,0.7490017548767771,0.2703762656277292,12.1607477001985,26.7090786548109,58.33,S
MOZ,莫桑比克,508,2020,0.2351478312968056,0.4072589460754887,0.48870603356171016,0.6203406705971087,0.47921408289433964,0.23818869803022016,0.42059215400783523,0.4885732365520545,0.6249224378248132,0.44306913160373074,0.29238270848713305,0.3753165522856464,0.5004494005001736,0.6228622564858332,0.4477527294396966,0.44961138643101833,-4.105273995,0.2613200000091546,3.171661068,494.026253,4033.644179,3180.737549,-24.99134813,42.4,25.8,0.0013701758392328,2.964900343,5.726409389284351,12.6,2.3917768,14.2874,50.2319,30.6,0.031835587,0.0,3258.219093,11.5,12.3678965,0.31777052,5.044154030334437,1.4759440129460738e-05,3.1981963482231237e-06,46.72519647,2.8883618606780437,4.857498919097638,0.7492942343396323,0.2339576624477223,9.84128962494009,26.7090786548109,58.33,S
MOZ,莫桑比克,508,2021,0.26012205979895775,0.40868274162496193,0.4850650458341556,0.6190705278931896,0.48170001920590283,0.262212029521785,0.4227487727758596,0.4849971096935707,0.6235469337398223,0.44837621143275935,0.31386626551771685,0.37779275647848254,0.4971948553052133,0.6214179735336902,0.4525679627087757,0.4535614385125083,-0.606316437,0.3527944352256745,4.550565208,495.2701812,4119.9678,3183.730429,-21.19279159,42.4,22.8,-0.0182765922788727,2.95777681,6.927948328171617,12.4,2.28472924,16.3576,43.1636,31.5,0.111195654,0.0,3163.259513,11.95,12.66193529,0.603381643,5.649180833004216,1.449327925620822e-05,3.104986108983909e-06,46.41217312,2.892927083598261,4.894198733436761,0.75675881889163,0.2787740617135216,10.0546345339584,26.7090786548109,58.33,S
NAM,纳米比亚,516,2001,0.36548804644840166,0.4065715017477115,0.5198277993750839,0.5490553765851358,0.4767463343437123,0.36853429659098613,0.4192999003702886,0.5173127722184039,0.5594776733270144,0.46615616062667325,0.40224556505975756,0.3916707131262237,0.5236468211966188,0.5670680051868161,0.471157776142354,0.4700526917336658,-0.914261312,0.3314273016680521,11.20376436,5385.387047,24635.65013,10853.62517,0.296284143,25.0,15.7,-0.0182450043440486,2.089531215,24.355859406972787,13.7,5.73190451,2.41698,5.74029,36.0,0.154644756,0.38376139,3317.092504,3.9,19.5118044,0.0,22.015708640072493,6.461868513899478e-06,0.0,9.702625563,0.1775559037520193,46.33819188864191,18.60533955228413,1.185672466732147,12.7413884533686,16.2063616274823,54.03,S
NAM,纳米比亚,516,2002,0.3748257450351856,0.41261709997193247,0.5245546668493992,0.5590830414286674,0.4843995679246419,0.3784775141816967,0.425042387295182,0.5220668713532339,0.5694883473268693,0.4737687800392455,0.41490217453860245,0.3979464485046783,0.5279262923954733,0.575742387308426,0.479129325686795,0.47767810108363723,2.963313565,0.320079319859488,10.00360169,6454.631078,25444.24898,10808.30217,2.563445982,25.0,16.5,0.0001539053482109,1.757282575,19.254273877363133,13.8,5.92470026,2.6337,7.93663,36.9,0.079315092,0.474155505,3259.310994,3.37,21.09167408,0.0,19.62347626016923,7.936633914824045e-06,0.0,9.616374789,0.1775316109754764,46.48943871539798,18.602023588286023,1.1659745630883032,12.0755699650491,16.7274852901024,56.81,S
NAM,纳米比亚,516,2003,0.37433640560399467,0.4239063944524696,0.5233078939445699,0.5897927171279338,0.49858351919078575,0.37862390605483504,0.4359308200147715,0.5207841671968431,0.5984475673789847,0.48344661516135856,0.4161889594479558,0.40899868470471556,0.5266655362543262,0.5985536636918298,0.48760171102470684,0.4862273146766595,2.745127953,0.2561687867506704,1.271107872,6410.576721,24982.55389,11382.61639,5.393206014,26.38888889,17.7,-0.0013464645687466,1.444252371,24.047387591109924,13.8,6.06180239,3.35984,11.6649,37.8,0.211169898,0.554144401,3212.576612,3.4,22.71787904,0.0,20.50788407892972,8.34435483534502e-06,0.0,9.530124015,0.1773615615396762,46.56740638171241,18.59422560701575,1.262119076029589,12.7990292613406,20.3747856579507,64.98,S
NAM,纳米比亚,516,2004,0.3957265681298853,0.41887427602675736,0.5232722356318297,0.6033092881666241,0.5048327745432338,0.40035833032616003,0.4307958609072994,0.5206656045275492,0.612017969733799,0.49095944137370184,0.43952714919476515,0.40378324357864165,0.5267231079596998,0.6102437868450287,0.4950693218945338,0.49226413960433246,10.84640957,0.2764326004337227,2.040252803,6840.578574,27042.78291,12291.47315,6.752635728,25.0,18.4,0.004950113640741,1.275711385,16.811854494300448,13.6,5.69722843,3.80472,14.7314,38.7,0.187930735,0.466766312,3171.853712,3.44,26.38363152,0.0,21.480296719040915,8.238581069182455e-06,0.0,9.44387324,0.1772886832100475,47.03647560397916,18.550037046484228,1.3388066816952116,11.22559680576,21.3179233869904,66.28,S
NAM,纳米比亚,516,2005,0.38409091104868004,0.42392639716919944,0.5208806257942972,0.6196675477113014,0.5102442595194564,0.38843917900806585,0.43562479040925206,0.5182378829902421,0.6263030106840047,0.4921512157728912,0.42297730789711163,0.4077049337580311,0.5242649284385313,0.6204000224111668,0.4938367981262102,0.49174926553224135,1.251936345,0.2855812573527396,5.598081585,7527.803,27160.7146,12203.82967,4.54506155,26.92307692,19.9,0.0073215141351223,1.253641698,27.194391080565165,13.4,5.24643993,4.01005,22.8242,39.6,0.471462978,0.435045226,3132.33824,3.55,28.01577328,0.0,22.90501367017771,8.135943479600648e-06,0.0,9.357622466,0.1762805329835173,47.115002004154064,18.549174652916957,1.322385113867614,14.2339519652141,24.4564219627709,71.82,S
NAM,纳米比亚,516,2006,0.4153270473877702,0.42353378389853163,0.5178840497352544,0.6393697534839737,0.5207909562940496,0.41885491772065,0.4347538197073886,0.5153627953675417,0.6457896086226658,0.5036902853545615,0.45107898463947765,0.4043534496171778,0.5204000125415226,0.6366928883666723,0.5031313337912126,0.4993597237780942,5.712860996,0.330801415251336,9.406585813,7563.892439,30803.86858,12398.56096,13.53275606,26.92307692,22.0,0.0119108777137202,1.278592221,17.962857349409205,13.3,5.04455662,4.39887,30.5663,40.5,1.556494625,0.372970487,3092.543356,3.42,31.10687194,0.0,22.591110969479125,9.53868892226872e-06,0.0,9.271371692,0.1743249644718143,47.27590520958593,18.532655564867788,1.4160017561228342,12.4274408996444,26.3419325593218,73.78,S
NAM,纳米比亚,516,2007,0.4065506346242906,0.4381279751480807,0.5080553553675999,0.6387845756814791,0.5216659268710513,0.4100340847858,0.44813729086800214,0.5057908530413765,0.6445580911507978,0.5021300799614941,0.4413155638185598,0.41529184609297165,0.5089212648406668,0.6347775372270348,0.5000765529948084,0.4970776202659386,3.97963641,0.3305603193033308,9.286434294,7021.73048,32282.12172,12938.30417,8.459988854,26.92307692,24.1,0.0158509298083975,1.332126914,19.865253145744575,13.2,5.38635349,4.83561,39.6448,43.7,3.895426791,0.559357194,3051.619935,3.36,34.0038586,0.0,23.31698734443392,1.1889428316655104e-05,0.0,9.185120917,0.1721872001360395,47.34743529011648,18.527954912606734,1.4944489656197362,13.6202011822721,26.8855718803892,74.25,S
NAM,纳米比亚,516,2008,0.38950843460449225,0.4343475289529791,0.5181463722923925,0.655939186387252,0.5266644047995744,0.3920816478087918,0.4436077211643983,0.5154386531626238,0.6598207544714881,0.5027371941518255,0.42101032734828836,0.40890782928522784,0.5216272486094213,0.6458869633223421,0.49935809214131993,0.4969968096574654,1.222883292,0.3649172231106052,10.96141241,4921.47058,33271.84368,13205.30898,-0.107055209,26.92307692,26.1,0.0132158590308368,1.399846159,16.154907340102078,13.2,4.89047384,5.329,51.3909,42.4,0.913078084,0.750971104,3009.199553,3.62,36.29013938,0.0,24.687135370666994,1.46551926278519e-05,0.0,9.098870143,0.1708389510379089,47.55459194208602,18.504245162700872,1.5290503718510875,15.9515193551766,30.0,78.86,S
NAM,纳米比亚,516,2009,0.38022665940124334,0.4469404543739011,0.5183796081220611,0.665751144726681,0.5327748893360178,0.38329049247158,0.45423647641827825,0.5156270451170024,0.6703901728508465,0.5058860467144267,0.41169239688755577,0.4146616009637693,0.5222496568920083,0.6557226247634723,0.5010815698767014,0.4992497264113658,-1.168738797,0.3519469494759253,6.945404289,5020.067548,28576.42284,13722.98303,-3.544875813,26.92307692,28.2,0.0110887833394226,1.471156017,15.350963755551426,13.1,4.31238842,6.5,78.5396,44.1,0.692724513,0.772384675,2965.253582,3.73,37.90172267,0.0,25.236340731833796,1.7329404051422118e-05,0.0,9.012619369,0.1672436201095604,47.692574912849665,18.48795685602886,1.5497096467978633,13.3716705047214,30.0,79.41,S
NAM,纳米比亚,516,2010,0.38935828482171053,0.4681537165242081,0.5182426788805017,0.6588800254694831,0.5377009544102653,0.39280139393914,0.47267609817185474,0.5154301199806678,0.6627054139522852,0.5109032565109869,0.42434854593802657,0.43193626562512255,0.5217426782104303,0.6485303693384659,0.5066394647780113,0.5051096922476179,4.409968776,0.3521874508353896,3.725898499,5349.475447,31835.66482,13959.34138,-3.922447107,24.35897436,29.1,0.0134785986593672,1.548414643,17.921036528864434,13.1,4.88263464,11.6,92.4288,44.4,1.09908191,0.514976371,2919.692807,3.57,41.9232333,0.0,26.27696960695132,1.990699640868305e-05,0.0,8.926368594,0.1564454809362436,47.8395340645459,18.4319134205444,1.4722606238189109,16.2004485112592,30.0,80.73,S
NAM,纳米比亚,516,2011,0.3820551120135291,0.4805573602353502,0.5201056457528326,0.6678530241375058,0.544052067664188,0.3856056930332304,0.48412278838016326,0.5172606880757228,0.6720998353515728,0.5147722512101722,0.41710232582411166,0.4417353732235577,0.5240376643444747,0.6571696978115866,0.5100112653009328,0.5091401933705095,3.303489085,0.3519023805682685,3.814876362,5227.323441,30393.3698,14030.55145,-6.847797317,24.35897436,27.6,0.0098764551726595,1.715870727,22.894948341933304,13.1,5.12084961,12.0,102.244,42.3,1.036839047,0.507095139,2870.022014,3.47,46.04247491,0.0,26.690211760744617,3.447753718565455e-05,0.0,8.84011952,0.1564454809362436,48.152461465583215,18.37063489171495,1.47175716398961,14.658110735823,30.0,82.55,S
NAM,纳米比亚,516,2012,0.37257228146504817,0.47919605600925486,0.5225464053065483,0.6730851114096627,0.5448171960101366,0.37632003764679145,0.483375647999938,0.5196676795053198,0.6777041893000773,0.5142668886130316,0.4087228186558325,0.4400547603671976,0.52716399711652,0.662496312090051,0.5096094720574003,0.5090015825009381,2.748093671,0.3365267570049102,11.26030847,5439.932212,30091.70415,13605.17911,-8.58334513,24.35897436,25.1,0.0191713594718165,2.226732583,29.375928961922927,13.0,4.80753613,12.9414,97.821,46.4,0.785603382,0.578080833,2806.820574,3.42,50.65499346,0.0,26.87719111745706,5.0577448654776566e-05,0.0,8.753870447,0.1564454809362436,48.18358051233466,18.362739739338508,1.4183705618288804,13.5894982915433,30.0,83.4,S
NAM,纳米比亚,516,2013,0.3965552827245504,0.510124707313055,0.525505121328741,0.6756721814479835,0.5586559932056779,0.3989808303766259,0.5121605108420239,0.52252256665897,0.6802877241244585,0.5284879080005196,0.4251908357665538,0.46327921622919027,0.5309321721419517,0.6644098568114394,0.5209530202372838,0.5206704828360841,2.902083757,0.3843628576047666,4.039790894,3569.936628,28414.92383,14778.96245,-1.461990136,24.35897436,23.3,0.0127310203869539,2.601985898,37.953250332518245,12.8,5.20561123,13.9,121.106,47.4,0.329783128,0.611289393,2734.729466,3.39,56.14790517,0.0,27.621026975871143,6.481663994090143e-05,0.0,8.667621373,0.1564454809362436,48.187941065724104,18.366262191937228,1.53411695452358,13.0668128222108,30.0,84.31,S
NAM,纳米比亚,516,2014,0.40007239808541456,0.5269501071032979,0.525354987645712,0.6819256266243175,0.5663247337253289,0.40273521895101977,0.531694807936367,0.5223289121542951,0.68707121917256,0.5359575395535605,0.4284984142343407,0.47798165984962643,0.5307787543371416,0.6706686190421286,0.5269818618658093,0.5271077423384692,3.356350179,0.3708757670824817,8.234891799,3987.770793,28592.72879,15078.22275,-0.009428403,35.25761482210328,22.5,0.0144181432578502,2.612880801,39.77702032620011,12.6,5.00115061,14.84,115.52,48.4,0.611132462,0.697958775,2664.199687,3.31,62.87511838,0.0,28.292892370658105,7.136249161490724e-05,0.0,8.581372299,0.1564454809362436,48.18242660544887,18.346305676007237,1.571735260293607,11.194931347306,30.0,84.41,S
NAM,纳米比亚,516,2015,0.3985580164494538,0.5565721306363214,0.5258491915255887,0.6763569307563859,0.5729330315885443,0.4015611000077971,0.5616102191659442,0.5228002415138724,0.6809314658182138,0.541725756626457,0.42655337111172725,0.5054976666839842,0.5317793430580227,0.6645363249487207,0.5320916764506137,0.5336222044627618,1.534458262,0.3587950775345153,3.864574351,4265.385107,25378.18956,15482.62955,-0.013757775,41.34615385,21.7,0.0117516143717018,2.652958709,42.235606283957374,12.4,5.39398766,25.6879,107.392,51.6,0.719824232,0.873276742,2594.44889,3.28,69.19076621,0.0,29.073376633722365,8.844712125679149e-05,0.0,8.495123225,0.1564454809362436,48.18222011684826,18.346184212124523,1.6758107960240916,12.6498280885919,30.0,84.41,S
NAM,纳米比亚,516,2016,0.3978252665751371,0.5708890604650191,0.5268488094483635,0.6797924424421127,0.5785169758811283,0.40092372617061284,0.5751047181695896,0.52407388242143,0.6847429754419818,0.5462113255509036,0.42312074970149005,0.5182451848164333,0.534412139207799,0.6683008027869209,0.5360197191281608,0.5382474344482447,-2.628332104,0.3808984205382192,7.968672012,5348.128657,21143.85911,15458.28246,-0.01649661,41.34615385,20.6,0.0133648846820424,2.697278909,41.23871101047756,12.1,5.76428509,31.0333,109.05,49.7,1.180978563,0.988084404,2525.40471,3.38,73.27672971,0.0,28.7033639122058,0.0001475885869745,0.0,8.408871722,0.1564333345479721,48.149740674610406,18.339746626340656,1.6205329538666775,11.6595885947129,30.0,84.41,S
NAM,纳米比亚,516,2017,0.39528769939990965,0.5748419486226409,0.5334827000106789,0.6792556724714081,0.5805411380211538,0.39780610143919765,0.5789282515970645,0.5312991083556089,0.6842178879406959,0.5480628373331418,0.4196692015949269,0.5224878363627691,0.5453267206864401,0.6679785726866689,0.5388655828327013,0.5415979953665733,-3.697734527,0.4055011871172881,9.919036989,4997.058671,22276.95706,14722.93665,-0.137385445,41.34615385,20.0,0.0139944088143397,2.735273534,45.57108055398542,11.8,5.34107399,36.8374,106.915,52.5,1.703302529,0.795046833,2457.264148,3.42,77.04629018,0.0,28.19010322741699,0.0002983820750558,0.0,8.322620219,0.1564333345479721,48.12793790766315,18.32140558005077,1.5652137823797403,11.8491125208177,30.0,84.41,S
NAM,纳米比亚,516,2018,0.416627285483224,0.5936031123138933,0.5443701177072382,0.676875598889222,0.5902961136994734,0.41759165634426854,0.5978583892917801,0.5423054996156094,0.6816335984839045,0.5598472859338907,0.43730091770133406,0.5409663439320619,0.5597409754378163,0.6656911982197345,0.5509248588227367,0.5539402419978877,-1.703426646,0.5472876450768077,4.428488941,4748.738697,24592.80087,14015.52083,-0.003551197,46.15384615,19.2,0.014887854559608,2.772463372,62.30874080006146,11.5,5.16180658,42.8,107.06,52.3,0.546469261,0.509035459,2390.073126,3.45,83.04102676,0.0,27.62408654911459,0.000384118895274,0.0,8.236368716,0.1564333345479721,48.16907772473855,18.265435022895943,1.51650383517497,12.692273989893,30.0,84.53,S
NAM,纳米比亚,516,2019,0.3862085763062722,0.5994013005729613,0.5547823758089596,0.6799150526457972,0.5912833712908899,0.3887360703073238,0.6023375687228484,0.5534197242144497,0.6849895532430252,0.5573707291219119,0.4139786130454036,0.5462997244796158,0.5759303440634436,0.669023082057039,0.5513079409113755,0.5557766261512144,-3.5764916,0.378171512817968,0.926315844,4433.687264,23468.22499,13856.61034,-0.117215604,42.70833333,18.9,0.0154524680803465,2.799322236,59.55116291529051,11.1,5.26885462,49.8,106.533,53.3,0.597099723,0.638070085,2324.095055,3.48,87.66357589,0.0,26.20893735779159,0.0005715915599129,0.0,8.150117213,0.1566033839837724,48.16239721118926,18.23583427467842,1.4613361754450302,11.8817087269151,30.0,84.6,S
NAM,纳米比亚,516,2020,0.38319601762001876,0.6347682678211296,0.5537965735856231,0.6831309383084375,0.6022764378374098,0.385402054942434,0.6358180108958091,0.5525462961701627,0.6886127785534244,0.5655947851404576,0.40630169429228263,0.5795023368633005,0.5744617908819669,0.6728582317650148,0.5582810134506412,0.5644752117863766,-10.73729311,0.3654659768843174,4.631530615,4742.815281,21493.82442,13710.70939,3.912275365,43.26923077,18.5,0.0082617316589557,2.910198877,74.61991921611339,10.6,6.51412964,57.8608,106.207,52.3,0.680731715,0.897451663,2257.433957,3.54,86.66582101,0.0,23.854185937657537,0.0005551968255201,0.0,8.06386571,0.1567369942547583,48.15168409673384,18.215076097122523,1.3313265788661672,11.0824262134092,30.0,84.6,S
NAM,纳米比亚,516,2021,0.38405636063243703,0.6430388576566147,0.5499631141185815,0.6827478803915988,0.6038858370553463,0.3871879017730105,0.6441127051699091,0.548737969639129,0.6882400803614497,0.5670696642358746,0.4161654396739231,0.5857878361390014,0.5691009415373584,0.6725396622374434,0.5608984698969316,0.5668606532600956,0.588992664,0.3561382721553209,1.53433033,4667.606075,20677.30584,13490.66875,-0.010782505,44.23076923,18.7,-0.0502723541071623,2.953145564,82.05517215859683,10.2,6.51885366,60.26,103.727,55.2,2.176309411,0.879551755,2191.74339,3.45,103.9986532,0.0,23.198113933348235,0.0005389304861543,0.0,7.977614206,0.1565790912072295,48.075842048366916,18.21273184418613,1.3152246732665658,11.1241080639148,30.0,84.6,S
NER,尼日尔,562,2001,0.25423821666058943,0.28495985418107145,0.5189684153073589,0.3242667636875768,0.34421123911274204,0.2580551387467783,0.3018498813074453,0.5180486914886019,0.3460880273374595,0.35601043472007127,0.31737817538084173,0.2675857850918694,0.5246502008063038,0.36628820928245576,0.36897559264036767,0.3691077223559108,3.569591777,0.1110786812182265,5.012520933,418.8433561,3016.539722,2417.154448,-3.771035772,1.204819277,23.1,0.0142357439193037,3.508786243,2.1626342932560623,0.7,1.14577425,0.105185,0.0178346,8.4,0.001638662,0.0,293.6082245,5.6,5.576828826,0.03220722,0.9298462608461172,5.033283847764303e-07,0.0,1.038667403,0.1465619325807215,12.066377200599982,63.94461198389516,0.0912093278158475,4.83754307834701,7.54807291941848,30.62,W
NER,尼日尔,562,2002,0.24629006757583288,0.2884014824934926,0.5193579074136012,0.32750601191917,0.345439385159996,0.25022892549978126,0.3053580575581632,0.5184236940804234,0.34913467312070257,0.35578633756476763,0.3096129667194196,0.270488623287372,0.5249687433423195,0.36870585729592265,0.3684440476612584,0.36901595730464454,1.277955097,0.1002806103436942,2.572301925,437.3911608,3045.02802,2388.234848,-5.950952418,1.204819277,22.2,0.0154996791786974,3.531481024,1.6325018155104516,0.6,1.20736778,0.127152,0.465951,8.8,0.002418778,0.0,283.4204541,5.53,5.665823627,0.020743204,0.954516493852383,4.858636355685867e-07,0.0,1.028862398,0.1480382095208021,12.05964316728507,63.99030551827584,0.0909125011417795,5.19740142826718,7.54882665499481,33.44,W
NER,尼日尔,562,2003,0.24310583167392377,0.2883465552732958,0.5186404933952118,0.3296768453985119,0.3456438287070806,0.246905609044131,0.3055031363501437,0.5177242774060213,0.35148549640270743,0.3554046298007509,0.30526655690751114,0.27051263083254895,0.5243838293864242,0.37095582805419175,0.36777971129516907,0.36850274398792415,-1.404926333,0.1037098445661314,0.188481381,446.6952535,3080.937847,2319.444564,-6.457506548,1.204819277,21.1,0.0177707572317109,3.562276923,1.8691904279945963,0.6,1.07094669,0.155699,0.643628,9.3,0.000778706,0.0,273.5019439,5.65,5.61110779,0.020105462,1.012864811683557,5.470038877910607e-07,0.0,1.019057393,0.1605984053051235,12.085442488355568,63.97716112733875,0.0886381192631013,4.60964190520369,7.54882665499481,33.44,W
NER,尼日尔,562,2004,0.2441209175639121,0.31465278456764806,0.5171145356456577,0.35099249180358616,0.3609738513761331,0.24766824193352563,0.33405270632385153,0.5162421460054215,0.37170894090849466,0.3674180087928233,0.30438128399504266,0.29259119963304153,0.5230961513475733,0.3873278364146056,0.37684911784756575,0.3783255599335506,-3.183337787,0.1162096897193359,0.386942028,400.7894332,3050.31508,2385.153528,-6.150199818,12.38938053,19.1,0.0166262489087205,3.598249044,1.6930708324752397,0.6,1.18101633,0.189934,1.29974,9.7,0.014912973,0.0,263.835615,5.89,5.463799035,0.068692609,1.072020339806646,6.030528343633979e-07,0.0,1.009252388,0.1605984053051235,12.147477697955315,63.83602273624378,0.0886621615855947,5.96633743806496,8.38960609749131,46.38,W
NER,尼日尔,562,2005,0.24765064984317534,0.3270300263037739,0.5186490766685545,0.36696291684047816,0.37122370722528697,0.2516141824030304,0.3459354179022886,0.517737226381785,0.38745491221205564,0.3756854347247899,0.31133106217237244,0.30374910457880244,0.5241722330354371,0.40071340642368974,0.38499145155257547,0.38647252440303187,3.505895355,0.1115593773993429,8.584884441,442.8576526,2934.021328,2454.300673,-7.109564981,12.38938053,18.0,0.0175184153276592,3.629704142,1.564386423219449,0.5,1.92018211,0.221341,2.35423,7.1,0.148791877,0.0,254.4308774,5.54,5.694791204,0.035917471,0.974845634415222,7.269453639495582e-07,0.0,0.999447383,0.1605984053051235,12.16081155759059,63.70680508407675,0.0832694715223515,5.5537291948384,8.74943076669225,54.01,W
NER,尼日尔,562,2006,0.24732919426701358,0.33409978247315353,0.5193486202584284,0.36681639087855455,0.3733584657752776,0.25131229841080427,0.35292256707739394,0.5184188546056614,0.3873030872365453,0.3774892018326012,0.31114045787982764,0.309800945035522,0.5246653468010053,0.40058200337258665,0.38654718827223544,0.3883128471677575,2.12703437,0.1068043348865461,1.496197581,471.262265,2951.772613,2425.818938,-6.601820236,12.38938053,17.0,0.0169354838709676,3.657093714,2.061872865984361,0.5,2.05841017,0.294034,3.38506,9.3,0.201206122,0.0,245.2941887,5.38,5.693055055,0.034929186,0.93527741297767,7.709245929921133e-07,0.0,0.989642378,0.1605984053051235,12.131104444619876,63.68760558932659,0.0784814429689959,5.58533633503802,8.74943076669225,54.01,W
NER,尼日尔,562,2007,0.2461464125890637,0.3303354096811428,0.5186955422865318,0.3657744549320317,0.37157685380715,0.24982317729163045,0.3494617296268922,0.5177831713244992,0.38598509477573184,0.3757632932546885,0.3071873740200167,0.30579479319512204,0.5240506574245095,0.399219039259902,0.38406296597488754,0.38583728767620995,-0.585038842,0.1156768261602019,7.036661075,474.4301416,2802.353818,2432.650385,-6.136809844,12.38938053,16.1,0.0154915810633864,3.681108278,1.986677573916092,0.5,1.50168717,0.390391,6.0796,11.2,0.248534967,0.0,236.428817,5.45,5.55911867,0.04012677,0.98071492957126,7.430619963644004e-07,0.0,0.979837373,0.1605984053051235,12.10678140048946,63.554085418804775,0.0742232325763783,6.37054343399515,8.74943076669225,54.93,W
NER,尼日尔,562,2008,0.24587790470651352,0.3390010190817024,0.5198129273195227,0.36783592419426037,0.3750804311050091,0.24983752898866507,0.35771375024745644,0.518860447403464,0.3882031537396644,0.37865372009481246,0.3098019860879875,0.3123961010346019,0.5250659679021399,0.4013091034802965,0.38714328962625644,0.3890776897624577,3.816082889,0.1246985271620989,10.12911572,531.3106888,2764.108088,2366.822574,-8.962924719,12.38938053,15.2,0.0143290412799883,3.702032448,1.7608481755041607,0.4,1.55048525,0.7,12.3528,11.8,0.166997176,0.0,227.836178,5.3,5.685973592,0.072969862,1.050565177018241,7.81152610205173e-07,0.0,0.970032368,0.1605984053051235,12.11025499328965,63.43827267703481,0.0800150731207665,5.80799764861045,8.74943076669225,54.93,W
NER,尼日尔,562,2009,0.2257531722035547,0.33933330291786945,0.518542128168879,0.3695839034354723,0.3728969216353281,0.22977631610516913,0.3572942328264834,0.5176179312760959,0.3901155044781087,0.37370099617146435,0.28926134143105836,0.3125670397145493,0.524023786214249,0.4031390809137085,0.3822478120683913,0.38505372089414147,-1.757856435,0.1360149809402683,4.190059998,463.1663335,3093.036166,2404.49263,-18.02702347,9.734513274,14.3,0.011369333237843,3.717080443,3.35995308484399,0.4,1.5377779,0.76,16.3011,12.3,0.172697867,0.0,219.5227888,5.51,5.518422512,0.025368571,1.191636977665201,7.526495616600313e-07,0.0,0.960227362,0.1605984053051235,12.105747217178497,63.425886160890514,0.0720698226726272,5.30382771534961,8.74943076669225,54.93,W
NER,尼日尔,562,2010,0.24033824171122548,0.34514976972116246,0.5184640865363863,0.3697377277294246,0.3765730775968775,0.2444330147216166,0.3631566231591347,0.517527795330423,0.3902538250441717,0.3788428145638365,0.3062668679079414,0.3164037764324489,0.5238861571345134,0.40328223300641103,0.38745975862032866,0.3896805622924114,4.607665896,0.146474564176977,3.475043014,515.5559106,3280.347121,2321.753464,-14.48290419,11.68286414227623,14.6,0.0104979906881228,3.725350774,4.09636086165582,0.4,1.31193817,0.83,22.1685,13.6,0.214034767,0.0,211.4952503,5.47,5.716558364,0.062210725,1.420829695202891,1.2689715016192983e-06,0.0,0.950422357,0.1605984053051235,12.141091023920424,63.331325491434434,0.0742973121068643,5.32089694797798,8.74943076669225,54.93,W
NER,尼日尔,562,2011,0.23031679461936058,0.3524952102064648,0.5220830289761853,0.36980584353486085,0.378200218571247,0.23420952313848237,0.3704827634183918,0.52105008015442,0.3902793827339468,0.37900543736131026,0.2933139966446244,0.3213628415096691,0.5264651025660595,0.403256058994314,0.3860994999286667,0.389148846666415,-1.381362283,0.142483416541517,3.971605183,480.8733508,3195.316998,2374.599175,-16.33354225,13.27433628,14.8,0.0091100210231254,3.721383032,1.8275199587710569,0.3,1.27229619,0.9,27.613,14.3,0.325355546,0.0,203.7693487,4.65,5.594354706,0.575060921,1.3735238189292631,1.7465944174301277e-06,0.0,0.940617352,0.1605984053051235,12.189405541959424,63.23588063472015,0.0968264711288233,5.34533822853221,8.74943076669225,54.93,W
NER,尼日尔,562,2012,0.25096976613028094,0.350342381426026,0.5197007733146118,0.3716128380294645,0.380446324298276,0.2548806317322911,0.36825603227423587,0.5187213509822071,0.39219652410498296,0.38351363477342926,0.31618363024286034,0.318647402596118,0.5243732511194045,0.4050090787371213,0.39105334067387604,0.3929173919892004,6.455376385,0.1538149396459751,5.308339372,558.7344514,4064.567735,2391.631817,-10.83737961,13.27433628,15.0,0.0067187500000001,3.773246396,1.724527575593988,0.3,1.03993595,1.05,30.2495,14.4,0.255139685,0.0,196.2238789,4.97,5.924309162,1.222338876,1.754964049800693,2.242558615856942e-06,0.0,0.930812347,0.1605984053051235,12.23529643956738,63.12526249309229,0.1214481242651065,4.86136756910748,8.74943076669225,54.93,W
NER,尼日尔,562,2013,0.2469307824237579,0.36350755285894204,0.5132429253222166,0.37297434550111747,0.38293876742708194,0.2506218805288314,0.3806640445088012,0.5124720915032771,0.3936579179449061,0.3843539836214539,0.309536013910808,0.3292668841575219,0.5187207739512706,0.4063485221883089,0.39096804855197737,0.39349106123584643,1.430453738,0.1553071812826529,0.369174082,545.324077,4204.506723,2533.316426,-11.25292645,13.27433628,14.5,0.0065014572231705,3.758372076,1.6911540225545518,0.3,1.34044802,1.15,37.8312,15.2,0.108198726,0.0,188.9859221,5.9,5.987299531,2.837903666,1.9021317904431891,2.6997988865813407e-06,0.0,0.921007342,0.1605984053051235,12.260819452119682,63.09285545117233,0.1363653519042059,4.47090489484026,8.74943076669225,54.93,W
NER,尼日尔,562,2014,0.24416624224827518,0.36916289435517813,0.5162783561855516,0.3722383885458809,0.3846090374990409,0.24822730206927707,0.3860468657558801,0.515413759083976,0.392847312993714,0.3856338099757118,0.30860943772049154,0.3339960350520985,0.5217253453610993,0.4056403783903198,0.39249279913100227,0.3953199279393199,2.779498662,0.1330210356103826,0.405676845,580.7283177,4163.53255,2664.03966,-12.0310952,13.27433628,13.7,0.0056370365293674,3.689280805,2.514062696695743,0.3,1.27712584,1.24868,42.8624,15.7,0.052848783,0.0,182.140746,5.63,6.137207241,1.786513509,1.7396125468178711,3.122412788278712e-06,0.0,0.911202337,0.1605984053051235,12.302668350832874,63.04557511644431,0.1233892312874712,4.75385006804585,8.74943076669225,54.93,W
NER,尼日尔,562,2015,0.23289000554756065,0.3719790589976815,0.518276633319984,0.3665981406334415,0.382317969414933,0.2372164233632999,0.3887824537150116,0.5173362954700815,0.38669723759891594,0.3825081025368272,0.2975706348319586,0.3362510423266246,0.5238078955262496,0.3998322223852538,0.38936544876752166,0.39289510899730096,0.60432014,0.1122485362570402,2.249426436,570.3098834,3936.144295,2805.464044,-15.34734305,13.27433628,12.7,0.002674935682279,3.6964059,2.6570378050640993,0.3,1.11163116,2.47622,44.9309,16.6,0.07378231,0.0,175.5309988,5.49,5.62525003,0.534779419,1.770443185174453,3.5106199764908822e-06,0.0,0.901397332,0.1605984053051235,12.302431514960134,63.04557511644431,0.1253529217235057,6.40275658456699,8.74943076669225,54.93,W
NER,尼日尔,562,2016,0.2400888858634808,0.37126809156947416,0.5191972361014934,0.36807627813710964,0.3837879209708893,0.24446265338795314,0.3889145923738928,0.5182434810961057,0.38828506538828167,0.38497644806155834,0.3049602770474159,0.3371865272101243,0.5245685488809904,0.4013874850914035,0.3920257095574835,0.3952589421203911,1.926206288,0.0992416287269077,1.792721466,643.6168705,3663.705799,2836.624221,-11.36335799,14.61988304,12.0,0.0064231096006797,3.674261375,2.47174951765111,0.2,1.10086405,4.32276,36.1205,17.0,0.073562462,0.0,169.1985784,5.34,5.860696221,0.602444301,1.593274816820994,3.867396076903751e-06,0.0,0.891592327,0.1605984053051235,12.301492065998264,62.891197600063165,0.1140976279181135,6.04902818349762,8.74943076669225,54.93,W
NER,尼日尔,562,2017,0.24125518342159422,0.4025007975773389,0.5204083287292534,0.3948924588564426,0.4031658530064983,0.24552966866123016,0.4190189324039619,0.5194246186250486,0.41461508125206326,0.39964707523557597,0.3054916257458557,0.36507163402803655,0.5255658115689651,0.4235904934158273,0.40492989118967115,0.40905805799848993,1.332855724,0.1078219722256371,0.368276729,653.7020184,3714.073447,2875.359204,-11.39344611,16.95906433,11.1,0.0049976362531234,3.560070448,2.6656781482410024,0.2,1.88514483,10.2243,40.955,17.6,0.055088992,0.0,163.2809506,5.14,6.799736034,0.775759678,1.494668342772932,4.1986530161303854e-06,0.0,0.881787321,0.1606062998342149,12.28084787242441,62.80122365200915,0.1024435717829244,5.46700228917454,9.7098154632173,66.92,W
NER,尼日尔,562,2018,0.23887256591228742,0.40840089267426705,0.5200817852301407,0.3977958869997501,0.40557991817186306,0.24347427810670974,0.42441875349539976,0.5191727459480262,0.4177272501827802,0.40119825693322897,0.3052032630189098,0.36939545285211783,0.5251777547488228,0.42654140374191407,0.40657946859044114,0.4108620115390666,3.574788852,0.0936333417487195,2.403686243,681.7066415,3738.612611,2908.07172,-12.6586016,16.95906433,10.9,0.0040487870438814,3.450880505,2.9696139848853003,0.2,1.76657593,9.685335846078942,49.831028605454776,17.6,0.321873442,0.0,157.7424336,5.05,4.740979802,0.739768819,1.302848741698593,1.2168702017286856e-05,0.0,0.871982316,0.1606220888923976,12.165556169574486,62.45149601326281,0.1057217913374976,4.67591907330518,9.7098154632173,66.92,W
NER,尼日尔,562,2019,0.2386733898538289,0.42597498740969963,0.5214684231792603,0.46248752027357587,0.434579052709583,0.24328085697274124,0.44081897824695787,0.5204698357828837,0.47951681752353204,0.4210216221315287,0.3045321238413424,0.3855422631881208,0.526737115749449,0.4764494551683236,0.42331523948680894,0.4276287406430069,2.43270219,0.0873575504346282,0.024382763,680.3652304,3867.910944,3018.932642,-12.19933645,16.95906433,10.1,0.0044507654982013,3.366548555,2.7732557914047984,0.2,2.02236509,16.6119,52.8113,18.5,0.067900511,0.0,152.5203531,4.99,4.727456624,0.439130162,1.827212453530944,1.1765855808914134e-05,0.0,0.862177311,0.1605431436014842,11.970103418331098,62.24090944975133,0.1210074100052567,4.34897855301451,17.9242207165916,78.08,W
NER,尼日尔,562,2020,0.2338517524268431,0.43680400139627684,0.5212279393691099,0.45997075626528117,0.4361691633558982,0.23846405949722116,0.45073806459633475,0.5202086274434761,0.4767767362432672,0.4215468719450748,0.29868519431685053,0.3940422542169443,0.5262878187402892,0.4738744949146952,0.42322244054719477,0.42820015383433996,0.189464641,0.0811952103583039,1.162979742,681.2449413,3543.797108,3120.354363,-13.21047176,16.95906433,10.9,-0.0023487864603287,3.299773916,2.857791802235748,0.2,2.31365919,17.0375,60.0356,18.7,0.160880094,0.0,147.5696564,4.97,4.895311641,0.184340901,1.783672478738233,6.194130918655262e-06,0.0,0.852372306,0.1605984053051235,11.960614194363307,62.231238651614426,0.1177190152314231,5.08555993649878,17.9242207165916,78.08,W
NER,尼日尔,562,2021,0.22927117604857264,0.4512126027065252,0.5180872282997507,0.4608070932996071,0.4394599759316217,0.23377093873285953,0.4668110910114293,0.5171833324611161,0.47767569189810705,0.423860263525878,0.292987538410808,0.4055068094865521,0.523017083697045,0.47478650308383397,0.4240744836695598,0.42974784240250746,-1.86257596,0.0812604627589348,3.118645972,606.7746612,3306.212161,3065.710167,-14.07369649,25.90361446,11.4,-0.0058106528635831,3.254252399,2.316532351868041,0.2,2.12211633,17.474,61.5063,18.6,0.631776902,0.0,142.8446658,5.19,4.963042995,0.238220505,1.566837455856887,5.940297459732047e-06,0.0,0.842567301,0.1605431436014842,11.92145733007026,62.072084945133035,0.1022693965098558,4.89907002084795,17.9242207165916,78.08,W
NGA,尼日利亚,566,2001,0.3004474676887158,0.34462091119343413,0.48187783886984326,0.43075547349482024,0.3988957889011121,0.3024417535637965,0.36327326859876735,0.48176303302587253,0.44009154866340067,0.3968924009629593,0.3526990335881807,0.3252757218561121,0.49115570682101023,0.46267687980963296,0.407951835518734,0.40716078981013354,3.079267318,0.2453171542870169,10.07647724,1057.388474,12657.70245,3482.551425,3.368455037,3.418803419,8.7,0.0086120951148631,2.716395465,8.15269400707725,2.2,0.8576929,0.0899014,0.205187,43.9,9.67e-05,0.0,1701.798736,10.55,18.02740232,8.366746459,6.417820495041915,0.0,8.607550124213981e-08,27.15255663,1.3758468109401931,8.44025385113695,0.0155692436070577,0.4379936714648278,16.0479567134387,12.9379737950706,19.41,W
NGA,尼日利亚,566,2002,0.29796094320352645,0.3410010094127871,0.4912619160042986,0.42557576924247764,0.3975795772325793,0.301313072351901,0.35977825371940786,0.49081210625504473,0.43448273439985535,0.3965965416815523,0.35759133383175284,0.32185502485076517,0.4999908899231352,0.457412845884035,0.40921252362242205,0.4082620694620711,12.21038628,0.1891029181899724,21.10905,1613.866995,12076.73333,3774.87886,1.139468174,3.418803419,8.7,0.0099055710950808,2.741470566,9.051637044234052,2.2,0.53133184,0.320462,1.17557,44.6,0.000129543,0.0,1655.778127,9.49,20.30311156,5.492005444,6.4154628385473345,0.0,8.374781885680898e-08,26.97325121,1.377482789288185,8.437794393754736,0.0156461016502519,0.4277062278288218,17.509032482442,12.9379737950706,19.41,W
NGA,尼日利亚,566,2003,0.3023183839285726,0.35945623873741694,0.492217463653728,0.43442567628549844,0.407016343048618,0.3048316884454825,0.378102158917365,0.49173173675413995,0.44416861942834995,0.4047085508863343,0.35633344538679845,0.3373444896325203,0.5003190261508221,0.4665182484176003,0.4151288023969353,0.41478812460973513,4.428334675,0.2288666666666666,9.804323777,1708.785292,13002.30758,3734.034811,3.237196911,4.722222222,8.8,0.0124531445231153,2.756735064,9.629697806698244,2.2,0.92982918,0.558576,2.29549,52.2,4.75e-05,0.0,1610.756131,9.09,21.29524858,6.632052671,6.643338187138917,0.0,8.147064539973442e-08,26.79394578,1.3775267081700102,8.40411959111521,0.0157339394139025,0.4326609279920291,14.8032490177849,12.9379737950706,19.41,W
NGA,尼日利亚,566,2004,0.33212777942122984,0.36161421501678065,0.49477514347099044,0.42578682634188225,0.40897049198794494,0.333707861485715,0.37957357793153734,0.4942210624200023,0.4347871757131396,0.4105724193875986,0.37945632474770125,0.3392416969778101,0.5018256600616432,0.4576731622612663,0.4195492110121052,0.418424337695792,6.265273369,0.2840514705882352,22.36834147,1809.264254,12561.12346,4291.665741,12.40420528,4.722222222,8.9,0.0109013122711754,2.770539678,10.463071872801532,2.2,1.202034,1.28614,6.48476,46.1,2.07e-05,0.0,1566.742023,8.36,22.74385246,8.16075406,6.691235712036811,0.0,7.924445005373537e-08,26.61464036,1.3798104900249242,8.31643554355106,0.0157558988548151,0.4179248813698032,17.2842269357065,12.9379737950706,19.54,W
NGA,尼日利亚,566,2005,0.34813895023553093,0.37289323731045393,0.49234703836188043,0.426734238046653,0.4142418053590666,0.3492182910467659,0.39043644460826105,0.4918319696627821,0.4358245665830244,0.4168278179752083,0.39095465823514675,0.3482009111365031,0.49902756277832705,0.458519587769046,0.42417567997975575,0.422885190769658,3.531837107,0.2867443181818181,19.85849477,1921.759699,12321.57071,4585.612539,20.79404484,6.388888889,9.1,0.0079352160820378,2.768833852,12.308259624804782,2.1,1.14133215,3.54916,12.8171,46.8,0.00016394,0.333772817,1523.956601,8.27,23.67765098,9.897430359,7.17293479807034,0.0,7.708040061433241e-08,26.43533494,1.3816880222229542,8.29795667402308,0.0157449191343588,0.4558709838270071,16.8681965621204,12.9379737950706,19.54,W
NGA,尼日利亚,566,2006,0.3328001867699854,0.3789696829593255,0.49898157461903686,0.4298974634878031,0.4165524349753094,0.33462664844708423,0.3956869777629233,0.49831284426087546,0.4393331432254285,0.4169899034240778,0.3779366087159947,0.3523662762613965,0.5055728406060526,0.4619167712135383,0.4244481241992455,0.42396202231731495,3.170928103,0.2467478991596638,23.86438113,2048.477315,11655.53019,4958.902673,15.31424259,6.111111111,9.2,0.0068230449352013,2.761246989,13.136940052872156,2.1,0.90186709,5.54504,21.6815,47.6,0.000302327,0.0,1482.452054,7.8,24.72729278,7.592182939,6.271961244451265,0.0,7.498113668460156e-08,26.25602951,1.380579070456866,8.289974417251338,0.0160194121457667,0.4251528872994201,15.8983499086044,12.9379737950706,19.54,W
NGA,尼日利亚,566,2007,0.32677425938274846,0.3868430389657034,0.501604321176263,0.42202772811537104,0.4157629295662731,0.32925422908803176,0.4033305586747924,0.5008904236958233,0.4308228011430355,0.4160745031504207,0.37543098361241883,0.3583882870998694,0.5080638992024391,0.454027581171036,0.4239776877714408,0.42402045583752546,3.677206982,0.2395899280575539,7.099730993,2177.35881,10988.50576,5393.741585,9.936092804,6.983240223,9.4,0.0101251102734782,2.771800999,13.969584802588727,2.0,0.7786122,6.77,26.3563,50.1,0.001753866,0.0,1441.925683,7.55,25.95902944,6.952626452,5.607723676515955,0.0,7.293134805371123e-08,26.07672409,1.3828957914731492,8.26918980642753,0.0162609659958057,0.3794702299077426,18.185438202812,12.9379737950706,19.54,W
NGA,尼日利亚,566,2008,0.32952766073718326,0.39745919328551294,0.5017523189958282,0.4284784294903973,0.4216349042766135,0.3320500512590195,0.41280476716788506,0.5009556492055841,0.4368744121157538,0.42067121993706064,0.37713072184212537,0.3655990406729904,0.5078011365183999,0.45863748723136116,0.4272920965662192,0.42750634076886085,3.832588985,0.2544955752212389,7.921387202,2293.487986,10288.55151,5882.596354,8.585344933,6.983240223,9.6,0.007284492169667,2.784533844,14.38655920929072,2.0,0.66059941,8.0,39.9686,50.3,0.0010163,0.0,1402.32863,7.28,27.30266856,7.735058694,6.718551755302486,0.0,7.092856349649489e-08,25.89741867,1.383796128550567,8.254004853036442,0.0174577555255443,0.4377305019624541,18.4953112690889,13.3519717656112,23.11,W
NGA,尼日利亚,566,2009,0.3176581212566409,0.40235027819614555,0.5109869474470994,0.4392660372394135,0.4273736499954427,0.32125597229782016,0.41703609027696464,0.5100471362451712,0.44879764583528875,0.4242842111638112,0.3700720692424216,0.36945585209623655,0.5169580749363055,0.4703644277129709,0.4317126059969836,0.4323706206408775,5.067183214,0.1923457627118644,0.686098875,2411.210181,9995.591669,6364.57807,4.70138235,6.983240223,9.9,0.006542129739103,2.787308209,17.722551677184196,2.0,0.57001245,9.3,45.9849,50.0,0.004045515,0.0,1363.781123,6.6,29.06453279,4.3748231,4.134235095773462,0.0,6.897886411540368e-08,25.71811324,1.3797665711430989,8.244254861271232,0.0180287009892728,0.2842617422295207,15.4492679156066,13.3519717656112,23.11,W
NGA,尼日利亚,566,2010,0.3226995506687204,0.40544978981072033,0.5070605745082439,0.44089805534661336,0.42872391819273165,0.3259511776817087,0.41936489828362067,0.5062039727995583,0.45059029207429196,0.42552758520979495,0.37114435699305093,0.37152187431785705,0.5128267631144096,0.4719574450044182,0.4318626098574339,0.4324802844174988,5.028537793,0.2288828337874659,16.34276633,2553.275412,9909.107865,6895.484921,3.572648291,6.983240223,10.4,0.0046006264682849,2.795149361,19.042817105315855,2.0,0.44847032,11.5,52.3861,48.0,0.011338946,0.0,1326.189226,6.8,30.93778577,6.670198017,4.931494098007144,0.0,7.739711380292586e-08,25.53880782,1.3773071137608834,8.239259088463607,0.0180616401506417,0.3099930235305694,14.855427353867,13.3519717656112,23.12,W
NGA,尼日利亚,566,2011,0.3276792480324702,0.41908244991912974,0.5024193775185466,0.4371384365381522,0.4310582471849926,0.33039587034061185,0.4324147133694801,0.5015768592559775,0.4464454843391182,0.4277082318262969,0.37324561567625786,0.3824236456590957,0.5081342490676861,0.4677242288150827,0.4328819348045306,0.4338811128957235,2.397348416,0.2801932367149758,9.778458097,2619.569193,10189.44624,6948.17521,2.574001234,6.818181818,11.1,0.0034103088765469,2.8027852,19.89775935873067,1.9,0.47937736,13.8,55.5301,55.9,0.012855807,0.0,1289.535059,7.07,32.57993999,8.61319228,6.902582694876018,0.0,7.525795697215956e-08,25.3595024,1.3771204585131265,8.238819899645353,0.018072619871098,0.4072596275024522,15.7489734067165,13.3519717656112,23.12,W
NGA,尼日利亚,566,2012,0.3241507359362095,0.42524729730343014,0.5055328951916817,0.43784865902708436,0.4333209485943606,0.3271774182719517,0.4375313724926923,0.5045820467632891,0.44725258303506504,0.42913585514074953,0.37032374780411687,0.3867638151747704,0.5113592709060844,0.46844754004881495,0.43422359348344663,0.43557994543887657,1.378221466,0.2478448275862069,9.947636706,2791.145428,9510.629439,6988.062299,3.744689645,6.666666667,11.7,0.0038454068751214,2.774229303,17.673830612121836,1.9,0.54436672,16.1,64.0053,53.0,0.016026343,0.0,1254.252078,6.86,33.95809139,7.084117433,6.781082349297641,8.626530127234225e-07,7.31988232856155e-08,25.18019698,1.370258133227928,8.22596264699101,0.0178859646233406,0.4109793043980406,15.4509909544602,13.3519717656112,23.15,W
NGA,尼日利亚,566,2013,0.3175380172957772,0.43713081427190714,0.5080725298662233,0.4434663339729715,0.43852968314732593,0.3216029901028241,0.448704298137104,0.5068783192901659,0.45332036755301547,0.4326264937707774,0.3685666996632259,0.3964678398992024,0.5140848669923551,0.473782618370231,0.43822550623125356,0.44004911901551913,3.814492077,0.1741442307692307,4.964745716,2891.275583,8789.537676,7330.218648,3.662440304,6.666666667,11.4,0.0026892121962542,2.714689911,17.331011617638612,1.8,0.48927844,19.1,70.2825,55.6,0.013525283,0.0,1220.661032,6.65,36.22354955,5.156738229,8.543712391008667,8.505963754884349e-07,9.023534704887216e-08,25.00089155,1.369006445095908,8.218496437080711,0.018072619871098,0.5274523663848002,13.5574113376162,13.3519717656112,23.15,W
NGA,尼日利亚,566,2014,0.3129943166345076,0.44215835115201385,0.5111439223390477,0.441317315289056,0.4392734692927989,0.3172301538929124,0.453178250127675,0.5097870618112982,0.45098154924783845,0.43279425376993097,0.36450818382673056,0.4011047078830769,0.5172156126930503,0.47143882040300206,0.43856683120146495,0.44085457185527505,3.537572681,0.1794425087108014,4.662622917,3011.625583,9031.478286,7517.379927,0.157882534,6.666666667,11.1,0.00218033071565,2.642213994,19.1183377088318,1.8,0.44593188,21.0,74.7513,54.2,0.000885111,0.0,1188.830917,6.4,38.50915362,3.659784994,9.070912576361549,8.391747652186697e-07,1.0175852033128149e-07,24.82158613,1.3680951282980336,8.206210129890094,0.0173918772028064,0.5662285040018012,14.0487554847113,13.3519717656112,23.15,W
NGA,尼日利亚,566,2015,0.2917173480928237,0.447756311666777,0.5155060302798006,0.42297876161194325,0.43235592329137373,0.2967898699727371,0.458024356573902,0.5140330858150141,0.4310415678298641,0.42497222004787927,0.3459605815574189,0.4061616207796598,0.521729223821556,0.4527544958484421,0.43165148050176916,0.4353217429376491,0.081979578,0.1018580121703854,2.863665123,3086.920423,8672.639473,7577.971028,-3.131401012,5.555555556,10.7,-1.9252984212458912e-05,2.536173486,18.68067822775627,1.7,0.58907843,22.5,79.1045,52.5,0.000347264,0.0,1159.059229,6.14,39.53068335,1.487968971,8.389997113778273,8.915840226842472e-07,9.921019923320837e-08,24.64228071,1.367743777243431,8.2063089473742,0.0173918772028064,0.521890191190124,19.4465841481607,13.3519717656112,23.21,W
NGA,尼日利亚,566,2016,0.2898734558395814,0.45568711303173415,0.5139062131640054,0.4277143007387564,0.43584012258137517,0.29465198828824435,0.4658653568156894,0.51249151360383,0.43624537282292125,0.4273135578826713,0.3411602320863191,0.4133227372939309,0.5205101710207715,0.4576429746095984,0.43315902875265494,0.43726718628256683,-4.018925343,0.0822271604938271,9.543670064,3142.217414,7922.371457,7260.070907,1.254720982,5.555555556,10.8,0.0048133387242728,2.471832391,20.25514252953664,1.7,0.47496933,24.1,78.9701,59.3,0.001247405,0.0,1130.760418,6.46,38.89152401,1.268138522,8.263117524072946,9.414475882312912e-07,1.0998630647593143e-07,24.46297957,1.3627699638767197,8.190465210755734,0.0187423828189334,0.5221998063483244,17.958118099281,13.3519717656112,23.21,W
NGA,尼日利亚,566,2017,0.30046422103894094,0.4481395505152841,0.5129952597922128,0.4289651064680702,0.435275542513306,0.304855439869374,0.4584476176082804,0.5116585291696442,0.43766585543874453,0.42815686052151075,0.35121475019977105,0.4084985801035984,0.5192920358168313,0.45905577709880246,0.43451528580475074,0.4379283409287143,-1.615855373,0.1182659574468085,11.11891808,3186.189173,7956.948878,6953.491647,3.609825501,5.555555556,11.5,0.0039855141888136,2.431709369,22.484329809007765,1.6,0.53266305,25.9,72.368,54.4,0.003928664,0.0,1103.595239,6.41,39.2049456,2.605630352,7.796425330681799,9.437986434257764e-07,9.016897325014476e-08,24.28368304,1.3626491869517,8.174720291621375,0.0189619772280597,0.4960057246830795,17.5395906695093,13.3519717656112,23.21,W
NGA,尼日利亚,566,2018,0.3014362226948067,0.4627475945334449,0.51237190767642,0.435490152848602,0.4419551025002678,0.30573433060534033,0.47181408775337513,0.5110422635611819,0.4447988437496431,0.4333473814173851,0.3526595026180353,0.42058242079083275,0.5183021244706935,0.46567790305715334,0.43930548773417877,0.4430759726743542,-0.406836852,0.1434763033175355,10.22848509,3194.348287,7915.552938,6837.994692,1.726933037,5.555555556,12.1,0.0051911368971506,2.31217263,26.97679118817717,1.6,0.49754828,27.7,84.284,56.5,0.000870432,0.0,1078.37095,6.27,39.95876157,3.802554466,8.134299879117114,9.319857534998688e-07,1.2586861291506332e-07,24.1043842,1.3634616862654678,8.1358301217651,0.019939172348672,0.5241899878136763,15.4814508004924,13.3519717656112,23.21,W
NGA,尼日利亚,566,2019,0.28028368451498986,0.46186370290488216,0.5116176243390299,0.4386284647783386,0.43989200897436687,0.28488582459762146,0.46967493805121124,0.5102861427381264,0.4482571928406705,0.4282760245569074,0.33033270487349153,0.42054864726650176,0.5179169489568572,0.46890383234855965,0.43442553336135253,0.4391264295935192,-0.010004759,0.0936092814371257,55.44488406,3216.200073,7927.069544,6731.176668,-2.048011007,3.38028169,14.3,0.0064554102033453,2.194401923,32.909797383201074,1.5,0.46980387,29.7,88.1169,55.4,0.004275248,0.0,1054.964908,6.5,40.84122256,3.283544009,8.346930535047184,1.3366071233493278e-06,1.1082297111690822e-07,23.92508537,1.3629017205221954,8.099410389011496,0.021289677964799,0.5302254051293186,14.4471777985683,13.3519717656112,23.21,W
NGA,尼日利亚,566,2020,0.26887286620415374,0.477980754429688,0.5127713680624442,0.4313691410834931,0.4407377348622873,0.2739061317786561,0.48544703843441966,0.5114478398248767,0.4404128566556767,0.4278034666734073,0.3213837966633256,0.433888648771476,0.5195506474418093,0.4616480448818635,0.43411778443961857,0.4399327426585068,-8.342423479,0.0594891485809682,11.25248424,3309.24371,5628.619734,6491.666995,-2.670611357,7.222222222,15.8,0.0011884774283612,2.130297143,38.17970003866564,1.4,0.50597858,31.8888,95.4357,55.4,0.004358073,0.0,1032.72871,6.64,38.24008659,1.587546323,7.69810527831506,2.462286932120527e-06,1.647396423708608e-07,23.74578653,1.361177904410554,8.099937415593399,0.0213884954489058,0.4824139016480859,16.5661933382186,13.3519717656112,23.21,W
NGA,尼日利亚,566,2021,0.28170491482508264,0.4740947287194897,0.5117365459281383,0.4311990635900282,0.4410045594625869,0.2869142384613408,0.48059938566488863,0.5104304602895285,0.44024625823028035,0.42954758566150963,0.33733504758018756,0.43237959937310233,0.5182510082832151,0.4613694662805391,0.43733378037926096,0.44236341563487014,-0.988127023,0.0769638752052545,12.63691251,3429.825036,4543.500131,6337.037102,-0.534215771,3.611111111,17.6,0.0072166113958396,2.096186852,43.11893464018365,1.4,0.54102808,35.5098,89.2916,59.5,0.006827353,0.0,1011.3061,6.57,38.66426572,2.734151519,8.150360346255887,3.340513362588847e-06,2.40016154522511e-07,23.5664877,1.3597505407512325,8.05306498896538,0.0213116374057116,0.5137938092105422,16.4591984672866,13.3519717656112,23.21,W
GNB,几内亚（比绍）,624,2001,0.2662252426135852,0.2788031658367482,0.4751664128557938,0.6441225498288871,0.451267701415828,0.2697630912806616,0.29691308694377727,0.4750100240808469,0.6505850879755181,0.4230678225702009,0.3262297746573883,0.2729475920904857,0.4854766036423783,0.6678544225451083,0.4381270982338401,0.43309438696026015,2.581705484,0.1526862338138853,3.762037469,908.5740365,3036.23994,2910.396935,-2.698211085,7.843137255,15.6,0.009670720854346,2.126029691,1.7680549730312154,4.2,0.48134443,0.299569,0.0,-2.556842105263513,0.0,11.49254405,12685.59622,10.39,4.222295014,0.0,2.746268690679971,0.0,0.0,76.11788762,9.43136557610242,3.657183499288763,0.0615220483641536,0.3171399054764511,3.9280007412235,17.7986194324124,39.37,W
GNB,几内亚（比绍）,624,2002,0.26375595127171164,0.28009196334447717,0.4726704397349188,0.6441292743359078,0.45080216682004376,0.26741266411779774,0.2980570852779041,0.47251331027901466,0.6506593689841798,0.42216060716472403,0.3242283283957054,0.27386829672732393,0.4829768003157726,0.6679208763386252,0.4372485754443568,0.43230704351747445,1.400140437,0.1156877491261765,3.374383225,890.3589577,4375.160072,2785.190081,-0.271719276,7.843137255,16.0,0.0108512555333566,2.198333633,3.94785725975272,4.4,0.35467029,1.02299,0.0,1.3,0.0,12.8479118,12409.76742,10.19,4.376574973,0.0,2.744579348440673,0.0,0.0,75.81756757,9.424608819345664,3.6490042674253194,0.061877667140825,0.3102441854422569,3.78977599906662,17.7986194324124,39.37,W
GNB,几内亚（比绍）,624,2003,0.2596935201726602,0.28688323636203467,0.45635873763852897,0.6433423196987014,0.4485675298899882,0.26310960528877225,0.3051398731034959,0.45637916446531124,0.6498831192981331,0.41862794053892816,0.3184506292392118,0.2793672965563056,0.4678298515641409,0.6671603373168371,0.43320202866912383,0.4285464333191031,-2.516331369,0.1174101559211548,0.570313376,903.0465459,4517.916282,2573.103803,-0.051901862,10.814233262340622,16.9,0.0111998139823283,2.262191707,6.073675733959354,4.5,0.42981493,1.3542,0.0966784,2.6,0.0,18.24837996,12132.18624,10.62,4.364060986,0.0,3.119482037388364,0.0,0.0,75.51724751,9.40113798008535,3.6408250355618774,0.0629445234708392,0.30330465587812,3.85099463716714,17.7986194324124,39.37,W
GNB,几内亚（比绍）,624,2004,0.2676495736324386,0.2979962213699221,0.4651150586691441,0.6416563400313623,0.4541109931985365,0.2708870542647199,0.31633325837166243,0.46506700401711815,0.6481241757858005,0.42510287310982525,0.3250065130695375,0.2881974810979977,0.476243681574855,0.6654767751561596,0.4387311127246374,0.4343243452320504,-1.133850312,0.1305460960160527,5.48079612,891.526215,3563.005274,2734.774939,2.381487455,14.0,18.0,0.0117656076342314,2.305405455,7.884033572348975,4.5,0.57971573,1.80814,2.92324,3.9,0.0,14.41013073,11855.68958,10.7,4.415203047,0.0,3.154076699790971,0.0,0.0,75.21692745,9.380512091038405,3.6312233285917497,0.0633001422475106,0.2963922395619915,4.18102913787198,17.7986194324124,39.37,W
GNB,几内亚（比绍）,624,2005,0.2664012757207859,0.30082141343449587,0.46955600688475074,0.6485365952724838,0.4582141304073164,0.270100965534521,0.3188702053596434,0.4694096691088269,0.6549306619161855,0.42832787547979423,0.3283052802500151,0.28913325519156674,0.4801042454394246,0.6711683531832142,0.4421777835160552,0.4376398396495973,4.089957831,0.1391111800664216,3.114412633,1014.450182,3573.291045,2611.534523,-1.638675916,14.0,18.6,0.0028219696969697,2.345055447,6.7965416532460905,4.4,0.50890976,1.90137,7.15302,5.2,0.0,13.66253742,11580.90165,10.2,4.704830261,0.0,3.120657532327,0.0,0.0,74.9166074,9.369132290184922,3.6447368421052624,0.063655761024182,0.2895225411393435,3.69830004183921,18.4599971000685,40.6,W
GNB,几内亚（比绍）,624,2006,0.25008685397298996,0.3124014976987243,0.47027699094021075,0.6484772864651221,0.45960726259717494,0.2540302596104047,0.3301729441054201,0.47011380662202196,0.6549272899685558,0.4273110750766006,0.3119978812127631,0.2977626107008166,0.48074058024907285,0.6711685143454691,0.4404173966270304,0.43698895919126224,0.22059108,0.116575472376342,4.243386129,991.0326592,3533.069157,2651.499808,-6.313245853,14.0,19.3,0.0215301516553665,2.411225163,4.76223112647963,4.4,0.49984464,2.0572,11.1163,14.5,0.0,13.49107895,11304.99971,10.1,4.830284792,0.0,3.115754407642745,0.0,0.0,74.61628734,9.365220483641536,3.6500711237553345,0.063655761024182,0.2826249926694142,3.59555589756979,18.4599971000685,40.6,W
GNB,几内亚（比绍）,624,2007,0.2580039073173291,0.3143152845604714,0.46188942900593566,0.6816248913999442,0.47152802614445427,0.261536610817743,0.3311133226262632,0.4617920175177799,0.6865414092646829,0.4352458400566172,0.3176901987274034,0.29832119829949943,0.4727716620044349,0.6967790393137675,0.44639052458627626,0.44224178372461387,0.037650317,0.1420675209538108,5.990265796,967.410658,3576.944034,2665.406191,-4.069529695,14.0,20.0,0.0144391650797759,2.489968289,8.36672442049751,4.3,0.59780544,2.2063,20.4153,7.9,0.0,16.80825844,11026.98441,10.07,4.953931701,0.0,3.229056037756395,0.0,0.0,74.31596728,9.338549075391182,3.6870554765291614,0.0686344238975818,0.2207145630626346,4.50255501772066,21.5595879526012,52.48,W
GNB,几内亚（比绍）,624,2008,0.2602860152239898,0.31695293686731896,0.46512137050229485,0.6806854958210773,0.47294081307485236,0.26391371155809734,0.3320335429912942,0.46496314615742185,0.6855183054297269,0.43660717653413506,0.320208130864088,0.29781629137414506,0.47560288669428175,0.6953535439988014,0.44724521323282906,0.4430257106479122,1.9208276,0.1343595683574583,12.7627327,996.8606269,3349.370123,2751.136591,-3.021024651,10.0,20.7,0.0078367049389465,2.522590074,4.226997138544704,4.2,0.54897773,2.35489,33.6114,9.3,0.0,16.23515202,10752.29797,9.72,5.178076063,0.0,3.066490014878491,0.0,0.0,74.01564723,9.283783783783782,3.7272403982930298,0.0700568990042674,0.33600931149004,4.41390703361014,21.5595879526012,52.48,W
GNB,几内亚（比绍）,624,2009,0.2547991600774208,0.31342604465724966,0.46220523733050267,0.6824424031783072,0.4712073721674657,0.25847890662789147,0.3282024669157765,0.46206647909819976,0.6875838787340429,0.4340829328439777,0.3153724414732106,0.2947234474887656,0.47282003586864463,0.6974566082139334,0.44509313326113853,0.4408786692273353,-0.124226604,0.1370528066982834,3.82520779,1017.031844,3502.589756,2635.312947,-5.34847492,10.0,21.5,0.0180289330922243,2.542772739,5.431161502040452,4.1,0.52002388,2.30328,36.7108,4.7,0.0,17.41233574,10482.33824,9.67,5.304832831,0.0,3.097279859693903,0.0,0.0,73.71532717,9.230440967283071,3.772403982930298,0.0725462304409672,0.2620584560695031,3.80115459871227,21.5595879526012,52.48,W
GNB,几内亚（比绍）,624,2010,0.253870298708252,0.3176472977772521,0.4699829471037916,0.6812641927183801,0.47352852244105137,0.2578316282197863,0.33190026416386975,0.4697310374448833,0.6864006275514741,0.4364658893450034,0.31666378790162436,0.2964448452951379,0.47996114234680626,0.6962651321394645,0.44733372692075823,0.4432607737205801,2.91052834,0.1350902096770236,5.215015522,1016.569395,3836.417672,2722.536715,-7.529995172,10.0,22.6,0.0124695809723431,2.584920321,3.702883205317851,4.0,0.46807465,2.45,43.2449,6.0,0.0,14.99494486,10214.85022,9.31,5.602187974,0.0,3.097354759066797,0.0,0.0,73.41500711,9.166073968705549,3.837482219061166,0.0753911806543385,0.2553712555391621,3.95021183444774,21.5595879526012,52.48,W
GNB,几内亚（比绍）,624,2011,0.28053734957992643,0.32703324863293837,0.47757315583323,0.6794947685497482,0.48075397900234745,0.28357476695391537,0.34105515426181743,0.4771840141811996,0.6847292432293074,0.4466357946565599,0.3387169395539014,0.3034828163573762,0.4867539101388162,0.69452798436799,0.455870412604521,0.45126046490130406,5.2802733,0.2091481904197374,8.452922004,1074.446102,3475.588275,2898.296445,-1.214319105,10.0,23.7,0.0116493271811786,2.629227665,6.454918797370274,3.8,0.43690556,2.672,45.5597,13.5,0.0,13.17160674,9949.778493,8.73,6.055127206,0.0,3.061210722005676,0.0,0.0,73.11472262,8.945234708392604,3.966216216216216,0.0789473684210526,0.2073146891067337,4.06615365677337,21.5595879526012,52.48,W
GNB,几内亚（比绍）,624,2012,0.2450706721573235,0.3506605069810239,0.46617303633496354,0.6781464551679567,0.48016786026448033,0.24884488505258004,0.3638674661962623,0.46592412167889713,0.6833861538171108,0.44050565668621255,0.3047623668558509,0.32068865436634414,0.4761631153907181,0.6931731690572419,0.4486968264175387,0.44620813243025875,-4.292389185,0.1248317895209634,0.02722116,1036.501964,3282.391528,2774.4102,-7.932246541,14.0,25.1,0.0105266808872241,2.659527392,7.750919361978228,3.7,0.50444686,2.89399,63.5329,14.9,0.0,17.02716703,9688.649202,9.01,5.951410774,0.0,3.039548048251896,0.0,0.0,72.81443812,8.864509246088193,3.998221906116644,0.0789473684210526,0.1951157951020244,4.21634315179788,21.5595879526012,52.48,W
GNB,几内亚（比绍）,624,2013,0.25811061138859914,0.3407624287571489,0.466294730902119,0.6804003553606355,0.47981453623838577,0.26184179579747924,0.3541639763034705,0.46602541067254927,0.6859030163836123,0.4419835497892778,0.31895420931235907,0.3121287420951052,0.4761737791954965,0.695442284262057,0.45067475371625443,0.44714909332333796,0.543365079,0.1378772354504785,0.932275245,1058.93977,3561.963094,2769.936102,-4.731876539,14.0,29.1,0.0104513471769349,2.662291019,7.128651222631492,3.6,0.55160207,3.1,55.42,16.3,0.0,17.27068806,9434.112453,8.84,6.145192988,0.0,3.029661344844522,0.0,0.0,72.51415363,8.839971550497866,4.007823613086771,0.0789473684210526,0.2125425316322842,3.3630218017382,21.5595879526012,52.48,W
GNB,几内亚（比绍）,624,2014,0.2675358996065513,0.3494356112263885,0.46349161365148667,0.6912082034303536,0.48696160074509126,0.2707382312811948,0.36201087808354904,0.4632569140751141,0.6959595639936944,0.44799139685838807,0.3247651764896208,0.3186852517128015,0.47361194227387227,0.7031154196808173,0.455044447539278,0.45140116442549266,-1.653583366,0.1462232059661471,1.297557372,944.4535207,3835.620715,2837.433267,0.555849591,13.7254902,30.1,0.0101394385094855,2.627311557,10.188832258738906,3.4,0.59649962,3.32,63.6542,17.2,0.0,18.05879993,9189.476671,8.94,6.204464957,0.0,3.099637984868343,0.0,0.0,72.21386913,8.806899004267425,4.018492176386913,0.0789473684210526,0.2148975017258985,3.59510264817276,23.7522442655674,52.48,W
GNB,几内亚（比绍）,624,2015,0.28547976791451574,0.36258317829940423,0.46197149034340457,0.7160345718097587,0.5019229463826457,0.28808082114867806,0.3748119167304744,0.46171331602689347,0.7194945578339814,0.4610251529350068,0.3402521856772225,0.32933590626848813,0.47198391375686555,0.7218865804932155,0.46586464654894794,0.46170800677008683,3.440719781,0.21867707594077,14.5196629,979.2825791,3444.544961,2986.880609,1.817263366,13.7254902,28.0,0.0100040352411057,2.570459578,5.418546318215328,3.3,0.53779858,6.1,69.3268,20.1,0.0,19.39801246,8956.274906,8.6,6.585052382,0.0,3.122706083400343,1.6793015449014445e-06,0.0,71.91358464,8.806899004267425,4.018492176386913,0.0789473684210526,0.2287622931870176,4.2680878218671,26.3697080030366,60.54,W
GNB,几内亚（比绍）,624,2016,0.2866456098413988,0.38787097085531846,0.4660878480616658,0.7164984946379832,0.5105615569799276,0.2893337919999164,0.40004991814853974,0.4657574835398318,0.7201031897848829,0.4688110958682927,0.34224971104632107,0.3537840773358388,0.4757175177191553,0.7223420313403577,0.4735233343604182,0.4704053723787616,2.817656989,0.2224766891495237,2.717745393,1019.464318,3337.013092,3063.00223,1.362937393,13.7254902,19.8,0.0091225383296433,2.511552965,6.042929363232459,3.2,0.48464295,13.8,70.1916,22.9,0.0,18.24141778,8734.134581,8.34,6.942797091,0.0,3.170608404329908,1.637650233938336e-06,0.0,71.61344239,8.7400426742532,4.049786628733997,0.0800142247510668,0.2323350763390655,3.89112505795244,26.3697080030366,60.54,W
GNB,几内亚（比绍）,624,2017,0.2845455629880232,0.40933635204314384,0.4736084859439458,0.7144201745820996,0.5174300555203702,0.2871061093049675,0.42161846940613656,0.4732158237674016,0.7179941029277661,0.47498362635156793,0.33875648325533547,0.37335423384132116,0.48267746053105615,0.7203928381753473,0.478795253950765,0.4768258109230248,2.144543054,0.2306156012178044,10.52829646,1034.959623,3439.393797,3117.666973,0.263885195,13.7254902,13.6,0.0087266368630298,2.436325752,8.85421550158971,3.0,0.49838862,14.8,76.4394,26.0,0.0,15.95317532,8523.91384,8.05,7.266586892,0.0,2.503849476959824,1.5982338450522942e-06,0.0,71.31330014,8.663229018492178,4.07325746799431,0.0839260312944523,0.1816035458416086,4.3084661867116,26.3697080030366,60.54,W
GNB,几内亚（比绍）,624,2018,0.27562967710916897,0.41618598625607445,0.489346968096126,0.7133894861680937,0.5211937694169467,0.2784837908938068,0.4285135747138783,0.4888608476065046,0.7170819366806502,0.47823503747371,0.3320372758768266,0.37950338167233527,0.4976921302482814,0.7192634020003565,0.48212404744945,0.4809597392970154,1.32710524,0.2181279661599027,2.531561246,988.8958336,4253.953616,3068.152002,-3.483247955,13.7254902,12.4,0.0082422973768561,2.374059972,8.105430950884626,2.9,0.50527376,15.7,77.0219,28.4,0.0,10.2367305,8323.934224,7.87,7.539916186,0.0,1.670611738879943,6.242950668203819e-06,0.0,71.01315789,8.477951635846374,4.112731152204836,0.0878378378378378,0.1778444371147579,4.14934260901236,26.3697080030366,60.54,W
GNB,几内亚（比绍）,624,2019,0.2606102062334263,0.42331497546169694,0.4919418061718238,0.7138567053782462,0.522029432791571,0.26449455754480344,0.435115188687885,0.4913698397571752,0.7177865715881109,0.47719153939449366,0.32155621326542144,0.38496703906069896,0.49992722329067063,0.7198029945609246,0.4815633675444289,0.48112743675201086,2.890457559,0.1559928197595135,2.861793304,1024.188135,3401.297192,3412.220409,-7.981944545,13.7254902,13.1,0.0082560176474404,2.340959948,7.1403306201771,2.8,0.45877996,17.9215,80.8245,30.9,0.0,9.74182343,8131.337361,7.56,7.941604897,0.0,2.047621393192538,6.098503020791829e-06,0.0,70.71301565,8.33285917496444,4.158250355618778,0.0906827880512091,0.1483969068392678,3.67108951185304,26.3697080030366,60.54,W
GNB,几内亚（比绍）,624,2020,0.26520478903954964,0.44874796029585795,0.48883072489750284,0.7124867507772209,0.5289819253048879,0.2689966753860038,0.4582185090335656,0.4882593931089933,0.7163497535820457,0.4829560827776521,0.324283644623464,0.40439408338325283,0.4969408795280027,0.7183141380563081,0.4859831863977569,0.48626198136468424,0.563014905,0.1255089578115544,1.986762878,1022.772872,3428.328072,3519.984983,-2.268735971,13.7254902,16.7,-0.0131593764579076,2.288950008,8.399333417773704,2.7,1.20048702,20.4573,95.0629,33.4,0.0,10.96399672,7947.329077,7.51,8.171228314,0.0,2.381271336665938,5.960496807408897e-06,0.0,70.4128734,8.306899004267427,4.160739687055477,0.0953058321479374,0.1733511154821421,3.86103519153792,26.3697080030366,60.54,W
GNB,几内亚（比绍）,624,2021,0.2740961867286493,0.4618088428508038,0.4922631308167258,0.7128394231717495,0.5348506100783064,0.27761068670994926,0.4697748450199301,0.4916208257327499,0.7167140849948562,0.4889301106143714,0.33283955101361024,0.4136612026467863,0.5000576701502882,0.7187306646475693,0.4913222721145635,0.4916721538851847,2.724572599,0.1572249125402096,2.630826722,1078.63972,3201.38939,3339.373249,-0.740414184,13.7254902,19.5,0.0050535513424514,2.239038787,6.85337041568533,2.5,1.13860166,23.3519,108.63,35.8,0.0,10.41381916,7771.362626,7.14,8.583920965,0.0,2.518823175223042,9.714203282332149e-06,0.0,70.11273115,8.392958748221908,4.115931721194879,0.0938833570412517,0.1831127318719609,3.7562869089672,26.3697080030366,60.54,W
RWA,卢旺达,646,2001,0.25002792482957586,0.29669744796480446,0.4999956935246011,0.36340237927841995,0.3573941751997877,0.25488369526306087,0.3156625858983849,0.49933524000880924,0.3680429092338924,0.35948110760103685,0.31864416740479534,0.28851104679162,0.5079557868540142,0.3971463953790031,0.3780643491073582,0.3783644966019976,7.526799287,0.0437302800431454,0.39258928,531.0403344,3416.77291,2786.465023,-4.270085270994059,25.67567568,37.6,0.0353989706682287,0.886774966,0.4995719850649696,4.8,0.698044,0.240672,0.784352,4.7,0.000720233,5.036023152,1146.360835,7.19,17.4365728,0.0,1.102110626379821,0.0,1.0375714665235585e-07,11.54438589,3.360762059181192,5.541953790028375,0.0,0.0965356492879168,35.5553482104637,8.54410025254319,43.14,E
RWA,卢旺达,646,2002,0.25134798708240563,0.30186712122602644,0.5023057629968785,0.3773097249281611,0.3646393803281709,0.2565440824857951,0.3211633173258613,0.5015206499809183,0.38325631841173413,0.3656210920510772,0.3225009658581653,0.29128244605635867,0.509494431213767,0.411459656189946,0.38368437482955925,0.38374877505924165,11.66824451,0.0330619966129174,5.227208963,600.2474282,3451.18116,2802.343411,-4.690474241689913,25.67567568,34.3,0.0358052131743786,1.355376932,0.4440381039453916,4.6,0.75793403,0.292785,0.980824,6.0,0.001297651,6.014531367,1130.928147,6.35,17.62993235,0.0,1.107709152668581,0.0,1.0236033364521452e-07,11.45520876,3.346980137819213,5.4568301580867455,0.0,0.0952360544654995,31.3446102628661,8.54410025254319,43.14,E
RWA,卢旺达,646,2003,0.236555093163582,0.36858768651330115,0.4967876786740838,0.393498196466876,0.38709714832045095,0.24103486405913743,0.3912233750104566,0.4960459018267895,0.4009373048272423,0.38231036143090646,0.2993180965882843,0.3442221139941343,0.5041139056372583,0.4281244457794855,0.3939446404997906,0.3970431921479571,-0.019686845,0.029463521480396,20.36130272,579.5339681,3264.827238,2866.55929,-5.110863212385766,48.75,33.6,0.0442237915024774,2.19817405,0.8338307009243758,4.4,2.30380893,0.356918,1.52232,7.4,0.000438056,8.509859884,1106.339617,6.2,16.28030527,0.0,1.064122013892927,0.0,1.0013482523966612e-07,11.36603162,3.338062423996757,5.443048236724766,0.0,0.0931654414440643,26.5290923104635,8.54410025254319,43.14,E
RWA,卢旺达,646,2004,0.24386048933532736,0.35789084624963957,0.5039585572616199,0.3682073177309472,0.37719918542811776,0.24859613573662087,0.380569872590561,0.5031054522143263,0.37337956775803804,0.3764127570748866,0.3099367098611377,0.33171653288987135,0.5105905165407637,0.4021299061728602,0.3885934163661583,0.3911492998875421,4.645118905,0.0412371816477321,11.0949086,609.4467326,3347.593658,2910.245419,-5.531252183081506,48.75,36.0,0.037194791608287,2.642910816,1.0355179245544095,4.2,1.92855704,0.430854,1.55692,8.7,0.000185807,6.57263639,1077.483054,5.77,15.95400056,0.0,1.021296224319706,0.0,9.752301702058675e-08,11.27685448,3.3364410214835836,5.438589379813538,0.0,0.0907354150759614,33.9135379893199,8.54410025254319,43.14,E
RWA,卢旺达,646,2005,0.24576561799133753,0.34842760730667893,0.49986348919986506,0.37591292864804293,0.3766090413325048,0.2506500402887519,0.3711891097500913,0.4991925577113848,0.3814369833887562,0.37561717278474605,0.3131517831063642,0.3228430376921603,0.507631670524296,0.4093999804820986,0.3882566179512298,0.3901287569776943,6.506697423,0.0426065709450264,9.030806548,634.0654829,3235.897374,2967.770278,-5.951641153777359,48.75,36.7,0.0260806916426512,2.660098122,0.7487966241862635,4.1,1.61428237,0.556041,2.46261,4.8,0.000480737,5.543511406,1049.19881,6.95,16.03921293,0.0,0.988096006134952,0.0,9.49630093893197e-08,11.18767734,3.3404945277665172,5.436157276043779,0.0004053506282934,0.0883535839747803,32.4334482510203,8.81599227419817,43.91,E
RWA,卢旺达,646,2006,0.24647025689990473,0.357797332237756,0.5036107333117441,0.39197311777150373,0.38609596682459124,0.25143473094248486,0.38035529133769364,0.502858337822774,0.3989550006580961,0.3834008401902621,0.314449641559695,0.3305903614040657,0.5108711867041211,0.4259489236104588,0.3954650283195852,0.3974259757111554,6.352667291,0.0442799821112125,2.461603274,668.4432856,3189.407201,3045.379982,-6.372030124473099,48.75,36.6,0.0241188035388286,2.666835752,2.0442517597663294,4.0,1.48205781,2.9582955505884456,3.37878,11.4,0.001904408,4.947014321,1021.588202,6.54,15.94422328,0.0,0.97199123499764,0.0,9.246397261453865e-08,11.0985002,3.3550871503850823,5.433725172274017,0.0004053506282934,0.0860284801584988,27.7114190583544,8.81599227419817,43.91,E
RWA,卢旺达,646,2007,0.24317323784902325,0.36616278181597794,0.5027881400135458,0.36411744570481835,0.3778128647706872,0.24800223468563126,0.3884326732518718,0.5020249276181411,0.3686246009468312,0.3767711091256189,0.3090576097173047,0.3371994902734744,0.5098671332575089,0.3973839053850241,0.388377034658328,0.3912727533280485,4.807909927,0.0434835171840392,12.9360411,671.6789434,3071.792602,3142.914733,-6.7924190951689525,48.75,36.5,0.019917040896781,2.660081716,2.1476590464037812,3.9,1.74627984,2.11539,6.6507,12.8,0.051253894,5.717839995,994.7713769,6.31,15.74577742,0.0,0.96126087321479,3.14138329556867e-07,1.8007356229096058e-07,11.00932306,3.3437373327928657,5.426023510336442,0.0004053506282934,0.0650524826718679,35.8526197534836,8.81599227419817,43.91,E
RWA,卢旺达,646,2008,0.24769394272555015,0.38311643709669463,0.5001386298339163,0.3707409730984351,0.38526318281296834,0.25266448861693525,0.4059459621532519,0.4993489151169911,0.37586354402280286,0.3834557274774953,0.31506077682506983,0.3512517540857718,0.5069541699882625,0.40421477354228896,0.39437036861034824,0.3974779028489966,8.277574202,0.0517389093663587,14.45403257,724.757928,3149.840032,3239.036743,-7.212808065864692,56.25,36.5,0.0191079591287981,2.628376431,2.9803343829101383,3.8,1.81383979,4.5,13.4904,6.0,0.125607231,7.636801901,968.9656618,5.88,16.16949337,0.0,0.972162779880903,3.05989156356277e-07,8.770110525117762e-08,10.92014593,3.345358735306039,5.4227807053100925,0.0004053506282934,0.0635271587305489,33.8735105583652,8.81599227419817,43.91,E
RWA,卢旺达,646,2009,0.24129090796906197,0.40894516508113893,0.5041364329054309,0.38233353695398853,0.3970910686458094,0.24621938479264854,0.43066377287415775,0.5032859521512061,0.38851419854765296,0.3921708270914163,0.3074087334886131,0.3721694858847231,0.5107245685707501,0.4160822593649739,0.40159626182726504,0.4058451525095313,3.542919168,0.0414135084667395,7.14765692,763.566435,2867.78953,3212.31837,-7.633197036560546,56.25,36.0,0.0193268580663248,2.579220303,3.4581019980056524,3.7,1.88107121,7.7,24.1466,15.6,0.025201302,6.521805896,944.2934458,5.73,15.96342378,0.00175235,0.971345485982328,2.981979302678056e-07,1.7093604478913032e-07,10.83096879,3.3396838265099307,5.415889744629105,0.0004053506282934,0.0795194480714148,30.3940459490414,8.81599227419817,43.91,E
RWA,卢旺达,646,2010,0.24646398307767506,0.41504678074426726,0.506598702561865,0.3722967100637496,0.39643236001146936,0.2513857106138912,0.43580046719239685,0.5057146774297836,0.3775875599919129,0.39262210380699614,0.3129835454305227,0.3768927696965362,0.5128034532783365,0.4057771505441753,0.40211422973739264,0.4065076705540428,4.659797964,0.0484917224925227,3.187174319,808.1500859,2775.514855,3249.513665,-6.516870143,56.25,35.7,0.0160322262307281,2.523651344,4.3566531715417405,3.7,2.03921556,8.0,34.3954,9.7,0.162899039,5.658136567,920.7609595,5.56,16.0013435,0.0,1.04074271713593,2.907666187903275e-07,1.6667619298393717e-07,10.74179165,3.3396838265099307,5.41426834211593,0.0004053506282934,0.077537765010754,33.3048494789991,8.81599227419817,43.91,E
RWA,卢旺达,646,2011,0.24903892918025625,0.42567024554451105,0.5070604038834085,0.3709603380307347,0.39951332648717763,0.2537996890357943,0.44593412825506623,0.5061547585904871,0.37613009505630524,0.3955046677344132,0.3147765246695183,0.3851303540543853,0.5129583605967024,0.4044383587271574,0.4043258995119408,0.40902562730641356,5.342776973,0.0673937282366424,7.191477379,844.2136275,2917.189074,3263.280406,-6.928344167,56.25,35.3,0.0106999554168523,2.452628735,4.451597179539147,3.6,2.19739747,7.0,42.0494,10.8,0.301043352,5.673662972,898.4527981,5.36,16.20340138,0.0,1.12976101974334,2.8372193623576456e-07,1.6263796853485897e-07,10.78232671,3.340899878394812,5.413862991487636,0.0004053506282934,0.0675278789430374,33.7301307981866,8.81599227419817,43.91,E
RWA,卢旺达,646,2012,0.24721982950974844,0.44118546481031246,0.5092494324864771,0.3715547249796149,0.4045218754430987,0.25212756152366395,0.4606829086073645,0.5082602741893405,0.3767733281460782,0.39946101811661183,0.3139253200528121,0.3969080595997958,0.515157580085784,0.40502823479597505,0.4077547986335917,0.41303535104433825,6.071726785,0.0772068515450263,4.722834658,913.9602297,2830.60903,3380.292113,-9.680458421,56.25,35.5,0.0112325918457367,2.393801282,4.963110927791491,3.5,2.05491209,8.02385,52.5467,17.5,0.004053497,5.781772297,877.2010012,5.14,16.57559314,0.0,1.225040397903325,4.6168473746897606e-07,1.587909672442989e-07,10.82286178,3.33603567085529,5.410620186461289,0.0004053506282934,0.0709148423425108,33.555789328934,8.81599227419817,43.91,E
RWA,卢旺达,646,2013,0.25012523040541285,0.46282529721716875,0.5092822923362863,0.370635214014664,0.41095580169834933,0.25460167384056986,0.4829072836829387,0.5082866185672659,0.3757582651991606,0.40538846032248377,0.31349769358118634,0.4144269360750267,0.5151517935539891,0.4040543931649382,0.41178270409378503,0.41786925009188175,2.233014831,0.0898981117180407,2.689701759,929.2386569,2991.815347,3409.186617,-7.482203313,63.75,35.7,0.0071974948978796,2.403400855,7.95251925930333,3.4,2.17188406,9.0,60.2989,15.2,0.004301543,5.886344564,856.3696777,5.08,16.4001882,0.0,1.252121966528499,8.112975893644295e-07,1.5502008006155046e-07,10.86339684,3.33603567085529,5.413052290231049,0.0004053506282934,0.0767121283580959,33.8365851748419,8.81599227419817,43.91,E
RWA,卢旺达,646,2014,0.24409185660119195,0.4749414524314731,0.5108838996496943,0.38245431964787624,0.4183710638457231,0.24887467120490417,0.49411319645016594,0.5098804487888352,0.3886386105754667,0.41037673175484296,0.30927651626513036,0.42328187224902225,0.5167674470986152,0.4162030678670975,0.4163822258699663,0.4228907618579545,3.631645706,0.0877537289410513,4.732373488,979.4766273,2961.812241,3480.843462,-11.34389299,63.75,37.1,0.0067593695379808,2.41721474,8.491162635505537,3.3,2.19319296,10.6,68.167,19.8,0.020443914,5.854252482,835.9175652,4.87,16.50114204,9.84e-06,1.264028953119077,8.97511491006803e-06,1.5131783767571976e-07,10.9039319,3.334819618970409,5.417105796513984,0.0004053506282934,0.0773706152274087,30.383378644964,8.81599227419817,43.91,E
RWA,卢旺达,646,2015,0.24444466467197154,0.4874878009394071,0.5134859621558912,0.3766983729038793,0.4205649166514221,0.24958608519922687,0.5061405322213751,0.5124163584540634,0.3821371016783604,0.41257001938825644,0.31224286228264264,0.43342009746639976,0.5190240652648854,0.4098513345561289,0.4186345898925141,0.42558612571986754,6.282592219,0.0798243377664087,0.485928792,1022.344128,3104.204137,3606.850042,-12.68377694,63.75,35.8,0.0050854228121928,2.393225669,8.80668438599171,3.2,2.10472178,12.5,75.2543,22.8,0.023827903,5.494088724,816.1496602,4.57,17.07001401,0.000256814,1.333279473635602,9.364243469642929e-06,1.4773945057406249e-07,10.94446696,3.334819618970409,5.417511147142278,0.0004053506282934,0.0843471773506957,32.5777566483047,8.94284693018184,44.52,E
RWA,卢旺达,646,2016,0.23726345592013284,0.49203597967723944,0.5142520487560794,0.3772226442684248,0.42131061125819724,0.24231453081448293,0.5111294455215134,0.5131522601017015,0.38268209361908506,0.4123195825141957,0.3034220914227958,0.43768673918642237,0.519601943338196,0.4103476877692848,0.41776461542917476,0.4252947360006422,3.488788293,0.0840686749217295,5.030122141,1045.779928,3193.908984,3680.748941,-15.30512623,63.75,33.7,0.0047998287959156,2.369978668,10.925245463552326,3.1,1.5660044,14.6,74.8502,29.4,0.032408369,5.6897082,797.0344947,4.35,17.23287394,0.000507278,1.323246071789034,1.0151702511824844e-05,1.442792224055961e-07,11.02553709,3.3019862180786377,5.591001216051886,0.0004053506282934,0.0866682724814276,32.520926298777,8.94284693018184,44.52,E
RWA,卢旺达,646,2017,0.25062408896344385,0.49666519071783377,0.5150021596481958,0.39465109211287225,0.43093859958770486,0.2549718875560578,0.5154305717036204,0.5138980978152913,0.4016780565796367,0.42149465341365155,0.31215256916676065,0.44261032624051505,0.520386162299441,0.42825466276767477,0.42585093011859787,0.4329612943943777,1.509064569,0.1120737724480998,8.162625947,1083.64457,3127.576843,3702.814028,-9.460481769,61.25,31.9,0.0061917149681285,2.345567092,10.468724133465988,3.0,1.56328964,17.2,72.2765,34.1,0.023909889,5.607032316,778.5570633,4.28,17.09863484,0.000585486,1.378388454177073,1.3768167014422157e-05,1.4093443688606677e-07,11.06607215,3.296716659910823,5.6076205918119175,0.0004053506282934,0.0894878583616209,27.4193615968763,8.94284693018184,44.52,E
RWA,卢旺达,646,2018,0.25626135352498997,0.5092526322240963,0.519727617253734,0.39686380935494,0.43718686224560016,0.26097301336415357,0.527206410065141,0.51856143487803,0.40407584222423343,0.4277041751328895,0.3211941168107275,0.4529955574916148,0.5248284572285784,0.43049523522233907,0.4323783416883149,0.4395803643949164,6.031779965,0.1164153470866284,0.603329019,1169.437226,2807.910015,3805.4855,-10.11425109,61.25,32.7,0.0032355609313576,2.316307296,13.86291283245126,2.9,1.64325416,19.2,77.6795,38.0,0.008277298,4.407361525,760.7305448,4.03,17.7524182,0.001112831,1.336559723859756,1.737668718023292e-05,1.3770747964285062e-07,11.10660722,3.2934738548844753,5.6299148763680575,0.0004053506282934,0.0965337742741109,26.7874669027631,8.94284693018184,44.52,E
RWA,卢旺达,646,2019,0.25499270928787804,0.5187191933346821,0.5233539486040036,0.37372574724799523,0.4321446845036642,0.25983845250729254,0.5362695803789386,0.5221139003632373,0.3788368511822482,0.42426469610792916,0.32069604871649426,0.4608171065556405,0.5281249921301493,0.40669940206384253,0.4290843873665317,0.4370518691839398,6.979296301,0.1199114883890231,2.471170295,1311.266304,3252.815889,3857.288395,-11.8932238,61.25,35.6,0.0050788196642252,2.280860997,15.47576753255668,2.7,1.76991165,21.358,75.5985,46.6,0.0,3.703242842,743.575721,3.72,18.31883012,0.00092953,1.468298758706692,1.9724324389056665e-05,1.3460211262777078e-07,11.14714228,3.290231049858128,5.638021888933928,0.0004053506282934,0.0905172871571245,33.6244796659,8.94284693018184,44.56,E
RWA,卢旺达,646,2020,0.24316815351217305,0.5340504334723054,0.5218040035870595,0.3789976982391028,0.43670096519084234,0.2470569751583104,0.5506213620125354,0.5205956027575851,0.38456195345509964,0.42570897334588265,0.3003108106161639,0.47477019930293907,0.5267386545259845,0.41212978921758275,0.42848736341566757,0.43786952564167825,-5.516369026,0.1383867175279749,6.711836801,1135.333532,2589.970387,3762.268329,-12.06481283,61.25,34.7,0.0039285660733832,2.242448834,20.280369332634415,2.6,2.13853812,23.8,81.2379,45.2,0.0,3.952221541,727.0869826,3.86,17.70081004,0.000650232,1.501769113557776,1.928693890793219e-05,1.316173204173602e-07,11.18767734,3.3092825293879207,5.636400486420754,0.0004053506282934,0.0904650921330183,32.1305063608995,8.94284693018184,44.56,E
RWA,卢旺达,646,2021,0.2687514794802406,0.5551417985949695,0.523742556205806,0.38268402064066215,0.44803748398828164,0.273494457237349,0.5716437591673718,0.5224585769338033,0.3885897755679684,0.4390466422266231,0.33161269227230067,0.4944150702893328,0.5283833554426437,0.4158503723151369,0.4425653725798535,0.45140272724424474,8.456009305,0.1381017603796193,2.945416289,1177.964787,3839.417622,5109.369856,-10.91526246,61.25,31.0,-0.0015383926037669,2.190935352,24.62849843432475,2.4,2.63611889,24.4416,81.6382,48.7,0.0,3.833938312,711.3302175,3.59,19.62284047,0.001173089,1.665588265692092,1.885399460587065e-05,1.2876503002936674e-07,11.2282124,3.279286582894204,5.64410214835833,0.0004053506282934,0.102173602610507,30.9951387562802,8.94284693018184,44.56,E
STP,圣多美和普林西比,678,2001,0.2526084187880073,0.33041992613742843,0.5289220270179672,0.38303797665901224,0.38308644110028756,0.26336614389507307,0.34137016497091976,0.5273337820461186,0.3977365102338186,0.3824516502864825,0.3226741336415051,0.3312161288352995,0.5318200712993074,0.4353956057583493,0.4052764848836153,0.40936998735663005,1.404889541,0.039499081402648,7.184472955,10512.478692767028,4125.377414698887,10127.742257670354,-35.52958406,9.090909091,15.5,0.0047870341627591,1.623353015,5.6703672075149445,,3.70773029,6.31092,0.0,51.5,0.0,3.107352262,14893.25363,4.66,7.582495334,0.0,6.172956656071822,0.0,0.0,60.76458333,1.1354166666666667,1.6875000000000004,0.0,0.629137489325363,7.89655898382093,0.0,0.0,C
STP,圣多美和普林西比,678,2002,0.2636004614566167,0.32696623728690044,0.5269242194371254,0.38636880612973595,0.3845159487513605,0.2738781875918192,0.33707587734504446,0.5253378016270449,0.40136835185943165,0.384415054605835,0.33038683022174814,0.3248091008621543,0.5300328148884537,0.43879973247550924,0.40600711961196634,0.4095964519124783,0.914792646,0.0587053769809764,11.51481226,10493.500478032962,4204.84156547251,10262.391484615364,-31.2249951,6.609374272999958,13.8,0.00530081300813,2.394333693,5.202705406811542,,3.77630806,7.58067,1.32069,52.5,0.0,3.335210383,14540.8946,4.78,7.267266774,0.0,6.75950319365248,0.0,0.0,60.7375,1.1354166666666667,1.6875000000000004,0.0,0.6354637744960713,6.89857261729181,0.0,0.0,C
STP,圣多美和普林西比,678,2003,0.2769290601052831,0.386320293314778,0.5240748373866647,0.3878088353850475,0.40193975827979583,0.287164453314757,0.39530230150942697,0.5224865664610929,0.4029610657884817,0.4019785967684396,0.3443530961231188,0.3752699605620981,0.5273812711121177,0.440349117815674,0.42183836140325215,0.425973506074399,5.551387914,0.0685697924569978,13.83979778,10474.522263298895,4284.305716246134,10397.040711560432,-27.75396007,9.090909091,12.3,0.0053699090997314,2.562892139,11.50740504765496,,6.05494833,10.1618,3.133,53.6,0.0,4.107621126,14172.96215,4.82,7.336258899,0.0,7.328297030386669,0.0,0.0,60.71041667,1.1354166666666667,1.6666666666666667,0.0,0.6192544241746525,6.47100682981965,0.0,0.0,C
STP,圣多美和普林西比,678,2004,0.2603985467180611,0.3774597334594773,0.5248366991347069,0.3847252077734672,0.39632217375969947,0.27086677503279355,0.386818507380594,0.5232104449911608,0.39976161661327336,0.3951643360044554,0.32733502086442373,0.36694352218861653,0.5282205945426642,0.4372494775500974,0.4149371537864505,0.4195702429404022,0.983351605,0.0436367632919909,14.83934173,10455.544048564829,4363.769867019757,10531.6899385055,-32.32724614,9.090909091,11.1,0.0064673895556486,2.4982119,3.677752766240766,,5.18779802,13.3229,4.91107,54.7,0.0,3.143430497,13823.27764,4.95,7.113512377,0.0,8.171393803612863,0.0,0.0,60.68333333,1.1354166666666667,1.0208333333333337,0.0,0.6043562347420818,6.8951383610556,0.0,0.0,C
STP,圣多美和普林西比,678,2005,0.275975084968905,0.37970672960947277,0.5260185098933053,0.3861097047599325,0.3998419279881639,0.2861983887669138,0.3890904513564147,0.5243433976787956,0.4012724921317556,0.4002261824834699,0.3417656598993852,0.3680511683954913,0.5292441848792689,0.43865852739970973,0.41942988514346374,0.423554121756552,4.019818214,0.0513005937595213,19.09257414,10436.565833830762,4443.23401779338,10666.339165450569,-26.52880516,9.090909091,10.4,-0.0020140664961637,2.463925437,1.5466564381120893,,5.03137016,13.7595,7.39487,55.8,0.0,2.805421745,13486.84414,4.79,7.131245836,0.0,8.523441103523975,0.0,0.0,60.65625,1.1354166666666667,1.0208333333333337,0.0,0.6089495728134918,6.47096550575786,0.0,0.0,C
STP,圣多美和普林西比,678,2006,0.25403465541744613,0.2947221981493228,0.5276709773896993,0.5569608794273887,0.43968270747258664,0.26509954117771095,0.30594185806879953,0.5259362726891454,0.5628560803819465,0.4149584380794006,0.3256279618374744,0.29596823577365766,0.530618429018639,0.5672290985516052,0.4298609312953441,0.43201540922441917,6.23775372,0.0560321776715132,13.32499892,10417.587619096696,4522.698168567033,10800.988392395637,-40.38498063,7.272727273,10.6,0.0097222667136496,2.443923062,5.8561441215180094,,0.54927838,14.182,11.1231,56.9,0.0,2.62902568,13161.23112,4.5,7.326110899,0.0,8.701099735960494,0.0,0.0,60.62916667,1.1354166666666667,1.03125,0.0,0.6037261980946401,5.46242682964439,30.0,0.0,C
STP,圣多美和普林西比,678,2007,0.24356255755889777,0.31192040566732,0.5257592338910069,0.5506987636230682,0.4399842657554635,0.2546212904135798,0.32032489481390525,0.5240261307601403,0.5559156132372985,0.4137219823062309,0.3136085206718779,0.3101888646727642,0.5287344767297711,0.5602061617856471,0.4281845059650151,0.43112784883670124,1.160672449,0.0469335877108756,9.6025819,10398.609404362627,4602.162319340656,10935.637619340649,-43.14337324,1.818181818,11.6,0.004679494297362,2.422748801,7.719505008839128,,1.6642518,14.5905,17.7366,58.0,0.0,3.515982948,12846.19918,4.38,7.187919166,0.0,8.774981858169003,0.0,0.0,60.60208333,1.1354166666666667,1.03125,0.0,0.7505197230406601,7.08681930822267,30.0,0.0,C
STP,圣多美和普林西比,678,2008,0.23591614798500996,0.3245195039792557,0.5258904762698865,0.5518964742890189,0.442741885171152,0.2468719174945933,0.3335980223120599,0.5241060384315979,0.5573659019144124,0.4154854700381659,0.30419192883945173,0.3167117766015806,0.5287675954816076,0.5621393387898799,0.4279526599281299,0.4313870473013301,3.726990306,0.0585040519241543,28.82828645,9424.605902,4585.07585,11831.97688,-49.73184396,7.272727273,13.0,0.0017683465959328,2.38327636,0.0,,1.22298861,15.48,29.0869,59.1,0.0,3.519690489,12543.65826,4.24,7.249010138,0.0,9.350478230222292,0.0,0.0,60.575,1.1354166666666667,1.03125,0.0,0.5753971678951396,6.96568649798594,30.0,0.0,C
STP,圣多美和普林西比,678,2009,0.24966881033689323,0.34614278770112605,0.5252820933818851,0.5546252510952366,0.4512447128160167,0.2603898686259643,0.35311259000558687,0.5234817867284414,0.5603614614186256,0.42433642669465454,0.31739877507564057,0.33404020089560027,0.5282145763055124,0.5650020680610284,0.4361639050844454,0.4394576049947795,0.944228915,0.0398668318249842,13.9533488,9997.155192,5195.120911,11145.9295,-39.2591791,7.272727273,14.7,0.0034831673181188,2.309243056,10.008265252764923,,1.5904156,16.41,45.4471,56.9,0.0,3.51450811,12257.31362,4.25,7.127501797,0.0,9.772541770067944,0.0,0.0,60.54791667,1.1354166666666667,1.0104166666666663,0.0,0.562262092851962,6.15551387083602,30.0,0.0,C
STP,圣多美和普林西比,678,2010,0.23646836337268795,0.39795303925516184,0.5213578820316322,0.5531557644630619,0.461688199277847,0.24731375273522882,0.40609588510980327,0.5196050617190096,0.5587712789524267,0.43294649462911705,0.30597435193609945,0.37485270668995774,0.5247929616005985,0.5635423595771741,0.44229059495095746,0.44687788953894225,-0.755150615,0.05788828001382,6.965324124,10016.26866,4832.065729,10808.43415,-46.0873608,18.18181818,16.5,0.0031098336710173,2.196081638,12.266091682159711,,2.11927414,18.75,56.5065,61.4,0.0,3.962518049,11991.0672,4.63,6.898281371,0.0,10.390061963925817,0.0,0.0,60.52083333,1.1354166666666667,1.0208333333333337,0.0,0.5500489543569378,6.60035761323869,30.0,0.0,C
STP,圣多美和普林西比,678,2011,0.23550885420835796,0.4060015801066943,0.5231345519375481,0.5491080925689015,0.46253054429555224,0.24651133460140268,0.413580175954933,0.5213244848469404,0.5543016852451473,0.4339294201621059,0.3048047404464233,0.3792408077742263,0.5262573311746481,0.5586939467481683,0.4422492065358665,0.44705054568636904,-0.114189922,0.0485747717723621,11.68070422,9964.4747,4224.103981,11146.13187,-46.70314361,18.18181818,17.6,0.0039926722720653,2.093961135,0.0,,2.29882646,20.1612,61.9653,62.6,0.0,3.80904085,11742.58951,4.32,6.726913948,0.0,10.503293929936437,0.0,0.0,59.875,1.1354166666666667,1.1041666666666667,0.0,0.7411995701565858,7.31716513192516,30.0,0.0,C
STP,圣多美和普林西比,678,2012,0.24582725272779415,0.40621057399940697,0.5221069233649893,0.5456211604294307,0.4624551767054631,0.25692653046026703,0.41328174280114777,0.5202921483696233,0.5506081416407116,0.43527714081793745,0.3155304393730249,0.38045631300926064,0.5253411742587306,0.5551529320414408,0.44412021467061424,0.44854890658650365,0.883420959,0.053140814342389,4.817067426,10415.60665,4622.578518,11280.48422,-43.78368217,18.18181818,17.4,0.0059729889897381,2.020927884,2.7449469222282636,,2.30571485,21.5724,64.4915,57.9,0.0,3.890249707,11507.6621,4.38,6.633300104,0.0,10.89333225892645,0.0,0.0,59.22916667,1.1354166666666667,1.1041666666666667,0.0,0.7493362454404849,8.05882489123277,30.0,0.0,C
STP,圣多美和普林西比,678,2013,0.2766225656202316,0.4312577299115243,0.5250084953822572,0.545193842515739,0.4737731644746908,0.2874642909299131,0.43793985872003915,0.5231742890156629,0.5502408767905143,0.44970482886403235,0.3431906836615245,0.40124340122229907,0.5281171472406234,0.5547615297761251,0.456828190475143,0.4607476351516962,3.101075643,0.0486815268280546,8.890821262,11142.58975,5237.808565,11640.66905,-30.42994654,18.18181818,17.4,0.0065886365398033,1.938966145,0.8283803094000456,,2.99635077,23.0,64.8875,65.0,0.0,3.310510797,11286.68172,4.15,6.6911618,0.0,10.684148786416472,5.177376933750285e-06,0.0,58.58333333,1.1458333333333333,1.1041666666666667,0.0,0.7585378725122705,7.92150806913723,30.0,0.0,C
STP,圣多美和普林西比,678,2014,0.27237937862737394,0.4350989238129893,0.5242579883343024,0.5514203282621485,0.4764056864573764,0.28350212795316854,0.44158411164301486,0.5224719212760214,0.5571486126184347,0.45117669337265986,0.3396179743789962,0.4052731690085936,0.5276226402567687,0.561311645978612,0.45845635740574264,0.46254185672333725,2.976742762,0.0579968944177781,4.622697992,11237.19507,5390.257766,12156.85165,-35.45877844,18.18181818,18.1,0.008439858308948,1.856355322,6.301869724089913,,2.79643965,24.41,65.3057,68.6,0.0,2.997949411,11079.09355,4.4,6.746836705,0.0,10.522324643182165,5.0821530032983175e-06,0.0,57.9375,1.1562500000000002,1.1041666666666667,0.0,0.7432846768004798,5.86448730542527,30.0,0.0,C
STP,圣多美和普林西比,678,2015,0.28226212598356903,0.447124975441169,0.521622713643062,0.5393112490189075,0.47576149164720366,0.29277375937458205,0.4517028946397699,0.5198777728161165,0.5440404956973403,0.45209873063195216,0.3455633140092282,0.41126927106303685,0.5253008143485837,0.5488500625875221,0.45774586550209273,0.4617840747717987,-0.246825905,0.042307750399488,4.503697096,10956.80884,5474.190663,11983.20836,-26.42070097,18.18181818,18.5,0.0083234063349522,1.775102143,7.089684509039348,,2.0531044,25.82,92.3511,67.3,0.0,3.42403195,10884.16354,4.62,6.594609377,0.0,10.712562179188758,4.99273556974602e-06,0.0,57.29166667,1.1562500000000002,1.1145833333333337,0.0,0.7644027939348248,9.12748871729022,30.0,0.0,C
STP,圣多美和普林西比,678,2016,0.30013973325334414,0.4684918863076847,0.521680911092992,0.5421629175961438,0.484956321304898,0.3105850453374368,0.47269823320757853,0.5199484482618897,0.5472521004741349,0.46262095682026,0.362442515768136,0.4306311959247061,0.525570216624327,0.5517954825794301,0.4676098527241498,0.47143255102889975,3.422233863,0.0479013606094757,7.053471695,11036.16245,5398.059843,12509.22893,-21.0403152,18.18181818,18.3,0.0081789679354165,1.682301173,5.498578715590925,,3.06470799,28.0,87.4112,69.4,0.0,3.266301018,10702.59071,4.67,6.686048136,0.0,10.922477157817887,9.818890563555224e-06,0.0,56.64583333,1.1562500000000002,1.1145833333333337,0.0,0.7809209137459554,7.996634909644,30.0,0.0,C
STP,圣多美和普林西比,678,2017,0.29519604010092376,0.4860713383539918,0.5240157997860186,0.5461151328716705,0.4909284561209607,0.30570522680829915,0.4899562374238473,0.5222377200337152,0.5516800317096594,0.4673948039938802,0.35825055648428394,0.44636704286873147,0.5276902955544845,0.5559542756707072,0.47206554264455175,0.47642133777468454,2.462524591,0.0465834393192498,4.080773759,11078.26901,5579.100749,12320.68781,-22.71562903,18.18181818,17.9,0.007676937638027,1.597953443,4.251823935836112,,3.43653798,32.6,84.0523,74.3,0.0,3.161656861,10532.92748,4.32,6.961043936,0.0,10.919785468025797,1.4494854326714016e-05,0.0,56.0,1.1562500000000002,1.1145833333333337,0.0,0.7770252500362371,6.57086666652764,30.0,0.0,C
STP,圣多美和普林西比,678,2018,0.2977950072336171,0.4596170596771395,0.5274550921880944,0.5462913368856541,0.48512195725674645,0.3078111980765028,0.46282759126437223,0.5256621961993995,0.5520064337617765,0.46207685482551275,0.358911750293817,0.42658928169825955,0.5308307873700375,0.5563089774996891,0.4681601992154508,0.47211014223239106,2.780577149,0.0416973611583667,8.919661495,10188.97001,5671.31755,12294.85481,-19.579826,14.54545455,17.8,0.0078719026746578,1.542375544,4.091594627641101,,2.62429023,38.0,77.3644,71.0,0.0,2.336371678,10371.71661,4.12,7.265807355,0.0,10.235460367033356,1.4273004515027094e-05,0.0,55.35416667,1.1562500000000002,1.1145833333333337,0.0,0.7530851860486137,6.28137352023387,30.0,0.0,C
STP,圣多美和普林西比,678,2019,0.28994256783625283,0.4695915569767101,0.5274436639417917,0.5440958911161108,0.4858378320918633,0.2997620550303701,0.47231183414714345,0.5256349129866529,0.5497237753251654,0.46185814437233297,0.34909602040759224,0.43636235151788466,0.5308698188530742,0.5541094174992216,0.4676094020694432,0.47217081867228927,0.482132361,0.0314788205606365,11.26436809,9412.194386,5797.485694,12695.35184,-21.79932059,14.54545455,16.9,0.0065234756368155,1.513323921,11.106320761790508,,2.23238039,44.3,77.6791,75.1,0.0,2.053856772,10215.94062,4.18,7.412163728,0.0,10.606643406494936,1.4058633875684184e-05,0.0,54.70833333,1.1562500000000002,1.1145833333333337,0.0,0.7579496888355702,6.64838729469214,30.0,0.0,C
STP,圣多美和普林西比,678,2020,0.30719328614763314,0.5169640044743944,0.5290999899327508,0.5404823367866335,0.49970260150533186,0.3165053671726917,0.5205399985177832,0.527286860151511,0.5459282497894814,0.4775651189078668,0.3636025109749516,0.4737914406702866,0.5322981937103667,0.5506421412996928,0.4800835716638244,0.4850048914135784,0.716646434,0.0297095161859063,9.268277348,9161.343331,5613.51008,12736.38774,-12.64674362,23.63636364,15.9,-0.0009405816909896,1.876910541,12.785430128544162,,2.96807909,51.5547,80.1173,76.8,0.0,1.959515572,10025.98478,3.96,7.606722611,0.0,9.986215879682517,1.3797226757421756e-05,0.0,54.0625,1.1562500000000002,1.1354166666666667,0.0,0.7148283395037598,7.51383266145551,30.0,0.0,C
STP,圣多美和普林西比,678,2021,0.298368384014141,0.5438332852407828,0.5290657449123218,0.5410578055802011,0.5057920027124813,0.30801447926749037,0.5454702874034827,0.5272508884624516,0.5466622715614647,0.4818494816737223,0.35646298796056425,0.4955623956620566,0.5323344863240043,0.551280271670372,0.48391003540424926,0.4895925765745901,-0.178526591,0.040045579077194,5.164335886,9556.175163,5153.332403,12686.89869,-18.16321585,23.63636364,16.0,0.0006913899880844,2.060173547,13.335676087240552,,3.36913323,61.5241,85.2578,78.5,0.0,1.864219386,9821.545226,3.97,7.751197011,0.0,10.130981793192351,1.504768855789981e-05,0.0,53.41666667,1.1562500000000002,1.1458333333333333,0.0,0.7227787764517185,7.07098654376512,30.0,0.0,C
SEN,塞内加尔,686,2001,0.27639857112166233,0.36842929900427696,0.5278059533954766,0.6332867721343483,0.48610256281938896,0.2800968587530829,0.3880443157011951,0.5263030533186297,0.6408694245746772,0.45882841308689626,0.33307134920555426,0.3435317235867822,0.5312429808673754,0.6417619049311916,0.46240198964772583,0.4612381984577239,1.811768659,0.154122156996368,6.994935196,1364.883057,7143.207111,4561.704263,-3.775137948,16.66666667,21.1,0.0094246290028638,2.424969437,14.619685493171312,0.7,1.415766,0.983794,2.95518,38.9,0.011970281,0.0,2526.206455,4.09,5.720945874,5.67e-07,7.246882212620775,1.0770647674294049e-06,5.0515036361500924e-06,45.7833065,2.806212018906144,11.669609930919856,0.052407417025918,0.4292810673946841,2.37622440387043,25.0850818615436,46.38,W
SEN,塞内加尔,686,2002,0.27036420944845263,0.37320515513453323,0.5275829795251394,0.6324466177605955,0.4863626476224781,0.2738227100827923,0.39326096239486596,0.52610574298631,0.6399755193314299,0.4582912336988496,0.3251796241316499,0.34763160718730934,0.5310249289916213,0.6408333416666967,0.46116737549431935,0.4605430745603767,-2.352866649,0.1522892850378024,1.904645309,1052.431111,7014.327619,4570.439677,-4.543400895,19.16666667,20.0,0.0129646824168643,2.449661536,15.690487505797226,0.7,1.33993769,1.00645,5.28796,36.8,0.02011407,0.0,2465.074763,4.13,4.911621114,1.11e-05,7.214021768758388,1.2420919350588474e-06,5.586497225131265e-06,45.58333766,2.811873474263751,11.624785747675686,0.0521477172388718,0.4525824329599987,2.48421133408196,25.0850818615436,46.38,W
SEN,塞内加尔,686,2003,0.27392261605512824,0.38830246147309105,0.5293056653307432,0.6322366086660367,0.4915660990722793,0.27790076061273383,0.4080284486011474,0.5277604535579508,0.6397942159230339,0.4633709696737165,0.33280347192921816,0.3611956765825813,0.5324806425295603,0.6406799573218049,0.4667899370907912,0.4664513679609066,3.08280432,0.1433504292466037,0.922879934,1257.48842,6534.076327,4564.832329,-4.989693893,19.16666667,18.6,0.0095396523628461,2.406849622,19.22923380793301,0.7,1.54446924,2.10144,7.29792,41.9,0.00585107,0.0,2406.452426,3.78,5.14718385,0.000128798,7.01383174887064,1.305826898094015e-06,4.411035460232161e-06,45.38336883,2.810990494987794,11.609307640367732,0.0520957772814626,0.4428438904463466,2.461972469276,25.0850818615436,46.38,W
SEN,塞内加尔,686,2004,0.27421736422132864,0.3911404656119236,0.528153021675958,0.6316851364596314,0.49199943560249093,0.2781354233443638,0.4105122549566731,0.52659488882708,0.6392074751803097,0.4636125105771066,0.33243136690448827,0.36410539886879667,0.5315072070352106,0.6399563959208493,0.4670000921823362,0.46680263493244345,2.216602372,0.1497496729241625,0.134935111,1326.087831,6250.971579,4594.619252,-5.074475899,19.16666667,17.1,0.0140229343914988,2.346325157,15.473267136212858,0.7,1.62704813,4.38602,10.2163,36.8,0.024552988,0.0,2350.646482,3.87,5.345787185,0.000170075,7.288016842572283,1.4577652604334084e-06,3.2903128176698276e-06,45.18339999,2.8069391783098743,11.50314236742326,0.0439412039682127,0.4795303391017105,2.45171730644181,25.0850818615428,46.48,W
SEN,塞内加尔,686,2005,0.2704012243845131,0.4091381272793074,0.5286350082716116,0.6318436443881397,0.49696054415972246,0.2744662729848414,0.4282397572829641,0.5270669370463978,0.639358664892529,0.46728290805168304,0.32874093810625865,0.3788823846448863,0.5318589867870175,0.6399617887316046,0.4698610245674417,0.4704834001214314,1.898549721,0.1433368341450576,4.720878754,1501.378151,5767.585953,4585.433969,-6.141503227,19.16666667,15.8,0.0111428002918352,2.339181364,18.06421661680079,0.7,1.59510648,4.78668,15.3986,47.1,0.043252275,0.0,2296.298722,3.79,5.53469401,9.08e-05,7.408795645992142,1.5130650496926164e-06,3.9030052855340654e-06,44.98343115,2.812133174050797,11.468965875447982,0.043785384095985,0.5089324711057978,2.36468498419321,25.0850818615428,46.69,W
SEN,塞内加尔,686,2006,0.2652133054533381,0.42628492903945153,0.5291365452686269,0.6320388326991059,0.5015075220353882,0.2693053077947668,0.4446156107551761,0.5275710369662951,0.6396048137573697,0.47027419231840195,0.32312632093491045,0.3920698541429125,0.5323025564531136,0.6401912015837853,0.47192248327868047,0.4733775120212296,-0.023903098,0.1362635613352696,2.885492002,1394.712328,5374.723375,4650.398464,-7.368654316,19.16666667,14.6,0.0134634306329946,2.327929292,14.625967405135992,0.6,1.7594533,5.61174,25.9356,49.9,0.040683271,0.0,2243.459923,3.72,5.621845933,0.000166591,7.126298805610877,1.565204597458073e-06,3.81319549226902e-06,44.78346232,2.817846569365813,11.457798784604996,0.0438892640108035,0.5087823290835709,2.22659272615651,25.0850818615428,46.69,W
SEN,塞内加尔,686,2007,0.25942890796062085,0.4320701815982796,0.5275155463869594,0.6303853015169171,0.501509275031436,0.26375175885065466,0.4509257976341035,0.5259427921127631,0.6378163795368759,0.4696091820335993,0.3182470401791607,0.39718709196700525,0.5309273096026467,0.6385100098507642,0.4712178628998942,0.4731184137104151,0.466183194,0.1196208284447618,6.588712451,1291.697292,5588.214498,4782.966873,-9.379070933,22.0,12.2,0.0137861846895681,2.322793844,17.651140867250778,0.6,1.31880546,6.89,30.8471,48.1,0.061067296,0.0,2191.94953,3.88,5.738381245,7.98e-05,7.548916352102872,1.6991856822536367e-06,2.775969729026611e-06,44.58349348,2.8402846309666026,11.44590453435828,0.0433698644367111,0.5136112248715926,2.65744742696058,25.0850818615428,46.69,W
SEN,塞内加尔,686,2008,0.2586316826238556,0.4484657989690917,0.5268129897327323,0.6298876697108087,0.5059090625497207,0.2630927708663736,0.46632738649152666,0.5252671097725661,0.6373129680286939,0.47300005878979,0.31816628534301244,0.40941640184969286,0.5301809672694047,0.6380381731230524,0.4739504568962906,0.4763900619502082,1.305181118,0.1287528975569629,8.216542731,1556.248569,5549.200733,4788.215065,-11.22207607,22.0,10.9,0.008746588351715,2.339511847,17.33842732803722,0.6,1.3871423,7.12,44.727,49.7,0.185207685,0.0,2141.263822,3.92,5.905484732,3.73e-05,7.53551743408894,1.908878601047609e-06,2.9258672327352093e-06,44.38352465,2.841063730327741,11.439827559341404,0.0424868851607541,0.5097654892011833,2.7223381436751,25.0850818615428,46.69,W
SEN,塞内加尔,686,2009,0.2692625054116154,0.4639969372085133,0.5221939011876807,0.6313126328997798,0.5114400510371686,0.273524593877862,0.48121105186318786,0.5208425006890887,0.6389195413317595,0.4786244219404745,0.3276863675330688,0.4206556434166303,0.5260164017308057,0.6396329692470705,0.4784978454818938,0.4809285993073999,0.349911484,0.1249236066519571,1.689038683,1765.107429,5884.149072,4683.620428,-5.309157411,22.66666667,10.3,0.0087023939494628,2.36561416,14.5168479327352,0.6,1.40655613,7.5,55.9396,53.5,0.498944014,0.0,2091.204225,4.59,6.023811965,0.000243201,7.03612691193586,2.107415110279817e-06,3.4847131247940714e-06,44.18355581,2.847763984833532,11.42642705032982,0.0419674855866618,0.4845700236897775,2.25833968853705,25.0850818615428,46.69,W
SEN,塞内加尔,686,2010,0.2746831992075587,0.4716103428410108,0.5226361697027457,0.6303843416957766,0.5141532181115998,0.27882749796368683,0.4881532125825611,0.5213023560410442,0.6379289464483137,0.4815530032589015,0.33264709157056715,0.4252690526916103,0.5265528799636107,0.6386090319825871,0.4807695140520938,0.4832078924542137,0.952269607,0.1340461294970086,1.60441579,1856.002242,6081.077639,4667.598876,-3.656508762,22.66666667,10.9,0.0073724333735942,2.386901953,14.994365439420145,0.5,1.16160142,8.0,66.0344,56.5,0.384409929,0.0,2041.88023,4.68,6.183037053,0.000544233,7.126218321594233,2.611707270668557e-06,5.035731466276568e-06,43.98358697,2.8458941463668004,11.411572222510776,0.0391107879291538,0.50767072330758,2.40139577944565,25.0850818615428,46.69,W
SEN,塞内加尔,686,2011,0.2679764132220818,0.4810436719217769,0.5211984605971945,0.629849923967875,0.5155546530216698,0.27190126544880633,0.49664128600328744,0.519904371770523,0.6373647296288323,0.48145291321286227,0.32458242391397035,0.4328809430122898,0.5251368808797053,0.6380166263101724,0.4801542185290345,0.48327209811527694,-1.195441883,0.1426944833434062,3.857470384,1570.962315,6746.705997,4683.656212,-6.445299367,22.66666667,11.1,0.0090001712835365,2.527915199,20.142146357054923,0.5,1.30861914,9.8,72.1733,56.5,0.564893477,0.0,1990.910183,4.79,6.22054314,0.001822667,7.291862434228659,3.704018945439569e-06,5.109083166255585e-06,43.77582714,2.851243961979951,11.4066379265569,0.0391107879291538,0.5250508774782299,2.45626175127836,25.0864109712311,46.69,W
SEN,塞内加尔,686,2012,0.2674852956503643,0.5278255589800127,0.5180172262682051,0.6282481030398306,0.5280311176198257,0.27172572574433035,0.5461322432473952,0.5168034745710257,0.6356820331556647,0.492585869179604,0.3262657003090326,0.4690523205978293,0.521099880277465,0.6365306595742046,0.48823714018963293,0.4928390384480101,1.255746464,0.1433677922397067,3.274111576,1752.859502,7019.869902,4767.035996,-8.651918547,42.66666667,11.3,0.006635904875075,2.677024252,19.589804887045897,0.5,1.21922708,10.8,86.1775,56.5,1.577483481,0.0,1938.3201,4.51,6.423436272,0.002018732,6.949623600316971,4.432592476838765e-06,2.906956896538408e-06,43.56806731,2.85134784189477,11.407417025918038,0.0387472082272892,0.4907970545798635,2.88768462861842,25.0864109712311,46.69,W
SEN,塞内加尔,686,2013,0.26646900754770614,0.5363528102865269,0.524691788936034,0.6303049976620239,0.532557056793923,0.27063087350107096,0.5536459326372001,0.5232809239597613,0.6379510213280972,0.4963771878565324,0.32451719808300133,0.4739998620303821,0.5279819529289681,0.6386279399867482,0.49128173825727495,0.4962494147982215,-0.578035528,0.1406547246708938,1.18613047,1808.932368,7496.585695,4722.48672,-8.192272458,42.66666667,11.2,0.0062702172346655,2.963459546,20.10524658246911,0.5,1.17077053,13.1,95.7911,57.0,0.620519393,0.0,1881.721548,4.07,6.531835409,0.007365494,7.029104352629675,5.105446059540149e-06,3.7000530325518134e-06,43.36030748,2.8518672414688617,11.408975224640317,0.0387472082272892,0.5007522075401749,2.1908375890013,25.0869895426711,46.7,W
SEN,塞内加尔,686,2014,0.2734674099041404,0.5498966981809702,0.5250599349245603,0.6300447822509915,0.537454044435678,0.27778960344491477,0.5664082893805608,0.5236097545851128,0.6375890638795405,0.5013491778225322,0.33300603483235347,0.48409018326502834,0.5286253087607373,0.6380449221509911,0.4959416122522775,0.5009979774273917,2.912079406,0.1389081575550108,1.515859735,1890.52634,7984.93478,4842.380555,-6.802945238,43.33333333,11.1,0.0055303330387885,3.167574703,20.93681913824533,0.4,1.080037,17.7,101.608,61.0,0.394667452,0.0,1823.050738,4.15,6.889620094,0.005999815,7.57535007171372,6.359479319750522e-06,4.131504667549033e-06,43.15254765,2.848854723939126,11.372513374539032,0.0358905105697813,0.5432164823995757,2.33542928782138,25.086989542676,47.22,W
SEN,塞内加尔,686,2015,0.2785623167791133,0.5562056838072261,0.5240508246473807,0.6312533883621932,0.5402139872272546,0.28279059163392,0.5721180308247561,0.5225617513836546,0.6383997468043336,0.5039675301616661,0.33779422662757996,0.49087979913699364,0.5276142277160447,0.6380829717998957,0.49859280632012853,0.5037220412237224,3.15103873,0.1469498893950489,1.06978462,2135.03082,9049.759328,4774.984305,-5.316194754,42.66666667,10.0,0.0068180785139617,3.070147924,22.48835444080587,0.4,1.07820702,21.7,102.509,60.5,0.457382101,0.0,1767.930845,4.19,7.277142856,0.003327226,8.533793551040615,6.167200620612251e-06,4.301190838885241e-06,42.94478783,2.848750844024308,11.372253674751986,0.0358905105697813,0.6262895053226711,2.89037644940316,25.3869290713292,48.53,W
SEN,塞内加尔,686,2016,0.27732290504969254,0.5660008217650057,0.5244990160837522,0.633535026919314,0.5438626639922322,0.2814533567324331,0.5817026809229608,0.5231174736720563,0.6408128227685608,0.5067715835240028,0.3365851547973432,0.5002584562237257,0.5280576563685562,0.6403744986480151,0.50131894150941,0.5068881041858762,3.235035724,0.1386531877118656,0.95564952,1765.196051,8255.663965,4624.735417,-4.178756112,42.66666667,8.9,0.0041082903191826,2.97843134,22.156342726183293,0.4,1.06801915,25.6648,101.011,64.5,0.959328491,0.0,1716.050681,3.93,7.686043972,0.0018494,7.992394926810112,2.527516506844481e-05,3.60305787801487e-06,42.737028,2.854827819041188,11.37422739313354,0.0367734898457383,0.5798751489987609,2.54360056588671,25.4773408720891,48.92,W
SEN,塞内加尔,686,2017,0.2762168972741054,0.5677019428213506,0.5306207923084856,0.6353976138171379,0.5461781021630487,0.2808185499658928,0.5828187850872532,0.5292714988478803,0.6425156340665784,0.5088561169919011,0.3370037467389865,0.5028778081924317,0.5355938048504201,0.6415842929039686,0.5042649131714517,0.5100242028230221,4.35023573,0.1423566327485108,0.598916827,2363.150204,7733.734055,4922.773315,-7.269140827,41.81818182,8.0,0.0050206822132965,2.887699087,21.918575519408655,0.4,1.01061249,29.6431,101.831,61.7,0.458201682,0.0,1667.204954,3.65,8.20530226,0.002012326,8.215720320070508,7.043617829580894e-05,4.278389270382001e-06,42.52926817,2.8532696203189114,11.370539656157485,0.0372928894198306,0.5972067363222311,2.74784805993677,25.619813278157,50.26,W
SEN,塞内加尔,686,2018,0.27112932924717864,0.5851067449455035,0.5309015876008928,0.635754897144231,0.5508271661961632,0.27580069207429075,0.5993574517514252,0.5296622699269672,0.642953958058626,0.5119435929528273,0.33232801826250247,0.5188999246426056,0.5360779584407546,0.6419663540470067,0.5073180638482173,0.5139919950766593,3.27615847,0.1567265118348876,0.839644465,2714.979101,6320.701745,4594.9217,-9.582924256,41.81818182,7.1,0.0047719172668845,2.800456986,24.18863604745811,0.4,1.11893904,35.3,104.056,66.0,0.871549062,0.0,1621.163294,3.48,7.127263636,0.001947095,8.506081861495433,9.425367988358793e-05,4.808585558005034e-06,42.32150834,2.856126317976419,11.298291175401236,0.0396821274606554,0.6006280804458929,2.50086326004585,25.619813278157,50.26,W
SEN,塞内加尔,686,2019,0.2742427805547709,0.6048657882245276,0.530035239129548,0.6351925040704032,0.5566758750106232,0.27867709795333634,0.6179492228921287,0.5288976298895373,0.6423960244411018,0.516979993794026,0.3339188721366392,0.5361200615733022,0.535651261259674,0.6412590974082353,0.5117373230944626,0.5191049073909542,1.808922903,0.1785592512248111,2.085801852,3070.495089,5166.207615,4297.910297,-8.109496098,41.81818182,6.2,0.0042891702162395,2.717607931,23.072940725822576,0.3,1.05768847,43.4,109.342,70.4,0.979001265,0.0,1577.699692,3.72,7.368903292,0.002241284,8.72178344603017,0.0001057914909641,6.204501974792028e-06,42.11374851,2.840076871136966,11.1445489014699,0.0400457071625201,0.6358989778095927,2.38665733252365,25.6231148998234,50.26,W
SEN,塞内加尔,686,2020,0.2637859116703955,0.6289464717444238,0.5312712388967563,0.646481637069169,0.5667656478413547,0.26834882918565395,0.6402362008989585,0.5301352862422668,0.6534435259894193,0.5230409605790747,0.3228530265665065,0.5586782831489323,0.5366708885001095,0.6506443445724172,0.5172116356969914,0.5259396108980938,-1.291475933,0.1601678690500121,1.60273383,2899.16526,4877.532074,4504.53691,-10.85323052,43.03030303,5.3,-0.0025418218360231,2.633035725,24.624135285864103,0.3,1.72161877,53.3088,113.638,64.3,0.959310711,0.0,1536.700427,3.55,7.467799411,0.00147354,7.833932340582354,0.0001030423154287,5.7359824466963e-06,41.90598868,2.8412195501999684,11.139562665558614,0.0396301875032462,0.5678838811382472,2.47314996837405,26.0414273478299,55.98,W
SEN,塞内加尔,686,2021,0.2726358394197775,0.6309839210092424,0.5266289069546376,0.6455147146703372,0.5672085252625574,0.2771411036248361,0.6420852101711972,0.5257361018234472,0.6523763716151115,0.524334696808648,0.33265389405483664,0.5603480592300301,0.5322442929986952,0.649393314181418,0.518659890116245,0.5269824412095222,3.873432598,0.1890207770035657,1.447306276,2501.245555,4843.478563,4912.702864,-12.09004823,43.03030303,5.2,-0.0093042550669669,2.538489194,24.465667146723796,0.3,1.20091772,57.2554,115.325,68.0,2.292646809,0.0,1498.182409,3.58,7.956492286,0.001130529,8.827020669088403,0.0001390754600218,5.092903464322674e-06,41.69822885,2.8371162935646392,11.129486313821223,0.0396301875032462,0.6379014694207905,2.55737554756517,26.0414273478299,55.98,W
SYC,塞舌尔,690,2001,0.4283513353292917,0.5091745074865855,0.5117681031653999,0.5876001096962358,0.5359268417752542,0.4381909281507443,0.5221985313656655,0.49782096571044715,0.5871342543646889,0.5113361698978864,0.5083018672071545,0.4854587388594454,0.5067400475442978,0.6048197523556476,0.5263301014916364,0.5274073971642479,-2.356613335,0.3262523700688385,6.156761585,,,,-23.11846841,23.52941176,4.141785714285714,0.0065350716043199,0.087474518,48.0283736853772,,3.75857329,11.0151,43.3574,94.4,0.0,0.103774018,,3.37,81.53999392,0.0,163.16097609743977,0.0,0.0,73.26086957,16.369565217391305,6.673913043478261,1.4565217391304348,7.38898056698111,2.16265407191366,11.8921754869305,11.49,E
SYC,塞舌尔,690,2002,0.45794939386614547,0.5146315755123303,0.5274142328300364,0.5700832224210812,0.5358763891720016,0.46774788138613405,0.5269679978993447,0.5149103929655287,0.5653573976237212,0.5187459174686821,0.5336146086747928,0.4750335937865289,0.5219371161969013,0.5734077903232548,0.5259982772453695,0.5231903458944546,-1.834806954,0.3072217991653033,3.613161354,,,,-13.64565034,29.41176471,4.130714285714284,-0.0295664913284481,3.057385326,70.70936301852538,,3.63683939,14.3042,52.0994,96.1,0.0,0.116161148,,3.42,82.84402776,0.0,140.00791929720353,0.0,0.0,73.26086957,16.369565217391305,6.673913043478261,1.4565217391304348,10.749734242681225,2.66393946740339,11.8921754869305,11.49,E
SYC,塞舌尔,690,2003,0.5125063243907,0.5752576442869561,0.5274782367377369,0.5689475440097936,0.557490623010198,0.5204125779457687,0.5869738520352935,0.5151833861755769,0.5640024635352606,0.546643069922975,0.5701952251170412,0.5545454482012184,0.5220665959534583,0.5717662200602939,0.554643372333003,0.5524949124961774,-4.81617833,0.3649211038089704,5.946834789,,,,-1.246821816,29.41176471,4.119642857142853,-0.0008234406745123,-1.131516421,115.9686401468936,,4.14589357,14.5925,56.563,94.9,0.0,0.126066437,,3.53,78.26571357,0.0,137.77472674472062,0.0,0.0,73.26086957,16.39130434782609,6.673913043478261,1.4565217391304348,10.872060013771277,2.8717464047566,11.8921754869305,11.49,E
SYC,塞舌尔,690,2004,0.4814290870257687,0.5670023049040482,0.4883997325323199,0.571042663079677,0.5452505839368298,0.4900991200578271,0.5782912617556112,0.47298604141987305,0.5660370147335021,0.5268533594917033,0.5456879616052432,0.5362421578183345,0.48484201641238156,0.5733509793156532,0.5350307787879031,0.5336025942279401,-2.490008253,0.3258634026156485,24.67411995,,,,-6.75447656,29.41176471,4.108571428571427,0.0229723233715151,-0.370334935,61.10942709912094,,3.81282496,24.2721,61.6736,95.2,0.0,0.064843731,,4.05,76.03478542,0.0,189.8491349597153,0.0,0.0,73.26086957,16.39130434782609,6.673913043478261,1.4565217391304348,10.912397696271595,2.70922197881766,12.0260240071138,12.1,E
SYC,塞舌尔,690,2005,0.4749225790957952,0.5636907894680735,0.5046171799551524,0.5710460486069793,0.5471519101099825,0.48570190775986866,0.5746344331893206,0.49025330807430056,0.5660808680193657,0.5291676292607139,0.5598984238904269,0.5275756510346754,0.5002241945978079,0.5735554936547452,0.5403134407944139,0.5371728296860073,8.501897213,0.3476840320464961,0.458645111,,,,-17.80034255,29.41176471,2.8,-0.0072840790473387,0.463308214,59.258007675782665,,3.62017798,25.4133,65.8773,95.5,0.0,0.089989314,,3.71,82.88229703,0.0,170.78178004615432,0.0,0.0,73.26086957,16.39130434782609,6.673913043478261,1.4565217391304348,10.86195660044896,2.77789115127766,12.0260240071138,12.1,E
SYC,塞舌尔,690,2006,0.492485402005006,0.5860579926073735,0.5019923707504707,0.5544238613646653,0.5475827525898662,0.5027575314447863,0.5937045949261592,0.48696005979347495,0.545310127251227,0.5321830783539119,0.5716312422790151,0.5433647954225006,0.4974485782599876,0.5432165097649405,0.5389152814316109,0.5345561666247584,7.153345154,0.3513829238568101,1.442344448,,,,-12.36935817,29.41176471,3.1,0.0011834719178529,2.080596735,103.54609929078016,,3.44340944,34.952,77.833,99.0,0.0,0.101771337,,3.41,90.67831244,0.0,179.220424371217,0.0,0.0,73.26086957,16.39130434782609,6.673913043478261,1.4565217391304348,14.184397163120568,3.06941663385766,12.0260240071138,12.1,E
SYC,塞舌尔,690,2007,0.46734552134597124,0.5962328440545277,0.5272090383990609,0.5663170197697724,0.5587386862557329,0.47809627880499217,0.6010363505258082,0.5141625615716842,0.5604109901658908,0.5384265452670938,0.5516604259618589,0.566443420711477,0.5217449923651271,0.5661224510749957,0.5514928225283646,0.5519852426817832,8.321654207,0.3341660212203555,11.07939569,,,,-18.00861541,23.52941176,3.5,0.0128339356514521,0.510514983,145.1201298319476,,3.04300809,38.38,84.4864,96.1,0.0,0.116763298,,3.25,98.72697972,0.0,145.57762025407797,0.0,0.0,73.26086957,16.39130434782609,6.673913043478261,1.4565217391304348,11.50649561934778,3.27611891904407,12.0260240071138,12.1,E
SYC,塞舌尔,690,2008,0.43695856429387675,0.5816781678234044,0.5177774873952201,0.5676673622488914,0.5506172324531877,0.44441225076519825,0.5853238694558787,0.5040936539429272,0.561888565592375,0.5239295849390947,0.5017833350668934,0.5387127864303144,0.5127936442192096,0.5675370167327896,0.5302066956123017,0.5344204726122895,-4.87712623,0.438955842984116,31.92631602,,,,-26.84236616,23.52941176,3.9,0.0002667644102802,2.236282715,122.47573485440913,,2.40282655,40.44,101.004,96.5,0.0,0.194250422,,3.42,96.03573531,0.0,156.84271505840286,0.0,0.0,73.26086957,16.39130434782609,6.673913043478261,1.4565217391304348,11.500069000414005,2.88855002031598,12.0260240071138,12.1,E
SYC,塞舌尔,690,2009,0.46514263261405664,0.5996227516934698,0.5074301927973559,0.5560769497813635,0.5511200036931687,0.4723344456486916,0.6035016493582225,0.49306912667371133,0.5474617498356285,0.5290917428790635,0.5266691616631874,0.5529758590619809,0.5030627526147025,0.54666401069051,0.5323429460075952,0.5338370167121474,-2.861424258,0.4642134772458355,28.18196358,,,,-22.26600456,23.52941176,4.3,-0.0011001099443901,0.392530948,75.1449059543174,,2.3870523,39.11450347349182,118.2,96.8,0.0,0.172208064,,3.69,93.65464838,0.0,168.98801051309434,0.0,0.0,73.26086957,16.39130434782609,6.673913043478261,1.4565217391304348,13.74601938188733,3.18952366301561,12.0260240071138,12.1,E
SYC,塞舌尔,690,2010,0.46483359840381167,0.6175079956011537,0.5222650929310229,0.6195388303006004,0.585949853977311,0.473980270581649,0.6181949443617816,0.5089517553275525,0.6096593717061046,0.5526965854942719,0.5404262391884763,0.5651558656279002,0.5171725620439307,0.6021619276930077,0.5562291486383287,0.5587166781138108,1.627370136,0.4074910953138284,2.119710446,,,,-21.84052529,23.52941176,4.9,0.0015685489754215,2.792329069,142.92079759385095,,3.1060183,41.0,123.814,97.0,0.0,0.15564831,,3.44,97.87391396,0.0,150.6615178043823,0.0,0.0,73.26086957,16.34782608695652,6.695652173913044,1.4565217391304348,12.253536816308344,2.89852642081706,22.0059075451398,12.1,E
SYC,塞舌尔,690,2011,0.4758287558195251,0.7077589958023783,0.543286613993285,0.6283341692584838,0.6211545270133155,0.48596516870707135,0.7148998670662106,0.5312758348202654,0.6207361427663164,0.5882192533399659,0.5618185750018256,0.6601990463897477,0.5370586708741625,0.6186472392076764,0.5944308828683531,0.6011969999368877,12.42658766,0.4561256655559301,1.064381381,,,,-28.45213639,43.75,5.2,-0.0064642965375484,-2.628656355,110.93194268135083,,3.01365519,43.164,130.477,98.1,0.0,0.160949982,,2.95,107.1815111,0.0,126.62661902793312,0.0,0.0,73.26086957,16.34782608695652,6.695652173913044,1.4565217391304348,10.3871396941938,2.89396034674874,22.0059075451398,12.1,E
SYC,塞舌尔,690,2012,0.5027445702898841,0.7088333655510115,0.5331390629134425,0.6228342123114189,0.6192413039930992,0.5107104486654438,0.7134226955114246,0.5201391720972827,0.6138369620307816,0.5895273195762332,0.5673146331838197,0.6432984156021958,0.5273151938675213,0.6084757717224949,0.5866010035940079,0.591216275788799,2.104128265,0.4562111472010438,10.43728388,,,,-14.80742704,43.75,5.5,0.0213301138019963,0.98098019,113.24643556844048,,4.02018118,47.076,137.107,98.3,0.0,0.175226751,,2.97,110.5155833,0.0,142.01550144872098,0.0,0.0,73.26086957,16.34782608695652,6.695652173913044,1.4565217391304348,11.51981402670351,2.94437019481729,22.0059075451398,12.1,E
SYC,塞舌尔,690,2013,0.5026224343532472,0.7057407563601136,0.5486322973474066,0.6275072470429286,0.6235302138524635,0.5105443276859843,0.7088623440444537,0.5367828403363409,0.6197861451048187,0.5939939142928995,0.5655921526896739,0.6469295719950675,0.5432393340969541,0.617554933189585,0.5933289979928201,0.5990030654140213,-0.599133305,0.4335562299668565,5.640231518,,,,-11.89724281,43.75,5.2,-0.0155649689546216,1.846876093,187.99541962667735,,3.20524502,50.4,133.986,98.0,0.0,0.145952822,,2.76,111.9011559,0.0,124.6544097032304,3.3352232931994794e-05,0.0,73.26086957,16.34782608695652,6.695652173913044,1.4565217391304348,10.447794817063002,3.05296542094736,22.0059075451398,12.1,E
SYC,塞舌尔,690,2014,0.4581285988868438,0.7015705292784202,0.5409569705463853,0.6206107478750339,0.6141906944311075,0.46759512907704076,0.7056895633785584,0.5282858654380296,0.6111322472588228,0.5781757012881128,0.5358519386615972,0.6313475316622711,0.538712135697024,0.6041506763538544,0.5775155705936867,0.585118552965995,2.457612439,0.3891673481359284,6.435871632,,,,-22.37018569,43.75,4.9,0.0015010506320087,1.555395709,105.51779244518876,,3.18385339,51.2547,144.606,100.0,0.0,0.132148373,,2.91,116.448474,0.0,142.22285524743472,0.0001094582909182,0.0,73.26086957,16.217391304347824,6.717391304347826,1.4565217391304348,12.00986584791865,2.67689985481179,22.0059075451398,12.1,E
SYC,塞舌尔,690,2015,0.45397199462362503,0.7187287238377518,0.5440277266013672,0.6203849305917748,0.6193853398819995,0.46536462376049065,0.7208636516839155,0.53130275759031,0.6107480612893613,0.5820697735810194,0.5426550802594675,0.6589167403437367,0.5432120353851984,0.603227896456381,0.5870029381111959,0.5955996703056599,6.51232551,0.2897228629216444,1.003186419,,,,-17.88471889,43.75,4.3,0.0145550226690651,2.229795053,204.56224108586048,,3.1209166,54.2596,138.249,100.0,0.0,0.108130851,,2.9,126.8287013,0.0,143.83390165716824,0.0001498624476819,0.0,73.26086957,16.217391304347824,6.717391304347826,1.4565217391304348,12.183121206606794,2.50391784968427,22.0059075451398,12.1,E
SYC,塞舌尔,690,2016,0.5163864239645987,0.6652580036278695,0.5411903433195628,0.6126558920908947,0.6051193217406529,0.5275050794418709,0.6630575851165684,0.5277073477105896,0.6013658530937477,0.5799089663406941,0.5968944874284329,0.6098927767788297,0.542385850319328,0.5905015069997808,0.5849186553815928,0.5841279930784851,10.62779004,0.2932713327473704,2.294568469,,,,-2.613847777,21.21212121,3.7,0.0001969732280653,1.33763478,128.8591738225757,,3.25931096,56.5147,138.277,100.0,0.0,0.108798583,,2.85,142.1972037,0.0,156.43676960415723,0.0002006823198876,0.0,73.26086957,16.217391304347824,6.717391304347826,1.4565217391304348,13.381560463470535,3.11793311560199,22.0059075451398,12.1,E
SYC,塞舌尔,690,2017,0.5182517900376558,0.6844751225819141,0.5453758157085727,0.61176316920127,0.6113586193464947,0.5282072162841902,0.6808545876370965,0.5318672786076508,0.6002524510830393,0.5852953834029941,0.5906648188178161,0.62487076398152,0.548953043063711,0.5888827421083125,0.5883428419928398,0.589282152844177,5.652986796,0.3264949179684234,2.332490488,,,,-2.203680653,21.21212121,3.3,-0.0001312896248357,1.224033758,124.6830754463028,,3.2699151,62.6,148.792,100.0,0.0,0.127793285,,2.78,152.0858279,0.0,159.32416436117597,0.0002712769842346,0.0,73.26086957,16.217391304347824,6.717391304347826,1.4565217391304348,13.557327619127111,3.13727771176042,22.0059075451398,12.1,E
SYC,塞舌尔,690,2018,0.5121141511522284,0.6978209794381277,0.5789480017319233,0.619709664383682,0.6250861024883893,0.5219478894585122,0.6932134691952152,0.5680442778960999,0.6102319143429265,0.5983593877231884,0.5835807678931539,0.6347621831925695,0.5867982917294294,0.6036354801367348,0.6021941807379719,0.6058845825943122,3.94280693,0.3188900738765572,3.447381966,,,,-2.341333697,21.21212121,3.0,-0.0196303713324359,0.954291918,113.8876831814142,,3.1646049,69.2,155.551,100.0,0.0,0.131307843,,2.74,159.5980659,0.0,125.520911853247,0.0004237200553936,0.0,73.26086957,16.217391304347824,6.717391304347826,1.4565217391304348,11.9065779954941,3.08409595327402,22.0059075451398,12.1,E
SYC,塞舌尔,690,2019,0.5002255033695585,0.7156005954370507,0.5988625951417729,0.6305946743607576,0.6380033896299088,0.510864506889577,0.709526187760278,0.5892153476207033,0.6239551405216065,0.6083902956980412,0.577276606593589,0.6503688427089993,0.6105129051260603,0.6241113044521536,0.6155674147202006,0.622048954737278,4.581551136,0.2771995211146024,0.126950239,,,,-2.84238749,21.21212121,2.7,0.0165411016417686,0.887925293,113.90524967989757,,3.04219794,76.6,164.617,100.0,0.0,0.10417312,,2.58,168.3987693,0.0,111.28559844247356,0.0005531370038412,0.0,73.26086957,16.217391304347824,6.717391304347826,1.4565217391304348,9.578230985915493,3.10401635883843,22.0059075451398,12.1,E
SYC,塞舌尔,690,2020,0.44327022427002455,0.7970349603537729,0.609057260751148,0.6356462248875899,0.6612611232853398,0.4515312814539412,0.7865521727594769,0.6008082506514867,0.6300297383460508,0.6172303608027389,0.5074816606500446,0.7511904465194553,0.6256057937015098,0.6321415441287406,0.6291048612499376,0.6500903228936992,-12.49013745,0.3124656992948499,5.230428585,,,,-12.53018833,24.24242424,3.931428571428569,0.0430844231746869,0.853707878,307.7329325018789,,4.47688675,84.8223,152.545,100.0,0.0,0.138917894,,2.85,148.6289882,0.0,101.9646457852484,0.0007007779651032,0.0,73.26086957,16.217391304347824,6.717391304347826,1.4565217391304348,8.86708679490565,2.60308702601718,22.0059075451398,12.1,E
SYC,塞舌尔,690,2021,0.4726593713752563,0.7570766996925259,0.6529429848574365,0.6381960237259678,0.6623019087709361,0.48247069754550004,0.7483594626574283,0.64761313195843,0.6332757891080251,0.6279297703173459,0.5473352743518392,0.7025677125684261,0.6907946291186701,0.6370951715354102,0.6444481968935863,0.6598472039915805,-0.254097866,0.3120011941845707,2.750059938,,,,-10.76995764,22.85714286,3.920357142857142,-0.0497047399442797,0.805183391,219.52890447117613,,3.72146273,87.3383,149.479,100.0,0.0,0.127901944,,2.85,149.4498388,0.0,94.50516759807115,0.0013498156319893,0.0,73.26086957,16.217391304347824,6.717391304347826,1.4565217391304348,8.282233170122307,2.66222515948123,22.0059075451398,12.1,E
SLE,塞拉利昂,694,2001,0.20940197795676346,0.2278908877981246,0.4991388350575377,0.5083858941327672,0.3843679623444648,0.2122148120096757,0.24303959845058912,0.49876498125356084,0.5209598168309678,0.36874480213619837,0.2478229464240395,0.20054372249946825,0.5076016531551991,0.5436373154503698,0.3749014093822691,0.3722856250577267,-11.71609945,0.0172467738592199,168.0530075,853.5446935,4194.229098,3856.157614,-5.82077902,8.75,50.0,0.0136949636436631,5.905518844,1.0292547002631312,1.7,0.65394258,0.160264,0.573122,8.5,0.0,7.998927548,34095.3938,12.01,15.56569353,0.0,1.6896628564155411,0.0,0.0,40.31176226,3.457051814907177,7.994181213632586,0.0676087558880576,0.1917865901111424,4.91144098148461,9.02340840093209,37.19,W
SLE,塞拉利昂,694,2002,0.2697719993438928,0.24031795962327557,0.5091186900816642,0.5161333468418449,0.4008963961023546,0.2756898175753534,0.2563729808954886,0.5083841756504955,0.5284858136192806,0.39223319693515457,0.34366279482122614,0.21162867366850963,0.515616058402511,0.5498243640258782,0.40518297272953124,0.39885487465480307,19.43067404,0.0253378739430853,3.934166146,1080.352403,5289.480221,4093.028341,-3.786691329,13.26583962388861,49.2,0.0159743002992429,5.769701151,0.4948269463444659,1.7,0.68559587,0.176199,1.3477,9.2,0.0,8.368690479,32183.86643,9.82,19.23135985,0.0,1.604011670660492,0.0,0.0,40.03845941,3.4570518149071763,8.004017733444167,0.0687170961485175,0.2011491651806772,5.09844758189567,9.02340840093209,42.64,W
SLE,塞拉利昂,694,2003,0.2575633439724329,0.25913497415383496,0.5010796520177829,0.5188004408656338,0.4041227188985753,0.26240983144701435,0.2758145949997023,0.5003330614763954,0.5313119342808834,0.3924673555509989,0.3212884307220364,0.23609918006005018,0.5075661590114716,0.5523813431276309,0.40433377823029726,0.3999163821111485,5.122375381,0.0429381243062675,13.1976856,1141.717055,6553.59847,4087.111869,-3.865327719,14.51612903,47.0,0.0132108979079135,4.064990063,0.5427133776143672,1.7,0.63837194,0.190173,2.18657,9.9,0.0,12.76880043,30901.82933,9.11,20.57156931,0.0,1.582913495800353,0.0,0.0,39.76515655,3.4613466334164587,7.986284289276808,0.0689941812136325,0.1931364333147214,4.57640180315344,9.02340840093209,43.42,W
SLE,塞拉利昂,694,2004,0.25867765899539225,0.2772985786194945,0.5074191295829532,0.5148304089859208,0.4095054324660385,0.2632727452216298,0.29419462694345533,0.5065528632669312,0.5270102769372427,0.39775762809231474,0.3200282564847323,0.254912294941068,0.5132593159035347,0.548207931297166,0.4091019496566253,0.40571523642096907,2.939370417,0.0621270508944581,12.82645422,1139.279894,6340.167595,4319.13451,-4.426168194,14.51612903,44.4,0.0149837551299589,3.380615704,1.0120026879687631,1.7,0.60742605,0.203008,4.705659019728046,16.8,0.001658918,11.13103906,29874.6181,8.54,21.41253975,0.0,1.527283557912049,0.0,0.0,39.4918537,3.461485175949016,7.972014408423386,0.06968689387642,0.2240596357126413,5.57377008609843,9.02340840093209,43.42,W
SLE,塞拉利昂,694,2005,0.25734014184585946,0.28714069458238967,0.5123930637277263,0.515766394605686,0.41361249668500155,0.26181666067410453,0.3041060417689035,0.5114330611029227,0.5280862407180882,0.40136050106600474,0.31755406179417806,0.2672393973843138,0.5176577371868669,0.5492274259254164,0.4129196555726938,0.4102356308378681,1.58434555,0.0620757994991797,16.61576705,1206.382672,6695.807637,4255.348841,-4.122851336,14.51612903,40.2,0.0172896704222385,2.689472804,0.7288640335953609,1.7,0.59220541,0.215392,10.36098492004021,11.3,0.004590447,10.05881311,29081.8567,8.01,21.85403499,0.0,1.342372535039329,0.0,0.0,39.21855085,3.461346633416458,7.964394569132724,0.06968689387642,0.2181139252654446,5.18651787667744,9.02340840093209,43.42,W
SLE,塞拉利昂,694,2006,0.2602008894406432,0.30250236324653773,0.5151326492188493,0.5178728814875098,0.419858274261405,0.264449955264339,0.31961855816857543,0.5141490813584779,0.5304473374943189,0.40716623307142785,0.3190330269268658,0.2830738850728807,0.5201593289944307,0.5515209280496567,0.4184467922609585,0.41639915954599993,2.007131185,0.0707786191384754,26.03667528,1273.435527,7464.332733,4167.857403,-2.911393728,14.51612903,36.0,0.0256903904276901,2.206669372,0.9707588240376952,1.6,0.54349309,0.227669,16.016310820352373,12.2,0.19065863,8.360973686,28447.14503,8.01,22.79006749,0.0,1.609614074461913,0.0,0.0,38.94524799,3.4671654197838735,7.952895538930452,0.069409808811305,0.1955741220588763,4.48759039548453,9.02340840093209,43.42,W
SLE,塞拉利昂,694,2007,0.25834376451026864,0.30334244503147895,0.5142720023049592,0.5135318559880914,0.41810043439625416,0.2628491859900657,0.3209118210799618,0.5132238741441655,0.5257518393554318,0.40568418014240615,0.3198084954194256,0.28464058113948665,0.5188366708248808,0.5471411270243814,0.4176067186020437,0.4156389509691125,1.496131503,0.0674381664289669,8.134189268,1361.539769,7825.019474,4053.77933,-4.407806186,13.2231405,31.9,0.0096272226370921,2.196114256,0.8209620840748661,1.6,0.4417356,0.239835,13.4972,13.0,0.23324531,10.02615185,27829.22319,7.32,23.64463987,0.0,1.471194501310113,0.0,0.0,38.67194514,3.4897478525907446,7.943613189249099,0.0677472984206151,0.1861278606702111,5.69921049981143,9.02340840093209,43.42,W
SLE,塞拉利昂,694,2008,0.2536148397656623,0.30929787075482973,0.5173019564338281,0.5126869532762646,0.41955949799579073,0.25831080449816907,0.32694200956735164,0.5161790378268296,0.5248456057447568,0.40656936440927677,0.31570711271745094,0.28896564648583334,0.5216439652364202,0.5461728352697897,0.41812238992737355,0.41658190068137024,1.129053194,0.0519493600774167,10.24488535,1429.71497,8004.365337,4058.097313,-5.422081225,13.2231405,28.1,0.0133735806812729,2.497022146,1.3079497218019782,1.6,0.45621169,0.25,17.1136,12.1,0.123830756,9.511546213,27142.92548,6.99,24.51619542,0.0,1.4115375461296231,0.0,0.0,38.39864228,3.49722914934885,7.942227763923524,0.0677472984206151,0.2205362695645358,5.79899436735352,9.02340840093209,43.42,W
SLE,塞拉利昂,694,2009,0.24730664759154278,0.3202850591829824,0.5169924114522148,0.5129938399596435,0.42201399927031374,0.2520213833029137,0.3379855609792737,0.5158561587754934,0.5252158300350608,0.40776973327318544,0.3091306284492649,0.29791814323890575,0.5213144470993323,0.5464829700693472,0.41871154721421255,0.4178467534112554,-1.167297505,0.0584306720751196,6.341991322,1462.996876,7611.502294,4059.725941,-8.270970975,13.2231405,24.8,0.0122107588818969,2.693368573,1.4796109283798955,1.6,0.63343221,0.26,19.1557,14.6,0.108794682,9.777217255,26421.62372,6.82,24.89149013,0.0,1.379909071071243,1.6513514825668477e-07,0.0,38.12533943,3.503186478248823,7.93973399833749,0.0677472984206151,0.2311892075593586,5.58955577052252,9.02340840093209,43.42,W
SLE,塞拉利昂,694,2010,0.2441361311471764,0.3344366767400677,0.5207179854280443,0.5356262938824422,0.43478835868036636,0.2490478828472096,0.35118025405040404,0.5195182906286123,0.5475774340881718,0.4168309654035995,0.3078921784135842,0.3091307186025232,0.5246937909358131,0.565675885423951,0.42684814334396787,0.42630010696277204,3.500219219,0.0799942579230231,19.123118,1517.971129,8375.518452,4122.933257,-13.73033672,13.2231405,22.5,0.0119855004677269,2.721508599,1.9412751413611489,1.6,0.81356823,0.58,32.1403,11.5,0.196504471,8.388325123,25712.25353,6.6,26.47351009,0.0,1.492071272916405,1.60701584549764e-07,0.0,37.85203658,3.5026323081185926,7.955943474646716,0.0677472984206151,0.1124911091848348,5.04326841605478,10.0019916923339,52.78,W
SLE,塞拉利昂,694,2011,0.19794743082347388,0.3385698491581001,0.519721549542529,0.5327100658176576,0.4286499428235378,0.20438550063135308,0.3553238611777093,0.5184965453113064,0.5444344432908287,0.40566008760279937,0.27131876727396287,0.3130575513995499,0.5236833260719909,0.5626572028074791,0.41767921188824564,0.41894748358885264,5.315958374,0.0719922726127437,15.34255775,1579.986349,9577.703076,4285.272166,-39.35933863,12.90322581,21.6,0.0128449554181833,2.609782639,1.6626871247113977,1.6,0.70601135,0.9,33.4573,14.2,0.284273018,8.628806156,25049.90018,6.5,28.61803786,0.0,1.84658012241404,3.1312375229969825e-07,0.0,37.57874758,3.503047935716265,7.960099750623441,0.0676087558880576,0.1256127844357455,5.77076165716543,10.0019916923339,52.78,W
SLE,塞拉利昂,694,2012,0.25638146426926856,0.34208919336989135,0.52654344505211,0.5614202844858605,0.449269018008812,0.26076240531814654,0.35855716018727546,0.5251372979237845,0.5722558503686029,0.4291781784494524,0.3203032904733508,0.31634683564783794,0.5298005580879322,0.5855196880155382,0.43799259305616484,0.4369986446090451,7.812995643,0.1826865718540433,14.10956959,1670.629197,12008.98764,4203.292628,-19.7049575,12.39669421,21.9,0.0107426702665702,2.532594917,2.2362724924745234,1.6,0.6394307,2.5,33.7349,17.2,0.210593331,7.422200472,24423.45384,5.81,31.64534882,0.0,2.051349583418738,3.052931730340647e-07,0.0,37.30545858,3.503602105846494,7.960376835688557,0.0676087558880576,0.1374054213961667,5.04579647357562,12.8373343417925,59.51,W
SLE,塞拉利昂,694,2013,0.2938317111831481,0.35896369301016545,0.534262882469232,0.5618406140206195,0.46094723061724635,0.29714446268317724,0.37315038947911405,0.532635844024971,0.5727404894971129,0.4439177964210938,0.35462269837303895,0.32794767701883665,0.5368461122496381,0.5858723786384817,0.4513222165699988,0.4494244028868893,11.8800866,0.2555058763024108,6.256453911,1780.698518,15993.04883,4186.583481,-9.824320657,12.39669421,23.2,0.0167798491318498,2.457257305,2.1715652740796876,1.6,0.58837235,4.0,59.5766,13.5,0.047365218,6.203056556,23830.62029,5.07,36.28560879,0.0,2.356022871434612,5.957655072920954e-07,0.0,37.03216958,3.5038791909116096,7.958852867830426,0.0676087558880576,0.1657296544217492,4.76806826707529,12.8373343417925,59.51,W
SLE,塞拉利昂,694,2014,0.2654317106693265,0.38245054565669373,0.5317728476911066,0.5617601174920088,0.4635777862799603,0.2679915416116952,0.3952759486413163,0.5301726799337827,0.572683368031861,0.4415308845546638,0.31429309099417047,0.3471106678592415,0.5344083212038936,0.5857822559886535,0.4453985840114898,0.44609091924399646,-9.991268684,0.2019219327417425,16.04491268,1825.383653,11123.34282,3917.344664,-6.150417084,12.09677419,23.2,0.0042552404210838,2.389058321,2.93468152234059,1.6,1.02695739,6.0573,69.1759,18.8,0.054455198,6.968345404,23268.03982,4.98,33.44988298,0.0,2.521114875724538,5.817009955085412e-07,0.0,36.75888058,3.51385425325575,7.9546965918537,0.0634524799113327,0.1774179828500003,4.67955326664927,12.8373343417925,59.51,W
SLE,塞拉利昂,694,2015,0.2324486222909288,0.3896255180444057,0.5195782358956353,0.5564715858363216,0.4568681488664447,0.23717646430243206,0.4016712082608521,0.5183080492862838,0.5669958491373192,0.4310378927467218,0.2934375087793721,0.35244764424657166,0.5237387617859881,0.5805274706592196,0.43753784636778786,0.43930610662555797,-6.554875876,0.0754233025132285,3.613324774,1861.57417,7943.843894,3863.947454,-14.77645692,12.39669421,24.1,0.0216097713748826,2.318194028,4.653538714245014,1.6,0.81068116,6.34442,80.3819,19.7,0.14602821,8.753443804,22734.84563,6.25,31.99035332,0.0,1.998034132055317,5.683711406711469e-07,5.986712356104412e-07,36.48559158,3.513715710723192,7.9545580493211405,0.0634524799113327,0.1392740905884133,6.16990047431091,12.8373343417925,59.51,W
SLE,塞拉利昂,694,2016,0.2653013917796866,0.39930025762723376,0.5115310916286635,0.5578185734142054,0.4628549925973801,0.26987444820031403,0.41018521717235285,0.5103352368837247,0.5684984607867469,0.4397233407607847,0.3284893991634346,0.36046480812092374,0.5155588008017938,0.5819470115762606,0.4466150049156032,0.44704938750527967,3.960563262,0.102559092424323,4.346163837,2023.543304,7515.576876,3696.617385,-4.83009013,12.39669421,24.5,0.0267428859955998,2.354573427,6.542380860385537,1.6,0.66393304,11.7732,87.1476,20.3,0.588621817,11.74228984,22205.78994,5.99,34.04971201,0.0,1.9978814432212504,6.939309355521359e-07,5.966732031338475e-07,36.21224716,3.5270157938487117,7.962177888611804,0.0634524799113327,0.1411590145514541,5.68950638382185,12.8373343417925,59.51,W
SLE,塞拉利昂,694,2017,0.24681615219762723,0.40175528309383124,0.5161917895898974,0.5586011542374917,0.46240346775057206,0.25168760092861026,0.4122102218677536,0.5149519918272911,0.5694023762305412,0.4370630477135491,0.3105873264099041,0.3611472968753081,0.5199347098065326,0.5828107277706297,0.4436200152155936,0.4449259548248895,0.774679248,0.0986113276656834,7.498807929,2195.933632,6276.320634,3574.628185,-11.81974478,12.39669421,26.0,0.0144721358694699,2.385789529,5.656363836185524,1.6,0.54366273,13.2369,89.7782,23.4,0.678871068,10.20225946,21682.27632,5.75,35.1419794,0.0,1.931021525780381,5.149540627097506e-06,5.826063068307708e-07,35.93890274,3.5282626766417287,7.971321695760598,0.0633139373787752,0.1348707160395587,5.36330050620646,12.8373343417925,59.51,W
SLE,塞拉利昂,694,2018,0.24772444358574192,0.39915982288579144,0.5259989616828615,0.557632085518657,0.4634582717890906,0.25259103499314595,0.40985389575311004,0.5245894306786026,0.5683894324215992,0.43885594846161446,0.31050795536398723,0.3597617958229581,0.5295894554473385,0.5818618253947554,0.4454302580072598,0.4468345102341641,0.506744299,0.0866909829584776,16.0207318,2365.094426,5171.137825,3471.652161,-9.255045564,12.32876712,27.0,0.0224719101123593,2.347310391,5.436449467692572,1.6,0.49137551,14.4223,84.1233,26.1,0.225076003,7.353042667,21179.25286,5.52,36.15893783,0.0,2.071960855575519,5.82429453563363e-06,5.690899840784967e-07,35.66555833,3.5247991133277914,8.022443890274314,0.0631753948462177,0.1303914315096717,5.57134738514155,12.8373343417925,59.51,W
SLE,塞拉利昂,694,2019,0.25581944155491926,0.4038059775152861,0.5295346233064484,0.5583554171801369,0.46689809238282654,0.26073248623781137,0.41379885932487054,0.5280219262206636,0.569214519250298,0.4429419477584109,0.3200098331542315,0.3635509000831599,0.5330179879601555,0.5825527586310413,0.44978286995714706,0.45097534687061613,3.081711377,0.0973392269579249,9.915583414,2482.150897,5431.877844,3444.492399,-7.788007897,12.32876712,27.8,0.0090418056519752,2.321464579,6.734358588880924,1.5,0.77659142,15.7137,87.0384,22.7,0.014211282,6.74059182,20693.24706,5.26,38.14865909,0.0,2.206363819100112,5.690642940479367e-06,5.560309288241541e-07,35.39221391,3.519811582155722,8.024106400665003,0.0637295649764477,0.1511900363050086,5.20670911422841,12.8373343417925,59.51,W
SLE,塞拉利昂,694,2020,0.2467081248898497,0.41099093037198176,0.5261824144162657,0.5578595052327348,0.46693313568151695,0.2514644674464582,0.4207965379857008,0.5247225823049713,0.5687191007431052,0.44142567212005884,0.3075984783704108,0.36980722780750097,0.5300105560781287,0.5820584721642927,0.4473686836050833,0.44934777672604076,-3.506777889,0.0632446978792955,13.27208292,2419.340218,5049.273851,3423.92315,-5.837281546,12.32876712,27.5,0.0016948299296897,2.308472027,8.075770187087413,1.5,0.82859242,17.1208,87.0035,26.3,0.003149285,7.483412923,20221.02081,5.43,37.67052324,0.0,2.262951521443622,5.56078072350307e-06,5.433421325177017e-07,35.11886949,3.5202272097533944,8.021335550013854,0.0628983097811028,0.1555754788780063,5.23072030393125,12.8373343417925,59.51,W
SLE,塞拉利昂,694,2021,0.2580782878593189,0.4340302785240514,0.524152870899917,0.5583420973028682,0.4749737978672267,0.26299381926375115,0.4423983090630449,0.522744717616696,0.569262320396971,0.4493497915851158,0.3222729554210014,0.38881972447995466,0.5284754588655208,0.5824560165852929,0.4555060388379424,0.4576480939770173,3.515279571,0.0972522203482457,7.463316773,2378.388561,5284.207069,3591.522502,-7.294823107,12.32876712,26.3,0.0094816899520888,2.274630215,9.700291626444388,1.5,1.14799988,18.6539,101.637,27.5,0.166827956,7.980674579,19766.25905,5.49,39.89189851,0.0,2.728053234070175,1.8530867854898857e-05,5.311226095353422e-07,34.84552508,3.526045996120809,8.020088667220836,0.0637295649764477,0.1896325477151316,4.93765268060221,12.8373343417925,59.51,W
ZAF,南非,710,2001,0.3703759757907177,0.4526253616803589,0.44504704357592445,0.3567661250383592,0.40529781907862616,0.37512569780969135,0.4670076323877253,0.43947411445883333,0.35784835993395736,0.4098639511475518,0.4060513013531845,0.44287049062355505,0.4534739620721746,0.3638214484820219,0.416554300632734,0.4194970959474585,1.821084061,0.2167259259259259,7.800474963,4548.70256,18168.47775,14915.76607,0.253001085,29.8245614,3.6,-0.020679139254386,0.859492168,87.38826240150692,14.5,2.40290713,6.34662,22.6776,70.2,0.534392992,0.0,941.8333796,8.65,17.58692717,2.170627074,95.87555117712488,0.0,5.549511105147078e-06,14.62520505,0.2545483022694111,20.1705314527364,0.5622418781788655,8.214996147081578,21.1773710830165,6.7495990592877,25.98,S
ZAF,南非,710,2002,0.3771011279989496,0.46108944454288664,0.4468997556911305,0.35734793569706946,0.4092787419318272,0.3816411282656204,0.4747319853780014,0.44103894532073695,0.35826039473237764,0.4139181134241841,0.4103553050627369,0.4495617607356275,0.4546177804656938,0.3634337529075126,0.4194921497928927,0.4225627879484347,2.72292924,0.2304108527131783,12.53795791,4215.131158,17926.11499,15605.47594,0.781937465,29.8245614,3.5,-0.0276587183569216,0.94703694,92.89929916888823,15.1,2.30570102,6.71032,28.5343,76.7,0.680078304,0.0,932.9559721,7.94,17.9427084,1.833276546,98.63168300396686,0.0,4.637705684612776e-06,14.59519904,0.2562052279715437,20.17504059880141,0.5739145487968741,8.441424546342349,20.7970832759462,6.77312855951937,26.14,S
ZAF,南非,710,2003,0.36862166517448197,0.4743568429603428,0.4435576401483471,0.3559509773714239,0.4108640676410084,0.37387101694530206,0.4870349035977097,0.4375000075345322,0.3564172725518554,0.4137058001573498,0.4049170966829827,0.46018472439942226,0.4525632832166453,0.3604098481040047,0.41951873810076373,0.4233122133693219,1.928224901,0.1851878172588832,6.395763587,4622.454101,18233.19758,15676.28095,-0.782449992,29.8245614,3.4,-0.0240194314501619,0.996556488,90.44533041288692,15.5,2.79076648,7.00769,34.7626,78.8,0.125458671,0.0,923.7047124,8.64,18.17782023,1.318690749,102.4781199418552,0.0,4.591717855659097e-06,14.56519302,0.2576643117987948,20.19172526358308,0.5770965056178851,8.838578061914113,20.670691627776,6.77659487122876,26.15,S
ZAF,南非,710,2004,0.36991740970493264,0.4900017623084373,0.439470811622934,0.355542703905772,0.41464242569819737,0.3756090001640615,0.5022140424386935,0.43349602562058337,0.35597716098275095,0.41682405730152233,0.4074472923445566,0.4746457481330245,0.4485975836608602,0.360022605067669,0.42267830730152756,0.42694551827150695,3.506541288,0.1802578125,6.04217159,5018.178723,17992.23012,16145.35468,-2.507261207,32.77870216,3.3,-0.0051986358189693,1.007422797,101.36999292182196,15.8,2.73156238,8.42512,42.536,80.6,0.213545845,0.0,914.445817,9.01,18.70794958,2.462572561,103.23168074859194,0.0,4.598344873477338e-06,14.535187,0.2594696189070885,20.21014104476997,0.5764617629359734,8.831496467228416,20.8056209355948,6.77659487123566,26.15,S
ZAF,南非,710,2005,0.3745975158135405,0.5105858995281711,0.4425835862995386,0.3504563656590493,0.4201265990375747,0.3809430791059853,0.5206717305436992,0.4364415224684146,0.3502738708439843,0.42208255074052087,0.41407628548363956,0.489768027680769,0.4507256235308181,0.35406201928469716,0.4271579889949809,0.4319188541543561,4.21638585,0.178636678200692,5.597009781,6558.409856,18789.27446,16226.01688,-2.774775899,32.75,3.3,-0.0009080295758204,1.012609462,106.61823563544604,16.1,2.74503064,7.48854,68.6198,80.8,0.504054653,0.0,905.2327769,8.22,19.39134562,2.161476276,104.1521170132796,0.0,4.6215129925179075e-06,14.50518098,0.2592635336207536,20.20968765714003,0.5784319382733351,9.0027117521623,22.1124510651683,6.78977196837978,26.24,S
ZAF,南非,710,2006,0.3784421973515769,0.5286995059911219,0.44309018942984596,0.3513675539546368,0.4264105769834231,0.3846983417678726,0.5372879912632572,0.4369218735763684,0.35117849969066894,0.42752167657454176,0.416316603398385,0.5059036529251261,0.45073106102915933,0.35454596515890957,0.431874320627895,0.4372411771639313,4.530319446,0.1913651315789473,6.064637015,6336.025198,19323.62926,16916.71394,-4.000124276,32.75,3.4,0.0056757057536076,1.021724907,116.8574269069312,16.3,3.23011708,7.60714,79.3267,80.7,0.744488916,0.0,896.0308772,7.93,20.16688994,2.284250693,104.30949798309425,0.0,4.643324237344419e-06,14.47517497,0.2593047506780205,20.200636391364203,0.5811110469956887,9.113298338460744,21.6942135504924,6.79199010717063,26.28,S
ZAF,南非,710,2007,0.38436114482021905,0.534519909770347,0.4370967040654627,0.35187416536336386,0.4278360428138454,0.39058609014606294,0.542553200054194,0.4307425322554919,0.3517274923622768,0.42890232870450645,0.42016059309874493,0.5108309479139729,0.4447513913687935,0.3551145276162977,0.43271436499945226,0.43803271688471956,4.254696047,0.2095615615615615,8.245764766,6588.596553,20029.8525,17620.93,-4.861891607,33.0,3.5,0.0134267797860567,1.055065112,118.68707818924828,16.6,3.30013156,8.06538,83.715,82.0,1.03268355,0.0,886.6268645,8.18,20.92995538,2.726345788,109.36464312664148,0.0,4.662659700289247e-06,14.44516895,0.2590739351573254,20.19654765928332,0.589593517381233,9.08687218895744,21.6359740715009,6.81689539837337,26.35,S
ZAF,南非,710,2008,0.3947860854513124,0.5396169044634795,0.42952359616769714,0.34863541981212987,0.42794763874448216,0.40103309607086673,0.5469867079661338,0.4234372739579519,0.34813622158715474,0.4298983248955268,0.42787454377851963,0.5154782945441172,0.43669107584332956,0.3515465099644291,0.43289760603259886,0.43801460335871195,2.007986584,0.2556392405063291,7.850331729,7989.522583,19984.81782,18042.2612,-5.186181085,33.0,3.5,0.0188177913663827,1.153095517,125.27751611628608,16.8,3.38493657,8.43,88.0375,81.9,1.589733345,0.0,876.4619282,8.59,21.27939316,5.425984995,109.4064228579888,0.0,4.6764912161279015e-06,14.41516293,0.2590079878656983,20.18696881517447,0.5908712461565093,9.132703865152106,22.5806255813536,6.82669988376239,26.48,S
ZAF,南非,710,2009,0.3889396674783959,0.5725350786397854,0.4371151046969037,0.3515512602549491,0.4395317668799425,0.39588369866885437,0.5810324958623256,0.4309850790503743,0.3514436674532895,0.4398362352587109,0.4216811163594127,0.5452110344887701,0.4457816033390681,0.35522174927125794,0.44197387586462716,0.4487554877536843,-2.706640751,0.1869,8.663041832,8918.38361,19849.4946,18395.77877,-2.384581874,44.5,4.0,0.0255617877174805,1.193904507,139.1789395234149,17.1,3.80475187,10.0,89.7687,82.6,0.79662279,0.0,866.0600277,8.84,20.64766063,1.896054151,106.17776115850845,0.0,4.687479419462178e-06,14.38515691,0.2590574483344187,20.17689536637842,0.5932041315978205,8.953268299133114,22.0081419455681,6.83542931411595,26.57,S
ZAF,南非,710,2010,0.40801513900408365,0.5972243933433055,0.43793224552853505,0.3380773011268103,0.444588419256903,0.4151299719472059,0.6030070864694523,0.43171048295736614,0.3365458818470678,0.4465983558052731,0.44121891358818205,0.5684749947671494,0.44514032946641596,0.3404561467222539,0.4488225961360003,0.4559763082871924,1.828046725,0.2190575539568345,6.128432432,9654.277618,21891.37877,19098.1039,-1.299018056,44.5,4.5,0.0256562102659676,1.18290957,147.0514767762243,17.4,4.00033045,24.0,96.2325,82.8,1.418521675,0.0,855.8756753,7.98,20.97058915,2.60163846,107.15808775115116,3.820873550654304e-07,4.303821452407648e-06,14.3551509,0.2591398824489527,20.171586609402432,0.5929156121969515,9.15918970763268,25.7791565575031,6.85703125316517,26.74,S
ZAF,南非,710,2011,0.41255270924614446,0.6274401389873154,0.4392334382199035,0.3520091856160712,0.4594384251076282,0.4197315308580594,0.629198274173345,0.43318769532737783,0.3520363814680041,0.4585384704566966,0.44535255427194775,0.5937589439032103,0.44615825756959077,0.3563107616225282,0.4603951293418193,0.46826375676594933,1.900920497,0.2379912663755458,5.539056432,10189.52216,22407.88165,19298.81236,-2.019676285,42.25,5.0,0.0291410522025608,1.236314587,157.07968296377,17.7,4.12050819,33.97,120.766,83.6,1.514770954,0.0,845.3595,7.87,21.32957152,3.170212712,104.3535105205266,1.113308270059527e-06,4.202265354333095e-06,14.32514488,0.2591893429176731,20.16597284620267,0.5911597655573783,8.769087755260122,22.2538177444034,6.86826456174575,26.79,S
ZAF,南非,710,2012,0.40386542209360005,0.6425383386957375,0.44415871503606924,0.3528754903001364,0.46409082726054424,0.4109918041308877,0.6425394854606817,0.4379543522089661,0.35287038677734645,0.4610890071444705,0.4369219416748429,0.60693009038893,0.45091364898799263,0.3569741029541864,0.46293494600148793,0.47181676941584194,0.897179684,0.2295069124423963,4.685206388,9647.70169,22740.27787,19266.9408,-4.683736434,42.25,5.2,0.0187287548265735,1.474794344,169.29574968037505,17.9,4.1403532,41.0,127.168,85.2,1.193478043,0.0,832.9836692,7.35,21.53658541,2.611169143,104.36072207359211,2.1754261004313907e-06,4.140745344439956e-06,14.29513886,0.2593871847925545,20.166121227608834,0.5887032289442663,8.775451773843372,22.2491889619835,6.91417599675622,27.2,S
ZAF,南非,710,2013,0.4028342626949423,0.6587589803081363,0.44835785892479185,0.35396418491489173,0.4700119307464329,0.409783687616149,0.6567443059762296,0.4423235729772367,0.35397319650406944,0.4657061907684211,0.4353272559890987,0.619666648472116,0.45622052412241243,0.3579555681101963,0.4672924991734559,0.4768701923125922,0.80565881,0.2397830423940149,5.844111401,9400.902447,22405.9,19205.14092,-5.338372748,42.25,5.6,0.0105447300646288,1.652651995,176.59936921429005,18.1,4.14510202,46.5,140.576,85.2,1.347611795,0.0,819.3304786,7.12,23.61865308,2.356033847,103.27089833129268,4.798935660446479e-05,4.072875603948156e-06,14.26513284,0.2592140731520332,20.161133963679532,0.5857850612897642,8.764562491094582,22.1702869976693,6.95722470578098,27.56,S
ZAF,南非,710,2014,0.40669583894118755,0.6662898815421093,0.4586318621249784,0.36398269903701697,0.4785393175202019,0.4141622376454388,0.6631445277649838,0.45330285309058704,0.364766189729023,0.4738439520575082,0.44002896800814756,0.6275358526998134,0.4721349967778228,0.368719733505964,0.4771048877479369,0.48689806300303773,-0.257188966,0.2442073490813648,5.366546185,11020.87296,21923.45406,19106.15992,-4.812432595,41.5,6.4,0.0127588638840803,1.661445407,185.69763617262453,18.3,4.3735652,49.0,142.604,85.9,0.918359924,0.0,805.8302104,7.43,20.77257061,1.789718424,100.44038820572553,0.0002093359818765,4.0057660374382245e-06,14.23512682,0.2583650017723334,20.163334954537586,0.5778878731174109,8.47889391263268,20.4599778305244,7.1812443634791,28.57,S
ZAF,南非,710,2015,0.3974394352631867,0.6826043091517645,0.4676980189573628,0.3580482180995466,0.4818658992191007,0.4039526613199731,0.6776994935286982,0.4624062551887723,0.3582785335568097,0.47558423589856336,0.428573426488586,0.6403091880847851,0.4821746432780985,0.3628830008227457,0.47848506466855384,0.4895806371280237,-0.694265294,0.2334351585014409,5.545528123,8364.651397,20763.8428,18950.06976,-4.310286886,42.0,6.6,0.0137534818941504,2.009888402,196.53975385914316,18.5,4.59632444,51.9191,155.138,85.3,0.241064157,0.0,789.7956011,6.93,18.58037462,1.021430687,98.05114049272696,0.0002385076939049,3.9260583118658486e-06,14.20512081,0.2582990544807063,20.16157086448656,0.5776653010081692,8.35616094142719,22.6394141114387,7.25190953656214,28.92,S
ZAF,南非,710,2016,0.4024463382585229,0.6849844378960758,0.4738132532515391,0.37432263813835537,0.49043306994122937,0.4087613591545307,0.6804419666687325,0.4691919927497952,0.374964745027573,0.48334001590015785,0.43219096825360676,0.6515523075995022,0.49254901704987003,0.37794410891725133,0.48855910045505757,0.4999221728987385,-0.277781476,0.2352283950617284,6.952171961,8064.071111,21204.34982,19247.48377,-2.633614517,42.0,6.4,0.0108660015924313,0.940521898,212.7962896530572,18.6,4.57297277,54.0,143.929,83.9,0.494440141,0.0,782.4022232,7.14,18.33055979,1.176874386,96.38588507972446,0.0003799366152906,4.670170496905049e-06,14.17511479,0.2584556792983208,20.149601431056222,0.5741948247862896,8.224997943871408,20.7135517231946,8.0441155798301,31.86,S
ZAF,南非,710,2017,0.407666093832965,0.7009843279839026,0.48495061254997857,0.3674036217414794,0.4956496001823964,0.41480457980172153,0.6952019948198531,0.480944382786846,0.3673340490247984,0.4895712516083047,0.44011115522640637,0.6674611428079731,0.5102762962296616,0.3706446332556451,0.49712330687992157,0.5092068601993144,0.498695962,0.2334566929133858,5.473321975,10003.02472,20865.36654,19150.28902,-2.374367532,41.83673469,6.1,0.0103939829186552,0.653837463,225.9084480407984,18.6,4.56554031,56.1674,153.548,84.4,0.361908941,0.0,777.3032719,7.02,18.21750535,1.433552755,98.4872016027466,0.0005987664266476,5.042541337667968e-06,14.14510877,0.2583320281265199,20.144523489600935,0.5705017764551683,8.23051634040692,22.927902529328,8.09445491353904,32.12,S
ZAF,南非,710,2018,0.40538158572691557,0.707259606075003,0.5018293479677853,0.37480906340201137,0.5034281828186326,0.4125673464593775,0.700303839604141,0.49884648703366263,0.3753311506636527,0.4967622059402085,0.43810362199776665,0.6683610280336898,0.533481649169458,0.3792182806030961,0.5047911449510026,0.5172181388726811,-0.13748504,0.2320246913580247,3.993295085,10065.74066,20715.3766,19067.93173,-3.000519394,42.7480916,6.4,0.004646754914249,1.68236992,229.93362854770052,18.6,4.61023474,62.4,157.692,84.7,0.262512729,0.0,764.3355439,6.72,18.25618945,1.678084426,93.14925274981704,0.0008198010540357,6.322714870781143e-06,14.11510275,0.2584639227097742,20.141374506425738,0.5608075245859746,7.786063988977462,22.3820954335494,8.34696836495582,33.41,S
ZAF,南非,710,2019,0.4023525918129234,0.7348814273241335,0.49689023687467676,0.3728125734950391,0.5094105182472927,0.40907512867427237,0.7266452989598643,0.49362652238739213,0.3727682982413234,0.500528812065713,0.4333960686808351,0.6953675228257306,0.5284565652737636,0.3756494559482418,0.5082174031821428,0.5220221307080282,-1.380361054,0.2314035989717223,4.613524691,9164.190005,21164.54195,19015.58974,-2.619990675,46.34760705,7.2,0.005249064297234,1.649574955,254.21878960798827,18.5,4.80006361,69.6969,162.739,85.0,0.695990495,0.0,751.8306783,6.72,17.9741782,1.353727335,99.2077262683198,0.0008236741411446,6.204842608800934e-06,14.08509674,0.2583485149494267,20.08207140443001,0.5578069228169386,8.091549247636495,22.8673521327317,8.4414733812787,33.88,S
ZAF,南非,710,2020,0.4156312839179418,0.7575256453457557,0.5067268958295327,0.37785502564647944,0.5217305582217089,0.4223555330520328,0.7484080154533955,0.5044512230301735,0.3783916428238579,0.513401603589865,0.4416021822090534,0.7159725181035732,0.5433357433191728,0.38212450991966534,0.5207587383878662,0.5352340654626171,-7.678733096,0.2539467455621302,5.391394335,11151.48255,21125.73036,19411.716,2.003522752,46.75,8.6,-0.0139395498781612,1.622164314,259.9754127896656,18.4,5.84510279,72.1128,158.447,90.0,1.025149247,0.0,739.7331357,6.9,16.60794282,1.098080977,93.02704669191075,0.0009898058664503,5.821048271974974e-06,14.05509072,0.2568811877107221,20.06134746803617,0.5552679520892927,7.660637762722704,22.4686908882191,8.61228193848167,34.38,S
ZAF,南非,710,2021,0.4450525145340334,0.7582528611424753,0.5070315985686733,0.3832171178486231,0.527837980741573,0.4520014817965863,0.7485833501806022,0.505455144100059,0.38467742558188933,0.5226793504147842,0.47300542433339504,0.7154310887532448,0.5430678728894958,0.39004033304073615,0.530386179754218,0.5433318346528695,3.255620428,0.2952380952380952,6.408442941,11468.67356,23558.08367,20525.00658,3.772413693,46.58227848,9.4,-0.0481964696853416,1.540557438,261.6577057722256,18.2,5.49496222,74.9686,163.128,89.3,2.653842488,0.0,728.4244538,6.57,16.93134974,1.740837434,86.2231924889282,0.001026933607997,5.6621557485841696e-06,14.0250847,0.2573510621635658,20.04217329299557,0.5539325194338426,7.022662160087761,21.938552981613,8.64933157934041,34.65,S
ZWE,津巴布韦,716,2001,0.23059698337355772,0.27711598582342734,0.46185504939684824,0.5203130869600409,0.39820916848387855,0.23527455802419564,0.28258639327350904,0.4615567046039099,0.5247118413000089,0.37603237430040587,0.2953784543088847,0.2903529015475506,0.47479093478409023,0.5296001805655078,0.39753061780150833,0.3965028839181933,0.762971447,0.1780039081222578,0.130353622,1588.963251,9320.89095,3983.444149,-28.603831336692565,10.0,32.8,-0.0327801190424469,0.669179058,17.469239012250437,24.5,4.196155488403292,0.799846,2.62282,34.2,0.547889775,3.377158071,1024.064599,12.51,5.050990641,0.483533622,13.95012763524812,0.0,0.0,47.35662401,0.0737236655034251,7.244151479901771,0.2443065787773038,1.0494418668346823,18.8517493065249,17.9774284872382,54.91,S
ZWE,津巴布韦,716,2002,0.24480054058409187,0.28004384092473233,0.45059808249771227,0.6023721769382838,0.42846551710214253,0.24726340057605697,0.2863263584238807,0.45066145346795394,0.6043391938185966,0.39714760157162204,0.29524089157624583,0.29197846756467083,0.4637052526073173,0.5953252315289013,0.4115624608192838,0.4094829424228675,-9.766448576,0.3170875852015287,2.712686141,1115.495835,8394.76069,4299.364482,-27.056026193165053,10.0,31.8,0.031734980348119,0.962219774,14.039119091191647,23.2,4.0198973080536575,1.1,2.80269,34.2,1.727189727,4.133318808,1014.258103,13.38,4.383978613,0.339661568,13.31988806623618,0.0,0.0,47.23753393,0.0744216104433242,6.983533669380897,0.2443841282150704,0.9927239799984332,15.8041510469296,27.6863841342816,66.11,S
ZWE,津巴布韦,716,2003,0.2328419789524357,0.2841419027496686,0.4366019674587207,0.5976303785241293,0.4234412521729434,0.23493407599396568,0.29094985209886676,0.4370657305587591,0.5992906175947008,0.3905600690615731,0.27847137713815073,0.2922878875704824,0.4524626478444003,0.590884485051356,0.40352659940109736,0.402100536078892,-17.97676118,0.291423086990664,8.802759157,878.4590061,6941.47813,4200.788794,-25.50822104963754,10.0,31.4,-0.0122991858592016,1.189735602,14.906408210443756,21.9,3.843639127703966,1.8,2.97287,35.1,1.196229575,6.54966921,1002.262612,15.33,3.752244033,0.322179007,11.912004314594896,0.0,0.0,47.11844384,0.0744216104433242,6.8551635000646245,0.2442290293395373,0.8782483288742456,17.2591578078531,27.6863841342816,66.22,S
ZWE,津巴布韦,716,2004,0.2526930159793788,0.2901691118275753,0.4290767186393132,0.6063948278018186,0.4294496059611877,0.2549517796778654,0.297758575371413,0.4298894904786387,0.6089919572594303,0.39789795069683687,0.3026520891015157,0.29727269077763296,0.44467499955681944,0.6004122609619335,0.41125301009947535,0.4087254298586407,-6.824980635,0.3248687268658001,7.610670096,756.6383843,6913.836081,4307.070853,-23.96041590611003,10.0,30.6,0.0147664910850064,1.086048652,11.363511386477777,20.6,3.667380947354331,2.1,3.4429,35.6,2.288523893,6.37381656,991.4364475,15.96,3.647937664,0.84712767,10.664673101117716,0.0,0.0,46.99935375,0.0747318081943906,6.748920770324415,0.2444358278402481,0.7536573606150334,14.7280011129735,27.6863841342816,66.22,S
ZWE,津巴布韦,716,2005,0.25447085727212754,0.3086585635197768,0.4177498433294272,0.5950194265667555,0.42862116337781586,0.25670232642915847,0.3179482007413515,0.41885906607812046,0.5965649608945923,0.3975186385358057,0.30475339060038936,0.312422421062848,0.4359172474560643,0.5884802625361771,0.41039333041386966,0.40848809624191773,-6.598889063,0.321278166109495,5.139539483,708.8495058,6551.692036,4164.013405,-22.412610762582517,16.0,29.5,0.0114458223834241,0.945996419,11.3149973500877,19.5,3.491122767004697,2.4,5.18375,36.1,1.947239481,6.33270654,982.1017169,18.15,3.553832925,0.93113405,11.347616744920762,0.0,0.0,46.88026367,0.0755073025720563,6.723562104174745,0.244823575029081,0.8155418573193653,17.9143927212745,27.6863841342816,66.22,S
ZWE,津巴布韦,716,2006,0.2672098740147037,0.3134787830815944,0.39515229446957856,0.6049853137493219,0.4306187433612267,0.26902307301567263,0.32329186837013685,0.3971276020541652,0.6075131523290145,0.3992389239422473,0.31623917084941316,0.3146351486309975,0.4113473752037339,0.5989919767996916,0.41030341787095903,0.40747317274961775,-4.630375693,0.3671914444393445,2.018080661,657.4210948,6405.048732,4230.075466,-20.864805619055005,16.66666667,28.7,0.0104359029418079,1.218277402,13.603509531359492,18.6,3.3148645866550623,2.4,6.71982,37.2,5.775722945,7.194232687,970.2095803,19.35,3.548676602,1.149968531,11.154108490883756,0.0,7.008621367039543e-06,46.76117358,0.075559002197234,6.675895049760889,0.244642626340959,0.7538777554921499,14.9877390552223,27.6863841342816,66.22,S
ZWE,津巴布韦,716,2007,0.2832277318364694,0.3169142996360159,0.3670858699148127,0.5945526637483173,0.4240681090666746,0.2840702980287231,0.326817305817366,0.36962400285898084,0.5962077474717856,0.3941798385442139,0.3277410181630402,0.31645639010765814,0.3824804401118877,0.5883646347092875,0.40376062077296837,0.40023506079115156,-4.914489161,0.4532791916521082,0.895303625,600.3849003,6053.627039,4232.662365,-19.317000475527493,16.0,27.9,0.0110506630397824,1.317705277,14.518834575725917,17.8,3.138606406305371,3.0,9.57239,37.2,8.495300181,12.60177627,957.5089397,19.74,3.540664062,1.550355787,10.714423992127283,0.0,4.2307094618932525e-06,46.64208349,0.075739950885356,6.5327387876437895,0.2437120330877601,0.7320341921287767,17.9229460378776,27.6863841342816,66.22,S
ZWE,津巴布韦,716,2008,0.2779700406390431,0.32077654368844805,0.33113020392925735,0.5990783306537525,0.4186346048910866,0.27745330059874335,0.3308459705190987,0.3342158293728368,0.6013377703199896,0.3859632177026671,0.3117473719067427,0.31905907005826134,0.35276807156501633,0.5937135387077999,0.394322013059455,0.3911012722846281,-18.6543102,0.4979628791308284,1.348390411,352.1371989,5115.827924,4175.596143,-17.76919533199998,15.23809524,27.1,0.0184967210358164,1.203987326,9.741380394654,17.1,2.9623482259557363,3.5,12.7687,37.7,4.747983529,27.16169226,946.0497753,22.09,2.932963877,5.220088566,8.192974134745644,0.0,5.2416846947974755e-06,46.52299341,0.074654258756624,6.3669380896988494,0.2433501357115161,0.5619833969807739,16.6512788907601,27.6863841342816,66.22,S
ZWE,津巴布韦,716,2009,0.28723288341431896,0.33811280534576277,0.41403757565325744,0.6035259977504611,0.44394097389271864,0.2899863196857363,0.3469926698708485,0.4156389271895882,0.6062269736241074,0.4147112225925701,0.33331197695402576,0.32976932106187457,0.43574590477406183,0.5982995982525263,0.4242817002606221,0.42173491112599093,11.68933182,0.2346250290825427,93.24651327,411.1952803,3940.331829,6313.648869,-7.553391459,14.95327103,28.0,0.0267046392603598,1.40712941,8.947871798910278,16.6,2.7860900456061017,4.0,30.3665,43.4,0.7083436,5.092160162,932.8308525,20.93,3.342754346,0.388378264,8.117586236160978,0.0,3.729130417997244e-06,46.40390332,0.072457024686571,6.291947783378571,0.2420059454568954,0.5626736232565536,15.2338872088768,27.6863841342816,66.22,S
ZWE,津巴布韦,716,2010,0.3007829892709909,0.3567468497325916,0.4304115067279823,0.5961455861720786,0.4519599451164232,0.30467295846519404,0.3631727573028126,0.43155440519006677,0.5981434448717806,0.4243858914574635,0.36041664790836225,0.341910661391586,0.44772877753324963,0.5904224226783716,0.4351196273778924,0.4322047508382534,17.76012422,0.2655267581083604,4.097637886,451.7331727,5686.514272,6613.239956,-13.74020604,14.95327103,29.2,0.043718592964824,1.61334322,11.017816879031916,16.3,2.75333452,6.4,57.6496,38.9,1.841167223,3.46461219,917.9018411,17.83,4.025324772,0.512734385,9.053549362293571,0.0,4.384026470864328e-06,46.28481324,0.0727672224376373,6.276954892077032,0.2419800956443066,0.638084727805418,17.2358458211725,27.6863841342816,66.22,S
ZWE,津巴布韦,716,2011,0.2874111060778303,0.35362376886519703,0.4346698115084092,0.6057288370339358,0.4536580400649709,0.2915266509631579,0.3595285089767967,0.4356384767663447,0.6085435581090377,0.4238092987038342,0.3449072045825656,0.3364402014719748,0.44989486142813484,0.5999287586607109,0.43279275653584653,0.430212831439312,12.18749162,0.2489191296335672,2.552752534,452.9288062,6608.580019,7452.494245,-19.48768847,14.95327103,29.9,0.0382474723158401,1.772651405,10.425566720096407,16.0,2.11964583,8.4,67.6698,36.9,2.593100809,3.490143077,901.7740087,16.48,4.625431184,0.573297419,10.220853793604032,1.4710832115276437e-07,5.970346307264122e-06,46.16572315,0.072637973374693,6.268476153547886,0.2416440480806514,0.7297511333225061,14.2392343892562,27.6863841342816,66.22,S
ZWE,津巴布韦,716,2012,0.3054132779805983,0.3874357253131578,0.44973919154388636,0.6005877652537169,0.4672800782934282,0.30966246628826233,0.39132792681950634,0.45021437658404795,0.6029120382628299,0.43852920198866163,0.3612489961139244,0.3629856451585898,0.463598213210914,0.5944132527105009,0.44556152679848227,0.44371439308722355,14.78715769,0.2267059888457383,4.028927747,481.3839474,7419.25783,8561.704212,-13.30089957,14.95327103,29.6,0.0273599079965127,1.623064676,14.816302955726876,15.6,1.99879277,12.0,91.287,44.0,1.678998224,3.344175439,887.2557722,14.61,5.430248887,0.337384336,11.074925475146811,6.513296859353388e-07,7.423677414523653e-06,46.04663306,0.0731549696264702,6.258937572702599,0.2413338503295851,0.7905422590299082,15.6086225272417,27.6863841342816,66.22,S
ZWE,津巴布韦,716,2013,0.2885808142427901,0.4246696408151327,0.45114905790417587,0.6085734506660518,0.4792406319060112,0.29225913010536875,0.430789026479934,0.4515845061190991,0.6109406778566019,0.4463933351402509,0.3358937062123524,0.3942587493923734,0.465485123694157,0.6012281197751657,0.44921642476851215,0.44979513261349824,0.563614571,0.2045469418740101,9.371075093,454.3181864,8109.8877,8952.262039,-13.86731464,31.48148148,31.1,0.0262882316830967,1.407921698,15.768019656042098,15.3,2.01809144,15.5,97.2838,40.6,1.278957408,3.097626587,874.8514322,14.79,5.573367431,0.237782925,11.304973754470604,1.4271638372667873e-06,7.792339090840977e-06,45.92754298,0.0730257205635259,6.254465555124726,0.2409202533281634,0.8268666169823363,14.6723237216367,28.198515716157,67.64,S
ZWE,津巴布韦,716,2014,0.29332688783917915,0.4162047215021722,0.4485630578407401,0.6143178728513752,0.47892096068681966,0.29710743166674347,0.42256978108390614,0.4489338963515652,0.6172529196100361,0.44646600717806273,0.3416387915873487,0.38961517746455576,0.463317931578016,0.6072774445257759,0.45046233628892407,0.4504618898872162,0.982274049,0.1982005075491528,0.251969596,543.6048793,8352.335861,8977.694372,-11.96502756,31.48148148,33.4,0.0222370782168115,1.371694053,18.993677853850247,14.9,2.73156238,16.3647,83.0461,32.3,1.292919091,3.489885259,862.9330757,14.69,5.742222037,0.354320372,10.730054207375815,1.9004235762607252e-06,8.472956293080227e-07,45.80845289,0.0732066692516479,6.244771875403904,0.2403515574512084,0.7952410356492012,12.972823326382,28.198515716157,67.64,S
ZWE,津巴布韦,716,2015,0.29494409469199184,0.4107175198577007,0.4516884339994733,0.6064925522220479,0.47532157126488833,0.29884438134075714,0.41681463291769805,0.45196853838929113,0.6087208249921905,0.4440870944099842,0.34315001896076797,0.3834865681655832,0.4667248389917703,0.5991404268527982,0.44812546324272995,0.4479577288273391,0.425141539,0.1626175009074637,0.607377583,513.0122623,8313.642709,9027.289553,-7.994039149,31.48148148,34.3,0.0151963652634838,1.339959276,19.070751585542705,14.5,1.55136275,22.7428,88.5992,33.7,0.699233142,3.698875691,851.4472485,14.59,5.881924198,0.183142291,10.87514513274394,1.736230115216925e-06,2.3289071182663703e-06,45.6893628,0.0732066692516479,6.244306578777305,0.2403257076386196,0.8209208013077008,15.1844979259769,28.198515716157,67.64,S
ZWE,津巴布韦,716,2016,0.30343336439726126,0.42191954167156226,0.4579052918437818,0.6129312528199395,0.4833881718778295,0.3070368607557332,0.4284448367524202,0.4583396691326659,0.6158520237421435,0.45241834759574073,0.34906153500825926,0.3927401685446526,0.4716842926969951,0.6062070139168526,0.45492325254168986,0.4548719757680035,-0.633234613,0.1622140885489499,2.161791374,487.48078,8331.920442,9203.12138,-3.392392664,31.48148148,32.8,0.0130702334333518,1.388200293,22.144759550732335,14.1,1.37225389,23.12,88.21,42.5,0.783755372,3.80952884,839.7091182,14.18,5.915404655,0.089878106,9.77846873935256,1.9862613725449636e-06,1.340389267328521e-05,45.57027272,0.072818922062815,6.229287837663177,0.2377148765671448,0.7131259075330949,13.3821040669615,28.198515716157,67.64,S
ZWE,津巴布韦,716,2017,0.26983648036514163,0.4408470479870768,0.45614423919392866,0.6135718759239074,0.4844050881603414,0.27250595574890013,0.44715031699595403,0.45658027128150025,0.6166572127566305,0.44822343919574625,0.3004194035731445,0.407949113083633,0.4692162609159808,0.6073025281851292,0.44622182643947184,0.44893510381097657,3.234096427,0.0682072139229073,197.4546592,564.9400005,11301.14504,8517.668812,-0.531376263,32.57575758,30.9,0.0084170013386881,1.442853821,22.949563753056378,13.6,1.550982,24.4,95.1367,44.0,1.471202777,4.205872722,827.6803307,13.62,6.312359786,0.22835556,8.866755730564309,3.4430421586335096e-06,8.78857219475102e-06,45.45118263,0.0722243763732713,6.225875662401448,0.236215587436991,0.6070843365075481,13.2874362201753,28.198515716157,67.64,S
ZWE,津巴布韦,716,2018,0.29683873105627145,0.43674979413272924,0.46405727640489947,0.6059395113461987,0.4856329823857183,0.3009979651801117,0.4435786020243386,0.46439908185786916,0.6082935937821712,0.45431731071112263,0.3483525800542155,0.40564364280179516,0.476851949190948,0.5991578170609368,0.45750149727697387,0.4582304284589261,3.459545627,0.1188284110313026,3.55405562,665.1632118,11541.42616,8479.777668,-4.040922197,31.48148148,31.0,0.0106698969516951,1.487416378,26.106704787111628,13.1,1.59526527,25.0,85.8627,45.4,1.332654116,1.30514854,815.4603839,13.64,5.868647355,0.145214272,9.734488194315214,5.720195189023185e-06,1.0671963264623146e-05,45.33209254,0.0721468269355047,6.227271552281246,0.2342768514928266,0.6844392257862142,15.3732138673048,28.198515716157,67.64,S
ZWE,津巴布韦,716,2019,0.24505318620946184,0.42633057052797646,0.4562778980410907,0.6104162023434586,0.47573915120122584,0.244497812446753,0.4341436015607058,0.45691264125757236,0.613254875481224,0.4372022326865638,0.24382659611568705,0.39541894044742704,0.46951659499572007,0.6040681078965212,0.42820755986383885,0.43291675868875684,-7.785583581,0.1279764659619,397.1737394,587.76562,10327.08665,8057.677298,2.759362631,31.85185185,30.0,0.0025284865202115,1.563533516,27.920222995084657,12.5,0.46115172,26.5883,86.4094,46.7,1.953262256,2.028043927,802.8095453,14.35,4.893781829,0.107138788,8.72144673329235,7.726878168347458e-06,1.0658423106687626e-05,45.21300246,0.0722502261858601,6.2248933695230715,0.2338115548662272,0.6113893503843271,14.108468344142,28.198515716157,67.64,S
ZWE,津巴布韦,716,2020,0.20852185787812874,0.44283015966202416,0.4516527743160818,0.6190602706716063,0.4779682190863888,0.2060082285732838,0.4506753117220444,0.4524022891620732,0.622800236483084,0.43297151648512133,0.18801883999146154,0.4097834113780066,0.46624818229211396,0.6134631440295969,0.4193783944227948,0.42699719960547344,-9.333971449,0.1374282058124463,585.9728291,657.024956,8504.314249,6459.368406,2.121235761,31.85185185,28.2,0.0076973468719292,1.659352809,29.399967334085233,12.0,0.6526891,29.2986,84.9604,52.7,1.714117558,2.315888753,789.5980186,15.05,3.89247289,0.078895444,7.288447144229106,9.081021258091126e-06,5.471328734708462e-06,45.09391237,0.0723536254362155,6.2217138425746406,0.2336047563655163,0.4886138240966252,11.6881803178733,28.198515716157,67.64,S
ZWE,津巴布韦,716,2021,0.28304667499634906,0.46335693597239636,0.44905476303614517,0.6145183750789525,0.4916417968614803,0.28581605971575474,0.4701263585583719,0.4499406375184326,0.6178593833650076,0.45593560978939174,0.3267867752682311,0.42745601751836615,0.4626240298123307,0.6087539399842309,0.45640519064578966,0.45869751147782667,6.611911087,0.1461937537416145,108.7728168,823.7629152,7965.85982,5956.792037,0.843388365,31.85185185,24.8,-0.022671867381765,1.726011143,31.37769264319459,11.5,0.87981081,37.0967,90.2538,49.0,3.074236251,1.86586198,776.0864102,14.77,4.222088146,0.113046926,7.964008050189359,2.0889764711616797e-05,5.987321496820008e-06,44.97482228,0.072457024686571,6.217396923872301,0.2337598552410495,0.5016553405949532,12.9505345437177,28.198515716157,67.64,S
SWZ,斯威士兰,748,2001,0.4039588267382264,0.2556934476650657,0.6399809166994543,0.38024400316859774,0.40102769004396205,0.4035076694481314,0.2632834160231507,0.6435972112166398,0.39219015467929014,0.425644612841803,0.430994731106569,0.2746038618557503,0.6168733866991521,0.4233577474702049,0.43645743178291907,0.432403652834044,0.481130893,0.7013245717568772,8.322120039,5707.017188,15147.3159,7896.01444,0.598910535,3.076923077,9.8,-0.0269385012702878,0.922357933,5.365991033847606,25.2,2.38431859,1.28159,5.23279,26.9,0.0,2.237337696,2511.740484,5.93,2.2924107,6.93e-06,22.416717955817766,0.0,0.0004085447761539,27.5869186,0.5075581395348838,15.461627906976744,1.443604651162791,1.047748642328155,16.1799343026562,3.9923935157395,14.47,S
SWZ,斯威士兰,748,2002,0.41759745430059886,0.2567078900159642,0.6330874795242867,0.38318031976992684,0.40274996410365443,0.41688521348424373,0.2637757102559887,0.6365166869018231,0.3953676955356165,0.428136326544418,0.4438325881970938,0.27778346364734696,0.6110536172581287,0.4264349888799304,0.43977616449562495,0.43516544765340376,3.265618999,0.7381926669388156,9.102414544,5907.757224,15988.69157,8038.745732,2.38216912,3.076923077,9.2,-0.0208009666839288,0.79384261,11.62877404215997,25.9,2.4225831,1.8162,6.41848,25.9,0.0,3.172197847,2491.880152,5.88,2.37434918,7e-06,22.48461140224422,0.0,0.0003944389357738,27.65755814,0.508139534883721,15.572093023255812,1.4459302325581398,1.0310419428736477,15.4545533729875,3.9923935157395,14.47,S
SWZ,斯威士兰,748,2003,0.4298692468174124,0.2826341294313932,0.6365856416767378,0.3888264372468727,0.41479768399838934,0.42913137724423445,0.2906533229895415,0.640022069721378,0.401547704466021,0.4403386186052937,0.4548217870345807,0.29985404790962333,0.6144234661556279,0.43260193026997396,0.4504253078424515,0.4462623419381983,3.82725927,0.7619907361157683,5.868017865,6442.63437,16212.77468,8484.896197,4.158896041,10.76923077,8.8,-0.0164830321727634,0.682836012,6.187306646667292,26.3,2.91704059,2.43707,7.9685,28.7,0.0,2.046668591,2474.922659,5.79,2.469908671,5.63e-06,21.240954171077657,0.0,0.0003928832510299,27.72819767,0.5098837209302325,15.790116279069766,1.5069767441860469,0.9393157251335896,14.0947630118047,3.9923935157395,14.47,S
SWZ,斯威士兰,748,2004,0.42221404851562594,0.2916929450980952,0.6280497861623019,0.38407029753190547,0.4129406532963215,0.42174750190895594,0.2988168196805771,0.631000189149903,0.3963367064280354,0.4369753042918678,0.4472940928521062,0.30795332500588085,0.6081028941639778,0.4277422946938437,0.44777315167895215,0.44427812661912064,2.993481094,0.7191001525298498,3.905333659,5711.164876,16318.53861,9189.420662,2.630671401,10.76923077,9.7,-0.0162663559777738,0.603686469,11.042166165498308,26.6,3.02394485,3.22869,13.5115,31.4,0.0,1.35159431,2460.026893,5.57,2.546726488,1.46e-05,20.188815541825576,0.0,0.0003573477662266,27.79883721,0.5151162790697674,15.865116279069769,1.5151162790697674,0.9297434620592102,15.5976649805889,3.9923935157395,14.47,S
SWZ,斯威士兰,748,2005,0.389494416486339,0.30650074730165,0.627381753964147,0.37978194550479805,0.4112929054974433,0.3918839652282403,0.3124509790964246,0.6302139766596193,0.391686604100785,0.4315588812712673,0.4264589340167501,0.32082676943696775,0.6076822579457355,0.42351011678748257,0.444619519546734,0.4426676908323061,5.416360663,0.5293829536082696,6.165348695,6897.163729,16663.39506,9702.402644,-3.313361002,10.76923077,11.7,0.0011843483806313,0.544843998,11.76991757350638,26.8,3.64060426,3.69696,18.5353,34.2,0.0,1.216822152,2446.660031,5.39,2.686190721,8.84e-06,20.26975517391004,9.267651632682188e-07,0.0003514216997601,27.86947674,0.5180232558139535,15.845348837209302,1.5139534883720929,0.8832664125476588,16.9417921236783,3.9923935157395,14.47,S
SWZ,斯威士兰,748,2006,0.3868427762184612,0.30390275953810486,0.6493555708723302,0.38726410404094724,0.41750199294740153,0.389494708015371,0.3093944622676413,0.6529155378705337,0.39974116572015955,0.4378864684684264,0.42484229022524167,0.3176965574948924,0.6249959256149817,0.43073173177063073,0.4495666262764366,0.44769643503604406,6.195970483,0.5162802602773189,3.548498842,6729.051319,18473.94874,10222.25017,-6.115263327,10.76923077,13.9,0.0137631375403795,0.500496086,9.4611392465761,27.0,3.45948696,3.69654,23.0535,35.2,0.0,1.245176768,2434.445186,5.06,2.866939377,9.59e-06,21.335059859662103,1.8442766562526512e-06,0.0004123060450681,27.94011628,0.5180232558139535,15.83720930232558,1.5122093023255816,1.00017473414752,14.6078862442493,3.9923935157395,14.47,S
SWZ,斯威士兰,748,2007,0.3939846861398673,0.31809664451844144,0.6472451184893206,0.38073194912707775,0.4198069731539343,0.3962332717377271,0.3221511887515552,0.6507147540134671,0.39255052309732225,0.4404124344000179,0.4283715023295507,0.3270217740519269,0.6231339027746458,0.4237712284547515,0.4505746019027187,0.44903509439517497,3.718138797,0.51310437810153,5.190940957,6589.035985,19770.99129,10560.39841,-1.932765567,10.76923077,16.4,0.0133967641316785,0.576423998,6.381193815009558,27.2,3.7541039,4.1,34.8399,39.8,0.0,1.611237747,2420.452826,4.98,2.990725833,1.33e-05,21.857895708903072,1.8336763836234365e-06,0.000408359572785,28.01075581,0.5203488372093024,15.866279069767442,1.513372093023256,1.0589393043948638,16.5002982194263,3.9923935157395,14.47,S
SWZ,斯威士兰,748,2008,0.37831494046022585,0.3464736227887055,0.6430570243705175,0.38413319771983434,0.42646878294351825,0.38117450051103546,0.34871952505054976,0.6463866626834478,0.3963260273958379,0.4431516789102177,0.4133929394721095,0.3493112318892833,0.6197725653823098,0.42767912478060793,0.45253896538107763,0.4525367347612721,0.758242259,0.4851786916412495,10.30206489,7114.640482,18814.40839,10797.75069,-7.145911123,13.84615385,19.6,0.0153454384410984,0.674894146,8.523883721840903,27.5,4.45391893,6.85,48.4152,42.6,0.0,1.986637235,2404.172332,4.88,3.033808841,2.97e-05,21.12093417796772,1.821342675607031e-06,0.0003959032056667,28.08139535,0.519767441860465,15.887790697674417,1.513372093023256,0.9539012331400586,15.6915956276307,3.9923935157395,14.47,S
SWZ,斯威士兰,748,2009,0.36816087059074204,0.3482027483291991,0.6254804777851485,0.3854992757809432,0.4224583637521308,0.37164113066555954,0.34870267819477,0.628150855731196,0.3978016666030501,0.4365740827986439,0.4059594474700755,0.3496998109312265,0.6060822555014479,0.4288629444591037,0.4476511145904634,0.4477752381408428,0.784947122,0.4708934647669462,10.1628469,7653.44116,18111.67719,10772.43727,-11.75285564,13.63636364,23.3,0.0231173532811375,0.641056931,10.803933934939325,27.7,4.46149063,8.94,60.1213,38.6,0.0,1.942697298,2388.809513,4.92,3.0772867,6.19e-06,19.82702835318945,2.7145562650601316e-06,0.0003423344098881,28.15203488,0.4755813953488372,15.905232558139534,1.5151162790697674,1.000063176772809,15.180794831982,3.9923935157395,14.47,S
SWZ,斯威士兰,748,2010,0.36605457836867256,0.3568584151593788,0.6380729227339752,0.37687715179459214,0.4242290918138355,0.36972964684523124,0.35648283734907493,0.6411619039314328,0.38846254454627327,0.43895923316800306,0.4067757784375977,0.35747362593211524,0.6163121013697646,0.42033929927085906,0.45022520125258414,0.4509320592611497,3.217636553,0.4127764058393351,2.940070989,6619.10258,19358.56078,10795.17052,-8.904722087,13.63636364,24.9,0.0302261633235991,0.586161116,18.441056087797417,28.0,4.22809029,11.04,65.2905,45.6,0.0,1.746226476,2374.848199,4.66,3.194975526,0.090004917,19.03626812731404,5.397382269599245e-06,0.0003720465563961,28.22267442,0.475,15.890697674418602,1.519186046511628,0.9113878378986192,17.8502099037935,3.9923935157395,14.47,S
SWZ,斯威士兰,748,2011,0.3688616206772738,0.36315222249827994,0.5855504679289323,0.3868867611046621,0.41910368628768785,0.37247183126459593,0.36206299512933254,0.5866043624926583,0.39936851295891657,0.4301269254613759,0.4079397622989457,0.3627542568683187,0.5749321053637342,0.4306568704968308,0.44407074875695735,0.44419896520659,1.276436474,0.4044115115828241,5.476499433,6945.649063,19289.37171,10795.58596,-5.964933323,13.63636364,24.0,0.0150214148269227,0.554659161,18.616376507045327,28.4,3.61155891,18.13,68.5737,51.2,0.0,1.872933721,2361.712349,4.7,3.253754649,0.190959071,17.384525734931458,6.262116076372767e-06,0.0002169164393512,28.29325581,0.4715116279069767,15.91511627906977,1.5174418604651163,0.9030980396892916,14.9649285580967,3.9923935157395,14.47,S
SWZ,斯威士兰,748,2012,0.3938997805080052,0.37155841770275533,0.5723619531470648,0.3843156436106563,0.42118393204325527,0.39733804156332003,0.3704154314158982,0.572994140698409,0.3965766446710895,0.4343310645871792,0.43124556519616714,0.37064970754642457,0.5641782585831269,0.4281199939580062,0.4485483813209312,0.4478758914926355,3.531992472,0.4056604531014068,9.196802028,7792.232097,19571.59819,10762.35956,5.053669044,13.63636364,20.4,0.033777034877795,0.537986823,13.8984911862033,28.8,3.41336322,20.7818,71.6279,54.3,0.269479923,1.896108415,2349.040764,4.71,3.386848894,0.208338189,16.686413680527732,7.118305345046506e-06,0.0001805589059211,28.36383721,0.4674418604651162,15.928488372093025,1.5174418604651163,0.8732086179543237,15.7926983078366,3.9923935157395,14.47,S
SWZ,斯威士兰,748,2013,0.4107266887591202,0.37305771309886443,0.5738458894760519,0.3885635356239828,0.42570054406689267,0.41386189430757514,0.36961425886563937,0.5746190789771958,0.40118069458317474,0.4398189816833963,0.445817576017141,0.3725878794188698,0.5653278064806074,0.43268056146165396,0.454103455844568,0.4528234287155113,3.530166489,0.4245645946245466,6.207936017,8223.320644,20139.22193,10917.12831,10.91138449,6.153846154,17.5,0.0275269156445951,0.543692521,15.345268542199488,29.2,3.32492328,24.7,79.0272,57.5,0.306416202,1.972265993,2336.303861,4.81,3.525526308,0.213034697,16.029723954922904,7.07970866998823e-06,0.000186428269925,28.4344186,0.466860465116279,15.927906976744186,1.5174418604651163,0.7804440658766891,14.9037910303958,4.06081489456945,14.66,S
SWZ,斯威士兰,748,2014,0.41682120674887296,0.37273814845244513,0.5740085773143943,0.393118840630768,0.42810210076174204,0.4191882126573561,0.3697961386166711,0.5744649891924096,0.4061137772835611,0.4423907794374995,0.4479686261632638,0.3708426622451576,0.5657754204148404,0.43725769530641534,0.45546110103241927,0.45394845152292074,1.490735142,0.4676707795561868,5.737456509,7801.224676,20330.71375,10963.62926,11.95048563,6.153846154,16.2,0.0265016311648436,0.556770676,9.425336113118114,29.4,2.73972297,25.0,80.683,65.0,0.085476683,2.167899025,2323.332151,4.16,3.598059845,0.16408159,16.492415982446346,7.04040045797805e-06,0.0001755559872668,28.505,0.4674418604651162,15.932558139534883,1.5174418604651163,0.8055851136012616,13.5659738944076,4.06081489456945,14.66,S
SWZ,斯威士兰,748,2015,0.41869081196636343,0.378593380041439,0.5726399057262209,0.39170339477836097,0.4292725771389707,0.4208915863552213,0.3752417737587543,0.5731813041199917,0.40432295569690574,0.4434094049827182,0.4490638681459197,0.3763208477656529,0.5645672688718241,0.43522551382801633,0.4562943746528532,0.454987208386721,1.124546824,0.4636384254596096,5.324705218,7558.562804,20583.38634,10972.28884,13.64621888,6.153846154,16.2,0.0271073638556018,0.571627699,13.344265422251937,29.3,2.94745016,25.643,82.3407,64.1,0.0,2.746120989,2310.089227,4.45,3.659380069,0.066884403,16.851861045813685,7.000270385443638e-06,0.0001798220788245,28.5755814,0.4674418604651162,15.929651162790698,1.5174418604651163,0.8557417959018667,14.3898410766678,4.19101211030133,15.16,S
SWZ,斯威士兰,748,2016,0.40288073459830714,0.38485929641597283,0.5606725912212551,0.3958814211759804,0.4280523037809591,0.40511321369918396,0.3809357340955061,0.5608520945708056,0.4088136994234165,0.4389286854472281,0.43508113897356776,0.38144264795167876,0.5546076036013049,0.439238687298886,0.45259251945635937,0.4519227171510175,2.349657523,0.4387065299498042,6.764660836,6167.346566,21519.06265,11112.0537,7.990246527,6.153846154,16.3,0.0234251287745035,0.584038793,16.33743857149195,29.0,2.84598303,28.57,86.5588,63.4,0.0,3.9371492,2296.636732,4.44,3.767301343,0.063191187,17.437630425195994,7.829443404868348e-06,0.0001540905073747,28.64651163,0.4686046511627907,15.91046511627907,1.5151162790697674,0.9251464445192592,13.0859087662215,4.19101211030133,15.16,S
SWZ,斯威士兰,748,2017,0.39978168126162544,0.4216617036845618,0.5602149807593879,0.3923913422267164,0.4371260037549562,0.4028853151308001,0.4163943509899476,0.5603069312386173,0.4049586285596769,0.4461363064797605,0.43514034643537436,0.41373213379548385,0.5543636052725233,0.43546416626713913,0.45967506294263016,0.46047910413506704,2.744408885,0.4035727141947733,4.944813704,7275.357374,23655.87811,11374.40059,6.112936516,6.153846154,15.0,0.0239382514049939,0.752960395,24.857644869818987,28.6,3.54254961,35.3,88.713,73.5,0.0,3.560979594,2279.408908,4.44,3.89994627,3.54e-06,17.947030829004408,7.770712185771826e-06,0.0001507074207524,28.71686047,0.4703488372093024,15.909883720930232,1.5151162790697674,0.9696304361528066,14.0816536756178,4.19101211030133,15.16,S
SWZ,斯威士兰,748,2018,0.388883345767177,0.43061883829078085,0.5609043118231929,0.392779515040066,0.43861593557703077,0.39246740861750945,0.4254741421884305,0.5609316889127671,0.40531354340997083,0.4460466957821695,0.42531110515010434,0.42073525789887756,0.5551261866423951,0.43562170752704876,0.4591985643046064,0.4607541075011015,-0.853481331,0.396662089891757,3.293682459,8332.206513,25161.98196,11280.37175,1.307815701,7.246376812,13.4,0.0196790217806648,0.922518622,25.15122817553504,28.1,3.39840841,39.4,89.2004,74.0,0.0,2.78030602,2258.477632,4.5,3.902496666,3.09e-06,18.637142700093683,7.699355563939298e-06,0.0001493235099637,28.7872093,0.4790697674418605,15.91279069767442,1.5162790697674415,1.0295805211437137,13.9334599780995,4.19101211030133,15.16,S
SWZ,斯威士兰,748,2019,0.4137172471375901,0.4632473121948034,0.5630035732048884,0.386708911706682,0.4497357025213221,0.41740277873311754,0.45698303042640276,0.5631189919527254,0.398606054579429,0.45902771392291863,0.4508854206135274,0.44990831176860624,0.556519169165405,0.4289958338874978,0.4715771838587591,0.4734094192814523,5.444562781,0.4336131208856056,1.965061702,9122.766271,28559.26183,11967.28534,3.815106613,7.246376812,11.7,0.019469569216618,0.931970814,28.53694547044854,27.6,4.40824461,43.9,91.0519,77.0,0.0,3.067512537,2237.527058,4.53,4.153500134,2.14e-06,19.95271480249441,7.627933152184046e-06,0.0001603272468463,28.85755814,0.477906976744186,15.92325581395349,1.5180232558139537,1.1230225591885237,15.6210102845218,4.19101211030133,15.16,S
SWZ,斯威士兰,748,2020,0.41297470716748524,0.4765950521057641,0.5674623443301818,0.39397241950093415,0.457150599697215,0.4159128384484528,0.47000558641427065,0.567761169737213,0.406193930137237,0.4649683811842934,0.44119054486275794,0.45779530361512233,0.5600940767778695,0.435867506378273,0.4737368579085057,0.4762962821240451,-3.99780069,0.4237331372622719,5.165047566,8505.152744,29356.19009,13042.27978,6.55291657,9.589041096,11.4,0.0002005012531327,1.083630577,30.71108357388812,26.9,3.53693056,49.013,104.747,80.0,0.0,3.031744638,2213.411429,4.51,4.030895683,2.01e-06,19.57760952908951,7.54572077982509e-06,0.0001722964809002,28.92790698,0.4767441860465116,15.9203488372093,1.5174418604651163,1.1213640609057045,14.3830867488667,4.19101211030133,16.99,S
SWZ,斯威士兰,748,2021,0.4134837073693535,0.5022719199562398,0.5675181634367893,0.39099890610224447,0.4637157176438193,0.4164503323261039,0.4941579418482515,0.5676580123701734,0.4029508326225757,0.47030427979177614,0.4471801086432797,0.476972262155702,0.563914556221999,0.4328589494907187,0.48023146912792486,0.4834731171759916,3.038523689,0.4301997497507669,0.114057725,7854.971356,35764.02255,12698.47824,2.606946725,9.589041096,11.6,-0.0272961143964451,1.155672669,32.94400017238622,26.1,3.65004921,53.9953,118.627,82.9,0.0,2.580727194,2187.978879,3.91,4.201653257,3.55e-06,18.832815515070006,9.05856407255802e-05,0.0001453749743334,28.99825581,0.4738372093023256,15.934302325581395,1.519186046511628,1.1061979441286334,15.3105371493418,4.19101211030133,16.99,S
TGO,多哥,768,2001,0.2520793301208161,0.27644182357986113,0.480243513631662,0.4514550388900367,0.3796190675982989,0.25531702099163006,0.292701046100697,0.48003854227690457,0.4630402858093359,0.3727742237946419,0.3115287149928469,0.2638395665724588,0.49169363043899533,0.4798895165655698,0.38673785714246767,0.3848075140338244,-1.800512896,0.1705279322283439,1.634053474,824.6468481,5187.059292,2362.818,-8.085901955,4.938271605,28.8,0.0030965424995879,2.636986353,5.017639428034582,3.7,0.32503283,0.9,1.80013,19.6,0.0,5.779394635,2179.110779,10.49,20.79678087,0.0,2.5947571407468972,0.0,1.629302611559781e-07,23.26722927,0.0119507262364405,4.640558926273211,0.0009192866335723,0.1894878938079525,10.5743255122005,11.9377585594008,38.67,W
TGO,多哥,768,2002,0.258765095642749,0.28063017854589795,0.4794512636161719,0.45060600394484335,0.38125971982882456,0.26191909151450016,0.29685909491449364,0.47923474971454044,0.4620974242154225,0.3750275900897392,0.3189659769568572,0.2674453496365394,0.4909402035582731,0.47882187872871435,0.389043352220096,0.3869485940269872,1.220213333,0.1771637920067009,5.027855566,808.6978892,5330.305477,2151.733287,-5.817847457,4.938271605,28.8,0.0052241259635406,2.5423944,3.7352626155631503,3.6,0.34117612,1.0,3.05061,21.3,0.0,6.126010373,2124.407521,10.47,21.63518408,0.0,2.767662786162332,0.0,1.5884014507299246e-07,23.21281853,0.0121345835631549,4.5798860084574375,0.0009192866335723,0.2401504154417456,10.6851019016576,11.9377585594008,38.67,W
TGO,多哥,768,2003,0.2670674938765026,0.2914138901247531,0.47350780666597003,0.4549147846046177,0.3858572083749318,0.2701540601099871,0.30811743589785334,0.4733039339871664,0.46659870613153315,0.379543534031635,0.3276794036138297,0.2766572360897251,0.48517614796096736,0.4824888581247243,0.39300041144731157,0.39078895243648704,4.050459801,0.2001349370656329,2.893106988,786.3544962,5226.271818,2307.87943,-5.431380966,7.407407407,27.7,0.0048517226341038,2.533421659,4.6828562613480464,3.5,0.37685171,1.2,4.38771,23.0,0.0,8.592675276,2071.263346,10.36,20.86662479,0.0,3.346575311620125,0.0,3.097332005593492e-07,23.1584078,0.0130538701967273,4.582643868358154,0.0009192866335723,0.396241683652527,9.40357183606117,11.9377585594008,39.13,W
TGO,多哥,768,2004,0.25589254352038276,0.29618479734134445,0.478614970899514,0.44776847817923765,0.384258161736126,0.258767727409784,0.31267091603892705,0.4784190639264385,0.4588180051553228,0.3771689281326181,0.3129986458550921,0.2806757290095,0.49010946431306596,0.4751160242844122,0.3897249658655175,0.38851944659333926,-3.487717978,0.1883090763894784,1.907888973,786.6790947,4894.801217,2353.4058,-6.493995076,6.172839506,26.2,0.0053346353460279,2.566505352,4.23066201258736,3.4,0.44411397,1.5,5.83805,24.8,0.065969566,5.834070015,2018.780628,10.57,18.84814995,0.0,3.237942987560882,0.0,3.0188502411477345e-07,23.10399706,0.0139731568302996,4.543114543114543,0.0009192866335723,0.4037561256826111,11.4402642608552,11.9377585594008,39.13,W
TGO,多哥,768,2005,0.2535933962632711,0.3055943482706999,0.47192422177960636,0.45942501654514506,0.3895725090286023,0.25604901550439946,0.3223180674104058,0.471954692442835,0.4703402771879844,0.3801655131364062,0.3077666908043155,0.2887033724943414,0.48381281730864095,0.4848798209454726,0.3912906753881926,0.3904339554092698,-7.082382407,0.2048474092765648,5.876157766,831.2628424,5019.931162,2148.740359,-6.330897062,7.407407407,24.8,0.0057919919415763,2.567010652,4.27400805970471,3.3,0.50362611,1.8,7.41937,26.5,0.579204641,5.899126999,1967.617802,11.3,16.51825544,0.0,3.078665631644022,0.0,2.942342219637134e-07,23.04958632,0.0139731568302996,4.544953116381688,0.0009192866335723,0.3935235603411062,10.7364703639223,12.829383790778,41.8,W
TGO,多哥,768,2006,0.2616349598501207,0.3149900383968919,0.46952042597834404,0.46405470508651286,0.39458430882187306,0.2646148755704292,0.3316868530047089,0.46969745776795424,0.47540019120829174,0.385349844387846,0.3204644309337513,0.2952177305325663,0.48002207464159824,0.4896953671981851,0.39634990082652527,0.39509382150652317,-0.18544624,0.1897071682619912,0.508763233,775.6773105,5038.493755,2310.730036,-5.313248736,8.641975309,23.6,0.0040417769511411,2.801242841,4.949533063546348,3.2,0.56445849,2.0,11.7791,27.9,1.936206408,5.423024111,1913.264882,10.99,16.95601103,0.0,2.6098383012010262,0.0,4.291595680263825e-07,22.99517558,0.0196727339584482,4.55285898143041,0.0009192866335723,0.3826529763413983,9.38680767609874,12.829383790778,41.8,W
TGO,多哥,768,2007,0.25451372817970536,0.33101386593279325,0.4638990959327757,0.454920494375999,0.3938668387698553,0.2574342035903705,0.34780542207798965,0.4641637516300084,0.4654151230577163,0.3837046250890212,0.31117959602677725,0.30736705723813507,0.4747281015367182,0.48015319897280956,0.39335698844361006,0.39310900735828624,-4.012536756,0.1800549703462722,4.963751353,808.2353695,3641.860196,2345.790203,-5.745986054,11.11111111,22.2,0.0042748744255636,2.913163218,4.813888820660261,3.0,0.59498978,2.2,19.2349,30.0,2.062219273,6.807654881,1858.332375,11.28,16.75675469,0.0,3.075309632724652,0.0,1.389459324625457e-06,22.94076485,0.0222467365324508,4.559477845192131,0.0018385732671446,0.4215442000315432,12.0017173125608,12.829383790778,41.8,W
TGO,多哥,768,2008,0.26191727842315266,0.34100649562097074,0.4576291727335807,0.5533855118485589,0.432327183188381,0.26500000485272046,0.35755364421424196,0.45806741283485103,0.5592773663347047,0.4099746070591296,0.32039556344100983,0.31594314162188275,0.4672189060600801,0.5557842055386162,0.4148354541653972,0.41333659291633956,1.087638079,0.1862914351471162,9.074232587,797.9297204,3013.617865,2428.440122,-4.867213092,11.11111111,20.7,0.0047710262140401,2.874543034,6.881974220623878,2.9,0.60018307,2.4,24.3302,31.8,3.786819662,6.152460461,1805.674276,11.29,17.43299248,0.0,3.587500233801335,0.0,2.700174624325542e-07,22.88635411,0.0235337378194521,4.5611325611325615,0.0018385732671446,0.4531786107047907,12.3831791837499,24.7886600506384,62.4,W
TGO,多哥,768,2009,0.26662417930043986,0.3540963790347194,0.4467288487208769,0.563648775992545,0.43826108250706564,0.2698121585024918,0.3700144738347489,0.4473129764009919,0.5706453912306763,0.41444624999222723,0.3263526990501856,0.32618176808108773,0.4581617322627186,0.5672100146719709,0.4194765535164907,0.4178653612324238,2.507529802,0.1912370533587011,3.117242693,958.6715198,2367.452165,2349.839724,-3.756554704,11.11111111,19.9,0.0048719351820796,2.833678897,6.4668609624893065,2.8,0.68256968,2.6,33.3849,33.7,3.793557886,6.045413675,1755.225421,13.02,18.38375494,0.0,6.216696923150348,0.0,5.249468525236708e-07,22.83194337,0.0253723110865968,4.57712814855672,0.0020224305938591,0.2370080383219129,9.66146575678805,24.7886600506384,62.4,W
TGO,多哥,768,2010,0.26854578367668364,0.3651029131673602,0.45599432426502007,0.5657449131124327,0.4444616723215693,0.27169646100952427,0.38028718717054555,0.45637030719916144,0.5728064754285145,0.4202901077019364,0.3286731320760468,0.33608102577876664,0.4669769893322322,0.568707314178977,0.4251096153415057,0.4239403999924088,3.012853296,0.2056300975884226,0.09331834,1057.164472,2318.28676,2254.217269,-4.211677851,11.11111111,19.6,0.0052699070739719,2.721017166,7.260207438742,2.7,1.12349021,3.0,38.652,30.8,3.217333905,5.054738028,1708.109361,12.3,19.46000135,0.0,5.775179277857746,0.0,5.10855541464726e-07,22.77753263,0.0253723110865968,4.583379297665012,0.0020224305938591,0.4039277555888595,8.7974654677467,24.7886600506384,62.4,W
TGO,多哥,768,2011,0.26753973156845084,0.3735065530952598,0.44410774311211876,0.5616928088548696,0.44284257735034566,0.27062847857611644,0.38868666657921136,0.44494710742766375,0.5684323899108651,0.41817366062346417,0.3272837880896529,0.3427362563143257,0.45141299475709434,0.5647467686192333,0.4215449519450766,0.4205600053393689,3.009799011,0.2174298257574989,2.819591191,1095.974428,2349.82151,2252.977612,-5.571345555,11.11111111,20.1,0.006727593618397,2.694618859,7.067184811220284,2.7,1.03214419,3.5,38.9698,39.7,7.277821333,4.574762581,1662.696918,11.7,20.59320709,0.0,5.226465882505896,0.0,6.215921779493425e-07,22.72311087,0.0255561684133112,4.606545320831035,0.0020224305938591,0.3534784975697154,10.0519255775772,24.7886600506384,62.4,W
TGO,多哥,768,2012,0.2734363088930368,0.38312106334686835,0.43544752298611544,0.5624274431811523,0.44490828872269855,0.27634785793492767,0.3976313938444512,0.43656433519142646,0.5692865541869264,0.4199575352894329,0.3322135596019186,0.35027449704652797,0.44018268226287166,0.5657313072851557,0.4221005115491185,0.4210510143037,3.54419026,0.2427246496279796,1.750374491,1167.571779,2210.473649,2397.058362,-5.433024311,11.11111111,19.9,0.005693258348955,2.629233845,6.19935736239173,2.6,1.16667867,4.0,46.6464,39.1,9.89550503,5.528370985,1619.550424,10.97,21.89113809,0.0,4.593681249879825,0.0,6.054620446936768e-07,22.6686891,0.0255561684133112,4.611141753998897,0.0020224305938591,0.2976784324892518,9.89397883016883,24.7886600506384,62.4,W
TGO,多哥,768,2013,0.26698018554231606,0.40179986724414324,0.4569782315630024,0.5678108990195794,0.45603111901328935,0.2699304104187611,0.41637817272230426,0.45744759428518905,0.5751616352386515,0.42972945316622646,0.3262459564170444,0.36480135354317395,0.46326558911259724,0.5712551363504976,0.4313920088558283,0.43150490068142366,3.141314771,0.2527513012901577,1.683290446,1096.870704,2613.810338,2397.825393,-9.439446382,15.38461538,19.6,0.0069899896444598,2.567966978,7.764799994289983,2.5,0.96069103,4.5,58.5139,41.0,6.393372184,4.86885209,1578.490365,10.07,23.16613286,0.0,4.416629964958438,0.0,5.901119159812129e-07,22.61426733,0.0255561684133112,4.615186615186616,0.0020224305938591,0.3027146568458029,8.28675459257786,24.7886600506384,62.4,W
TGO,多哥,768,2014,0.263942540604098,0.4152256758355085,0.4657936850969442,0.5676980213530273,0.4613928488923925,0.2672864005070092,0.42989012689006867,0.466007278201954,0.5750313648034281,0.434553792600615,0.32499122539547187,0.37611833149664325,0.47324843604637606,0.5710665424819831,0.4363561338551185,0.4371732399119996,2.989625128,0.2070913228068171,0.479878463,1251.372115,2789.912806,2285.587462,-7.171082494,17.58241758,20.0,0.0072156997171994,2.534481353,10.04623650877557,2.4,0.99828738,5.7,60.4369,45.7,4.610050818,4.784561915,1538.986544,9.93,24.47113612,0.0,3.9910928472914,0.0,5.753435804040175e-07,22.55984556,0.0255561684133112,4.619047619047619,0.0009192866335723,0.3225186890511144,8.27315043038504,24.7886600506384,62.4,W
TGO,多哥,768,2015,0.25765799295457376,0.4172041404981038,0.4755980503886171,0.5551682180500042,0.45863822149447186,0.26135032293251625,0.4315673613380735,0.4755813453537059,0.561366286324199,0.43246632898712367,0.31989453864146433,0.37745139044037457,0.48315655155409765,0.5581256359048116,0.434657029135187,0.436093815474099,2.842830675,0.175659353053768,2.202701498,1233.315597,2691.078385,2401.140069,-8.010216002,17.58241758,20.1,0.0077255555933704,2.520607466,9.12021682862044,2.3,0.92438984,7.12,63.3575,44.7,3.411051308,4.934538533,1500.679547,9.17,25.80922796,0.0,2.7214069248694672,1.3049387363886734e-07,5.610226723174864e-07,22.50542379,0.0255561684133112,4.619047619047619,0.0009192866335723,0.3374273971887704,11.9083409239504,24.7886600506384,62.4,W
TGO,多哥,768,2016,0.2581396267211912,0.430412760901837,0.4807679218279583,0.5599272984655982,0.4654104072446457,0.2618332653738835,0.44371699573745965,0.48054467657813194,0.566638660573015,0.4381833995656226,0.31960899767753964,0.3880234934439611,0.4892475392465495,0.5633754224752732,0.44006386321083085,0.44199203385892694,1.627610068,0.1706426293898198,1.457756707,1323.98075,2559.328054,2509.002332,-7.191806521,17.58241758,20.6,0.0075818980074298,2.513989965,8.547662220109238,2.2,0.97535449,11.31,70.0588,46.8,2.301893288,4.121706298,1463.42289,9.34,26.89706211,0.0,3.757011519477841,1.2725416436071517e-07,5.470944295113097e-07,22.45100202,0.0272108843537414,4.595146166574739,0.0009192866335723,0.2504545590013297,10.5935749766552,24.7886600506384,62.4,W
TGO,多哥,768,2017,0.26744206949262317,0.4388999856145427,0.4890031498658316,0.5606237430013913,0.4711156328337715,0.27099437401775106,0.4516515217831484,0.48852605727913884,0.5674343333697097,0.44465157161243696,0.3276433884127833,0.39477629821299276,0.4968586225306109,0.5641986764958659,0.44586924641306325,0.4478406975224069,1.440987182,0.1590625519497355,0.884659427,1408.850826,2538.057709,2538.246265,-1.513024528,17.58241758,20.4,0.007809750456686,2.498975657,8.227485187051485,2.2,1.04958856,12.3602,75.3357,48.0,1.737548824,4.243427883,1427.305471,8.27,27.97507285,0.0,3.456230472324776,1.241135191891912e-06,0.0,22.39658025,0.0272108843537414,4.566096708953852,0.0009192866335723,0.2253906131704302,10.378842819673,24.7886600506384,62.4,W
TGO,多哥,768,2018,0.26626997473035835,0.4458490030865754,0.49344891898972193,0.5659592739831093,0.4758829999668121,0.2699295732657757,0.45838439688016924,0.49287596618845786,0.5731062706119008,0.4485740517365759,0.3270521376200866,0.4015954020298766,0.5018520341509942,0.5692426361177078,0.4499355524796663,0.45223318764529363,2.236609753,0.1536444513801826,0.452907938,1251.605188,2842.172874,2734.275266,-2.629761165,17.58241758,19.7,0.007749230897148,2.471797986,10.329615349873794,2.1,1.03169048,15.5,74.3997,50.0,1.240029586,2.711628875,1392.457819,8.51,29.31652888,0.0,4.08544412825455,4.237915100757037e-06,0.0,22.34215849,0.0272108843537414,4.489428203713918,0.0009192866335723,0.2756049760630447,8.9563374386196,24.898913500624,62.64,W
TGO,多哥,768,2019,0.27083864755927595,0.4527402406304388,0.49570945575650893,0.5672000968116181,0.47944144013260037,0.2744259131228577,0.464783954092171,0.49509085564109245,0.5744874209079915,0.45219703594102817,0.33075206833288867,0.40847512151044885,0.5041137765513448,0.5705944727259032,0.4534838597801464,0.4559351607118835,2.390100923,0.1508726153379561,0.012576748,1149.943301,2951.933517,2975.89306,-0.792883114,16.48351648,18.2,0.0074916255507335,2.443512093,10.715972032837264,2.0,0.89146012,20.7273,73.7225,52.5,1.053095014,2.788804693,1358.845279,8.3,30.75973271,0.0,3.789109847113821,6.49882524871595e-06,1.0159970680607292e-07,22.28773672,0.0290494576208861,4.422136422136423,0.0009192866335723,0.2522245472918331,8.58158591549545,24.9157015745044,62.64,W
TGO,多哥,768,2020,0.2706049337855827,0.4738213419113311,0.4920571407975678,0.5599004602641187,0.48220251365490585,0.2738780739248406,0.48543651636948487,0.4915513553497166,0.5665323839550327,0.4543495823997687,0.3278768065342456,0.42747580130720786,0.501092670558634,0.5630661353091463,0.45487785342730847,0.45836055224449046,-0.272860218,0.1612336242511824,2.943178346,1117.872711,2979.248325,3020.313057,-0.277018884,18.68131868,15.9,0.0011137498976332,2.412473937,10.406333768564611,1.9,0.91246384,29.0237,75.164,54.1,1.180929293,3.121179339,1326.455756,8.76,31.42484628,0.0,3.909171755295358,1.2461763471023284e-05,9.917796970142729e-08,22.23331495,0.0290494576208861,4.420665563522706,0.0009192866335723,0.2588943824021998,10.6915230277988,24.9157015745044,62.64,W
TGO,多哥,768,2021,0.26608294713654074,0.4712055572866741,0.4854640996723592,0.5620635743402647,0.48024296391628585,0.2697435552872676,0.4835013531531013,0.4854424772300478,0.5688826875447917,0.4518925183038021,0.3263912560057806,0.42666397431980735,0.4942506226560118,0.5651694290914909,0.4531188205182727,0.45649969329042855,2.658169556,0.1521950956816035,4.564499919,1156.079844,2992.997365,2930.670224,-3.0915724994947595,18.68131868,13.7,0.0033538929699132,2.37825003,12.094550142542912,1.9,0.55793744,30.3384,70.4497,55.7,3.772574182,2.975664446,1295.281492,8.6,33.03659557,0.0,4.45916498141942,7.208523087378901e-05,9.684709646658e-08,22.17889318,0.0336458907887479,4.3664276521419385,0.0009192866335723,0.2920215356879899,9.95586193677656,24.9157015745044,62.64,W
UGA,乌干达,800,2001,0.2508367653761649,0.3037144771366889,0.44840203362438624,0.456830512479704,0.38278626267139776,0.2553801553884264,0.3220421661979852,0.44885452417807764,0.46204976816664006,0.3720816534827823,0.314187930797921,0.29100092041635994,0.46414779594654576,0.47723762335555486,0.38664356762909535,0.3854281138268352,2.014737627,0.0772193649924282,4.534475812,1061.547627,1814.465273,3261.096145,-5.232145995,24.67105263,21.2,0.0188557614826752,3.059068635,5.483382228070876,8.2,1.35010099,0.237945,1.14574,8.6,0.0,12.86237825,1576.03292,13.54,37.19685576,0.0,1.023015761793717,3.232888040722751e-07,1.0771660492067383e-06,15.62332716,1.8901956859016067,8.584905660377357,0.0007507131775186,0.0565755407126481,26.7867801312313,14.4235156671908,59.78,E
UGA,乌干达,800,2002,0.2598141004153748,0.30821421418218303,0.4466062583573697,0.4829693840002761,0.39443704421388354,0.2644491049626048,0.3266633605313364,0.4470216112402249,0.48854322084304175,0.38166932439430196,0.3244725482445619,0.2947553087967767,0.4621568734546768,0.5002632678928776,0.39541199959722323,0.3935405567622004,5.380390553,0.075583910907748,3.169556337,1111.794095,1902.117621,3297.772241,-2.460116952,24.67105263,19.5,0.0171425181904461,3.131587502,5.126333232417664,8.0,1.46629059,0.384094,1.54041,7.8,0.000125317,14.56386227,1527.442861,13.15,38.65808147,0.0,1.004307470356119,4.308172171792674e-07,1.2460124309076888e-06,15.41686602,1.8932986337020168,8.568540113107453,0.0007507131775186,0.0587478023426273,23.3694388806093,16.4064948206065,62.11,E
UGA,乌干达,800,2003,0.26208627238559695,0.3154873083578229,0.43091040867538133,0.4831391262059981,0.3936564251854148,0.266413487659753,0.3340677354778784,0.4314540445990388,0.48876806023702185,0.380175831993423,0.32388322563938754,0.3006323049647984,0.44701699353354574,0.5004560731250989,0.3929971493157077,0.39118550458607054,3.163140555,0.0805220702915974,7.806740873,1103.48773,2037.189495,3410.757844,-0.581756162,24.67105263,18.4,0.0188752599965009,3.158223725,5.238287433680868,7.7,1.47303784,0.46485,2.94538,10.5,7.13e-05,21.32767761,1479.956606,12.91,36.52296313,0.0,1.031073704837394,6.451092898621758e-07,1.4030498938768654e-06,15.21040488,1.894449727240879,8.544267053701017,0.0007507131775186,0.0607161684576165,23.2141711400097,16.4064948206065,62.11,E
UGA,乌干达,800,2004,0.26399075928054827,0.31765161119088714,0.44589427705721335,0.4814354715490809,0.3970618159469064,0.2682231919998618,0.3360822481644238,0.4462933894759831,0.48686199110510764,0.3843652051863441,0.3245443268354868,0.3035189645268253,0.46107678601327584,0.49853188424292294,0.3969179904046277,0.3954395906229273,3.65117761,0.0823730745902796,15.58754998,1060.68947,2156.290794,3594.135468,-0.021097335,23.93442623,18.1,0.0245163505933527,2.999445195,7.795020459765162,7.6,1.36708832,0.719971,4.29039,11.6,0.016301992,15.59120866,1436.225247,12.72,35.05906167,0.0,1.068227224840436,8.470046325629458e-07,1.4882506902277577e-06,15.00394375,1.8893949251789195,8.473700015014266,0.0007507131775186,0.0589220613956831,23.8101580536083,16.482872442563,62.36,E
UGA,乌干达,800,2005,0.2700216167946918,0.31053484059696507,0.4519742066543651,0.4831989724391301,0.39767351526032063,0.2742975295316897,0.32900684821456894,0.45224738119235175,0.4888229423053981,0.3860936753110021,0.3306117795553569,0.2974499151937572,0.4663803747331716,0.5003616314010781,0.39870092522084094,0.39673817743036005,3.257139546,0.0879944242983531,1.741185292,1024.46767,2365.375275,4028.240338,0.532773078,23.93442623,18.8,0.0228495875155962,2.934921188,7.877471065724779,7.5,1.03255773,1.74221,4.70367,8.9,0.026485758,14.30946025,1394.685725,12.14,33.85137742,0.0,1.248651659187193,1.0728351732873768e-06,1.4452064523436424e-06,14.79748261,1.8867924528301887,8.472198588659225,0.0007507131775186,0.0607939931529513,23.1969251322132,16.482872442563,62.36,E
UGA,乌干达,800,2006,0.27014770820522316,0.32326255397555687,0.4554258654446543,0.500046513544133,0.40829887422327066,0.27476323883446097,0.3426503460303386,0.45563344789379445,0.5058408528514825,0.3947219714025191,0.3334555290378254,0.3074950932911852,0.4694415048245453,0.5150791581199036,0.4063678213183648,0.4045513660163755,7.588577526,0.0964155110065736,2.405620215,995.6690648,2695.704759,4286.719101,-3.189036042,29.81927711,19.2,0.0217019262280158,2.927459351,7.251857270418427,7.4,0.98067528,2.52936,6.97652,9.0,0.063923344,13.50107032,1354.448702,11.86,34.34421188,0.0,1.323832979661724,1.875390511003281e-06,1.4632358045704863e-06,14.59102147,1.887042690556028,8.474801061007957,0.0007507131775186,0.0659859624241895,21.234054369783,17.6048358059249,64.97,E
UGA,乌干达,800,2007,0.26927139555101914,0.3396036580412773,0.4499569146248592,0.48420506615288805,0.4060875923266373,0.27365105013330565,0.35842513870882303,0.45016013565576424,0.4886054453518763,0.3927104424624423,0.3296055328324033,0.3203392127699267,0.4640150073839282,0.4988165863610972,0.40319408483683883,0.4022734886726536,5.270375754,0.1123287339095405,7.321247318,959.7002386,2931.334513,4696.685235,-4.728752217,30.72289157,19.6,0.0201361417014147,2.941066543,9.42656549343533,7.3,1.03115988,3.67197,14.1477,14.8,0.06024524,16.3949449,1315.193554,11.53,34.34158622,0.0,1.552694283643954,2.596664197025437e-06,1.3628347780189342e-06,14.38456033,1.887142785646364,8.47259896902057,0.0009509033581902,0.0642887554660624,25.799119212385,17.6048358059249,64.97,E
UGA,乌干达,800,2008,0.26116074587243027,0.3508779642827491,0.4537130616083518,0.4965231541738254,0.41361368451968744,0.2656231340471129,0.36872484380477744,0.4538116924602597,0.5012060118688569,0.3973414205452518,0.3233681340928853,0.32769613197014524,0.4670263403477959,0.5098920893690047,0.4069956739449578,0.4065562363657015,5.554503856,0.1193872404290686,6.364276548,934.7265376,3166.6388,4285.762931,-8.475103279,30.72289157,19.8,0.0175551984348798,2.944486142,8.333782750520283,7.2,0.93871653,3.88,28.0124,15.9,0.059794249,16.65206067,1277.032444,10.81,34.64178526,0.0,1.541099647095444,3.831097331385302e-06,2.1397902349278003e-06,14.17809919,1.885941644562334,8.463089935438665,0.0009509033581902,0.0654888432715436,24.3682031747099,17.7001071431433,69.46,E
UGA,乌干达,800,2009,0.2503082395580744,0.34775731688440464,0.47413307511003716,0.505447122550753,0.418787752313392,0.2543266249697211,0.36571252639533885,0.47400397350424966,0.5109478819835064,0.40124775171320404,0.3031634535985724,0.3254618060307979,0.486203960748887,0.5189366482105602,0.40844146714720436,0.40894385493889557,3.705921591,0.0624009922322557,85.35327524,929.0121116,3329.556129,4611.283088,-4.170849232,31.48148148,18.7,0.015518514067945,2.941291711,9.859098638393236,7.2,0.82681918,4.1,29.8359,10.0,1.38e-05,9.617084174,1240.018211,10.45,36.9979523,0.0,1.588527874485987,4.514938101947366e-06,3.390044714341297e-06,13.97163806,1.882087983584405,8.454331615034281,0.0012511886291977,0.1049246178621571,21.5927238703824,17.7001071431433,69.46,E
UGA,乌干达,800,2010,0.250375011753122,0.36476853953216587,0.4790143182951074,0.49506137263807193,0.42105145965918267,0.2550471712860849,0.38178427089349665,0.47878184481627206,0.4996834363626514,0.40382418083962623,0.3140786451255776,0.3394059172435974,0.4906981006631622,0.5082807729356693,0.41311585899200165,0.41397466993437737,2.573084633,0.060697079684603,5.637611638,963.9527107,4420.281521,3628.189425,-6.035118146,31.28834356,17.6,0.0135571445475599,2.943891335,12.578262186901084,7.2,1.09722447,4.3,39.6047,12.1,0.00064918,8.236052937,1204.045519,10.2,39.08375316,0.0,1.757219916103928,4.60007134124064e-06,3.105878379150353e-06,13.71643726,1.875274286854179,8.414472371833234,0.0012467584280869,0.1049680708739474,24.4909363467496,17.7001071431433,69.46,E
UGA,乌干达,800,2011,0.2545321630115691,0.3805658004747477,0.4781988111201368,0.4919615902996741,0.4249566086185877,0.2592178130942515,0.39764555968562715,0.477893412622648,0.4963318080816967,0.40777214837105585,0.31913746363933615,0.35105070535398514,0.4898101826138985,0.5050693115609961,0.416266915792054,0.41745045397141944,6.23090994,0.0774620150468496,9.391655492,831.6491026,5046.475236,3818.835637,-7.48878446,34.97409326,17.7,0.0138761487016125,2.931949137,12.484056519677097,7.1,0.90863341,4.6,50.0591,14.6,0.000162704,9.29919604,1169.256014,9.9,42.75436461,0.0,1.795810005701444,4.856909596992529e-06,2.1396531765049214e-06,13.51071215,1.8746758428086976,8.41113105924596,0.0012467584280869,0.1169038471910707,25.2945124896862,17.7001071431433,69.46,E
UGA,乌干达,800,2012,0.2578732865782117,0.3829428288559929,0.47411884567232393,0.49392608974924157,0.42595875520572873,0.2622194255378939,0.39999588098614525,0.47387463069112934,0.4985210210886591,0.4086527395759569,0.31817769915753935,0.3528426284141073,0.48600927132253446,0.5071612701734882,0.4160477172669173,0.417265993574546,0.865151268,0.08631829116014,3.837455606,932.3146873,5776.090464,4353.188299,-6.063126387,34.97409326,19.6,0.012962445098781,2.904226084,13.13668189222504,7.1,0.9248504,4.8,47.6343,20.5,0.000399726,10.88729381,1135.786543,10.03,44.39504438,0.0,1.783105290120557,5.038232613627144e-06,3.2553354613230022e-06,13.30498703,1.8738779174147215,8.409884300817874,0.0012467584280869,0.1051293820756225,24.6452140553826,17.7001071431433,69.46,E
UGA,乌干达,800,2013,0.2568334393974522,0.37804323116890715,0.47391009506251724,0.4903759717167109,0.4230411085874105,0.26113289418788554,0.39456577324150294,0.4736923215072413,0.4946842692316505,0.40601881454207006,0.3168071312039316,0.34834173625247145,0.48577228958611673,0.5035198499365025,0.4136102517447555,0.414740490785862,0.656669464,0.0832763099348621,3.586905826,683.3358438,5233.741029,4430.481154,-6.0571939,34.97409326,21.3,0.0125692200263076,2.869551639,13.359635478261026,7.0,0.97432142,5.1,51.1323,13.9,0.105725999,10.76186862,1103.657742,10.13,45.98745281,0.0,1.845907920303181,5.235299547709737e-06,4.209555071248182e-06,13.09926192,1.8739776580889689,8.4065429882306,0.0012467584280869,0.108835261904491,25.5937610638173,17.7001071431433,69.46,E
UGA,乌干达,800,2014,0.2571509378855041,0.3852975177435265,0.47626787918403685,0.49938028012368296,0.4289934707654216,0.26158886622177513,0.40122259053106796,0.4760022458704239,0.5045294009937121,0.4108357759042448,0.31831766686696944,0.35255006017224555,0.4878822481528567,0.5127325450747355,0.4178706300667018,0.419015437169554,2.049484593,0.0693601265241082,5.106307324,730.999578,8498.101227,4553.067957,-6.641608433,34.97409326,23.8,0.0112905553862685,2.951444999,14.01298109639206,6.9,0.95077145,5.4,55.9572,20.4,0.077363204,10.46826543,1071.559896,9.98,48.33571348,0.0,2.108168147508962,5.495178955860497e-06,5.740879130203293e-06,12.8935368,1.8737283064033512,8.38759226012368,0.0017953321364452,0.1274251061922726,22.8231256321177,17.7001071431433,69.46,E
UGA,乌干达,800,2015,0.2611240442085268,0.3684980056937357,0.4778599351808209,0.49771455406321774,0.4242916336661533,0.26546896189733005,0.38391710639267174,0.4775697709970805,0.5027529288934802,0.4074271920451406,0.3215138232217431,0.33652214316362616,0.48912927223747654,0.5110595939705239,0.4145562081483424,0.414895835179116,2.004299431,0.0699968240183877,5.187859865,739.0050457,8989.873612,4670.011119,-5.09288758,34.97409326,30.6,0.0122746086873781,3.073292939,16.231189174006246,6.8,0.75713688,5.8,53.8756,18.5,0.057978309,10.93185179,1039.128628,9.71,50.84330256,0.0,2.08944477735569,5.861751236549745e-06,8.087228115335072e-06,12.68781169,1.8736285657291043,8.387642130460803,0.0017953321364452,0.1235091768113597,23.2311412546241,17.7001071431433,69.46,E
UGA,乌干达,800,2016,0.2686379090149033,0.37113091981262536,0.47132269803927546,0.4964821897817049,0.4242406548273307,0.27268895353146305,0.3854523270484085,0.4711186031308649,0.5014608307261623,0.4076801786092247,0.3269356900318733,0.3351346632284851,0.4832239182604,0.5098094295609983,0.4137759252704392,0.4137466812746927,1.357433129,0.0849883906556899,4.781000291,749.7050619,9258.781581,4846.46848,-2.725639686,33.48946136,35.4,0.0103868026507496,3.321924914,15.582557062071873,6.6,0.78636652,5.9,58.8634,26.7,0.082485924,12.85157586,1005.176608,10.06,53.274121,0.0,2.105769091536276,6.211475962155049e-06,8.044604108233602e-06,12.48209655,1.8713844005585476,8.324007580291244,0.0017953321364452,0.1252414485759894,23.4514988922699,17.7001071431433,69.46,E
UGA,乌干达,800,2017,0.2639317427672138,0.3795922737343814,0.4729067751663381,0.5057795554186739,0.42983159245521524,0.2678787929079737,0.39382866330698385,0.47260091170941876,0.5116369074758079,0.41148631885004605,0.32162956347294036,0.3407959571915226,0.48500684011294876,0.5193608902853556,0.4166983127656918,0.41703868233897623,-0.406390813,0.0943584208011816,4.64905082,760.6608503,9732.433624,4755.536056,-4.882786602,34.29844098,35.5,0.0105436164604459,3.490595909,16.247447444816473,6.5,0.63865817,7.032016703269051,62.0968,32.4,0.038342612,12.37273851,970.6952577,9.87,54.94234977,0.0,2.200996991183418,1.1001212921058982e-05,4.408651873059791e-06,12.27638141,1.870586475164572,8.289447436664672,0.0017953321364452,0.1344230845220699,20.5951239214194,17.7001071431433,69.46,E
UGA,乌干达,800,2018,0.2588774679160594,0.38945818505590124,0.4824266963345294,0.5057941403430424,0.4340720836234141,0.26303810259809585,0.40396677213917,0.4820470336349651,0.511704447964572,0.41518908908420077,0.32051125066268593,0.3493913936191397,0.49425373965645547,0.5193727316279932,0.4208822788915686,0.42178700590477186,2.753003825,0.0937527742598452,4.443385272,778.6861906,8803.468375,3942.092489,-6.329868164,34.29844098,35.9,0.009221468683831,3.397410976,16.491911349011644,6.3,0.67459893,7.462605080469416,58.8754,41.9,0.0,9.026871368,938.2706676,9.88,58.40587362,0.0,2.290987711149074,1.621524179319307e-05,5.792177322146165e-06,12.07066627,1.8668960702174349,8.21429283861959,0.0017953321364452,0.1411304747882942,20.4308910387368,17.7001071431433,69.46,E
UGA,乌干达,800,2019,0.25378183509918617,0.39452224739694924,0.48702838132696513,0.4927903739296511,0.43112198439303573,0.25791393130257767,0.40948015658830533,0.4865398002787457,0.49757459242963714,0.4128771201498165,0.31705967810492164,0.3545234495704435,0.4984903782242463,0.5060389734319346,0.4190281198328865,0.4205699245268406,2.889586902,0.1008116383386877,3.000011816,824.8221145,8286.469382,3246.744318,-7.446613746,34.8583878,33.1,0.0088027366020524,3.391321423,18.65225048295175,6.1,0.57344079,7.893193457669781,59.0598,41.3,0.0,8.176030389,906.9844008,9.52,62.16647891,0.0,2.263398951214927,1.80699199856036e-05,5.419070320222471e-06,11.86490126,1.8654997007779772,8.16686614801516,0.0017953321364452,0.1351871877430035,24.1412452089778,17.7001071431433,69.48,E
UGA,乌干达,800,2020,0.2496877398566244,0.4101176887386663,0.4797025465326433,0.49027833010514577,0.4327314724038179,0.25365316683540756,0.4245121082422119,0.4794234272910374,0.49488318862326947,0.41311797274798157,0.31071197110959997,0.3678811369759197,0.4925901694269915,0.5035278743724811,0.4186777879712481,0.42103910845144615,-0.423922683,0.110344664001602,2.721484441,783.1262855,8597.877816,3524.473221,-9.569552178,34.8583878,33.1,0.000843958163788,3.333417511,20.70600473912499,5.8,1.19107807,7.4,62.2824,42.1,0.0,8.51651964,877.2491769,10.72,64.00120219,0.0,2.094719278078258,1.9884314676747622e-05,5.0093157995653884e-06,11.65918612,1.863903849990026,8.167165370037901,0.0017953321364452,0.1229048590427025,24.8064960946654,17.7001071431433,69.48,E
UGA,乌干达,800,2021,0.25025396561916624,0.4310024204983599,0.48315772272008056,0.4927545969706131,0.44058742816951674,0.2543460602238074,0.4454516128745083,0.48279033707440655,0.497641233643528,0.42005731095406257,0.31183360573703317,0.3884401221093275,0.4953934294156195,0.5060683251721257,0.42543387060852644,0.4286565860991202,0.258075577,0.0978292787202802,2.545119296,746.0755396,8628.305533,3623.817473,-8.894443379,33.81294964,25.6,0.0006023189278723,3.217736618,26.302451289921592,5.6,1.14727044,10.0,65.6221,45.2,0.0,8.635333503,849.4709212,10.2,66.26465613,0.0,2.238684677748396,1.9705982867260583e-05,6.873378484929405e-06,11.45343756,1.8597646120087772,8.063185717135447,0.0017454617993217,0.1305135835845625,23.8955237750229,17.7001071431433,69.48,E
TZA,坦桑尼亚,834,2001,0.24534811410491578,0.29149826784438804,0.48194546208025896,0.6172886465815123,0.44390770073426966,0.24972198523235065,0.3093534252827787,0.48217602796631137,0.6183849115280314,0.414909087502368,0.3110250953148435,0.2774150141955055,0.4938802220093213,0.6224963503695382,0.42620417047230214,0.4228299591235047,3.250579618,0.0627396509891062,4.815969215,588.7259628,2896.275982,2311.213443,-4.155756395,22.26277372,32.8,0.016527683870483,2.701520748,3.735407782063559,5.9,1.08908296,0.1713,0.782879,9.7,0.480449478,0.0,2386.47896,12.17,4.152941044,0.00022723,1.461346765592448,0.0,8.550010601873119e-07,60.16934974,5.021246331000227,6.335933619327161,0.2697109957100925,0.0876163754390517,17.343498647706,28.5802342961156,41.68,E
TZA,坦桑尼亚,834,2002,0.2549838725424283,0.2981464126351147,0.4813315620961535,0.6280549295669435,0.4509287186730752,0.25913474821737104,0.3157472551456178,0.48157665971043195,0.6301636428130122,0.42165557647160823,0.3194370894742989,0.28332916361796046,0.4926475672053491,0.6335252976806178,0.4322347794945565,0.42857005143508176,4.363687275,0.0693576888668737,7.233030679,602.0825265,3118.186394,2367.075477,-0.324018475,22.26277372,33.6,0.0150764910206191,2.588507221,4.21717887039737,5.7,1.33213437,0.222484,1.68006,10.7,0.948511004,0.0,2325.497441,11.91,4.050857951,0.000142218,1.6006911296573831,0.0,9.521751789246036e-07,59.74939038,5.024971776924813,6.300485436893205,0.2699142018514338,0.0968769564631442,14.0641851293385,28.5802342961156,41.87,E
TZA,坦桑尼亚,834,2003,0.25491074007001296,0.30453337152648313,0.4831600440319168,0.6252564464836277,0.45216566492585425,0.2589545484793203,0.32187828095519244,0.48334905062480105,0.6271846146523279,0.42284162367791045,0.3186251724836717,0.2888168308345572,0.49412198172938404,0.6306958006130824,0.4330649464151738,0.4297414340058938,3.893442537,0.0799395840342784,8.418682643,605.0910963,3407.390102,2419.094398,-1.145220223,21.3559322,32.1,0.0180014561339643,2.645256381,4.559235073054934,5.5,1.49158525,0.676963,3.49964,11.1,0.956733477,0.0,2264.788564,11.58,4.321163189,0.000105615,1.614506675888173,0.0,1.0664156111894576e-06,59.32943102,5.031440505757508,6.280864755023707,0.2704786633551592,0.0984516770287483,14.7052448779447,28.5802342961156,41.87,E
TZA,坦桑尼亚,834,2004,0.25438991973886804,0.31634336290286114,0.4865371157530346,0.6230030672955418,0.4554648814723423,0.25848801536449595,0.3333557928177007,0.48658757438773964,0.6246445152897485,0.42576897446492123,0.3187585461288058,0.2986574945009848,0.4972532319795932,0.6282136261418338,0.43572072468780443,0.4329080254371323,4.631631104,0.0887059592318484,6.88562313,618.2602712,3714.372065,2474.331974,-2.899178103,21.3559322,31.5,0.0162169893972714,2.713260964,5.044651661620353,5.2,1.96674848,0.877575,5.09582,11.4,0.675575883,0.0,2204.165095,11.14,4.645415265,0.004152054,2.01794845665707,0.0,1.0378699826004782e-06,58.90947166,5.089151049898398,6.224678256942876,0.2716640325129825,0.1104587606745878,15.525804333834,28.6093551402396,42.36,E
TZA,坦桑尼亚,834,2005,0.24944829284049377,0.3489728633219596,0.48790327065017286,0.6203313000967671,0.46374543335133306,0.25367690008447674,0.36766300234476906,0.487896291385084,0.621676391183531,0.4327281462494652,0.3145631013593252,0.3261577112800594,0.498511924356859,0.6252396122099919,0.4411180873015589,0.43976597174139814,4.540186498,0.0912728993436252,6.426202523,636.0775557,3997.535375,2526.10599,-5.939310267,30.40752351,28.5,0.0147617707087057,2.775139411,5.577039868944157,5.0,2.31116962,1.1,7.56468,13.8,0.563540742,0.0,2143.837402,10.96,4.992721342,0.019538803,2.228426879604762,0.0,1.1630776545997715e-06,58.48951231,5.096410024836306,6.211740799277489,0.2730638970422217,0.1289660708381046,16.398748708853,28.6336674678887,42.88,E
TZA,坦桑尼亚,834,2006,0.2505068172422582,0.3596979718153043,0.487294449109789,0.6274739036514663,0.46951967984188975,0.2545984848837529,0.3780011060883223,0.4873039328801611,0.6293742829170361,0.4373194516923181,0.31466340996467473,0.3348595776835844,0.49758408850763125,0.632333081029316,0.4448600392963016,0.443769443864464,3.595549271,0.1001618712779356,5.510095287,643.5723808,4257.52615,2576.58129,-5.918702846,30.40752351,27.0,0.0145123537061118,2.800556238,6.992199658408401,4.9,2.37998843,1.3,13.9199,14.9,0.834153539,0.0,2084.630954,10.85,5.318856953,0.079468084,2.2885600265920982,0.0,1.2163121271854688e-06,58.06955295,5.1071686610973135,6.199571009257169,0.2735493339354256,0.134369174120339,14.500363800863,28.7121375594338,43.39,E
TZA,坦桑尼亚,834,2007,0.24681873651708205,0.3610475582532411,0.4923313576397502,0.6173983842941771,0.4668174048307798,0.25101503279250037,0.3793356702886524,0.49218411762004693,0.6181836079573548,0.43517960716463866,0.31129686422413166,0.33515151640029456,0.5018807573807991,0.6214998419421585,0.44245724498684597,0.4417505519275391,3.834933117,0.097848007933927,9.099389528,657.4057125,4526.638239,2645.425241,-7.844016668,30.40752351,25.9,0.0127837024883783,2.791333122,7.458578042911597,4.8,1.94105673,1.6,19.9153,15.9,0.69282048,0.0,2027.24658,10.05,5.678865658,0.117524379,2.26514183202273,0.0,1.1620788645949397e-06,57.64959359,5.1193271618875595,6.148001806276812,0.2735380447053511,0.1373664187617616,17.9613619253777,28.7941189523456,44.58,E
TZA,坦桑尼亚,834,2008,0.24476705623434067,0.3729669120996016,0.4970098873926329,0.6206978396103905,0.4722414037210674,0.24878387514550906,0.3902784791425313,0.49670876955714244,0.6218578611918586,0.43940724625926036,0.30763762651225984,0.34487667265034455,0.5066416535318099,0.6249142246394737,0.44601754433347196,0.4459211409115101,2.873538987,0.1116723896132864,16.38075463,692.0875414,4678.900368,2673.436466,-9.221063417,30.40752351,25.1,0.010732365845427,2.702859001,7.016323516948078,4.7,2.25783944,1.9,30.5534,11.5,0.059930635,0.0,1973.186834,9.68,6.001789632,0.121585061,2.303377007631412,0.0,1.151288227120523e-06,57.22963423,5.121822081734026,6.103702867464439,0.2742266877398961,0.145517271656712,16.7763421133198,28.7941189523456,44.58,E
TZA,坦桑尼亚,834,2009,0.2501760479011326,0.3715594211010727,0.49668624447236664,0.6257759873639933,0.4743204887055459,0.25420945695492053,0.38881715777478815,0.4964052039945585,0.6273666725621774,0.4416996228216111,0.3132144547801358,0.3431309755978449,0.5056975872077025,0.6299800834494077,0.4480057752587727,0.447497937997176,2.709365897,0.1014265927337425,9.041662454,712.1147705,4727.729606,2720.409577,-6.156052481,30.6501548,24.6,0.0099839722185119,2.466936951,7.164370192021439,4.6,1.48484647,2.4,40.0364,11.2,0.518831953,0.0,1925.105071,9.41,6.318030245,0.121211413,2.21712255576885,0.0,1.2217634435415496e-06,56.80967487,5.128855272070445,6.085414314743734,0.274689546172951,0.1556138887576201,15.3464358283848,28.7941189523416,45.11,E
TZA,坦桑尼亚,834,2010,0.2545447046217417,0.3831212598223708,0.4949818283330807,0.6235534620362877,0.47713831788634053,0.2584180415654523,0.4000133080983206,0.49473587501059424,0.624839241782499,0.4445016166142165,0.31696350924228633,0.3519080455630257,0.5032922362772566,0.6274757926008975,0.4499098959208665,0.44962533787143383,3.67041498,0.1265427654492196,9.428716253,731.0226135,5038.069834,2844.495963,-6.905905149,31.176417037168903,23.7,0.0104638476543128,2.544485226,8.099916154450973,4.6,1.4499774,2.9,46.8824,14.8,1.168615847,0.0,1876.739,9.2,6.718373712,0.149624271,2.532252002908756,0.0,1.3255434521405193e-06,56.38971551,5.149017836983518,6.095348837209303,0.2747008354030255,0.1484680187588106,16.249285163527,28.9209426569509,45.45,E
TZA,坦桑尼亚,834,2011,0.24671040146466322,0.39613029494887625,0.4906903506288811,0.6215320199208167,0.47830637788874975,0.25080575338657274,0.41342056682896716,0.49057822441506993,0.622675662516966,0.444370051786894,0.3105618533250505,0.36058022414481894,0.4978949872515779,0.6253740837005379,0.4486027871054963,0.44893478734094255,4.704850043,0.1366240834322765,12.19842288,742.5562307,5458.34947,2949.389821,-12.64083342,36.0,22.7,0.0080324570157213,2.799850312,8.71465384262182,4.6,1.28681624,3.2,55.761,14.2,2.442079994,0.0,1824.921903,9.02,7.233817785,0.120147902,2.604775875599615,6.51757822348502e-08,1.3076253237110565e-06,55.96975389,5.169157823436442,6.094027997290585,0.2768119214269586,0.1701621097244287,16.6748739721314,28.9209426569509,45.45,E
TZA,坦桑尼亚,834,2012,0.24889376142884587,0.3990822364078803,0.49405574751800524,0.6226558606023186,0.4805779730332814,0.2527667722510267,0.41639032395789893,0.4937928978542459,0.6239454632101296,0.4467238643183253,0.31036723192911214,0.3626338915708338,0.5012304373183064,0.6264455491315286,0.4501692774874453,0.45063376082732676,1.538920327,0.1279936828254037,10.483894,750.7446673,5495.724403,3019.262064,-9.493817086,36.0,21.7,0.0108409880229802,2.879943739,8.29775494118536,4.5,1.17573333,3.95,57.4558,15.3,2.016778996,0.0,1773.114767,8.67,7.559350694,0.129420271,3.130940626235854,2.5330210962662e-07,1.1434532028833802e-06,55.54979228,5.173278392413638,6.091995935877173,0.2775118536915782,0.2047914833709276,16.1273485690859,28.9209426569509,45.45,E
TZA,坦桑尼亚,834,2013,0.24408888589707786,0.39966072747724507,0.49720594450196665,0.6224831794199086,0.48071194578200926,0.24843229020177132,0.41704807720945863,0.49683915861139777,0.6238175637569537,0.4465342724448954,0.3086206618504991,0.3626731905470293,0.5046244395844366,0.6262943804600197,0.45055316811049617,0.4511485746577609,3.627227942,0.0998710652455373,9.666183578,756.1821114,5840.842565,3013.616184,-10.92678992,36.0,21.2,0.0080595960568987,3.014557367,8.219092003035875,4.5,1.18517053,4.4,56.2075,16.4,1.487531634,0.0,1720.460834,8.51,8.071994532,0.119796033,3.186947929292251,7.578220342204575e-07,1.2151639594282154e-06,55.12983066,5.186656130051931,6.080864755023708,0.2840031609844208,0.2132263638379778,16.005575978119,28.9209426569509,45.45,E
TZA,坦桑尼亚,834,2014,0.24584548881353138,0.41668443125852295,0.5030607737739691,0.6284468798251021,0.4893587477171323,0.2502616598652427,0.4332006036871238,0.5025147890789095,0.6303977612756174,0.4540937034767234,0.3105922860045415,0.3762732127605496,0.5102866730589419,0.6325004592671708,0.45741315777280095,0.4585135841560332,3.511479463,0.0925845785002704,6.050845889,788.0635217,5908.075889,3113.514153,-9.975669987,36.0,21.1,0.0091737274638465,3.08040316,10.526595507201453,4.5,1.19945395,7.0,63.2804,23.5,0.948716535,0.0,1668.27165,7.89,8.615438486,0.088750883,3.137210229172019,2.2243621998878604e-06,1.0929184124343674e-06,54.70986904,5.192786181982389,6.06126665161436,0.2833596748701738,0.2089887747760186,14.0820747862659,28.9209426569509,45.45,E
TZA,坦桑尼亚,834,2015,0.25524197331377585,0.4331463482733393,0.5039615348298561,0.6263777167041419,0.4948847632477534,0.2592765729206328,0.44823322713417796,0.5033799302858553,0.6282169772082937,0.45977667688723994,0.3175086754951926,0.38793368924525196,0.5111263131038706,0.6304249545901016,0.4617484081086042,0.46310100222277983,2.77038212,0.1019531820751676,7.591364023,804.307453,6215.255419,3142.466417,-5.522378408,36.0,21.3,0.00890095322265,3.261810423,10.348712890007686,4.5,1.25726104,10.0,76.2493,26.2,0.891009639,0.0,1614.733691,7.77,9.146203668,0.083073135,3.202699322395824,2.4605465773585654e-06,1.0578446157668134e-06,54.28990743,5.192628132761346,6.061176337773763,0.2833370964100248,0.2084434683656945,14.5138288695487,28.9209426569509,45.45,E
TZA,坦桑尼亚,834,2016,0.2601962068789975,0.4483439775987985,0.5045172858089747,0.626634377015919,0.5002273478660416,0.264210531559564,0.46298497251889265,0.5039034277496733,0.6286080678719159,0.4649267499250115,0.32231819648740295,0.40047523612142744,0.5111837352259317,0.6307221079243135,0.46617481893976886,0.46786500638394085,3.304006659,0.0904079035109677,7.472033668,815.1223846,6637.670809,3160.179176,-2.446000986,36.55913978,21.9,0.0074458766111875,3.407295314,10.455184751831863,4.4,1.61013722,13.5042,74.3984,32.8,1.146169897,0.0,1560.641716,7.47,9.774284102,0.075595577,3.396014070572747,2.30380443762155e-06,1.1022834862965346e-06,53.76044254,5.1750846692255585,6.0369496500338675,0.2823097764732445,0.2133932792785257,14.1567154667091,28.9209426569509,45.45,E
TZA,坦桑尼亚,834,2017,0.25827799658298445,0.44635523377739234,0.5078726514306017,0.6301154789654176,0.5013582465493214,0.26247601791883657,0.4611523249390209,0.5071844439099893,0.6325185432507804,0.4658328325046568,0.3216276651595119,0.3994630761734349,0.514245129781016,0.6344462201772728,0.46744552282280893,0.46911177492053696,3.236885276,0.0772033583189145,2.671789868,835.9288121,7045.233761,3155.109581,-2.773228334,37.17948718,22.6,0.0086795851189367,3.341430221,11.069865374466628,4.4,1.55679071,14.4634,71.7912,32.1,0.963745858,0.0,1509.355579,7.06,10.43182658,0.092014158,2.956674064266424,2.371844481032342e-06,1.1124104494580604e-06,53.23097765,5.172002709415217,6.031993678031158,0.282388801083766,0.1929658587182085,12.9309490556578,28.9209426569509,45.45,E
TZA,坦桑尼亚,834,2018,0.25376148282321126,0.45638568566511184,0.5105758990925143,0.6265915894250915,0.5030027092426971,0.25801543434234925,0.47074971367475377,0.5097711635073694,0.6287717391532502,0.4668270126694306,0.3172456654502779,0.4082397569677916,0.5168697826969291,0.630852980031728,0.46830204628668165,0.4706402680104719,2.242130276,0.0708901191691869,3.007575121,840.1085119,7405.459412,3117.655964,-4.050163733,37.17948718,22.9,0.0080815233286641,3.155721138,10.919936915388115,4.3,1.62666011,15.4907,75.7302,34.9,0.656822871,0.0,1462.468234,6.75,11.0058562,0.186336893,3.348616880601759,2.994577811971678e-06,9.730626371869632e-07,52.70151276,5.164506660645745,6.030740573492888,0.2822420410927975,0.1999212200571598,13.7180634147587,28.9209426569509,45.45,E
TZA,坦桑尼亚,834,2019,0.25970301452414907,0.46642888780720976,0.5102931046786255,0.6486753170286647,0.5147277892060397,0.26376321874763997,0.48024151528462905,0.5094863118703399,0.6497435182019482,0.4758086410261393,0.32249124873735624,0.4172577894282516,0.5164094160536437,0.647604397907112,0.47594071303159086,0.4781922518583439,2.71005882,0.0820132398056146,2.28040893,847.1097294,7863.018706,3094.486774,-2.196127034,36.8956743,23.0,0.0079251160517959,2.980609394,13.361410331959885,4.2,1.6312809,16.5909,80.5836,37.7,0.805844237,0.0,1419.520992,6.69,11.64419586,0.171346159,3.468798023867306,2.5686570339436705e-06,1.0752625946281844e-06,52.17204787,5.1551365996839005,6.0417024158952355,0.2809324904041544,0.2254402203123618,15.2501393687466,29.4102110716376,61.24,E
TZA,坦桑尼亚,834,2020,0.2574860880921373,0.4607775699367756,0.5114401021114231,0.6467550906546822,0.5123107118715187,0.2612089271719984,0.47477432394081953,0.5106150014752989,0.6477690690714476,0.47359183041489106,0.3170265881716418,0.41165274151285514,0.5172286686021856,0.645759143688738,0.47291678549385513,0.4752013146841064,-0.998987837,0.0917377901123506,6.42301399,840.0781303,7946.684849,3178.245476,-2.207608977,36.71875,22.8,0.0115745299740936,2.993051688,14.58584859431906,4.1,0.86159378,17.7693,84.0051,39.9,0.913163028,0.0,1377.663528,6.44,11.87614412,0.116572049,3.20678100741682,2.49291495528875e-06,1.0365052333625892e-06,51.64258298,5.142571686610974,6.042503951230526,0.2776247459923233,0.2067980516327953,15.5946705599981,29.4102110716376,61.24,E
TZA,坦桑尼亚,834,2021,0.25792320315882555,0.4697700635601328,0.502243048365587,0.6505958762627799,0.5144922463611791,0.261874952341304,0.4834760409812134,0.5016903077611035,0.6520120393318509,0.4747633351038679,0.31958315975133333,0.4186782893830233,0.5063510992487023,0.6496329071773727,0.47356136389010794,0.4758261224337314,1.254017611,0.0904528084671894,2.674303274,831.9702446,7952.605118,3196.544694,-3.360358903,36.8556701,22.4,-0.0095849994758203,3.001139348,15.87049914617781,4.0,0.94497848,19.0314,86.0163,42.7,3.131501853,0.0,1336.932185,6.38,12.38935794,0.208866701,3.601445783380564,3.02401327560927e-06,1.01270300174858e-06,51.11311809,5.138451117633778,6.059008805599458,0.2773763829306841,0.2324550075686277,14.259191337958,29.4204241780498,61.3,E
BFA,布基纳法索,854,2001,0.2353318182937549,0.29627619890806844,0.5222030896622062,0.5552792243072937,0.4298458809248973,0.23995645920643008,0.3141947789267918,0.521157319899272,0.5677433339537206,0.4107629729965536,0.3023607781458724,0.2800154807543208,0.5273504435243317,0.5785319159427712,0.4220646545918241,0.4203261639360432,3.409757708,0.0698978251552174,3.961552917,452.2262098,2534.674959,2509.908644,-10.498422280882435,8.108108108,22.4,0.007479137143757,3.050993511,5.198860902898666,1.8,0.97162038,0.157732,0.61965,9.5,0.009202395,0.0,1016.673362,5.18,7.984794111,0.0,1.283818088373793,4.066693447198581e-07,0.0,26.19334795,0.0967105263157894,21.29195906432749,0.3558845029239766,0.0894672558383687,4.72401998253189,13.5660810610636,55.44,W
BFA,布基纳法索,854,2002,0.2337347636686836,0.3088940660283189,0.5224720693157119,0.5532680563722343,0.43267896272811646,0.23823516089841795,0.3277029372506068,0.5214167245311487,0.5655576620080803,0.4132281211720634,0.2994954176259553,0.2907487512109411,0.5275353959924765,0.5764514805161076,0.42355776133637013,0.4224525248103602,1.17736897,0.0681877774660565,3.056986091,440.1746898,2496.539778,2502.714494,-10.038797328029432,11.71171171,20.4,0.0050597796358522,3.090393083,5.662848613942689,1.6,1.05799043,0.200993,0.875435,9.9,0.027444601,0.0,985.7346842,5.11,7.936698142,0.0,1.3002259049058171,3.942938736904811e-07,0.0,26.01059942,0.0968567251461988,21.31630116959064,0.3646198830409357,0.0867446522119058,5.30606271266142,13.5905853451577,55.46,W
BFA,布基纳法索,854,2003,0.23755030912766104,0.31344088488103794,0.5234698289490592,0.5557712407317431,0.4356423545590046,0.24222561086825173,0.3324661471469014,0.5223770530807001,0.5683216155215115,0.41634760665434123,0.3055385573184881,0.29480901406513377,0.5283780059590223,0.5790588237376064,0.42694610027006263,0.4257274319239061,4.492946881,0.0677105461219346,1.484728815,473.9475927,2618.073549,2396.203773,-9.57917237517654,11.71171171,18.5,0.0099519894260111,3.118121744,5.850549419638339,1.5,0.9801873,0.37344,1.81994,11.4,0.007876986,0.0,955.4725339,4.94,8.16808841,0.0,1.381902027496232,5.350646189896574e-07,0.0,25.82785088,0.0966374269005848,21.31966374269006,0.3657163742690058,0.084081582984089,4.49982374657956,13.5905853451577,55.46,W
BFA,布基纳法索,854,2004,0.23855695606030689,0.32754889253555647,0.5244191803165408,0.5501569118351866,0.438088293838823,0.24283069894117737,0.34611397103088515,0.5233119455239768,0.562227714064147,0.4186210823900466,0.3036671536165156,0.30731994721962363,0.5291609723246244,0.5732871074541768,0.4283587951537351,0.42787103406079063,1.24360967,0.0878626863330907,0.09064859,445.8031212,2576.166588,2417.223522,-9.119547422323537,11.71171171,17.4,0.0123366500510018,3.145126087,5.282754391993264,1.4,1.69977903,0.400295,2.93277,10.7,0.018109739,0.0,925.8893704,4.78,8.16380007,0.0,1.200049191695885,8.147826459888659e-07,0.0,25.64510234,0.0966374269005848,21.326608187134504,0.3699195906432748,0.0888853795624217,6.06823619528864,13.5905853451577,55.46,W
BFA,布基纳法索,854,2005,0.2382304555874172,0.32246850408141275,0.5202392007600092,0.5524825048323042,0.4365193896133769,0.2428988465324059,0.34134449265862554,0.5192548225466901,0.564801937221711,0.41707502473985814,0.30622716997500316,0.3024335116617825,0.525753511758632,0.5757409529521078,0.4275387865868814,0.42663630987904116,5.295740309,0.0761427120810195,3.739385397,497.6369663,2521.26236,2438.995641,-10.32432304,11.71171171,17.0,0.0127566539923953,3.146801491,5.205236847248621,1.3,1.22285259,0.469914,4.54743,11.1,0.032077854,0.0,897.2071234,5.51,8.502219384,0.0,1.238466392156845,7.17765698738089e-07,0.0,25.4623538,0.0969663742690058,21.335014619883044,0.3699561403508772,0.0789542268611897,5.3295736804091,13.5905853451577,55.46,W
BFA,布基纳法索,854,2006,0.2425524268520944,0.33056943100640357,0.5202219324543553,0.554242568876473,0.44011413301737157,0.24688783755109556,0.3491383618830038,0.519239328119595,0.5667560677391008,0.4205053988231988,0.3082101467702336,0.30948767204729705,0.525667172693835,0.5775563915561002,0.4302303457668664,0.42952363042817415,2.988892119,0.089806368946111,0.662826822,499.5620791,2450.345025,2481.707872,-8.307635901,11.71171171,16.5,0.0096300050684237,3.120345375,6.913317490053192,1.2,1.43097806,0.632708,7.07267,11.6,0.093597088,0.0,869.6434399,5.48,9.033877165,0.0,1.192432100931973,6.957147519425573e-07,0.0,25.27960526,0.0972222222222222,21.315899122807014,0.3779239766081871,0.0834857702331068,4.71235417428533,13.5905853451577,55.46,W
BFA,布基纳法索,854,2007,0.24062289946432677,0.34396649761515674,0.5191082254735623,0.5638110964157385,0.4470598777243968,0.24484377116633912,0.3628711066568101,0.5181270464468521,0.5756765747908267,0.42537962476520697,0.3050199376442711,0.3206420661868051,0.5248979190875774,0.5845510036621795,0.4337777316452083,0.43358969195481123,1.001312767,0.0816971732800469,2.492349183,466.5992015,2587.747482,2442.96123,-7.353213387,15.31531532,15.9,0.0110255838167485,3.032776372,7.097585113483407,1.2,1.43212855,0.75,12.5405,12.0,0.000147517,0.0,843.6650239,5.71,9.405294095,0.0,1.6402264502412551,1.3498640383194004e-06,0.0,25.09685673,0.0972222222222222,21.34674707602339,0.3787280701754386,0.0909677180015236,5.90269410472161,13.6850249190844,63.71,W
BFA,布基纳法索,854,2008,0.2345680362738797,0.3516699650592489,0.5176032671579068,0.5648561662735473,0.44859831138869466,0.23908682632081912,0.3701436606153964,0.5166612115358074,0.5768122910937084,0.4256759973914328,0.30064611322856954,0.3269349852659532,0.5231990669277642,0.5855672870700308,0.4340868631230794,0.4343294865932248,2.736636763,0.0733221954202853,9.159800437,535.7073891,2402.986573,2412.233692,-10.23158124,15.31531532,15.4,0.0151166853632969,2.938165228,7.825355370425386,1.1,1.36111355,0.92,19.82,12.5,0.318683809,0.0,819.2373713,5.74,9.950800376,0.0,1.73367601779312,1.310779794041103e-06,0.0,24.91410819,0.0972222222222222,21.331980994152048,0.3910453216374269,0.0917545855828772,5.60081992960194,13.7081186673746,63.84,W
BFA,布基纳法索,854,2009,0.2480832578240806,0.36127164791362787,0.5153204142892225,0.604012603048384,0.46698881887297894,0.25194941210129684,0.3791968979546422,0.5144673219626092,0.6149299680735237,0.44013590002301795,0.3102533157465282,0.3348835291739832,0.5203070036342144,0.6171742803164462,0.445654532217793,0.4453166405060302,-0.000227774,0.0952310725964811,2.40550487,476.958466,2501.346134,2444.730385,-4.037460657,15.31531532,15.0,0.0107248319715935,2.919160259,8.21384200422837,1.1,1.64177847,1.13,24.3387,12.6,1.034441905,0.0,795.6682041,5.64,10.24553819,0.0,1.5808267750347231,1.909603689761711e-06,0.0,24.73135965,0.0972953216374269,21.34093567251462,0.3973318713450292,0.1082108757531636,4.91774174633387,16.2164032444971,78.19,W
BFA,布基纳法索,854,2010,0.26694069853295466,0.3670500666174986,0.5082414253018767,0.6038459765041003,0.4696344696873367,0.2703519082805632,0.3842808080370709,0.5076135231543979,0.6147846184879442,0.44425771448999407,0.3287477620305947,0.33807452287215545,0.5113214073762022,0.6170378068997853,0.4487953747946844,0.4476521966035241,5.319349159,0.1573748608513563,3.779618728,545.4163085,2589.944687,2360.56964,-1.79655604,15.31531532,15.0,0.0098940689358499,2.925779475,7.698823317630305,1.0,1.30630887,2.4,35.2848,13.1,3.190180513,0.0,772.7259633,5.31,11.1109052,0.0,1.7072747227491492,2.472723082585613e-06,0.0,24.54861111,0.0975146198830409,21.337280701754388,0.400109649122807,0.1050907310098885,4.89074730537989,16.2164032444971,78.19,W
BFA,布基纳法索,854,2011,0.2722158167614656,0.3799081186170205,0.49824402560087516,0.6030649605217635,0.47174263755269596,0.2750481381632283,0.3962298196399252,0.49793248907724347,0.613949187848556,0.4457899086822382,0.33055627373723867,0.3478342130193116,0.49958117324919243,0.61616861568551,0.44853506892281314,0.4475828097376646,3.516336236,0.1985878495335654,6.738004807,531.6695949,2710.61185,2375.265098,-1.327722672,15.31531532,14.6,0.0116784693750775,2.956570784,9.01397366976219,1.0,1.34620178,3.0,46.1058,14.8,5.609322782,0.0,750.2142012,5.3,11.84673185,0.0,1.885364007379797,3.601028165561831e-06,0.0,24.36578947,0.0976973684210526,21.335745614035087,0.4048976608187134,0.1272776872852737,5.00978022942274,16.2164032444971,78.19,W
BFA,布基纳法索,854,2012,0.268623788379529,0.38828857268254613,0.5041291513579467,0.6030941440505367,0.47498232948188224,0.2717344684551181,0.40393936827250143,0.5035992849044534,0.6139968974281885,0.4483175047650654,0.3280015842754551,0.35320437284296313,0.506775422176601,0.6161583356873219,0.45103492874558526,0.45053824421899413,3.288783465,0.1737120744404177,5.823999488,573.6468322,2496.704923,2431.322478,-1.29204166,15.7480315,14.1,0.0079998596515851,3.017170749,11.00610536034018,0.9,1.06450117,3.72503,58.0942,15.1,4.014861263,0.0,727.9170212,5.42,12.61116265,0.0,2.156841417430147,3.4940017016952955e-06,0.0,24.18296784,0.0975877192982456,21.35635964912281,0.4060307017543859,0.1428589833142202,4.91795276686956,16.2164032444971,78.19,W
BFA,布基纳法索,854,2013,0.25206170003203615,0.40443124713553347,0.5083842542402512,0.6052910647631956,0.47924913277080305,0.2556162901930304,0.41920274312318495,0.5076839253663168,0.6164002410709474,0.4497257999383699,0.31421195057630885,0.36678019264809564,0.5119792487185664,0.6183226335197172,0.45282350636567203,0.4535788202099986,2.665082759,0.1752415458471329,2.129171178,606.4422754,2479.392021,2418.023971,-10.00828575,15.7480315,13.5,0.0077623266094644,3.000836393,9.26059408968733,0.9,1.61236513,5.0,63.5243,15.4,2.853081735,0.0,706.3979137,5.5,13.34167494,0.0,2.50930341416802,3.3907099858500023e-06,0.0,24.0001462,0.0977339181286549,21.363230994152048,0.4074561403508771,0.1723734737637316,4.16040343849382,16.2164032444971,78.19,W
BFA,布基纳法索,854,2014,0.25651637556796675,0.40736876794618776,0.5109182005174091,0.6043243721975282,0.4808805402905353,0.2598606245462377,0.4209056957541909,0.5101520764455717,0.6153909920702672,0.4515773472040669,0.31711316301394393,0.36885508563561786,0.515044269727122,0.6174123639765101,0.45460622058829847,0.4553835393179402,1.270476556,0.1759303716250028,0.620386926,629.0830383,2575.991409,2419.559228,-7.164549468,11.646337302722486,13.4,0.0073916722795019,2.97337942,9.289358582790792,0.8,1.62685239,6.0,68.5396,19.2,2.230943599,0.0,685.7032142,5.55,13.91894862,0.0,2.270880900034665,3.839937999263939e-06,0.0,23.81732456,0.0982456140350877,21.361622807017543,0.4076023391812866,0.1569164539203874,4.38862839492218,16.2164032444971,78.19,W
BFA,布基纳法索,854,2015,0.25642157408063443,0.4047613243023738,0.5104023259490376,0.6075924191552756,0.4811813460814289,0.2596609296006691,0.41722698034607564,0.5096091409850018,0.6180604742489682,0.45113938129517867,0.31632893114764943,0.36591721328061094,0.5150201278290041,0.6189800237337176,0.4540615739977455,0.4547204703285422,0.888259828,0.1839055697177362,2.223954179,604.9790733,2585.108932,2431.517148,-7.567512009,9.448818898,13.6,0.0076631636694037,2.961963065,10.277200564697502,0.8,1.45618761,6.55,76.9373,16.2,1.958313857,0.0,665.6907817,5.8,14.46474244,0.0,2.810273120268553,4.260421003087367e-06,0.0,23.63450292,0.0982456140350877,21.36125730994152,0.4075657894736842,0.1976374154858954,5.6980996936493,16.2164032445085,83.26,W
BFA,布基纳法索,854,2016,0.26319342718753275,0.42349479508019144,0.5083655744174079,0.61058976089956,0.4882609177114188,0.2663582283481814,0.4349386063000257,0.5076611280408763,0.6212469190777485,0.457551220441708,0.3232314684714504,0.3823769479098603,0.5119854136254715,0.6219080418292312,0.45987546795900336,0.4608683181077014,2.903509091,0.1955060408719233,2.604299192,628.8452972,2537.072051,2449.222777,-6.079638685,9.448818898,14.0,0.0067202014359113,2.925082514,10.651230089326758,0.8,2.38693118,7.14,79.6698,16.6,2.923116931,0.0,646.5008066,5.5,15.32654843,0.0,2.607861568151045,5.172006453009011e-06,8.894250130179402e-08,23.45175439,0.0977339181286549,21.342872807017542,0.4194809941520468,0.1770845520649339,5.07108346551715,16.3027899451748,83.64,W
BFA,布基纳法索,854,2017,0.26441310425020276,0.44236301534904554,0.5071486819424529,0.6153663812514261,0.49546806541505867,0.26753617434876154,0.45305143593104996,0.5065476301568431,0.6259914167308029,0.4632816642918644,0.32447640572727415,0.3975569235678865,0.5112030766579831,0.6258494111655668,0.46477145427967764,0.46630961926518144,3.216405217,0.2038001733657542,1.41629728,627.5842079,2504.689844,2448.063153,-6.353494975,11.02362205,14.0,0.0068443377891944,2.852915955,10.501946602379252,0.7,2.6879499,7.79,90.2081,17.0,3.273089184,0.0,628.3172954,5.61,16.27732923,0.0,2.943694183505306,2.3524199540101897e-05,8.644090044754789e-08,23.26900585,0.0973318713450292,21.314802631578942,0.4224049707602338,0.2013771330806693,4.82246791510977,16.3280013609516,86.27,W
BFA,布基纳法索,854,2018,0.2693203443658356,0.4353856934916203,0.5087480503838633,0.6225094455796872,0.4969935720421717,0.2723714041430017,0.44597066653450834,0.5081551932187014,0.6332108031594345,0.46492701676391146,0.3291177054525781,0.39174528773352424,0.5131781078200475,0.6320302024457455,0.46651782586297386,0.4675329825132259,3.767726783,0.2047820288942268,1.07396689,681.6134457,2569.633047,2423.098748,-4.183724914,11.02362205,14.5,0.0066131793615091,2.697136754,12.472179665928966,0.7,2.12523532,8.5,94.622,14.4,3.001375278,0.0,611.597214,5.71,17.35237669,0.0,3.219685825925856,3.0237366260814018e-05,2.18765641373436e-06,23.08625731,0.0954678362573099,21.22390350877193,0.4229897660818713,0.2148586328757086,4.20587032326719,16.3280013609516,89.75,W
BFA,布基纳法索,854,2019,0.27051097059777707,0.44960396904075645,0.5100988040637764,0.6229413458023703,0.5017817571650435,0.2735206909313714,0.4603307340145006,0.509456996553403,0.6337170590152618,0.4692563701286342,0.32980106127627307,0.40418685608173444,0.51444818050466,0.6324664188272251,0.4702256291724732,0.47177179308561756,3.243918662,0.2020231819819977,0.512900516,676.2129448,2622.432852,2473.805995,-3.267281979,13.38582677,14.3,0.003534982992063,2.52989804,12.486909616051024,0.7,2.23602796,9.27181,97.1499,17.6,2.894476027,0.0,596.3185108,5.57,18.37429372,0.0,3.2534070145484,2.976822005889528e-05,2.297082482531684e-06,22.90350877,0.095796783625731,21.161988304093565,0.4425073099415204,0.2164397666782177,3.98194080646162,16.3302424318116,89.82,W
BFA,布基纳法索,854,2020,0.28756872048952964,0.4544709249334394,0.5085246555550946,0.6208558738184146,0.5043753077952524,0.2894693292334034,0.46273614723329737,0.507972548015309,0.631482985125094,0.47291525240177595,0.33958014077061044,0.4087592545306312,0.5122880563909917,0.6303802923659091,0.4727519360145356,0.4740673052101996,-0.443420002,0.2466571171769018,6.465595788,665.6757962,2942.815828,2498.905488,4.193125124,6.299212598,14.9,0.0044862421906155,2.435229593,12.180444896779086,0.6,2.84514332,10.7927,102.973,18.5,3.460658562,0.0,581.972178,5.53,18.74375898,0.0,3.194500376276601,2.9052051126023048e-05,3.843118078339973e-06,22.72076023,0.0959795321637427,21.161805555555553,0.4433114035087719,0.2072286531441163,4.53016125503627,16.3302424318116,89.82,W
BFA,布基纳法索,854,2021,0.2891346827249904,0.4646816679781145,0.47067099334536955,0.6207537279966157,0.4996300395112719,0.29145710050077045,0.47210831722663843,0.47131212398284683,0.6314112614897411,0.4665722007999992,0.34487724650503815,0.4168899890542367,0.4676178366748457,0.6301975189449537,0.46489564779476855,0.46568180287384936,4.431005409,0.2560221262056452,0.112863113,599.0549533,3127.724933,2780.598795,0.39220886,6.299212598,14.3,-0.0067489330730803,2.376492189,15.085534631283682,0.6,2.73058271,12.5631,112.198,19.0,12.62278664,0.0,568.3047012,5.43,20.04504912,0.0,3.5603992139313982,2.8363860312886742e-05,3.4401247587135093e-06,22.5380117,0.0963815789473684,21.041703216374273,0.4458698830409356,0.2328230699701749,4.35661945922813,16.3302424318116,89.82,W
ZMB,赞比亚,894,2001,0.2817021283872772,0.23087859755279141,0.46929459671180074,0.6726369996427343,0.44833296743453904,0.28471346908276723,0.2409022654707643,0.46935855591078285,0.6704316583784826,0.41635148721069926,0.33040543764434477,0.22605957448058017,0.4820379006398109,0.6608210296917848,0.42483098561413013,0.41759832798849394,2.179818032,0.2410585297092772,25.33125846,588.0694435,17083.44876,7513.125042,-18.0007856,10.12658228,50.3,0.0178414238787385,3.02394158,5.129205917375814,13.2,1.92502928,0.23313,1.17383,20.2,0.004273548,6.483505828,7767.415305,12.53,5.342261672,0.007409366,4.84113061918408,0.0,0.0,63.24836223,3.7664482976634073,4.408385907800751,0.0055959859562275,0.2041180296527374,22.3482522173004,29.621877207094,88.67,S
ZMB,赞比亚,894,2002,0.28716220898290234,0.23278726565737934,0.4674491679937186,0.6765422622208762,0.45065069514583933,0.29021632613412524,0.24327020229834428,0.4675016433566782,0.6746996700282689,0.41892196045435415,0.3349233956367004,0.2274922085355199,0.48017949341822624,0.6648691766250615,0.426866068553877,0.419410432605195,1.338194901,0.2279528115123332,19.39092327,550.3497821,17765.72525,8030.02012,-15.81421084,12.02531646,50.1,0.022211441106986,3.078123509,5.6038961118239765,12.9,1.89818621,0.477751,1.30628,17.4,0.00874259,7.469566476,7531.966954,12.37,5.642472656,0.004942648,4.9827370845542,0.0,0.0,63.20020447,3.770456960680128,4.408520426693929,0.0055959859562275,0.1983965045287125,21.1975122046426,29.621877207094,88.67,S
ZMB,赞比亚,894,2003,0.29332708157362264,0.228850648574908,0.4623934060965839,0.6788635872412646,0.4500894422406885,0.29673277812539606,0.2396886270462785,0.4624291680985034,0.6772325957260391,0.4190207922490543,0.3421653592089346,0.22322036188189348,0.4750674985855541,0.66724613775493,0.4269248393578281,0.4188511094879678,3.676858876,0.1999237122122773,17.60772368,549.3844668,18256.95382,8582.684758,-13.5299667,12.02531646,50.1,0.0238335981510906,3.103550452,4.314616480305401,12.6,1.45376873,0.980483,2.19418,18.5,0.002714856,10.39193706,7301.798728,11.94,6.034340913,0.005016766,5.112774082851831,0.0,0.0,63.1520467,3.774963343601609,4.4042696296694865,0.0055825340669096,0.2032999654484711,20.4947916673061,29.621877207094,88.67,S
ZMB,赞比亚,894,2004,0.31698807011740227,0.23187295764013677,0.46229661165641767,0.6837486531140563,0.45585663557361744,0.31952613285539005,0.24285002226823613,0.4624923726600547,0.6825149811936051,0.4268458772443215,0.3601799088887648,0.22471765991018847,0.4725564996121301,0.6723383168313047,0.432448096310597,0.42353385272008376,3.684948863,0.2533309882835239,19.71682321,543.4483795,18939.31006,9081.763115,-7.148788308,12.02531646,49.5,0.0186230248306997,3.177458317,3.778378186727733,12.3,1.31544065,1.1,4.09548,20.3,2.21015639,7.706043813,7073.434421,11.47,6.458699609,0.006634064,5.136520448629435,0.0,0.0,63.10388894,3.837877829941215,4.412031369805889,0.0054749189523668,0.1980532844813611,19.1789782963999,29.621877207094,88.67,S
ZMB,赞比亚,894,2005,0.32431649546091135,0.2391926257871248,0.46281339816374945,0.6746877438871594,0.45578906629995625,0.32705653469664847,0.25008522888636375,0.46307519154505217,0.672607627104091,0.4282061455580389,0.36691525437298234,0.22977321831721942,0.4714929098031804,0.662934924971198,0.43277907686614503,0.4239133691700376,3.752643862,0.2172381426122532,16.65019907,510.00647,19653.81932,9721.255864,-2.784984149,12.65822785,49.4,0.0212702809655718,3.301863201,5.208715997746872,12.1,1.24335968,1.3,8.10286,23.3,3.532681471,6.153494964,6843.693038,11.04,6.926025214,0.005023474,5.245021385838328,0.0,0.0,63.05573118,3.839559316105947,4.399238623064609,0.0052327849446454,0.2068453624038395,21.8811068249665,29.621877207094,88.84,S
ZMB,赞比亚,894,2006,0.35289937244772906,0.25218207639201284,0.4529877117609534,0.6846847272628785,0.46496755975221177,0.35448620155855265,0.26312841656444336,0.4537154870950063,0.6834752949896136,0.438701350051904,0.38970570661516446,0.23962257509513366,0.45753165513176874,0.6731835389714769,0.4400108689533859,0.4302182030945654,4.249832177,0.2955272947555708,14.54225268,470.6111177,20282.77245,9907.973547,4.644745062,14.64968153,48.1,0.0208854015305628,3.444886034,5.739700383023183,11.9,1.32859325,1.6,13.713,24.1,8.003434022,3.852538647,6611.950168,10.47,7.473437084,0.001553453,5.139440282352624,0.0,0.0,63.00757341,3.842438020419968,4.389956819435289,0.0052327849446454,0.1925558724216794,19.0729108613416,29.6454089462989,89.03,S
ZMB,赞比亚,894,2007,0.3492801907366577,0.25842025642226274,0.45081851281232993,0.6801934102338213,0.46424012625934746,0.35086134891893184,0.2689336394841381,0.4516290844799128,0.6782023353749697,0.4374066020644881,0.38619149664391195,0.2441355349979908,0.45404347656314453,0.6679002243772224,0.43806768314556743,0.4286555561933345,4.596715271,0.328449441755662,12.97021073,424.0090745,20749.58921,10201.90554,-1.238020399,15.18987342,46.8,0.0196800334010209,3.52770643,5.512895455940011,11.7,1.48783338,1.9,21.0029,18.5,9.042404287,4.50631801,6382.766213,9.84,8.097651152,0.000446933,4.490255592515861,0.0,0.0,62.95941565,3.849311935861392,4.376007210212674,0.0053538519485061,0.1778233256679123,21.3764786519254,29.7732852013919,90.66,S
ZMB,赞比亚,894,2008,0.34001324093019647,0.27524627605645224,0.4693640604635276,0.6791109069240505,0.47146719133296794,0.3421788898123967,0.2853164009961264,0.4696159877146403,0.6770240021840169,0.4435338201767951,0.37879147535513324,0.25776130598345826,0.4745138848003282,0.6667469252919922,0.44445339785772797,0.4362868750841002,3.997731851,0.2846876357553216,10.64024482,387.1009003,20261.49995,10561.69853,-3.330579053,15.18987342,45.6,0.0205657919225759,3.566638552,7.135219122110778,11.7,1.58524466,2.2,27.1785,25.7,5.72582498,3.373041414,6159.127904,9.45,8.727154116,5.21e-05,4.719468476943398,0.0,0.0,62.91125789,3.8501594048884167,4.360604796943731,0.0053942076164597,0.1894764651428687,21.6479756253432,29.7732852013919,90.66,S
ZMB,赞比亚,894,2009,0.3563383437363322,0.2812619356854349,0.4739095193397722,0.6829350537606863,0.4777356309243047,0.35810468025942443,0.29069735615933623,0.47404951914906557,0.6812196831633806,0.4510178096828017,0.39480169497673984,0.26235417732933886,0.4784760152787457,0.6707367446673169,0.4515921580630353,0.4429215215581711,5.422723095,0.2813089579083032,5.55968566,401.2987682,21027.42373,10011.18068,5.953428185,14.01273885,44.9,0.0191665906811342,3.538918466,5.689235499435932,11.7,1.66772234,2.5,32.6653,26.6,5.669434705,2.913153994,5944.973121,8.88,9.531828131,1.94e-05,4.594289360352939,0.0,0.0,62.86310012,3.845518503073756,4.345511777129098,0.0057170529600882,0.1752905784999973,20.5085310375409,29.7732852013919,90.67,S
ZMB,赞比亚,894,2010,0.37105626421147436,0.2824768523664191,0.4685353512524821,0.6784030085979486,0.4772579937613647,0.3719903542074489,0.2915153801748183,0.46894240117175884,0.6762951922461844,0.45218583195005263,0.4052559437335775,0.2634677032401122,0.470153772701907,0.6661247276307024,0.4512505368265748,0.44211324746761616,6.545123584,0.3552825672384975,13.95091319,392.2767326,20607.65843,10063.64196,7.525491477,14.01273885,43.9,0.0180725047417957,3.461922742,6.2875950711441275,11.7,1.55979979,3.0,39.0029,22.0,8.645064381,1.335691803,5742.684486,8.31,10.51343708,2.78e-05,4.61432293832349,0.0,0.0,62.81494236,3.845437791737849,4.345834622472726,0.0059726388571274,0.1642929929081427,21.8340490148988,29.7732852013919,90.67,S
ZMB,赞比亚,894,2011,0.35792037123252113,0.3027655254588874,0.4756543013861263,0.6841827290743511,0.4851024738622305,0.3584383039597952,0.31005161945730814,0.47586349791485516,0.6826364669585243,0.4567474720726207,0.39178638452793474,0.27934600248555885,0.4778309598007158,0.6720769903549486,0.4552600842922895,0.4474429199293283,2.116508296,0.3836822668373022,11.10741327,415.3363791,19069.55114,8860.443965,4.658236558,11.46496815,42.8,0.0166444038245219,3.325275684,6.967129886029696,11.7,1.5735333,3.5,56.5499,28.3,7.670686743,0.0,5554.864468,8.28,11.0989569,3.02e-05,5.127915353676332,0.0,0.0,62.56180471,3.8462314532076034,4.344798826995252,0.0062551285328024,0.1694607442160839,20.029309197504,29.7732852013919,90.68,S
ZMB,赞比亚,894,2012,0.3542705297185832,0.3182581036428318,0.48800102819444025,0.6820602018446454,0.4910002940107556,0.35508730934076405,0.32456815581892895,0.48777496798883213,0.6803457733520011,0.4619440516251315,0.3916485360872581,0.2916085274095953,0.49201068705117634,0.669816601564726,0.46127108802818895,0.45424276537309277,4.164388005,0.3672108306129323,6.992227249,427.6917269,16957.2089,8197.853989,5.378984862,11.46496815,41.1,0.0148851200663866,3.242600262,7.165258033440419,11.8,1.54221773,4.1,70.5709,29.2,4.922836435,0.0,5377.631427,8.07,11.94218695,0.002215346,5.495377730211578,0.0,0.0,62.30866705,3.8462718088755574,4.343857194743002,0.0061878690862131,0.1965086102785579,20.5083473583921,29.7732852013919,90.68,S
ZMB,赞比亚,894,2013,0.3431647833841612,0.3170690449139584,0.490916058364658,0.6844319015328127,0.490660142676578,0.3440780594267659,0.3239096551039724,0.4905875591496605,0.6829701808506967,0.46038636363277385,0.3795918007326699,0.2915617822249391,0.49514548162328964,0.6722490981721706,0.4596370406882673,0.45314889845191325,1.746180594,0.3783182725245749,9.73089122,397.0094628,15893.36532,8506.413363,-0.575955751,11.46496815,39.1,0.0126226492232215,3.202688457,7.827782549733596,11.8,1.30987322,4.8,67.5096,30.1,4.423296671,0.0,5208.131413,7.9,12.54616747,0.002051147,5.55316688728258,6.493929442287702e-08,0.0,62.0555294,3.8459893191998815,4.342538909589852,0.0062147728648488,0.2059040812203548,19.6913412070444,29.7732852013919,90.68,S
ZMB,赞比亚,894,2014,0.33839280841088015,0.324451940142746,0.4982541519308562,0.6886961615927264,0.4952964728953735,0.3396221518297659,0.33094045734572597,0.497749081797301,0.6876492030282473,0.46399022350026004,0.3762564392534484,0.2998069391479217,0.5032771265931278,0.6765805696318261,0.46398026865658104,0.45805891654841513,1.424322409,0.3571714964722702,5.440524581,388.1865741,15061.00394,8562.652835,-1.42709396,10.75949367,37.3,0.0111699890655228,3.172203429,8.150829348144406,11.9,1.89382219,6.5,63.6343,27.9,2.957008733,0.0,5045.511838,7.86,13.13499464,0.001611518,5.924330450782383,6.291161892670892e-08,3.840692125387889e-06,61.80239175,3.8452494652874,4.34130133577261,0.0061878690862131,0.2271920065126108,18.3014512970949,29.7732852013919,90.68,S
ZMB,赞比亚,894,2015,0.3233425867459644,0.3471698976220347,0.5028757385533488,0.6814221793760656,0.49832907092986517,0.3250212397173387,0.3532957238474661,0.5022178976463633,0.6797486401892534,0.46507087535010533,0.36334746776617255,0.31943974293531757,0.5086913335014509,0.6690704524214994,0.4651372491561101,0.4608416271941599,-0.241301067,0.3108998445825888,6.659292114,347.4410232,14784.77434,8307.139013,-3.612272079,12.65822785,35.1,0.0102979587083464,3.120137279,9.849327605942014,11.9,2.0905416,8.8,70.4778,31.1,1.867989995,0.0,4890.515565,7.83,13.51858575,0.001497974,5.909825648003079,6.09789970650199e-08,3.8800049706114775e-06,61.54925409,3.8452494652874,4.341113009322159,0.0061609653075774,0.2402946478307422,20.3221042395838,29.7732852013919,90.7,S
ZMB,赞比亚,894,2016,0.31934153579203134,0.36097710410939604,0.5031316720123182,0.685758518804053,0.50350440036737,0.32109494486520257,0.3684153156742984,0.5024624593061523,0.6845168515468862,0.46912239284813484,0.3600085938259934,0.3310004887356105,0.5088321211414014,0.6735211153438108,0.468340579761704,0.4646389134459164,0.593979724,0.3040306601679318,13.57610117,346.5793742,14936.02148,8123.018986,-4.551688275,17.96407186,33.4,0.0066032143327623,3.094090541,10.625842808826526,11.8,1.71430743,10.3,71.0461,35.4,1.91965551,0.0,4741.515569,7.73,14.02622221,0.003457297,5.895443945231743,5.912114176167877e-08,3.843128387972206e-06,61.29595502,3.842855028988821,4.34041351107763,0.006201320975531,0.2500134786152622,18.9240434821545,29.7732852013919,90.7,S
ZMB,赞比亚,894,2017,0.3243634660292077,0.3897482583943922,0.49672924549313313,0.6890980108296146,0.5125229529750832,0.3259121191037175,0.3960775118978852,0.49620569975947965,0.6881451922324374,0.47658513074837994,0.36469878322775234,0.3560195713437594,0.5015108360965611,0.676682351848807,0.47472788562921997,0.47176892752033434,0.398377781,0.3091954583090303,10.07283709,365.8699033,15079.49863,7853.680102,-1.681270576,17.96407186,31.8,0.0071160987420046,3.067541377,11.92856962661083,11.8,2.51039147,12.2,77.05,40.3,3.269067559,0.0,4598.275819,7.77,14.52076755,0.009217608,6.682453179336891,5.7335109957273884e-08,3.85027694384198e-06,61.04288462,3.841106283377501,4.336875664187035,0.0059322831891739,0.3260949766990113,17.7263600886994,29.7732852013919,90.7,S
ZMB,赞比亚,894,2018,0.3316196733741661,0.39391132554278036,0.4923010914160551,0.6843884557018209,0.5120645346131012,0.3328347997424122,0.39967920289787007,0.4918819626796655,0.6829982198811845,0.47684854630028306,0.3706664749384565,0.35873228917152156,0.49628962545739547,0.6715941100764211,0.4743206249109487,0.4712161095885983,0.953733735,0.3433478707974683,7.411570948,285.0999573,15022.53065,7935.300339,-1.301166776,17.96407186,31.5,0.0093236306932622,3.006018618,12.101658830252356,11.7,2.08801126,14.3,86.0723,40.2,4.339175671,0.0,4462.107665,7.69,15.10660703,0.015257122,7.064737044267281,6.676470321503759e-07,3.396599259226701e-06,60.78970661,3.8402722662397935,4.348551904114933,0.0057170529600882,0.3948180698001605,18.9152504880239,29.7732852013919,90.7,S
ZMB,赞比亚,894,2019,0.32100413879105,0.41091834051330245,0.5087453665123588,0.6812980772511805,0.5179962844974609,0.322316807475487,0.41553904517135054,0.5080780262896862,0.6797043831855766,0.48140956553052505,0.3615472164969658,0.3727386136879775,0.5163485499534094,0.6686577268129887,0.47982302673783533,0.47807692401303337,-1.518949511,0.3019906614198612,7.633470481,304.5483256,15132.44637,7059.030054,0.603690809,17.96407186,32.1,0.0124883324213846,2.961621662,11.332603680954556,11.5,2.25830793,18.7,93.0148,43.0,1.313441861,0.0,4331.894644,7.5,15.32433947,0.010717269,6.695537351347046,5.206915756370141e-05,3.343923233778796e-06,60.53651515,3.846433231547371,4.372133066089132,0.0059457350784917,0.3426053739043533,19.8185671133,29.7732852013919,90.7,S
ZMB,赞比亚,894,2020,0.3555810646267042,0.4457275544722975,0.4884172144875163,0.6891259726098651,0.5314082800514327,0.3546156326361835,0.44777250803581764,0.4883886648547593,0.6882678554187197,0.49476116523637004,0.3843617854712355,0.4029020290999311,0.49325061032041645,0.6766575704198807,0.4892929988278659,0.4874137895747281,-5.567735025,0.4368785255594952,13.91387062,328.4230482,15232.91446,6542.547554,11.79095711,16.76646707,33.9,0.0071049368979876,2.904164937,13.989950887738042,11.1,3.59365153,24.5,100.235,44.6,5.588258653,0.0,4207.898519,7.88,14.89754818,0.013033566,6.891600016059533,5.057873033220625e-05,3.383548746483296e-06,60.28333714,3.846554298551231,4.37603411399131,0.0058650237425846,0.3633014808182526,17.3888784940877,29.7732852013919,90.7,S
ZMB,赞比亚,894,2021,0.37335509729894384,0.44387246973957073,0.42417629728602,0.6880999014771331,0.5193816542315415,0.37223800785000954,0.4448657080708304,0.42621534780467285,0.6871855866159501,0.4826261625853657,0.40286038979690825,0.4006096555579637,0.41758712738980613,0.6756144133205229,0.47416789651630026,0.4702740805067775,3.285754611,0.4984065984042412,25.14277761,347.8123746,13467.98932,6759.074127,11.90035135,15.06024096,35.7,-0.0157510140307128,2.815342406,15.954716904904286,10.7,2.82306838,32.5,103.283,46.7,21.02000619,0.0,4091.08385,7.82,15.82639869,0.023071221,7.187105119623984,4.9186866478194546e-05,3.377341859380266e-06,60.03015012,3.850455346453409,4.380459785576884,0.0059995426357631,0.3685256395927545,17.5878088739581,29.7732852013919,90.7,S
