Alpha-3 code,Country,CountryName_CN,Numeric,score_2001,score_2021,Region,raw_2001,raw_2021,score_change_observed,score_change_for_index,raw_change,sustainability_status_observed,endpoint_data_status,raw_status,sustainability_direction_note,weighted_global_contribution_to_sdi_change,weighted_internal_contribution_to_subsystem_change,一级指标,二级指标,三级指标,Variables,类型,来源,two_stage_internal_weight,two_stage_global_weight,dimension_en,subdimension_en,indicator_en,direction_en
AGO,Angola,安哥拉,24,0.3007291355576175,0.5472221152735574,S,20.0,48.2,0.24649297971593986,0.24649297971593986,28.200000000000003,Improved,Observed both endpoints,Increased,Positive indicator: raw increase is improvement,0.007721214880717378,0.03088485952286956,社会,基础设施,通电率,Access to electricity (% of population)_x,正向,世界银行WDI数据库,0.125297116203721,0.0313242790509302,Social,Infrastructure,Access to electricity (% of population),Positive
BDI,Burundi,布隆迪,108,0.1503858997025053,0.2150684546634256,E,2.8,10.2,0.06468255496092032,0.06468255496092032,7.3999999999999995,Improved,Observed both endpoints,Increased,Positive indicator: raw increase is improvement,0.0020261344013229976,0.008104537605292002,社会,基础设施,通电率,Access to electricity (% of population)_x,正向,世界银行WDI数据库,0.125297116203721,0.0313242790509302,Social,Infrastructure,Access to electricity (% of population),Positive
BEN,Benin,贝宁,204,0.3173368185881241,0.4930286232792727,W,21.9,42.0,0.1756918046911486,0.1756918046911486,20.1,Improved,Observed both endpoints,Increased,Positive indicator: raw increase is improvement,0.005503419117107066,0.0220136764684283,社会,基础设施,通电率,Access to electricity (% of population)_x,正向,世界银行WDI数据库,0.125297116203721,0.0313242790509302,Social,Infrastructure,Access to electricity (% of population),Positive
BFA,Burkina Faso,布基纳法索,854,0.2089498345995548,0.2919882497520877,W,9.5,19.0,0.08303841515253291,0.08303841515253291,9.5,Improved,Observed both endpoints,Increased,Positive indicator: raw increase is improvement,0.0026011184881849316,0.010404473952739742,社会,基础设施,通电率,Access to electricity (% of population)_x,正向,世界银行WDI数据库,0.125297116203721,0.0313242790509302,Social,Infrastructure,Access to electricity (% of population),Positive
BWA,Botswana,博茨瓦纳,72,0.3426853874241604,0.7701147033145668,S,24.8,73.7,0.4274293158904064,0.4274293158904064,48.900000000000006,Improved,Observed both endpoints,Increased,Positive indicator: raw increase is improvement,0.013388915165499284,0.05355566066199722,社会,基础设施,通电率,Access to electricity (% of population)_x,正向,世界银行WDI数据库,0.125297116203721,0.0313242790509302,Social,Infrastructure,Access to electricity (% of population),Positive
CAF,Central African Republic,中非,140,0.1757344685385416,0.2631433265938394,C,5.7,15.7,0.08740885805529777,0.08740885805529777,10.0,Improved,Observed both endpoints,Increased,Positive indicator: raw increase is improvement,0.0027380194612472955,0.0109520778449892,社会,基础设施,通电率,Access to electricity (% of population)_x,正向,世界银行WDI数据库,0.125297116203721,0.0313242790509302,Social,Infrastructure,Access to electricity (% of population),Positive
CIV,Côte d'Ivoire,科特迪瓦,384,0.5603334439818519,0.7473884002201893,W,49.7,71.1,0.18705495623833734,0.18705495623833734,21.39999999999999,Improved,Observed both endpoints,Increased,Positive indicator: raw increase is improvement,0.005859361647069216,0.0234374465882769,社会,基础设施,通电率,Access to electricity (% of population)_x,正向,世界银行WDI数据库,0.125297116203721,0.0313242790509302,Social,Infrastructure,Access to electricity (% of population),Positive
CMR,Cameroon,喀麦隆,120,0.5297403436624978,0.6975653511286696,C,46.2,65.4,0.1678250074661718,0.1678250074661718,19.200000000000003,Improved,Observed both endpoints,Increased,Positive indicator: raw increase is improvement,0.00525699736559481,0.02102798946237927,社会,基础设施,通电率,Access to electricity (% of population)_x,正向,世界银行WDI数据库,0.125297116203721,0.0313242790509302,Social,Infrastructure,Access to electricity (% of population),Positive
COD,"Congo, Dem. Rep.",刚果（金）,180,0.1879717086662833,0.3077218442020413,C,7.1,20.8,0.119750135535758,0.119750135535758,13.700000000000001,Improved,Observed both endpoints,Increased,Positive indicator: raw increase is improvement,0.0037510866619087967,0.01500434664763521,社会,基础设施,通电率,Access to electricity (% of population)_x,正向,世界银行WDI数据库,0.125297116203721,0.0313242790509302,Social,Infrastructure,Access to electricity (% of population),Positive
COG,"Congo, Rep.",刚果（布）,178,0.3907602593545743,0.5603334439818519,C,30.3,49.7,0.1695731846272776,0.1695731846272776,19.400000000000002,Improved,Observed both endpoints,Increased,Positive indicator: raw increase is improvement,0.005311757754819751,0.021247031019279036,社会,基础设施,通电率,Access to electricity (% of population)_x,正向,世界银行WDI数据库,0.125297116203721,0.0313242790509302,Social,Infrastructure,Access to electricity (% of population),Positive
COM,Comoros,科摩罗,174,0.4930286232792727,0.8942352817530896,E,42.0,87.9,0.4012066584738169,0.4012066584738169,45.900000000000006,Improved,Observed both endpoints,Increased,Positive indicator: raw increase is improvement,0.012567509327125092,0.050270037308500444,社会,基础设施,通电率,Access to electricity (% of population)_x,正向,世界银行WDI数据库,0.125297116203721,0.0313242790509302,Social,Infrastructure,Access to electricity (% of population),Positive
CPV,Cape Verde,佛得角,132,0.6529868335204676,0.960666013875116,W,60.3,95.5,0.30767918035464836,0.30767918035464836,35.2,Improved,Observed both endpoints,Increased,Positive indicator: raw increase is improvement,0.009637828503590486,0.03855131401436201,社会,基础设施,通电率,Access to electricity (% of population)_x,正向,世界银行WDI数据库,0.125297116203721,0.0313242790509302,Social,Infrastructure,Access to electricity (% of population),Positive
DJI,Djibouti,吉布提,262,0.6162751131372426,0.6975653511286696,E,56.1,65.4,0.08129023799142698,0.08129023799142698,9.300000000000004,Improved,Observed both endpoints,Increased,Positive indicator: raw increase is improvement,0.0025463580989599868,0.010185432395839963,社会,基础设施,通电率,Access to electricity (% of population)_x,正向,世界银行WDI数据库,0.125297116203721,0.0313242790509302,Social,Infrastructure,Access to electricity (% of population),Positive
ERI,Eritrea,厄立特里亚,232,0.3907602593545743,0.5848079242373354,E,30.3,52.5,0.1940476648827611,0.1940476648827611,22.2,Improved,Observed both endpoints,Increased,Positive indicator: raw increase is improvement,0.0060784032039689975,0.02431361281587603,社会,基础设施,通电率,Access to electricity (% of population)_x,正向,世界银行WDI数据库,0.125297116203721,0.0313242790509302,Social,Infrastructure,Access to electricity (% of population),Positive
ETH,Ethiopia,埃塞俄比亚,231,0.2150684546634256,0.599667430106736,E,10.2,54.2,0.38459897544331034,0.38459897544331034,44.0,Improved,Observed both endpoints,Increased,Positive indicator: raw increase is improvement,0.012047285629488105,0.0481891425179525,社会,基础设施,通电率,Access to electricity (% of population)_x,正向,世界银行WDI数据库,0.125297116203721,0.0313242790509302,Social,Infrastructure,Access to electricity (% of population),Positive
GAB,Gabon,加蓬,266,0.8007078036339209,0.9283247363946557,C,77.2,91.8,0.12761693276073482,0.12761693276073482,14.599999999999994,Improved,Observed both endpoints,Increased,Positive indicator: raw increase is improvement,0.003997508413421054,0.01599003365368424,社会,基础设施,通电率,Access to electricity (% of population)_x,正向,世界银行WDI数据库,0.125297116203721,0.0313242790509302,Social,Infrastructure,Access to electricity (% of population),Positive
GHA,Ghana,加纳,288,0.517503103534756,0.8802498644642419,W,44.8,86.3,0.3627467609294859,0.3627467609294859,41.5,Improved,Observed both endpoints,Increased,Positive indicator: raw increase is improvement,0.01136278076417628,0.04545112305670519,社会,基础设施,通电率,Access to electricity (% of population)_x,正向,世界银行WDI数据库,0.125297116203721,0.0313242790509302,Social,Infrastructure,Access to electricity (% of population),Positive
GIN,Guinea,几内亚,324,0.2692619466577103,0.5349848751458156,W,16.4,46.8,0.2657229284881053,0.2657229284881053,30.4,Improved,Observed both endpoints,Increased,Positive indicator: raw increase is improvement,0.00832357916219178,0.033294316648767176,社会,基础设施,通电率,Access to electricity (% of population)_x,正向,世界银行WDI数据库,0.125297116203721,0.0313242790509302,Social,Infrastructure,Access to electricity (% of population),Positive
GMB,"Gambia, The",冈比亚,270,0.3872639050323623,0.6827058452592689,W,29.9,63.7,0.2954419402269066,0.2954419402269066,33.800000000000004,Improved,Observed both endpoints,Increased,Positive indicator: raw increase is improvement,0.009254505779015864,0.03701802311606351,社会,基础设施,通电率,Access to electricity (% of population)_x,正向,世界银行WDI数据库,0.125297116203721,0.0313242790509302,Social,Infrastructure,Access to electricity (% of population),Positive
GNB,Guinea-Bissau,几内亚（比绍）,624,0.1035623545821432,0.438835131284988,W,-2.556842105263513,35.8,0.33527277670284483,0.33527277670284483,38.35684210526351,Improved,Observed both endpoints,Increased,Positive indicator: raw increase is improvement,0.01050217801562012,0.04200871206248055,社会,基础设施,通电率,Access to electricity (% of population)_x,正向,世界银行WDI数据库,0.125297116203721,0.0313242790509302,Social,Infrastructure,Access to electricity (% of population),Positive
GNQ,Equatorial Guinea,赤道几内亚,226,0.6931949082259047,0.7098025912564112,C,64.9,66.8,0.016607683030506526,0.016607683030506526,1.8999999999999915,Improved,Observed both endpoints,Increased,Positive indicator: raw increase is improvement,0.0005202236976369845,0.0020808947905479416,社会,基础设施,通电率,Access to electricity (% of population)_x,正向,世界银行WDI数据库,0.125297116203721,0.0313242790509302,Social,Infrastructure,Access to electricity (% of population),Positive
KEN,Kenya,肯尼亚,404,0.2745064781410281,0.79458918357005,E,17.0,76.5,0.520082705429022,0.520082705429022,59.5,Improved,Observed both endpoints,Increased,Positive indicator: raw increase is improvement,0.01629121579442142,0.06516486317768577,社会,基础设施,通电率,Access to electricity (% of population)_x,正向,世界银行WDI数据库,0.125297116203721,0.0313242790509302,Social,Infrastructure,Access to electricity (% of population),Positive
LBR,Liberia,利比里亚,430,0.0,0.3863898164518094,W,-14.404880952381973,29.8,0.3863898164518094,0.3863898164518094,44.20488095238197,Improved,Observed both endpoints,Increased,Positive indicator: raw increase is improvement,0.01210338243297418,0.04841352973189679,社会,基础设施,通电率,Access to electricity (% of population)_x,正向,世界银行WDI数据库,0.125297116203721,0.0313242790509302,Social,Infrastructure,Access to electricity (% of population),Positive
LSO,Lesotho,莱索托,426,0.1372745709942106,0.5664520640457228,S,1.3,50.4,0.4291774930515122,0.4291774930515122,49.1,Improved,Observed both endpoints,Increased,Positive indicator: raw increase is improvement,0.013443675554724225,0.053774702218896984,社会,基础设施,通电率,Access to electricity (% of population)_x,正向,世界银行WDI数据库,0.125297116203721,0.0313242790509302,Social,Infrastructure,Access to electricity (% of population),Positive
MDG,Madagascar,马达加斯加,450,0.2552765293688626,0.4327165112211172,E,14.8,35.1,0.17743998185225462,0.17743998185225462,20.3,Improved,Observed both endpoints,Increased,Positive indicator: raw increase is improvement,0.005558179506332014,0.022232718025328092,社会,基础设施,通电率,Access to electricity (% of population)_x,正向,世界银行WDI数据库,0.125297116203721,0.0313242790509302,Social,Infrastructure,Access to electricity (% of population),Positive
MLI,Mali,马里,466,0.2203129861467435,0.5926747214623121,W,10.8,53.4,0.37236173531556865,0.37236173531556865,42.599999999999994,Improved,Observed both endpoints,Increased,Positive indicator: raw increase is improvement,0.011663962904913484,0.04665585161965401,社会,基础设施,通电率,Access to electricity (% of population)_x,正向,世界银行WDI数据库,0.125297116203721,0.0313242790509302,Social,Infrastructure,Access to electricity (% of population),Positive
MOZ,Mozambique,莫桑比克,508,0.1757344685385416,0.40124932232121,S,5.7,31.5,0.22551485378266842,0.22551485378266842,25.8,Improved,Observed both endpoints,Increased,Positive indicator: raw increase is improvement,0.007064090210018028,0.028256360840072155,社会,基础设施,通电率,Access to electricity (% of population)_x,正向,世界银行WDI数据库,0.125297116203721,0.0313242790509302,Social,Infrastructure,Access to electricity (% of population),Positive
MUS,Mauritius,毛里求斯,480,0.9930072913555761,0.9965036456777879,S,99.2,99.6,0.0034963543222118476,0.0034963543222118476,0.3999999999999915,Improved,Observed both endpoints,Increased,Positive indicator: raw increase is improvement,0.00010952077844988984,0.00043808311379956,社会,基础设施,通电率,Access to electricity (% of population)_x,正向,世界银行WDI数据库,0.125297116203721,0.0313242790509302,Social,Infrastructure,Access to electricity (% of population),Positive
MWI,Malawi,马拉维,454,0.1713640256357767,0.2500319978855448,S,5.2,14.2,0.0786679722497681,0.0786679722497681,9.0,Improved,Observed both endpoints,Increased,Positive indicator: raw increase is improvement,0.002464217515122569,0.009856870060490292,社会,基础设施,通电率,Access to electricity (% of population)_x,正向,世界银行WDI数据库,0.125297116203721,0.0313242790509302,Social,Infrastructure,Access to electricity (% of population),Positive
NAM,Namibia,纳米比亚,516,0.440583308446094,0.6084083159122657,S,36.0,55.2,0.16782500746617174,0.16782500746617174,19.200000000000003,Improved,Observed both endpoints,Increased,Positive indicator: raw increase is improvement,0.005256997365594808,0.021027989462379264,社会,基础设施,通电率,Access to electricity (% of population)_x,正向,世界银行WDI数据库,0.125297116203721,0.0313242790509302,Social,Infrastructure,Access to electricity (% of population),Positive
NER,Niger,尼日尔,562,0.199334860213472,0.2884918954298759,W,8.4,18.6,0.08915703521640392,0.08915703521640392,10.200000000000001,Improved,Observed both endpoints,Increased,Positive indicator: raw increase is improvement,0.0027927798504722473,0.011171119401889007,社会,基础设施,通电率,Access to electricity (% of population)_x,正向,世界银行WDI数据库,0.125297116203721,0.0313242790509302,Social,Infrastructure,Access to electricity (% of population),Positive
NGA,Nigeria,尼日利亚,566,0.5096363063097793,0.6459941248760438,W,43.9,59.5,0.1363578185662645,0.1363578185662645,15.600000000000001,Improved,Observed both endpoints,Increased,Positive indicator: raw increase is improvement,0.004271310359545781,0.017085241438183147,社会,基础设施,通电率,Access to electricity (% of population)_x,正向,世界银行WDI数据库,0.125297116203721,0.0313242790509302,Social,Infrastructure,Access to electricity (% of population),Positive
RWA,Rwanda,卢旺达,646,0.1669935827330118,0.5515925581763221,E,4.7,48.7,0.38459897544331034,0.38459897544331034,44.0,Improved,Observed both endpoints,Increased,Positive indicator: raw increase is improvement,0.012047285629488105,0.0481891425179525,社会,基础设施,通电率,Access to electricity (% of population)_x,正向,世界银行WDI数据库,0.125297116203721,0.0313242790509302,Social,Infrastructure,Access to electricity (% of population),Positive
SEN,Senegal,塞内加尔,686,0.4659318772821303,0.720291654223047,W,38.9,68.0,0.25435977694091666,0.25435977694091666,29.1,Improved,Observed both endpoints,Increased,Positive indicator: raw increase is improvement,0.007967636632229635,0.03187054652891859,社会,基础设施,通电率,Access to electricity (% of population)_x,正向,世界银行WDI数据库,0.125297116203721,0.0313242790509302,Social,Infrastructure,Access to electricity (% of population),Positive
SLE,Sierra Leone,塞拉利昂,694,0.200208948794025,0.3662857790990909,W,8.5,27.5,0.16607683030506587,0.16607683030506587,19.0,Improved,Observed both endpoints,Increased,Positive indicator: raw increase is improvement,0.005202236976369865,0.02080894790547949,社会,基础设施,通电率,Access to electricity (% of population)_x,正向,世界银行WDI数据库,0.125297116203721,0.0313242790509302,Social,Infrastructure,Access to electricity (% of population),Positive
STP,São Tomé and Principe,圣多美和普林西比,678,0.5760670384318056,0.8120709551811096,C,51.5,78.5,0.236003916749304,0.236003916749304,27.0,Improved,Observed both endpoints,Increased,Positive indicator: raw increase is improvement,0.0073926525453676985,0.02957061018147084,社会,基础设施,通电率,Access to electricity (% of population)_x,正向,世界银行WDI数据库,0.125297116203721,0.0313242790509302,Social,Infrastructure,Access to electricity (% of population),Positive
SWZ,Swaziland,斯威士兰,748,0.3610412476157729,0.8505308527254407,S,26.9,82.9,0.4894896051096678,0.4894896051096678,56.00000000000001,Improved,Observed both endpoints,Increased,Positive indicator: raw increase is improvement,0.015332908982984865,0.061331635931939556,社会,基础设施,通电率,Access to electricity (% of population)_x,正向,世界银行WDI数据库,0.125297116203721,0.0313242790509302,Social,Infrastructure,Access to electricity (% of population),Positive
SYC,Seychelles,塞舌尔,690,0.9510510394890332,0.9999999999999999,E,94.4,100.0,0.048948960510966644,0.048948960510966644,5.599999999999994,Improved,Observed both endpoints,Increased,Positive indicator: raw increase is improvement,0.0015332908982984821,0.006133163593193938,社会,基础设施,通电率,Access to electricity (% of population)_x,正向,世界银行WDI数据库,0.125297116203721,0.0313242790509302,Social,Infrastructure,Access to electricity (% of population),Positive
TCD,Chad,乍得,148,0.1556304311858231,0.2246834290495084,C,3.4,11.3,0.0690529978636853,0.0690529978636853,7.9,Improved,Observed both endpoints,Increased,Positive indicator: raw increase is improvement,0.0021630353743853654,0.008652141497541474,社会,基础设施,通电率,Access to electricity (% of population)_x,正向,世界银行WDI数据库,0.125297116203721,0.0313242790509302,Social,Infrastructure,Access to electricity (% of population),Positive
TGO,Togo,多哥,768,0.2972327812354056,0.6127787588150306,W,19.6,55.7,0.31554597757962505,0.31554597757962505,36.1,Improved,Observed both endpoints,Increased,Positive indicator: raw increase is improvement,0.00988425025510274,0.03953700102041102,社会,基础设施,通电率,Access to electricity (% of population)_x,正向,世界银行WDI数据库,0.125297116203721,0.0313242790509302,Social,Infrastructure,Access to electricity (% of population),Positive
TZA,Tanzania,坦桑尼亚,834,0.2106980117606607,0.4991472433431435,E,9.7,42.7,0.2884492315824828,0.2884492315824828,33.0,Improved,Observed both endpoints,Increased,Positive indicator: raw increase is improvement,0.00903546422211608,0.03614185688846438,社会,基础设施,通电率,Access to electricity (% of population)_x,正向,世界银行WDI数据库,0.125297116203721,0.0313242790509302,Social,Infrastructure,Access to electricity (% of population),Positive
UGA,Uganda,乌干达,800,0.201083037374578,0.520999457856968,E,8.6,45.2,0.31991642048239,0.31991642048239,36.6,Improved,Observed both endpoints,Increased,Positive indicator: raw increase is improvement,0.010021151228165106,0.040084604912660485,社会,基础设施,通电率,Access to electricity (% of population)_x,正向,世界银行WDI数据库,0.125297116203721,0.0313242790509302,Social,Infrastructure,Access to electricity (% of population),Positive
ZAF,South Africa,南非,710,0.7395216029952125,0.9064725218808313,S,70.2,89.3,0.16695091888561875,0.16695091888561875,19.099999999999994,Improved,Observed both endpoints,Increased,Positive indicator: raw increase is improvement,0.005229617170982335,0.02091846868392937,社会,基础设施,通电率,Access to electricity (% of population)_x,正向,世界银行WDI数据库,0.125297116203721,0.0313242790509302,Social,Infrastructure,Access to electricity (% of population),Positive
ZMB,Zambia,赞比亚,894,0.3024773127187235,0.5341107865652627,S,20.2,46.7,0.23163347384653915,0.23163347384653915,26.500000000000004,Improved,Observed both endpoints,Increased,Positive indicator: raw increase is improvement,0.007255751572305335,0.029023006289221383,社会,基础设施,通电率,Access to electricity (% of population)_x,正向,世界银行WDI数据库,0.125297116203721,0.0313242790509302,Social,Infrastructure,Access to electricity (% of population),Positive
ZWE,Zimbabwe,津巴布韦,716,0.4248497139961404,0.5542148239179812,S,34.2,49.0,0.12936510992184075,0.12936510992184075,14.799999999999997,Improved,Observed both endpoints,Increased,Positive indicator: raw increase is improvement,0.004052268802645999,0.01620907521058402,社会,基础设施,通电率,Access to electricity (% of population)_x,正向,世界银行WDI数据库,0.125297116203721,0.0313242790509302,Social,Infrastructure,Access to electricity (% of population),Positive
AGO,Angola,安哥拉,24,0.6040774467451552,0.738719310032286,S,34.14105595,22.53066561,0.1346418632871308,0.1346418632871308,-11.610390340000002,Improved,Observed both endpoints,Decreased,Negative indicator: raw decrease is improvement,0.0030466254684797006,0.01218650187391883,资源,能源生产和消费,能源损耗占GNI比,Adjusted savings: energy depletion (% of GNI),负向,世界银行WDI数据库,0.0905104963374614,0.0226276240843653,Resource,Energy production and consumption,Energy depletion (% of GNI),Negative
BDI,Burundi,布隆迪,108,0.9999999999999999,0.9999999999999999,E,0.0,0.0,0.0,0.0,0.0,Unchanged,Observed both endpoints,Unchanged,Negative indicator: raw decrease is improvement,0.0,0.0,资源,能源生产和消费,能源损耗占GNI比,Adjusted savings: energy depletion (% of GNI),负向,世界银行WDI数据库,0.0905104963374614,0.0226276240843653,Resource,Energy production and consumption,Energy depletion (% of GNI),Negative
BEN,Benin,贝宁,204,0.9999999999999999,0.9999999999999999,W,0.0,0.0,0.0,0.0,0.0,Unchanged,Observed both endpoints,Unchanged,Negative indicator: raw decrease is improvement,0.0,0.0,资源,能源生产和消费,能源损耗占GNI比,Adjusted savings: energy depletion (% of GNI),负向,世界银行WDI数据库,0.0905104963374614,0.0226276240843653,Resource,Energy production and consumption,Energy depletion (% of GNI),Negative
BFA,Burkina Faso,布基纳法索,854,0.9999999999999999,0.9999999999999999,W,0.0,0.0,0.0,0.0,0.0,Unchanged,Observed both endpoints,Unchanged,Negative indicator: raw decrease is improvement,0.0,0.0,资源,能源生产和消费,能源损耗占GNI比,Adjusted savings: energy depletion (% of GNI),负向,世界银行WDI数据库,0.0905104963374614,0.0226276240843653,Resource,Energy production and consumption,Energy depletion (% of GNI),Negative
BWA,Botswana,博茨瓦纳,72,0.9979958446998236,0.9959007307227487,S,0.172821623,0.353486763,-0.0020951139770749583,-0.0020951139770749583,0.18066513999999997,Deteriorated,Observed both endpoints,Increased,Negative indicator: raw decrease is improvement,-4.740745148715169e-05,-0.0001896298059486072,资源,能源生产和消费,能源损耗占GNI比,Adjusted savings: energy depletion (% of GNI),负向,世界银行WDI数据库,0.0905104963374614,0.0226276240843653,Resource,Energy production and consumption,Energy depletion (% of GNI),Negative
CAF,Central African Republic,中非,140,0.9999999999999999,0.9999999999999999,C,0.0,0.0,0.0,0.0,0.0,Unchanged,Observed both endpoints,Unchanged,Negative indicator: raw decrease is improvement,0.0,0.0,资源,能源生产和消费,能源损耗占GNI比,Adjusted savings: energy depletion (% of GNI),负向,世界银行WDI数据库,0.0905104963374614,0.0226276240843653,Resource,Energy production and consumption,Energy depletion (% of GNI),Negative
CIV,Côte d'Ivoire,科特迪瓦,384,0.9961985501697268,0.9938328132673389,W,0.3278053,0.531806702,-0.0023657369023879493,-0.0023657369023879493,0.204001402,Deteriorated,Observed both endpoints,Increased,Negative indicator: raw decrease is improvement,-5.353100530974532e-05,-0.00021412402123898176,资源,能源生产和消费,能源损耗占GNI比,Adjusted savings: energy depletion (% of GNI),负向,世界银行WDI数据库,0.0905104963374614,0.0226276240843653,Resource,Energy production and consumption,Energy depletion (% of GNI),Negative
CMR,Cameroon,喀麦隆,120,0.9652289115072423,0.9730034956317309,C,2.998368413,2.327953178,0.007774584124488615,0.007774584124488615,-0.6704152350000001,Improved,Observed both endpoints,Decreased,Negative indicator: raw decrease is improvement,0.00017592036698120268,0.0007036814679248123,资源,能源生产和消费,能源损耗占GNI比,Adjusted savings: energy depletion (% of GNI),负向,世界银行WDI数据库,0.0905104963374614,0.0226276240843653,Resource,Energy production and consumption,Energy depletion (% of GNI),Negative
COD,"Congo, Dem. Rep.",刚果（金）,180,0.9853315564962216,0.9946301756762231,C,1.26488412,0.463048824,0.009298619180001522,0.009298619180001522,-0.801835296,Improved,Observed both endpoints,Decreased,Negative indicator: raw decrease is improvement,0.00021040565930874352,0.000841622637234976,资源,能源生产和消费,能源损耗占GNI比,Adjusted savings: energy depletion (% of GNI),负向,世界银行WDI数据库,0.0905104963374614,0.0226276240843653,Resource,Energy production and consumption,Energy depletion (% of GNI),Negative
COG,"Congo, Rep.",刚果（布）,178,0.4741534086318324,0.7463245625411725,C,45.34462043,21.87485212,0.2721711539093401,0.2721711539093401,-23.46976831,Improved,Observed both endpoints,Decreased,Negative indicator: raw decrease is improvement,0.0061585865572684785,0.02463434622907397,资源,能源生产和消费,能源损耗占GNI比,Adjusted savings: energy depletion (% of GNI),负向,世界银行WDI数据库,0.0905104963374614,0.0226276240843653,Resource,Energy production and consumption,Energy depletion (% of GNI),Negative
COM,Comoros,科摩罗,174,0.9999999999999999,0.9999999999999999,E,0.0,0.0,0.0,0.0,0.0,Unchanged,Observed both endpoints,Unchanged,Negative indicator: raw decrease is improvement,0.0,0.0,资源,能源生产和消费,能源损耗占GNI比,Adjusted savings: energy depletion (% of GNI),负向,世界银行WDI数据库,0.0905104963374614,0.0226276240843653,Resource,Energy production and consumption,Energy depletion (% of GNI),Negative
CPV,Cape Verde,佛得角,132,0.9916367505577762,0.9939035112632301,W,0.721176818,0.525710297,0.002266760705453841,0.002266760705453841,-0.19546652099999995,Improved,Observed both endpoints,Decreased,Negative indicator: raw decrease is improvement,5.12914091322202e-05,0.00020516563652888127,资源,能源生产和消费,能源损耗占GNI比,Adjusted savings: energy depletion (% of GNI),负向,世界银行WDI数据库,0.0905104963374614,0.0226276240843653,Resource,Energy production and consumption,Energy depletion (% of GNI),Negative
DJI,Djibouti,吉布提,262,0.9999999999999999,0.9999999999999999,E,0.0,0.0,0.0,0.0,0.0,Unchanged,Observed both endpoints,Unchanged,Negative indicator: raw decrease is improvement,0.0,0.0,资源,能源生产和消费,能源损耗占GNI比,Adjusted savings: energy depletion (% of GNI),负向,世界银行WDI数据库,0.0905104963374614,0.0226276240843653,Resource,Energy production and consumption,Energy depletion (% of GNI),Negative
ERI,Eritrea,厄立特里亚,232,0.9999999999999999,0.9999999999999999,E,0.0,0.0,0.0,0.0,0.0,Unchanged,Observed both endpoints,Unchanged,Negative indicator: raw decrease is improvement,0.0,0.0,资源,能源生产和消费,能源损耗占GNI比,Adjusted savings: energy depletion (% of GNI),负向,世界银行WDI数据库,0.0905104963374614,0.0226276240843653,Resource,Energy production and consumption,Energy depletion (% of GNI),Negative
ETH,Ethiopia,埃塞俄比亚,231,0.9999999999999999,0.999999942712451,E,0.0,4.94e-06,-5.7287548926865384e-08,-5.7287548926865384e-08,4.94e-06,Deteriorated,Observed both endpoints,Increased,Negative indicator: raw decrease is improvement,-1.2962811218317946e-09,-5.18512448732719e-09,资源,能源生产和消费,能源损耗占GNI比,Adjusted savings: energy depletion (% of GNI),负向,世界银行WDI数据库,0.0905104963374614,0.0226276240843653,Resource,Energy production and consumption,Energy depletion (% of GNI),Negative
GAB,Gabon,加蓬,266,0.7478304643363536,0.8692531616954763,C,21.74499572,11.2745159,0.1214226973591227,0.1214226973591227,-10.470479819999998,Improved,Observed both endpoints,Decreased,Negative indicator: raw decrease is improvement,0.0027475071511518837,0.010990028604607559,资源,能源生产和消费,能源损耗占GNI比,Adjusted savings: energy depletion (% of GNI),负向,世界银行WDI数据库,0.0905104963374614,0.0226276240843653,Resource,Energy production and consumption,Energy depletion (% of GNI),Negative
GHA,Ghana,加纳,288,0.9935232884201616,0.9697466830865769,W,0.558497541,2.608793505,-0.02377660533358472,-0.02377660533358472,2.050295964,Deteriorated,Observed both endpoints,Increased,Negative indicator: raw decrease is improvement,-0.0005380080874906701,-0.002152032349962685,资源,能源生产和消费,能源损耗占GNI比,Adjusted savings: energy depletion (% of GNI),负向,世界银行WDI数据库,0.0905104963374614,0.0226276240843653,Resource,Energy production and consumption,Energy depletion (% of GNI),Negative
GIN,Guinea,几内亚,324,0.9999999999999999,0.9999999999999999,W,0.0,0.0,0.0,0.0,0.0,Unchanged,Observed both endpoints,Unchanged,Negative indicator: raw decrease is improvement,0.0,0.0,资源,能源生产和消费,能源损耗占GNI比,Adjusted savings: energy depletion (% of GNI),负向,世界银行WDI数据库,0.0905104963374614,0.0226276240843653,Resource,Energy production and consumption,Energy depletion (% of GNI),Negative
GMB,"Gambia, The",冈比亚,270,0.9999999999999999,0.9999999999999999,W,0.0,0.0,0.0,0.0,0.0,Unchanged,Observed both endpoints,Unchanged,Negative indicator: raw decrease is improvement,0.0,0.0,资源,能源生产和消费,能源损耗占GNI比,Adjusted savings: energy depletion (% of GNI),负向,世界银行WDI数据库,0.0905104963374614,0.0226276240843653,Resource,Energy production and consumption,Energy depletion (% of GNI),Negative
GNB,Guinea-Bissau,几内亚（比绍）,624,0.9999999999999999,0.9999999999999999,W,0.0,0.0,0.0,0.0,0.0,Unchanged,Observed both endpoints,Unchanged,Negative indicator: raw decrease is improvement,0.0,0.0,资源,能源生产和消费,能源损耗占GNI比,Adjusted savings: energy depletion (% of GNI),负向,世界银行WDI数据库,0.0905104963374614,0.0226276240843653,Resource,Energy production and consumption,Energy depletion (% of GNI),Negative
GNQ,Equatorial Guinea,赤道几内亚,226,0.1345536133460468,0.7825122609879527,C,74.62887189823505,18.75432709,0.6479586476419059,0.6479586476419059,-55.87454480823504,Improved,Observed both endpoints,Decreased,Negative indicator: raw decrease is improvement,0.014661764701054758,0.058647058804219165,资源,能源生产和消费,能源损耗占GNI比,Adjusted savings: energy depletion (% of GNI),负向,世界银行WDI数据库,0.0905104963374614,0.0226276240843653,Resource,Energy production and consumption,Energy depletion (% of GNI),Negative
KEN,Kenya,肯尼亚,404,0.9999999999999999,0.9999999999999999,E,0.0,0.0,0.0,0.0,0.0,Unchanged,Observed both endpoints,Unchanged,Negative indicator: raw decrease is improvement,0.0,0.0,资源,能源生产和消费,能源损耗占GNI比,Adjusted savings: energy depletion (% of GNI),负向,世界银行WDI数据库,0.0905104963374614,0.0226276240843653,Resource,Energy production and consumption,Energy depletion (% of GNI),Negative
LBR,Liberia,利比里亚,430,0.9999999999999999,0.9999999999999999,W,0.0,0.0,0.0,0.0,0.0,Unchanged,Observed both endpoints,Unchanged,Negative indicator: raw decrease is improvement,0.0,0.0,资源,能源生产和消费,能源损耗占GNI比,Adjusted savings: energy depletion (% of GNI),负向,世界银行WDI数据库,0.0905104963374614,0.0226276240843653,Resource,Energy production and consumption,Energy depletion (% of GNI),Negative
LSO,Lesotho,莱索托,426,0.9999999999999999,0.9999999999999999,S,0.0,0.0,0.0,0.0,0.0,Unchanged,Observed both endpoints,Unchanged,Negative indicator: raw decrease is improvement,0.0,0.0,资源,能源生产和消费,能源损耗占GNI比,Adjusted savings: energy depletion (% of GNI),负向,世界银行WDI数据库,0.0905104963374614,0.0226276240843653,Resource,Energy production and consumption,Energy depletion (% of GNI),Negative
MDG,Madagascar,马达加斯加,450,0.9999999999999999,0.9994554810820897,E,0.0,0.046954766,-0.0005445189179101861,-0.0005445189179101861,0.046954766,Deteriorated,Observed both endpoints,Increased,Negative indicator: raw decrease is improvement,-1.2321169381297058e-05,-4.928467752518835e-05,资源,能源生产和消费,能源损耗占GNI比,Adjusted savings: energy depletion (% of GNI),负向,世界银行WDI数据库,0.0905104963374614,0.0226276240843653,Resource,Energy production and consumption,Energy depletion (% of GNI),Negative
MLI,Mali,马里,466,0.9999999999999999,0.9999999999999999,W,0.0,0.0,0.0,0.0,0.0,Unchanged,Observed both endpoints,Unchanged,Negative indicator: raw decrease is improvement,0.0,0.0,资源,能源生产和消费,能源损耗占GNI比,Adjusted savings: energy depletion (% of GNI),负向,世界银行WDI数据库,0.0905104963374614,0.0226276240843653,Resource,Energy production and consumption,Energy depletion (% of GNI),Negative
MOZ,Mozambique,莫桑比克,508,0.9999898683838625,0.9930027823089734,S,0.000873666,0.603381643,-0.006987086074889071,-0.006987086074889071,0.6025079769999999,Deteriorated,Observed both endpoints,Increased,Negative indicator: raw decrease is improvement,-0.00015810115714769333,-0.0006324046285907747,资源,能源生产和消费,能源损耗占GNI比,Adjusted savings: energy depletion (% of GNI),负向,世界银行WDI数据库,0.0905104963374614,0.0226276240843653,Resource,Energy production and consumption,Energy depletion (% of GNI),Negative
MUS,Mauritius,毛里求斯,480,0.9999999999999999,0.9999999999999999,S,0.0,0.0,0.0,0.0,0.0,Unchanged,Observed both endpoints,Unchanged,Negative indicator: raw decrease is improvement,0.0,0.0,资源,能源生产和消费,能源损耗占GNI比,Adjusted savings: energy depletion (% of GNI),负向,世界银行WDI数据库,0.0905104963374614,0.0226276240843653,Resource,Energy production and consumption,Energy depletion (% of GNI),Negative
MWI,Malawi,马拉维,454,0.9990768165531254,0.9998612170278453,S,0.079607634,0.011967485,0.0007844004747198374,0.0007844004747198374,-0.067640149,Improved,Observed both endpoints,Decreased,Negative indicator: raw decrease is improvement,1.7749119073558165e-05,7.099647629423284e-05,资源,能源生产和消费,能源损耗占GNI比,Adjusted savings: energy depletion (% of GNI),负向,世界银行WDI数据库,0.0905104963374614,0.0226276240843653,Resource,Energy production and consumption,Energy depletion (% of GNI),Negative
NAM,Namibia,纳米比亚,516,0.9999999999999999,0.9999999999999999,S,0.0,0.0,0.0,0.0,0.0,Unchanged,Observed both endpoints,Unchanged,Negative indicator: raw decrease is improvement,0.0,0.0,资源,能源生产和消费,能源损耗占GNI比,Adjusted savings: energy depletion (% of GNI),负向,世界银行WDI数据库,0.0905104963374614,0.0226276240843653,Resource,Energy production and consumption,Energy depletion (% of GNI),Negative
NER,Niger,尼日尔,562,0.9996265035037487,0.9972374354584875,W,0.03220722,0.238220505,-0.002389068045261178,-0.002389068045261178,0.206013285,Deteriorated,Observed both endpoints,Increased,Negative indicator: raw decrease is improvement,-5.405893364013935e-05,-0.00021623573456055792,资源,能源生产和消费,能源损耗占GNI比,Adjusted savings: energy depletion (% of GNI),负向,世界银行WDI数据库,0.0905104963374614,0.0226276240843653,Resource,Energy production and consumption,Energy depletion (% of GNI),Negative
NGA,Nigeria,尼日利亚,566,0.9029736038236622,0.9682929475885734,W,8.366746459,2.734151519,0.06531934376491122,0.06531934376491122,-5.63259494,Improved,Observed both endpoints,Decreased,Negative indicator: raw decrease is improvement,0.0014780215561498414,0.0059120862245993794,资源,能源生产和消费,能源损耗占GNI比,Adjusted savings: energy depletion (% of GNI),负向,世界银行WDI数据库,0.0905104963374614,0.0226276240843653,Resource,Energy production and consumption,Energy depletion (% of GNI),Negative
RWA,Rwanda,卢旺达,646,0.9999999999999999,0.9999863960741942,E,0.0,0.001173089,-1.3603925805738548e-05,-1.3603925805738548e-05,0.001173089,Deteriorated,Observed both endpoints,Increased,Negative indicator: raw decrease is improvement,-3.0782451920384816e-07,-1.2312980768153956e-06,资源,能源生产和消费,能源损耗占GNI比,Adjusted savings: energy depletion (% of GNI),负向,世界银行WDI数据库,0.0905104963374614,0.0226276240843653,Resource,Energy production and consumption,Energy depletion (% of GNI),Negative
SEN,Senegal,塞内加尔,686,0.9999999934246881,0.9999868896284617,W,5.67e-07,0.001130529,-1.310379622643243e-05,-1.310379622643243e-05,0.001129962,Deteriorated,Observed both endpoints,Increased,Negative indicator: raw decrease is improvement,-2.9650777508983756e-07,-1.186031100359353e-06,资源,能源生产和消费,能源损耗占GNI比,Adjusted savings: energy depletion (% of GNI),负向,世界银行WDI数据库,0.0905104963374614,0.0226276240843653,Resource,Energy production and consumption,Energy depletion (% of GNI),Negative
SLE,Sierra Leone,塞拉利昂,694,0.9999999999999999,0.9999999999999999,W,0.0,0.0,0.0,0.0,0.0,Unchanged,Observed both endpoints,Unchanged,Negative indicator: raw decrease is improvement,0.0,0.0,资源,能源生产和消费,能源损耗占GNI比,Adjusted savings: energy depletion (% of GNI),负向,世界银行WDI数据库,0.0905104963374614,0.0226276240843653,Resource,Energy production and consumption,Energy depletion (% of GNI),Negative
STP,São Tomé and Principe,圣多美和普林西比,678,0.9999999999999999,0.9999999999999999,C,0.0,0.0,0.0,0.0,0.0,Unchanged,Observed both endpoints,Unchanged,Negative indicator: raw decrease is improvement,0.0,0.0,资源,能源生产和消费,能源损耗占GNI比,Adjusted savings: energy depletion (% of GNI),负向,世界银行WDI数据库,0.0905104963374614,0.0226276240843653,Resource,Energy production and consumption,Energy depletion (% of GNI),Negative
SWZ,Swaziland,斯威士兰,748,0.9999999196350781,0.999999958831822,S,6.93e-06,3.55e-06,3.919674396168915e-08,3.919674396168915e-08,-3.38e-06,Improved,Observed both endpoints,Decreased,Negative indicator: raw decrease is improvement,8.869291876962175e-10,3.5477167507848782e-09,资源,能源生产和消费,能源损耗占GNI比,Adjusted savings: energy depletion (% of GNI),负向,世界银行WDI数据库,0.0905104963374614,0.0226276240843653,Resource,Energy production and consumption,Energy depletion (% of GNI),Negative
SYC,Seychelles,塞舌尔,690,0.9999999999999999,0.9999999999999999,E,0.0,0.0,0.0,0.0,0.0,Unchanged,Observed both endpoints,Unchanged,Negative indicator: raw decrease is improvement,0.0,0.0,资源,能源生产和消费,能源损耗占GNI比,Adjusted savings: energy depletion (% of GNI),负向,世界银行WDI数据库,0.0905104963374614,0.0226276240843653,Resource,Energy production and consumption,Energy depletion (% of GNI),Negative
TCD,Chad,乍得,148,0.9999999999999999,0.8889605816703108,C,0.0,9.575112513,-0.11103941832968911,-0.11103941832968911,9.575112513,Deteriorated,Observed both endpoints,Increased,Negative indicator: raw decrease is improvement,-0.002512558216510787,-0.01005023286604317,资源,能源生产和消费,能源损耗占GNI比,Adjusted savings: energy depletion (% of GNI),负向,世界银行WDI数据库,0.0905104963374614,0.0226276240843653,Resource,Energy production and consumption,Energy depletion (% of GNI),Negative
TGO,Togo,多哥,768,0.9999999999999999,0.9999999999999999,W,0.0,0.0,0.0,0.0,0.0,Unchanged,Observed both endpoints,Unchanged,Negative indicator: raw decrease is improvement,0.0,0.0,资源,能源生产和消费,能源损耗占GNI比,Adjusted savings: energy depletion (% of GNI),负向,世界银行WDI数据库,0.0905104963374614,0.0226276240843653,Resource,Energy production and consumption,Energy depletion (% of GNI),Negative
TZA,Tanzania,坦桑尼亚,834,0.999997364888716,0.9975778418315195,E,0.00022723,0.208866701,-0.0024195230571965043,-0.0024195230571965043,0.208639471,Deteriorated,Observed both endpoints,Increased,Negative indicator: raw decrease is improvement,-5.4748058201696777e-05,-0.00021899223280678762,资源,能源生产和消费,能源损耗占GNI比,Adjusted savings: energy depletion (% of GNI),负向,世界银行WDI数据库,0.0905104963374614,0.0226276240843653,Resource,Energy production and consumption,Energy depletion (% of GNI),Negative
UGA,Uganda,乌干达,800,0.9999999999999999,0.9999999999999999,E,0.0,0.0,0.0,0.0,0.0,Unchanged,Observed both endpoints,Unchanged,Negative indicator: raw decrease is improvement,0.0,0.0,资源,能源生产和消费,能源损耗占GNI比,Adjusted savings: energy depletion (% of GNI),负向,世界银行WDI数据库,0.0905104963374614,0.0226276240843653,Resource,Energy production and consumption,Energy depletion (% of GNI),Negative
ZAF,South Africa,南非,710,0.9748279545143308,0.9798120830626829,S,2.170627074,1.740837434,0.0049841285483520625,0.0049841285483520625,-0.4297896400000001,Improved,Observed both endpoints,Decreased,Negative indicator: raw decrease is improvement,0.00011277898718026379,0.0004511159487210562,资源,能源生产和消费,能源损耗占GNI比,Adjusted savings: energy depletion (% of GNI),负向,世界银行WDI数据库,0.0905104963374614,0.0226276240843653,Resource,Energy production and consumption,Energy depletion (% of GNI),Negative
ZMB,Zambia,赞比亚,894,0.9999140760289014,0.9997324506676534,S,0.007409366,0.023071221,-0.00018162536124799455,-0.00018162536124799455,0.015661855,Deteriorated,Observed both endpoints,Increased,Negative indicator: raw decrease is improvement,-4.1097503985066696e-06,-1.6439001594026716e-05,资源,能源生产和消费,能源损耗占GNI比,Adjusted savings: energy depletion (% of GNI),负向,世界银行WDI数据库,0.0905104963374614,0.0226276240843653,Resource,Energy production and consumption,Energy depletion (% of GNI),Negative
ZWE,Zimbabwe,津巴布韦,716,0.9943926202374298,0.9986890321246922,S,0.483533622,0.113046926,0.004296411887262375,0.004296411887262375,-0.370486696,Improved,Observed both endpoints,Decreased,Negative indicator: raw decrease is improvement,9.721759309657148e-05,0.0003888703723862868,资源,能源生产和消费,能源损耗占GNI比,Adjusted savings: energy depletion (% of GNI),负向,世界银行WDI数据库,0.0905104963374614,0.0226276240843653,Resource,Energy production and consumption,Energy depletion (% of GNI),Negative
AGO,Angola,安哥拉,24,1.0,1.0,S,0.0,0.0,0.0,0.0,0.0,Unchanged,Observed both endpoints,Unchanged,Negative indicator: raw decrease is improvement,0.0,0.0,资源,自然资源,矿石资源损耗占GNI比,Adjusted savings: mineral depletion (% of GNI),负向,世界银行WDI数据库,0.0913641547961206,0.0228410386990301,Resource,Natural resources,Mineral depletion (% of GNI),Negative
BDI,Burundi,布隆迪,108,0.9970353316483076,1.0,E,0.067180458,0.0,0.002964668351692401,0.002964668351692401,-0.067180458,Improved,Observed both endpoints,Decreased,Negative indicator: raw decrease is improvement,6.77161045507959e-05,0.00027086441820318427,资源,自然资源,矿石资源损耗占GNI比,Adjusted savings: mineral depletion (% of GNI),负向,世界银行WDI数据库,0.0913641547961206,0.0228410386990301,Resource,Natural resources,Mineral depletion (% of GNI),Negative
BEN,Benin,贝宁,204,0.9999729408559077,1.0,W,0.00061317,0.0,2.70591440922896e-05,2.70591440922896e-05,-0.00061317,Improved,Observed both endpoints,Decreased,Negative indicator: raw decrease is improvement,6.180589573746185e-07,2.4722358294984794e-06,资源,自然资源,矿石资源损耗占GNI比,Adjusted savings: mineral depletion (% of GNI),负向,世界银行WDI数据库,0.0913641547961206,0.0228410386990301,Resource,Natural resources,Mineral depletion (% of GNI),Negative
BFA,Burkina Faso,布基纳法索,854,0.9995938990291452,0.4429574138691672,W,0.009202395,12.62278664,-0.556636485159978,-0.556636485159978,12.613584244999998,Deteriorated,Observed both endpoints,Increased,Negative indicator: raw decrease is improvement,-0.012714155498831151,-0.050856621995324716,资源,自然资源,矿石资源损耗占GNI比,Adjusted savings: mineral depletion (% of GNI),负向,世界银行WDI数据库,0.0913641547961206,0.0228410386990301,Resource,Natural resources,Mineral depletion (% of GNI),Negative
BWA,Botswana,博茨瓦纳,72,0.9810641851008949,0.9916320832753087,S,0.42909242,0.189620022,0.010567898174413837,0.010567898174413837,-0.23947239799999998,Improved,Observed both endpoints,Decreased,Negative indicator: raw decrease is improvement,0.00024138177116919598,0.0009655270846767861,资源,自然资源,矿石资源损耗占GNI比,Adjusted savings: mineral depletion (% of GNI),负向,世界银行WDI数据库,0.0913641547961206,0.0228410386990301,Resource,Natural resources,Mineral depletion (% of GNI),Negative
CAF,Central African Republic,中非,140,0.9998664465729775,0.9754090336909966,C,0.003026369,0.557240198,-0.02445741288198089,-0.02445741288198089,0.554213829,Deteriorated,Observed both endpoints,Increased,Negative indicator: raw decrease is improvement,-0.0005586327141154828,-0.002234530856461936,资源,自然资源,矿石资源损耗占GNI比,Adjusted savings: mineral depletion (% of GNI),负向,世界银行WDI数据库,0.0913641547961206,0.0228410386990301,Resource,Natural resources,Mineral depletion (% of GNI),Negative
CIV,Côte d'Ivoire,科特迪瓦,384,1.0,0.9166930706285213,W,0.0,1.887765175,-0.08330692937147866,-0.08330692937147866,1.887765175,Deteriorated,Observed both endpoints,Increased,Negative indicator: raw decrease is improvement,-0.001902816797671311,-0.0076112671906852615,资源,自然资源,矿石资源损耗占GNI比,Adjusted savings: mineral depletion (% of GNI),负向,世界银行WDI数据库,0.0913641547961206,0.0228410386990301,Resource,Natural resources,Mineral depletion (% of GNI),Negative
CMR,Cameroon,喀麦隆,120,0.9993979125747399,1.0,C,0.013643519,0.0,0.0006020874252601338,0.0006020874252601338,-0.013643519,Improved,Observed both endpoints,Decreased,Negative indicator: raw decrease is improvement,1.3752302180566109e-05,5.500920872226456e-05,资源,自然资源,矿石资源损耗占GNI比,Adjusted savings: mineral depletion (% of GNI),负向,世界银行WDI数据库,0.0913641547961206,0.0228410386990301,Resource,Natural resources,Mineral depletion (% of GNI),Negative
COD,"Congo, Dem. Rep.",刚果（金）,180,0.9995929591059427,0.0,C,0.009223694,22.66036198,-0.9995929591059427,-0.9995929591059427,22.651138286000002,Deteriorated,Observed both endpoints,Increased,Negative indicator: raw decrease is improvement,-0.022831741462216847,-0.0913269658488676,资源,自然资源,矿石资源损耗占GNI比,Adjusted savings: mineral depletion (% of GNI),负向,世界银行WDI数据库,0.0913641547961206,0.0228410386990301,Resource,Natural resources,Mineral depletion (% of GNI),Negative
COG,"Congo, Rep.",刚果（布）,178,0.9999686425132738,1.0,C,0.000710572,0.0,3.1357486726224515e-05,3.1357486726224515e-05,-0.000710572,Improved,Observed both endpoints,Decreased,Negative indicator: raw decrease is improvement,7.162375678180168e-07,2.8649502712720736e-06,资源,自然资源,矿石资源损耗占GNI比,Adjusted savings: mineral depletion (% of GNI),负向,世界银行WDI数据库,0.0913641547961206,0.0228410386990301,Resource,Natural resources,Mineral depletion (% of GNI),Negative
COM,Comoros,科摩罗,174,1.0,1.0,E,0.0,0.0,0.0,0.0,0.0,Unchanged,Observed both endpoints,Unchanged,Negative indicator: raw decrease is improvement,0.0,0.0,资源,自然资源,矿石资源损耗占GNI比,Adjusted savings: mineral depletion (% of GNI),负向,世界银行WDI数据库,0.0913641547961206,0.0228410386990301,Resource,Natural resources,Mineral depletion (% of GNI),Negative
CPV,Cape Verde,佛得角,132,1.0,1.0,W,0.0,0.0,0.0,0.0,0.0,Unchanged,Observed both endpoints,Unchanged,Negative indicator: raw decrease is improvement,0.0,0.0,资源,自然资源,矿石资源损耗占GNI比,Adjusted savings: mineral depletion (% of GNI),负向,世界银行WDI数据库,0.0913641547961206,0.0228410386990301,Resource,Natural resources,Mineral depletion (% of GNI),Negative
DJI,Djibouti,吉布提,262,1.0,1.0,E,0.0,0.0,0.0,0.0,0.0,Unchanged,Observed both endpoints,Unchanged,Negative indicator: raw decrease is improvement,0.0,0.0,资源,自然资源,矿石资源损耗占GNI比,Adjusted savings: mineral depletion (% of GNI),负向,世界银行WDI数据库,0.0913641547961206,0.0228410386990301,Resource,Natural resources,Mineral depletion (% of GNI),Negative
ERI,Eritrea,厄立特里亚,232,0.999118955645209,0.3512577674811348,E,0.019964784,14.700733820590813,-0.6478611881640742,-0.6478611881640742,14.680769036590812,Deteriorated,Observed both endpoints,Increased,Negative indicator: raw decrease is improvement,-0.01479782247045524,-0.059191289881821096,资源,自然资源,矿石资源损耗占GNI比,Adjusted savings: mineral depletion (% of GNI),负向,世界银行WDI数据库,0.0913641547961206,0.0228410386990301,Resource,Natural resources,Mineral depletion (% of GNI),Negative
ETH,Ethiopia,埃塞俄比亚,231,0.9960721867515375,0.9909050311649081,E,0.08900567,0.206095286,-0.0051671555866293906,-0.0051671555866293906,0.117089616,Deteriorated,Observed both endpoints,Increased,Negative indicator: raw decrease is improvement,-0.00011802320071811148,-0.000472092802872447,资源,自然资源,矿石资源损耗占GNI比,Adjusted savings: mineral depletion (% of GNI),负向,世界银行WDI数据库,0.0913641547961206,0.0228410386990301,Resource,Natural resources,Mineral depletion (% of GNI),Negative
GAB,Gabon,加蓬,266,0.9999016070880965,0.9990865634883385,C,0.002229619,0.020698802,-0.0008150435997580363,-0.0008150435997580363,0.018469183,Deteriorated,Observed both endpoints,Increased,Negative indicator: raw decrease is improvement,-1.8616442403470106e-05,-7.44657696138806e-05,资源,自然资源,矿石资源损耗占GNI比,Adjusted savings: mineral depletion (% of GNI),负向,世界银行WDI数据库,0.0913641547961206,0.0228410386990301,Resource,Natural resources,Mineral depletion (% of GNI),Negative
GHA,Ghana,加纳,288,0.9097487378266497,0.8076036286248239,W,2.04512627,4.359771419,-0.10214510920182573,-0.10214510920182573,2.3146451490000004,Deteriorated,Observed both endpoints,Increased,Negative indicator: raw decrease is improvement,-0.002333100392195557,-0.00933240156878225,资源,自然资源,矿石资源损耗占GNI比,Adjusted savings: mineral depletion (% of GNI),负向,世界银行WDI数据库,0.0913641547961206,0.0228410386990301,Resource,Natural resources,Mineral depletion (% of GNI),Negative
GIN,Guinea,几内亚,324,0.9680827735391718,1.0,W,0.723255905,0.0,0.031917226460828174,0.031917226460828174,-0.723255905,Improved,Observed both endpoints,Decreased,Negative indicator: raw decrease is improvement,0.0007290226047574839,0.002916090419029942,资源,自然资源,矿石资源损耗占GNI比,Adjusted savings: mineral depletion (% of GNI),负向,世界银行WDI数据库,0.0913641547961206,0.0228410386990301,Resource,Natural resources,Mineral depletion (% of GNI),Negative
GMB,"Gambia, The",冈比亚,270,1.0,1.0,W,0.0,0.0,0.0,0.0,0.0,Unchanged,Observed both endpoints,Unchanged,Negative indicator: raw decrease is improvement,0.0,0.0,资源,自然资源,矿石资源损耗占GNI比,Adjusted savings: mineral depletion (% of GNI),负向,世界银行WDI数据库,0.0913641547961206,0.0228410386990301,Resource,Natural resources,Mineral depletion (% of GNI),Negative
GNB,Guinea-Bissau,几内亚（比绍）,624,1.0,1.0,W,0.0,0.0,0.0,0.0,0.0,Unchanged,Observed both endpoints,Unchanged,Negative indicator: raw decrease is improvement,0.0,0.0,资源,自然资源,矿石资源损耗占GNI比,Adjusted savings: mineral depletion (% of GNI),负向,世界银行WDI数据库,0.0913641547961206,0.0228410386990301,Resource,Natural resources,Mineral depletion (% of GNI),Negative
GNQ,Equatorial Guinea,赤道几内亚,226,0.9947451827951779,1.0,C,0.11907606,0.0,0.0052548172048221264,0.0052548172048221264,-0.11907606,Improved,Observed both endpoints,Decreased,Negative indicator: raw decrease is improvement,0.00012002548313167136,0.00048010193252668654,资源,自然资源,矿石资源损耗占GNI比,Adjusted savings: mineral depletion (% of GNI),负向,世界银行WDI数据库,0.0913641547961206,0.0228410386990301,Resource,Natural resources,Mineral depletion (% of GNI),Negative
KEN,Kenya,肯尼亚,404,0.9992568174764876,0.999803382708364,E,0.016840785,0.004455419,0.0005465652318763503,0.0005465652318763503,-0.012385366,Improved,Observed both endpoints,Decreased,Negative indicator: raw decrease is improvement,1.2484117612832077e-05,4.993647045132842e-05,资源,自然资源,矿石资源损耗占GNI比,Adjusted savings: mineral depletion (% of GNI),负向,世界银行WDI数据库,0.0913641547961206,0.0228410386990301,Resource,Natural resources,Mineral depletion (% of GNI),Negative
LBR,Liberia,利比里亚,430,0.999530338923562,0.8021531587201944,W,0.01064269,4.48328104,-0.19737718020336759,-0.19737718020336759,4.4726383499999995,Deteriorated,Observed both endpoints,Increased,Negative indicator: raw decrease is improvement,-0.004508299811330557,-0.018033199245322266,资源,自然资源,矿石资源损耗占GNI比,Adjusted savings: mineral depletion (% of GNI),负向,世界银行WDI数据库,0.0913641547961206,0.0228410386990301,Resource,Natural resources,Mineral depletion (% of GNI),Negative
LSO,Lesotho,莱索托,426,1.0,1.0,S,0.0,0.0,0.0,0.0,0.0,Unchanged,Observed both endpoints,Unchanged,Negative indicator: raw decrease is improvement,0.0,0.0,资源,自然资源,矿石资源损耗占GNI比,Adjusted savings: mineral depletion (% of GNI),负向,世界银行WDI数据库,0.0913641547961206,0.0228410386990301,Resource,Natural resources,Mineral depletion (% of GNI),Negative
MDG,Madagascar,马达加斯加,450,1.0,1.0,E,0.0,0.0,0.0,0.0,0.0,Unchanged,Observed both endpoints,Unchanged,Negative indicator: raw decrease is improvement,0.0,0.0,资源,自然资源,矿石资源损耗占GNI比,Adjusted savings: mineral depletion (% of GNI),负向,世界银行WDI数据库,0.0913641547961206,0.0228410386990301,Resource,Natural resources,Mineral depletion (% of GNI),Negative
MLI,Mali,马里,466,0.9209140964481628,0.4195023565108998,W,1.792115202,13.15428673,-0.5014117399372631,-0.5014117399372631,11.362171528000001,Deteriorated,Observed both endpoints,Increased,Negative indicator: raw decrease is improvement,-0.011452764956055041,-0.04581105982422027,资源,自然资源,矿石资源损耗占GNI比,Adjusted savings: mineral depletion (% of GNI),负向,世界银行WDI数据库,0.0913641547961206,0.0228410386990301,Resource,Natural resources,Mineral depletion (% of GNI),Negative
MOZ,Mozambique,莫桑比克,508,0.999970558237305,0.995092944494967,S,0.000667161,0.111195654,-0.004877613742337972,-0.004877613742337972,0.110528493,Deteriorated,Observed both endpoints,Increased,Negative indicator: raw decrease is improvement,-0.00011140976424766264,-0.00044563905699065157,资源,自然资源,矿石资源损耗占GNI比,Adjusted savings: mineral depletion (% of GNI),负向,世界银行WDI数据库,0.0913641547961206,0.0228410386990301,Resource,Natural resources,Mineral depletion (% of GNI),Negative
MUS,Mauritius,毛里求斯,480,1.0,1.0,S,0.0,0.0,0.0,0.0,0.0,Unchanged,Observed both endpoints,Unchanged,Negative indicator: raw decrease is improvement,0.0,0.0,资源,自然资源,矿石资源损耗占GNI比,Adjusted savings: mineral depletion (% of GNI),负向,世界银行WDI数据库,0.0913641547961206,0.0228410386990301,Resource,Natural resources,Mineral depletion (% of GNI),Negative
MWI,Malawi,马拉维,454,1.0,0.9999792187344396,S,0.0,0.000470911,-2.0781265560376738e-05,-2.0781265560376738e-05,0.000470911,Deteriorated,Observed both endpoints,Increased,Negative indicator: raw decrease is improvement,-4.7466569087938647e-07,-1.8986627635175503e-06,资源,自然资源,矿石资源损耗占GNI比,Adjusted savings: mineral depletion (% of GNI),负向,世界银行WDI数据库,0.0913641547961206,0.0228410386990301,Resource,Natural resources,Mineral depletion (% of GNI),Negative
NAM,Namibia,纳米比亚,516,0.9931755390255245,0.9039596360852131,S,0.154644756,2.176309411,-0.08921590294031134,-0.08921590294031134,2.021664655,Deteriorated,Observed both endpoints,Increased,Negative indicator: raw decrease is improvement,-0.0020377838916285644,-0.008151135566514277,资源,自然资源,矿石资源损耗占GNI比,Adjusted savings: mineral depletion (% of GNI),负向,世界银行WDI数据库,0.0913641547961206,0.0228410386990301,Resource,Natural resources,Mineral depletion (% of GNI),Negative
NER,Niger,尼日尔,562,0.9999276859742379,0.9721197347792765,W,0.001638662,0.631776902,-0.027807951194961378,-0.027807951194961378,0.6301382400000001,Deteriorated,Observed both endpoints,Increased,Negative indicator: raw decrease is improvement,-0.0006351624893848532,-0.0025406499575394183,资源,自然资源,矿石资源损耗占GNI比,Adjusted savings: mineral depletion (% of GNI),负向,世界银行WDI数据库,0.0913641547961206,0.0228410386990301,Resource,Natural resources,Mineral depletion (% of GNI),Negative
NGA,Nigeria,尼日利亚,566,0.999995732636571,0.9996987094466528,W,9.67e-05,0.006827353,-0.00029702318991819965,-0.00029702318991819965,0.0067306530000000005,Deteriorated,Observed both endpoints,Increased,Negative indicator: raw decrease is improvement,-6.784318175430965e-06,-2.7137272701723922e-05,资源,自然资源,矿石资源损耗占GNI比,Adjusted savings: mineral depletion (% of GNI),负向,世界银行WDI数据库,0.0913641547961206,0.0228410386990301,Resource,Natural resources,Mineral depletion (% of GNI),Negative
RWA,Rwanda,卢旺达,646,0.9999682161741001,1.0,E,0.000720233,0.0,3.1783825899855955e-05,3.1783825899855955e-05,-0.000720233,Improved,Observed both endpoints,Decreased,Negative indicator: raw decrease is improvement,7.25975597381845e-07,2.9039023895273868e-06,资源,自然资源,矿石资源损耗占GNI比,Adjusted savings: mineral depletion (% of GNI),负向,世界银行WDI数据库,0.0913641547961206,0.0228410386990301,Resource,Natural resources,Mineral depletion (% of GNI),Negative
SEN,Senegal,塞内加尔,686,0.9994717524366749,0.8988256758200295,W,0.011970281,2.292646809,-0.10064607661664537,-0.10064607661664537,2.280676528,Deteriorated,Observed both endpoints,Increased,Negative indicator: raw decrease is improvement,-0.0022988609309063453,-0.009195443723625402,资源,自然资源,矿石资源损耗占GNI比,Adjusted savings: mineral depletion (% of GNI),负向,世界银行WDI数据库,0.0913641547961206,0.0228410386990301,Resource,Natural resources,Mineral depletion (% of GNI),Negative
SLE,Sierra Leone,塞拉利昂,694,1.0,0.9926378953633996,W,0.0,0.166827956,-0.007362104636600364,-0.007362104636600364,0.166827956,Deteriorated,Observed both endpoints,Increased,Negative indicator: raw decrease is improvement,-0.00016815811691089783,-0.0006726324676435928,资源,自然资源,矿石资源损耗占GNI比,Adjusted savings: mineral depletion (% of GNI),负向,世界银行WDI数据库,0.0913641547961206,0.0228410386990301,Resource,Natural resources,Mineral depletion (% of GNI),Negative
STP,São Tomé and Principe,圣多美和普林西比,678,1.0,1.0,C,0.0,0.0,0.0,0.0,0.0,Unchanged,Observed both endpoints,Unchanged,Negative indicator: raw decrease is improvement,0.0,0.0,资源,自然资源,矿石资源损耗占GNI比,Adjusted savings: mineral depletion (% of GNI),负向,世界银行WDI数据库,0.0913641547961206,0.0228410386990301,Resource,Natural resources,Mineral depletion (% of GNI),Negative
SWZ,Swaziland,斯威士兰,748,1.0,1.0,S,0.0,0.0,0.0,0.0,0.0,Unchanged,Observed both endpoints,Unchanged,Negative indicator: raw decrease is improvement,0.0,0.0,资源,自然资源,矿石资源损耗占GNI比,Adjusted savings: mineral depletion (% of GNI),负向,世界银行WDI数据库,0.0913641547961206,0.0228410386990301,Resource,Natural resources,Mineral depletion (% of GNI),Negative
SYC,Seychelles,塞舌尔,690,1.0,1.0,E,0.0,0.0,0.0,0.0,0.0,Unchanged,Observed both endpoints,Unchanged,Negative indicator: raw decrease is improvement,0.0,0.0,资源,自然资源,矿石资源损耗占GNI比,Adjusted savings: mineral depletion (% of GNI),负向,世界银行WDI数据库,0.0913641547961206,0.0228410386990301,Resource,Natural resources,Mineral depletion (% of GNI),Negative
TCD,Chad,乍得,148,1.0,1.0,C,0.0,0.0,0.0,0.0,0.0,Unchanged,Observed both endpoints,Unchanged,Negative indicator: raw decrease is improvement,0.0,0.0,资源,自然资源,矿石资源损耗占GNI比,Adjusted savings: mineral depletion (% of GNI),负向,世界银行WDI数据库,0.0913641547961206,0.0228410386990301,Resource,Natural resources,Mineral depletion (% of GNI),Negative
TGO,Togo,多哥,768,1.0,0.8335165967194316,W,0.0,3.772574182,-0.16648340328056843,-0.16648340328056843,3.772574182,Deteriorated,Observed both endpoints,Increased,Negative indicator: raw decrease is improvement,-0.003802653857077698,-0.015210615428310826,资源,自然资源,矿石资源损耗占GNI比,Adjusted savings: mineral depletion (% of GNI),负向,世界银行WDI数据库,0.0913641547961206,0.0228410386990301,Resource,Natural resources,Mineral depletion (% of GNI),Negative
TZA,Tanzania,坦桑尼亚,834,0.9787978021523203,0.8618070684058861,E,0.480449478,3.131501853,-0.1169907337464342,-0.1169907337464342,2.651052375,Deteriorated,Observed both endpoints,Increased,Negative indicator: raw decrease is improvement,-0.0026721898769302304,-0.010688759507720946,资源,自然资源,矿石资源损耗占GNI比,Adjusted savings: mineral depletion (% of GNI),负向,世界银行WDI数据库,0.0913641547961206,0.0228410386990301,Resource,Natural resources,Mineral depletion (% of GNI),Negative
UGA,Uganda,乌干达,800,1.0,1.0,E,0.0,0.0,0.0,0.0,0.0,Unchanged,Observed both endpoints,Unchanged,Negative indicator: raw decrease is improvement,0.0,0.0,资源,自然资源,矿石资源损耗占GNI比,Adjusted savings: mineral depletion (% of GNI),负向,世界银行WDI数据库,0.0913641547961206,0.0228410386990301,Resource,Natural resources,Mineral depletion (% of GNI),Negative
ZAF,South Africa,南非,710,0.9764172791029705,0.8828861387853257,S,0.534392992,2.653842488,-0.09353114031764476,-0.09353114031764476,2.119449496,Deteriorated,Observed both endpoints,Increased,Negative indicator: raw decrease is improvement,-0.0021363483955597383,-0.008545393582238972,资源,自然资源,矿石资源损耗占GNI比,Adjusted savings: mineral depletion (% of GNI),负向,世界银行WDI数据库,0.0913641547961206,0.0228410386990301,Resource,Natural resources,Mineral depletion (% of GNI),Negative
ZMB,Zambia,赞比亚,894,0.9998114086613545,0.07238877258217569,S,0.004273548,21.02000619,-0.9274226360791789,-0.9274226360791789,21.015732642,Deteriorated,Observed both endpoints,Increased,Negative indicator: raw decrease is improvement,-0.02118329632104103,-0.08473318528416432,资源,自然资源,矿石资源损耗占GNI比,Adjusted savings: mineral depletion (% of GNI),负向,世界银行WDI数据库,0.0913641547961206,0.0228410386990301,Resource,Natural resources,Mineral depletion (% of GNI),Negative
ZWE,Zimbabwe,津巴布韦,716,0.9758216671259018,0.8643341949385753,S,0.547889775,3.074236251,-0.11148747218732646,-0.11148747218732646,2.5263464759999996,Deteriorated,Observed both endpoints,Increased,Negative indicator: raw decrease is improvement,-0.0025464896666877656,-0.010185958666751085,资源,自然资源,矿石资源损耗占GNI比,Adjusted savings: mineral depletion (% of GNI),负向,世界银行WDI数据库,0.0913641547961206,0.0228410386990301,Resource,Natural resources,Mineral depletion (% of GNI),Negative
AGO,Angola,安哥拉,24,0.8738659658536698,0.8945966783530291,S,1.717288645,0.739017315,0.020730712499359316,0.020730712499359316,-0.97827133,Improved,Observed both endpoints,Decreased,Negative indicator: raw decrease is improvement,0.0006004175923907958,0.00240167036956319,资源,自然资源,森林资源损耗占GNI比,Adjusted savings: net forest depletion (% of GNI),负向,世界银行WDI数据库,0.1158508357895279,0.0289627089473819,Resource,Natural resources,Net forest depletion (% of GNI),Negative
BDI,Burundi,布隆迪,108,0.507983229869219,0.6153537733153284,E,18.98310094,13.91634193,0.10737054344610941,0.10737054344610941,-5.06675901,Improved,Observed both endpoints,Decreased,Negative indicator: raw decrease is improvement,0.00310974179935189,0.012438967197407592,资源,自然资源,森林资源损耗占GNI比,Adjusted savings: net forest depletion (% of GNI),负向,世界银行WDI数据库,0.1158508357895279,0.0289627089473819,Resource,Natural resources,Net forest depletion (% of GNI),Negative
BEN,Benin,贝宁,204,0.8739344426561936,0.910257318729062,W,1.714057261,0.0,0.03632287607286844,0.03632287607286844,-1.714057261,Improved,Observed both endpoints,Decreased,Negative indicator: raw decrease is improvement,0.0010520088878303107,0.004208035551321253,资源,自然资源,森林资源损耗占GNI比,Adjusted savings: net forest depletion (% of GNI),负向,世界银行WDI数据库,0.1158508357895279,0.0289627089473819,Resource,Natural resources,Net forest depletion (% of GNI),Negative
BFA,Burkina Faso,布基纳法索,854,0.910257318729062,0.910257318729062,W,0.0,0.0,0.0,0.0,0.0,Unchanged,Observed both endpoints,Unchanged,Negative indicator: raw decrease is improvement,0.0,0.0,资源,自然资源,森林资源损耗占GNI比,Adjusted savings: net forest depletion (% of GNI),负向,世界银行WDI数据库,0.1158508357895279,0.0289627089473819,Resource,Natural resources,Net forest depletion (% of GNI),Negative
BWA,Botswana,博茨瓦纳,72,0.9035352062788651,0.903626761853119,S,0.317212922,0.312892463,9.15555742538876e-05,9.15555742538876e-05,-0.004320458999999999,Improved,Observed both endpoints,Decreased,Negative indicator: raw decrease is improvement,2.651697449625758e-06,1.0606789798503062e-05,资源,自然资源,森林资源损耗占GNI比,Adjusted savings: net forest depletion (% of GNI),负向,世界银行WDI数据库,0.1158508357895279,0.0289627089473819,Resource,Natural resources,Net forest depletion (% of GNI),Negative
CAF,Central African Republic,中非,140,0.910257318729062,0.910257318729062,C,0.0,0.0,0.0,0.0,0.0,Unchanged,Observed both endpoints,Unchanged,Negative indicator: raw decrease is improvement,0.0,0.0,资源,自然资源,森林资源损耗占GNI比,Adjusted savings: net forest depletion (% of GNI),负向,世界银行WDI数据库,0.1158508357895279,0.0289627089473819,Resource,Natural resources,Net forest depletion (% of GNI),Negative
CIV,Côte d'Ivoire,科特迪瓦,384,0.910257318729062,0.910257318729062,W,0.0,0.0,0.0,0.0,0.0,Unchanged,Observed both endpoints,Unchanged,Negative indicator: raw decrease is improvement,0.0,0.0,资源,自然资源,森林资源损耗占GNI比,Adjusted savings: net forest depletion (% of GNI),负向,世界银行WDI数据库,0.1158508357895279,0.0289627089473819,Resource,Natural resources,Net forest depletion (% of GNI),Negative
CMR,Cameroon,喀麦隆,120,0.8634409296792945,0.8543194475467439,C,2.209240574,2.639678479,-0.009121482132550596,-0.009121482132550596,0.43043790500000023,Deteriorated,Observed both endpoints,Increased,Negative indicator: raw decrease is improvement,-0.00026418283217380725,-0.0010567313286952318,资源,自然资源,森林资源损耗占GNI比,Adjusted savings: net forest depletion (% of GNI),负向,世界银行WDI数据库,0.1158508357895279,0.0289627089473819,Resource,Natural resources,Net forest depletion (% of GNI),Negative
COD,"Congo, Dem. Rep.",刚果（金）,180,0.5400275534991592,0.6989682009928225,C,17.4709463,9.970621426,0.15894064749366332,0.15894064749366332,-7.500324874000002,Improved,Observed both endpoints,Decreased,Negative indicator: raw decrease is improvement,0.004603351713267395,0.01841340685306963,资源,自然资源,森林资源损耗占GNI比,Adjusted savings: net forest depletion (% of GNI),负向,世界银行WDI数据库,0.1158508357895279,0.0289627089473819,Resource,Natural resources,Net forest depletion (% of GNI),Negative
COG,"Congo, Rep.",刚果（布）,178,0.7656531822589387,0.8443854210220184,C,6.823792521,3.108459923,0.07873223876307966,0.07873223876307966,-3.715332598,Improved,Observed both endpoints,Decreased,Negative indicator: raw decrease is improvement,0.0022802989160708555,0.009121195664283446,资源,自然资源,森林资源损耗占GNI比,Adjusted savings: net forest depletion (% of GNI),负向,世界银行WDI数据库,0.1158508357895279,0.0289627089473819,Resource,Natural resources,Net forest depletion (% of GNI),Negative
COM,Comoros,科摩罗,174,0.8833226175927027,0.8759160467414302,E,1.271034264,1.620546415,-0.007406570851272498,-0.007406570851272498,0.3495121509999999,Deteriorated,Observed both endpoints,Increased,Negative indicator: raw decrease is improvement,-0.00021451435586356796,-0.0008580574234542741,资源,自然资源,森林资源损耗占GNI比,Adjusted savings: net forest depletion (% of GNI),负向,世界银行WDI数据库,0.1158508357895279,0.0289627089473819,Resource,Natural resources,Net forest depletion (% of GNI),Negative
CPV,Cape Verde,佛得角,132,0.9035377974925553,0.9038564045268271,W,0.317090644,0.302055747,0.0003186070342718894,0.0003186070342718894,-0.015034896999999992,Improved,Observed both endpoints,Decreased,Negative indicator: raw decrease is improvement,9.227722802205263e-06,3.691089120882115e-05,资源,自然资源,森林资源损耗占GNI比,Adjusted savings: net forest depletion (% of GNI),负向,世界银行WDI数据库,0.1158508357895279,0.0289627089473819,Resource,Natural resources,Net forest depletion (% of GNI),Negative
DJI,Djibouti,吉布提,262,0.901629507645001,0.9042814941943771,E,0.40714183,0.281995991,0.0026519865493760397,0.0026519865493760397,-0.12514583899999998,Improved,Observed both endpoints,Decreased,Negative indicator: raw decrease is improvement,7.680871456194987e-05,0.0003072348582478003,资源,自然资源,森林资源损耗占GNI比,Adjusted savings: net forest depletion (% of GNI),负向,世界银行WDI数据库,0.1158508357895279,0.0289627089473819,Resource,Natural resources,Net forest depletion (% of GNI),Negative
ERI,Eritrea,厄立特里亚,232,0.8205568780356478,1.0,E,4.232916231,-4.234909541454499,0.1794431219643522,0.1794431219643522,-8.4678257724545,Improved,Observed both endpoints,Decreased,Negative indicator: raw decrease is improvement,0.005197158914063084,0.020788635656252392,资源,自然资源,森林资源损耗占GNI比,Adjusted savings: net forest depletion (% of GNI),负向,世界银行WDI数据库,0.1158508357895279,0.0289627089473819,Resource,Natural resources,Net forest depletion (% of GNI),Negative
ETH,Ethiopia,埃塞俄比亚,231,0.5259767261901582,0.7909401737591761,E,18.13399739,5.630512801,0.2649634475690179,0.2649634475690179,-12.503484589000001,Improved,Observed both endpoints,Decreased,Negative indicator: raw decrease is improvement,0.0076740592136363495,0.030696236854545478,资源,自然资源,森林资源损耗占GNI比,Adjusted savings: net forest depletion (% of GNI),负向,世界银行WDI数据库,0.1158508357895279,0.0289627089473819,Resource,Natural resources,Net forest depletion (% of GNI),Negative
GAB,Gabon,加蓬,266,0.8167580252191156,0.8437853057174567,C,4.412182081,3.136779046,0.027027280498341133,0.027027280498341133,-1.275403035,Improved,Observed both endpoints,Decreased,Negative indicator: raw decrease is improvement,0.000782783258712705,0.0031311330348508283,资源,自然资源,森林资源损耗占GNI比,Adjusted savings: net forest depletion (% of GNI),负向,世界银行WDI数据库,0.1158508357895279,0.0289627089473819,Resource,Natural resources,Net forest depletion (% of GNI),Negative
GHA,Ghana,加纳,288,0.7070724231673109,0.8286027860562442,W,9.588187479,3.853234098,0.12153036288893326,0.12153036288893326,-5.734953381,Improved,Observed both endpoints,Decreased,Negative indicator: raw decrease is improvement,0.0035198485286218766,0.014079394114487543,资源,自然资源,森林资源损耗占GNI比,Adjusted savings: net forest depletion (% of GNI),负向,世界银行WDI数据库,0.1158508357895279,0.0289627089473819,Resource,Natural resources,Net forest depletion (% of GNI),Negative
GIN,Guinea,几内亚,324,0.7498927321578378,0.8018527884151689,W,7.567519804,5.115552302,0.05196005625733113,0.05196005625733113,-2.4519675019999996,Improved,Observed both endpoints,Decreased,Negative indicator: raw decrease is improvement,0.0015049039862706712,0.006019615945082701,资源,自然资源,森林资源损耗占GNI比,Adjusted savings: net forest depletion (% of GNI),负向,世界银行WDI数据库,0.1158508357895279,0.0289627089473819,Resource,Natural resources,Net forest depletion (% of GNI),Negative
GMB,"Gambia, The",冈比亚,270,0.8549901351425171,0.8481585623396315,W,2.608029087,2.930407385,-0.006831572802885599,-0.006831572802885599,0.3223782980000003,Deteriorated,Observed both endpoints,Increased,Negative indicator: raw decrease is improvement,-0.0001978608547428256,-0.0007914434189713044,资源,自然资源,森林资源损耗占GNI比,Adjusted savings: net forest depletion (% of GNI),负向,世界银行WDI数据库,0.1158508357895279,0.0289627089473819,Resource,Natural resources,Net forest depletion (% of GNI),Negative
GNB,Guinea-Bissau,几内亚（比绍）,624,0.6667168823689654,0.6895763231751199,W,11.49254405,10.41381916,0.02285944080615443,0.02285944080615443,-1.0787248900000002,Improved,Observed both endpoints,Decreased,Negative indicator: raw decrease is improvement,0.0006620713307685557,0.00264828532307423,资源,自然资源,森林资源损耗占GNI比,Adjusted savings: net forest depletion (% of GNI),负向,世界银行WDI数据库,0.1158508357895279,0.0289627089473819,Resource,Natural resources,Net forest depletion (% of GNI),Negative
GNQ,Equatorial Guinea,赤道几内亚,226,0.7214995605747525,0.8554059874738036,C,8.907378515,2.588405236,0.13390642689905108,0.13390642689905108,-6.318973279,Improved,Observed both endpoints,Decreased,Negative indicator: raw decrease is improvement,0.0038782928684610867,0.015513171473844388,资源,自然资源,森林资源损耗占GNI比,Adjusted savings: net forest depletion (% of GNI),负向,世界银行WDI数据库,0.1158508357895279,0.0289627089473819,Resource,Natural resources,Net forest depletion (% of GNI),Negative
KEN,Kenya,肯尼亚,404,0.8434332419605519,0.8839614826016033,E,3.153392748,1.240886563,0.04052824064105143,0.04052824064105143,-1.9125061849999998,Improved,Observed both endpoints,Decreased,Negative indicator: raw decrease is improvement,0.0011738076378362268,0.00469523055134492,资源,自然资源,森林资源损耗占GNI比,Adjusted savings: net forest depletion (% of GNI),负向,世界银行WDI数据库,0.1158508357895279,0.0289627089473819,Resource,Natural resources,Net forest depletion (% of GNI),Negative
LBR,Liberia,利比里亚,430,0.4686482608483076,0.5385610784488183,W,20.83929727,17.54014848,0.06991281760051071,0.06991281760051071,-3.2991487900000003,Improved,Observed both endpoints,Decreased,Negative indicator: raw decrease is improvement,0.0020248645878549903,0.008099458351419982,资源,自然资源,森林资源损耗占GNI比,Adjusted savings: net forest depletion (% of GNI),负向,世界银行WDI数据库,0.1158508357895279,0.0289627089473819,Resource,Natural resources,Net forest depletion (% of GNI),Negative
LSO,Lesotho,莱索托,426,0.8573278498620887,0.8299291726496133,S,2.497713569,3.790642618,-0.027398677212475353,-0.027398677212475353,1.292929049,Deteriorated,Observed both endpoints,Increased,Negative indicator: raw decrease is improvement,-0.0007935399136481885,-0.003174159654592762,资源,自然资源,森林资源损耗占GNI比,Adjusted savings: net forest depletion (% of GNI),负向,世界银行WDI数据库,0.1158508357895279,0.0289627089473819,Resource,Natural resources,Net forest depletion (% of GNI),Negative
MDG,Madagascar,马达加斯加,450,0.8500792572640667,0.7923744528766395,E,2.83977081,5.56282993,-0.0577048043874272,-0.0577048043874272,2.7230591200000003,Deteriorated,Observed both endpoints,Increased,Negative indicator: raw decrease is improvement,-0.00167128745433866,-0.0066851498173546575,资源,自然资源,森林资源损耗占GNI比,Adjusted savings: net forest depletion (% of GNI),负向,世界银行WDI数据库,0.1158508357895279,0.0289627089473819,Resource,Natural resources,Net forest depletion (% of GNI),Negative
MLI,Mali,马里,466,0.8459684750894857,0.8605946318767475,W,3.033756441,2.343555858,0.014626156787261757,0.014626156787261757,-0.6902005829999998,Improved,Observed both endpoints,Decreased,Negative indicator: raw decrease is improvement,0.0004236131220482366,0.0016944524881929508,资源,自然资源,森林资源损耗占GNI比,Adjusted savings: net forest depletion (% of GNI),负向,世界银行WDI数据库,0.1158508357895279,0.0289627089473819,Resource,Natural resources,Net forest depletion (% of GNI),Negative
MOZ,Mozambique,莫桑比克,508,0.7983714404166663,0.910257318729062,S,5.279835268,0.0,0.11188587831239571,0.11188587831239571,-5.279835268,Improved,Observed both endpoints,Decreased,Negative indicator: raw decrease is improvement,0.0032405181288841056,0.012962072515536457,资源,自然资源,森林资源损耗占GNI比,Adjusted savings: net forest depletion (% of GNI),负向,世界银行WDI数据库,0.1158508357895279,0.0289627089473819,Resource,Natural resources,Net forest depletion (% of GNI),Negative
MUS,Mauritius,毛里求斯,480,0.910018372348351,0.9102129051339967,S,0.011275753,0.002095854,0.00019453278564562915,0.00019453278564562915,-0.009179899,Improved,Observed both endpoints,Decreased,Negative indicator: raw decrease is improvement,5.634196451377789e-06,2.2536785805511212e-05,资源,自然资源,森林资源损耗占GNI比,Adjusted savings: net forest depletion (% of GNI),负向,世界银行WDI数据库,0.1158508357895279,0.0289627089473819,Resource,Natural resources,Net forest depletion (% of GNI),Negative
MWI,Malawi,马拉维,454,0.6977162796566388,0.8196110026262818,S,10.02969893,4.27755159,0.12189472296964299,0.12189472296964299,-5.7521473400000005,Improved,Observed both endpoints,Decreased,Negative indicator: raw decrease is improvement,0.003530401383591517,0.014121605534366104,资源,自然资源,森林资源损耗占GNI比,Adjusted savings: net forest depletion (% of GNI),负向,世界银行WDI数据库,0.1158508357895279,0.0289627089473819,Resource,Natural resources,Net forest depletion (% of GNI),Negative
NAM,Namibia,纳米比亚,516,0.9021249664864133,0.8916185893683519,S,0.38376139,0.879551755,-0.01050637711806135,-0.01050637711806135,0.49579036500000007,Deteriorated,Observed both endpoints,Increased,Negative indicator: raw decrease is improvement,-0.0003042931425618439,-0.0012171725702473787,资源,自然资源,森林资源损耗占GNI比,Adjusted savings: net forest depletion (% of GNI),负向,世界银行WDI数据库,0.1158508357895279,0.0289627089473819,Resource,Natural resources,Net forest depletion (% of GNI),Negative
NER,Niger,尼日尔,562,0.910257318729062,0.910257318729062,W,0.0,0.0,0.0,0.0,0.0,Unchanged,Observed both endpoints,Unchanged,Negative indicator: raw decrease is improvement,0.0,0.0,资源,自然资源,森林资源损耗占GNI比,Adjusted savings: net forest depletion (% of GNI),负向,世界银行WDI数据库,0.1158508357895279,0.0289627089473819,Resource,Natural resources,Net forest depletion (% of GNI),Negative
NGA,Nigeria,尼日利亚,566,0.910257318729062,0.910257318729062,W,0.0,0.0,0.0,0.0,0.0,Unchanged,Observed both endpoints,Unchanged,Negative indicator: raw decrease is improvement,0.0,0.0,资源,自然资源,森林资源损耗占GNI比,Adjusted savings: net forest depletion (% of GNI),负向,世界银行WDI数据库,0.1158508357895279,0.0289627089473819,Resource,Natural resources,Net forest depletion (% of GNI),Negative
RWA,Rwanda,卢旺达,646,0.8035381040258885,0.8290116863068681,E,5.036023152,3.833938312,0.025473582280979512,0.025473582280979512,-1.2020848400000004,Improved,Observed both endpoints,Decreased,Negative indicator: raw decrease is improvement,0.0007377839494511943,0.002951135797804785,资源,自然资源,森林资源损耗占GNI比,Adjusted savings: net forest depletion (% of GNI),负向,世界银行WDI数据库,0.1158508357895279,0.0289627089473819,Resource,Natural resources,Net forest depletion (% of GNI),Negative
SEN,Senegal,塞内加尔,686,0.910257318729062,0.910257318729062,W,0.0,0.0,0.0,0.0,0.0,Unchanged,Observed both endpoints,Unchanged,Negative indicator: raw decrease is improvement,0.0,0.0,资源,自然资源,森林资源损耗占GNI比,Adjusted savings: net forest depletion (% of GNI),负向,世界银行WDI数据库,0.1158508357895279,0.0289627089473819,Resource,Natural resources,Net forest depletion (% of GNI),Negative
SLE,Sierra Leone,塞拉利昂,694,0.7407506980037128,0.7411374997436746,W,7.998927548,7.980674579,0.0003868017399617507,0.0003868017399617507,-0.01825296899999973,Improved,Observed both endpoints,Decreased,Negative indicator: raw decrease is improvement,1.1202826214853083e-05,4.4811304859412456e-05,资源,自然资源,森林资源损耗占GNI比,Adjusted savings: net forest depletion (% of GNI),负向,世界银行WDI数据库,0.1158508357895279,0.0289627089473819,Resource,Natural resources,Net forest depletion (% of GNI),Negative
STP,São Tomé and Principe,圣多美和普林西比,678,0.8444088936528046,0.8707523317773356,C,3.107352262,1.864219386,0.026343438124530993,0.026343438124530993,-1.243132876,Improved,Observed both endpoints,Decreased,Negative indicator: raw decrease is improvement,0.0007629773310741553,0.003051909324296629,资源,自然资源,森林资源损耗占GNI比,Adjusted savings: net forest depletion (% of GNI),负向,世界银行WDI数据库,0.1158508357895279,0.0289627089473819,Resource,Natural resources,Net forest depletion (% of GNI),Negative
SWZ,Swaziland,斯威士兰,748,0.8628455188353098,0.8555686941548427,S,2.237337696,2.580727194,-0.007276824680467087,-0.007276824680467087,0.34338949800000007,Deteriorated,Observed both endpoints,Increased,Negative indicator: raw decrease is improvement,-0.00021075655528149352,-0.0008430262211259763,资源,自然资源,森林资源损耗占GNI比,Adjusted savings: net forest depletion (% of GNI),负向,世界银行WDI数据库,0.1158508357895279,0.0289627089473819,Resource,Natural resources,Net forest depletion (% of GNI),Negative
SYC,Seychelles,塞舌尔,690,0.9080582260376087,0.9075469270944905,E,0.103774018,0.127901944,-0.000511298943118188,-0.000511298943118188,0.024127925999999994,Deteriorated,Observed both endpoints,Increased,Negative indicator: raw decrease is improvement,-1.4808602474636053e-05,-5.923440989854437e-05,资源,自然资源,森林资源损耗占GNI比,Adjusted savings: net forest depletion (% of GNI),负向,世界银行WDI数据库,0.1158508357895279,0.0289627089473819,Resource,Natural resources,Net forest depletion (% of GNI),Negative
TCD,Chad,乍得,148,0.7553249567930964,0.8262383435305078,C,7.311176004,3.964810887,0.07091338673741143,0.07091338673741143,-3.346365117,Improved,Observed both endpoints,Decreased,Negative indicator: raw decrease is improvement,0.002053843780548779,0.008215375122195138,资源,自然资源,森林资源损耗占GNI比,Adjusted savings: net forest depletion (% of GNI),负向,世界银行WDI数据库,0.1158508357895279,0.0289627089473819,Resource,Natural resources,Net forest depletion (% of GNI),Negative
TGO,Togo,多哥,768,0.787785193742506,0.8471995123384861,W,5.779394635,2.975664446,0.05941431859598012,0.05941431859598012,-2.803730189,Improved,Observed both endpoints,Decreased,Negative indicator: raw decrease is improvement,0.0017207996168023922,0.006883198467209587,资源,自然资源,森林资源损耗占GNI比,Adjusted savings: net forest depletion (% of GNI),负向,世界银行WDI数据库,0.1158508357895279,0.0289627089473819,Resource,Natural resources,Net forest depletion (% of GNI),Negative
TZA,Tanzania,坦桑尼亚,834,0.910257318729062,0.910257318729062,E,0.0,0.0,0.0,0.0,0.0,Unchanged,Observed both endpoints,Unchanged,Negative indicator: raw decrease is improvement,0.0,0.0,资源,自然资源,森林资源损耗占GNI比,Adjusted savings: net forest depletion (% of GNI),负向,世界银行WDI数据库,0.1158508357895279,0.0289627089473819,Resource,Natural resources,Net forest depletion (% of GNI),Negative
UGA,Uganda,乌干达,800,0.6376884951504727,0.7272645122376584,E,12.86237825,8.635333503,0.08957601708718577,0.08957601708718577,-4.227044747000001,Improved,Observed both endpoints,Decreased,Negative indicator: raw decrease is improvement,0.002594364111561869,0.010377456446247504,资源,自然资源,森林资源损耗占GNI比,Adjusted savings: net forest depletion (% of GNI),负向,世界银行WDI数据库,0.1158508357895279,0.0289627089473819,Resource,Natural resources,Net forest depletion (% of GNI),Negative
ZAF,South Africa,南非,710,0.910257318729062,0.910257318729062,S,0.0,0.0,0.0,0.0,0.0,Unchanged,Observed both endpoints,Unchanged,Negative indicator: raw decrease is improvement,0.0,0.0,资源,自然资源,森林资源损耗占GNI比,Adjusted savings: net forest depletion (% of GNI),负向,世界银行WDI数据库,0.1158508357895279,0.0289627089473819,Resource,Natural resources,Net forest depletion (% of GNI),Negative
ZMB,Zambia,赞比亚,894,0.7728642548761243,0.910257318729062,S,6.483505828,0.0,0.1373930638529377,0.1373930638529377,-6.483505828,Improved,Observed both endpoints,Decreased,Negative indicator: raw decrease is improvement,0.003979275319761691,0.015917101279046806,资源,自然资源,森林资源损耗占GNI比,Adjusted savings: net forest depletion (% of GNI),负向,世界银行WDI数据库,0.1158508357895279,0.0289627089473819,Resource,Natural resources,Net forest depletion (% of GNI),Negative
ZWE,Zimbabwe,津巴布韦,716,0.8386913933177635,0.8707175232912613,S,3.377158071,1.86586198,0.03202612997349774,0.03202612997349774,-1.5112960910000002,Improved,Observed both endpoints,Decreased,Negative indicator: raw decrease is improvement,0.0009275634811334386,0.0037102539245337644,资源,自然资源,森林资源损耗占GNI比,Adjusted savings: net forest depletion (% of GNI),负向,世界银行WDI数据库,0.1158508357895279,0.0289627089473819,Resource,Natural resources,Net forest depletion (% of GNI),Negative
AGO,Angola,安哥拉,24,0.07554373825194935,0.05156385667919418,S,3314.5883648157906,2319.419946,-0.02397988157275517,-0.02397988157275517,-995.1684188157906,Deteriorated,Observed both endpoints,Decreased,Positive indicator: raw increase is improvement,-0.0007118145537540102,-0.002847258215016043,经济,产业发展,每工人农业增加值,"Agriculture, forestry, and fishing, value added per worker (constant 2015 US$)_x",正向,世界银行WDI数据库,0.1187352909303341,0.0296838227325835,Economic,Industrial development,"Agriculture, forestry, and fishing value added per worker",Positive
BDI,Burundi,布隆迪,108,0.006344602426735779,0.001120588229450884,E,442.8146084,226.017293,-0.005224014197284895,-0.005224014197284895,-216.7973154,Deteriorated,Observed both endpoints,Decreased,Positive indicator: raw increase is improvement,-0.0001550687113847043,-0.0006202748455388178,经济,产业发展,每工人农业增加值,"Agriculture, forestry, and fishing, value added per worker (constant 2015 US$)_x",正向,世界银行WDI数据库,0.1187352909303341,0.0296838227325835,Economic,Industrial development,"Agriculture, forestry, and fishing value added per worker",Positive
BEN,Benin,贝宁,204,0.02802216927271697,0.03659321885106739,W,1342.436646,1698.136395,0.008571049578350417,0.008571049578350417,355.6997489999999,Improved,Observed both endpoints,Increased,Positive indicator: raw increase is improvement,0.0002544215163159383,0.001017686065263754,经济,产业发展,每工人农业增加值,"Agriculture, forestry, and fishing, value added per worker (constant 2015 US$)_x",正向,世界银行WDI数据库,0.1187352909303341,0.0296838227325835,Economic,Industrial development,"Agriculture, forestry, and fishing value added per worker",Positive
BFA,Burkina Faso,布基纳法索,854,0.006571387242968733,0.0101094174035281,W,452.2262098,599.0549533,0.003538030160559367,0.003538030160559367,146.82874349999997,Improved,Observed both endpoints,Increased,Positive indicator: raw increase is improvement,0.00010502226010857819,0.00042008904043431313,经济,产业发展,每工人农业增加值,"Agriculture, forestry, and fishing, value added per worker (constant 2015 US$)_x",正向,世界银行WDI数据库,0.1187352909303341,0.0296838227325835,Economic,Industrial development,"Agriculture, forestry, and fishing value added per worker",Positive
BWA,Botswana,博茨瓦纳,72,0.1116528501435468,0.04655728135354512,S,4813.121528,2111.646374,-0.06509556879000167,-0.06509556879000167,-2701.4751539999997,Deteriorated,Observed both endpoints,Decreased,Positive indicator: raw increase is improvement,-0.0019322853246391044,-0.0077291412985564245,经济,产业发展,每工人农业增加值,"Agriculture, forestry, and fishing, value added per worker (constant 2015 US$)_x",正向,世界银行WDI数据库,0.1187352909303341,0.0296838227325835,Economic,Industrial development,"Agriculture, forestry, and fishing value added per worker",Positive
CAF,Central African Republic,中非,140,0.02663053231209936,0.01088140249468552,C,1284.6835186769313,631.0924419,-0.01574912981741384,-0.01574912981741384,-653.5910767769312,Deteriorated,Observed both endpoints,Decreased,Positive indicator: raw increase is improvement,-0.0004674943776925575,-0.0018699775107702315,经济,产业发展,每工人农业增加值,"Agriculture, forestry, and fishing, value added per worker (constant 2015 US$)_x",正向,世界银行WDI数据库,0.1187352909303341,0.0296838227325835,Economic,Industrial development,"Agriculture, forestry, and fishing value added per worker",Positive
CIV,Côte d'Ivoire,科特迪瓦,384,0.03350421810704254,0.04741204499633141,W,1569.9424347076929,2147.119184,0.01390782688928887,0.01390782688928887,577.1767492923072,Improved,Observed both endpoints,Increased,Positive indicator: raw increase is improvement,0.000412837467977109,0.0016513498719084375,经济,产业发展,每工人农业增加值,"Agriculture, forestry, and fishing, value added per worker (constant 2015 US$)_x",正向,世界银行WDI数据库,0.1187352909303341,0.0296838227325835,Economic,Industrial development,"Agriculture, forestry, and fishing value added per worker",Positive
CMR,Cameroon,喀麦隆,120,0.01641394887533462,0.03268096766694353,C,860.6938858,1535.777427,0.016267018791608915,0.016267018791608915,675.0835412,Improved,Observed both endpoints,Increased,Positive indicator: raw increase is improvement,0.00048286730219772366,0.0019314692087908964,经济,产业发展,每工人农业增加值,"Agriculture, forestry, and fishing, value added per worker (constant 2015 US$)_x",正向,世界银行WDI数据库,0.1187352909303341,0.0296838227325835,Economic,Industrial development,"Agriculture, forestry, and fishing value added per worker",Positive
COD,"Congo, Dem. Rep.",刚果（金）,180,0.002042459534190785,0.002726222797977014,C,264.2750803,292.6513508,0.000683763263786229,0.000683763263786229,28.376270499999976,Improved,Observed both endpoints,Increased,Positive indicator: raw increase is improvement,2.0296707513283153e-05,8.118683005313266e-05,经济,产业发展,每工人农业增加值,"Agriculture, forestry, and fishing, value added per worker (constant 2015 US$)_x",正向,世界银行WDI数据库,0.1187352909303341,0.0296838227325835,Economic,Industrial development,"Agriculture, forestry, and fishing value added per worker",Positive
COG,"Congo, Rep.",刚果（布）,178,0.01835845274006128,0.02686373096041554,C,941.3910665,1294.361295,0.00850527822035426,0.00850527822035426,352.97022849999996,Improved,Observed both endpoints,Increased,Positive indicator: raw increase is improvement,0.00025246917098429916,0.0010098766839371973,经济,产业发展,每工人农业增加值,"Agriculture, forestry, and fishing, value added per worker (constant 2015 US$)_x",正向,世界银行WDI数据库,0.1187352909303341,0.0296838227325835,Economic,Industrial development,"Agriculture, forestry, and fishing value added per worker",Positive
COM,Comoros,科摩罗,174,0.06720983561859635,0.1011313501589434,E,2968.730247,4376.477816,0.033921514540347045,0.033921514540347045,1407.7475689999997,Improved,Observed both endpoints,Increased,Positive indicator: raw increase is improvement,0.0010069202244364153,0.004027680897745665,经济,产业发展,每工人农业增加值,"Agriculture, forestry, and fishing, value added per worker (constant 2015 US$)_x",正向,世界银行WDI数据库,0.1187352909303341,0.0296838227325835,Economic,Industrial development,"Agriculture, forestry, and fishing value added per worker",Positive
CPV,Cape Verde,佛得角,132,0.05149572423272151,0.1152944226199168,W,2316.59244,4964.247292,0.06379869838719529,0.06379869838719529,2647.654852,Improved,Observed both endpoints,Increased,Positive indicator: raw increase is improvement,0.0018937892534950658,0.007575157013980269,经济,产业发展,每工人农业增加值,"Agriculture, forestry, and fishing, value added per worker (constant 2015 US$)_x",正向,世界银行WDI数据库,0.1187352909303341,0.0296838227325835,Economic,Industrial development,"Agriculture, forestry, and fishing value added per worker",Positive
DJI,Djibouti,吉布提,262,,0.9040757430082755,E,,37698.78174,,,,Missing endpoint,Missing 2001 endpoint,Missing endpoint,Positive indicator: raw increase is improvement,,,经济,产业发展,每工人农业增加值,"Agriculture, forestry, and fishing, value added per worker (constant 2015 US$)_x",正向,世界银行WDI数据库,0.1187352909303341,0.0296838227325835,Economic,Industrial development,"Agriculture, forestry, and fishing value added per worker",Positive
ERI,Eritrea,厄立特里亚,232,,,E,,,,,,Missing endpoint,Missing both endpoints,Missing endpoint,Positive indicator: raw increase is improvement,,,经济,产业发展,每工人农业增加值,"Agriculture, forestry, and fishing, value added per worker (constant 2015 US$)_x",正向,世界银行WDI数据库,0.1187352909303341,0.0296838227325835,Economic,Industrial development,"Agriculture, forestry, and fishing value added per worker",Positive
ETH,Ethiopia,埃塞俄比亚,231,0.006116283656605034,0.01896026014343875,E,433.3393477,966.3661574,0.012843976486833716,0.012843976486833716,533.0268097000001,Improved,Observed both endpoints,Increased,Positive indicator: raw increase is improvement,0.00038125832121664263,0.0015250332848665716,经济,产业发展,每工人农业增加值,"Agriculture, forestry, and fishing, value added per worker (constant 2015 US$)_x",正向,世界银行WDI数据库,0.1187352909303341,0.0296838227325835,Economic,Industrial development,"Agriculture, forestry, and fishing value added per worker",Positive
GAB,Gabon,加蓬,266,0.09020553487808947,0.1580317003285253,C,3923.054963,6737.850258,0.06782616545043582,0.06782616545043582,2814.7952950000004,Improved,Observed both endpoints,Increased,Positive indicator: raw increase is improvement,0.002013339871861616,0.008053359487446472,经济,产业发展,每工人农业增加值,"Agriculture, forestry, and fishing, value added per worker (constant 2015 US$)_x",正向,世界银行WDI数据库,0.1187352909303341,0.0296838227325835,Economic,Industrial development,"Agriculture, forestry, and fishing value added per worker",Positive
GHA,Ghana,加纳,288,0.01020355673421645,0.07253191916448265,W,602.9617486102798,3189.597454,0.062328362430266196,0.062328362430266196,2586.6357053897204,Improved,Observed both endpoints,Increased,Positive indicator: raw increase is improvement,0.001850144061592239,0.007400576246368962,经济,产业发展,每工人农业增加值,"Agriculture, forestry, and fishing, value added per worker (constant 2015 US$)_x",正向,世界银行WDI数据库,0.1187352909303341,0.0296838227325835,Economic,Industrial development,"Agriculture, forestry, and fishing value added per worker",Positive
GIN,Guinea,几内亚,324,0.006322523524790795,0.02865907410310542,W,441.8983309,1368.868285,0.022336550578314626,0.022336550578314626,926.9699541,Improved,Observed both endpoints,Increased,Positive indicator: raw increase is improvement,0.0006630342078240768,0.0026521368312963094,经济,产业发展,每工人农业增加值,"Agriculture, forestry, and fishing, value added per worker (constant 2015 US$)_x",正向,世界银行WDI数据库,0.1187352909303341,0.0296838227325835,Economic,Industrial development,"Agriculture, forestry, and fishing value added per worker",Positive
GMB,"Gambia, The",冈比亚,270,0.06829470593636773,0.04102557894356292,W,3013.752516,1882.079955,-0.02726912699280481,-0.02726912699280481,-1131.672561,Deteriorated,Observed both endpoints,Decreased,Positive indicator: raw increase is improvement,-0.0008094519317267257,-0.0032378077269069054,经济,产业发展,每工人农业增加值,"Agriculture, forestry, and fishing, value added per worker (constant 2015 US$)_x",正向,世界银行WDI数据库,0.1187352909303341,0.0296838227325835,Economic,Industrial development,"Agriculture, forestry, and fishing value added per worker",Positive
GNB,Guinea-Bissau,几内亚（比绍）,624,0.01756768358170516,0.02166563813172243,W,908.5740365,1078.63972,0.004097954550017269,0.004097954550017269,170.06568349999986,Improved,Observed both endpoints,Increased,Positive indicator: raw increase is improvement,0.00012164295642889658,0.00048657182571558677,经济,产业发展,每工人农业增加值,"Agriculture, forestry, and fishing, value added per worker (constant 2015 US$)_x",正向,世界银行WDI数据库,0.1187352909303341,0.0296838227325835,Economic,Industrial development,"Agriculture, forestry, and fishing value added per worker",Positive
GNQ,Equatorial Guinea,赤道几内亚,226,0.01688372403723336,0.01358896135036266,C,880.1896203242632,743.4565108,-0.0032947626868707006,-0.0032947626868707006,-136.7331095242631,Deteriorated,Observed both endpoints,Decreased,Positive indicator: raw increase is improvement,-9.780115154300039e-05,-0.0003912046061720019,经济,产业发展,每工人农业增加值,"Agriculture, forestry, and fishing, value added per worker (constant 2015 US$)_x",正向,世界银行WDI数据库,0.1187352909303341,0.0296838227325835,Economic,Industrial development,"Agriculture, forestry, and fishing value added per worker",Positive
KEN,Kenya,肯尼亚,404,0.02901270303902159,0.03071263221216703,E,1383.543935,1454.091232,0.0016999291731454418,0.0016999291731454418,70.54729700000007,Improved,Observed both endpoints,Increased,Positive indicator: raw increase is improvement,5.046039623359653e-05,0.0002018415849343863,经济,产业发展,每工人农业增加值,"Agriculture, forestry, and fishing, value added per worker (constant 2015 US$)_x",正向,世界银行WDI数据库,0.1187352909303341,0.0296838227325835,Economic,Industrial development,"Agriculture, forestry, and fishing value added per worker",Positive
LBR,Liberia,利比里亚,430,0.02175858126617003,0.02789101751927044,W,1082.496873,1336.99383,0.00613243625310041,0.00613243625310041,254.49695699999984,Improved,Observed both endpoints,Increased,Positive indicator: raw increase is improvement,0.00018203415065590114,0.0007281366026236051,经济,产业发展,每工人农业增加值,"Agriculture, forestry, and fishing, value added per worker (constant 2015 US$)_x",正向,世界银行WDI数据库,0.1187352909303341,0.0296838227325835,Economic,Industrial development,"Agriculture, forestry, and fishing value added per worker",Positive
LSO,Lesotho,莱索托,426,0.006544881435370812,0.008984468186275765,S,451.1262151,552.3694044,0.0024395867509049525,0.0024395867509049525,101.24318929999998,Improved,Observed both endpoints,Increased,Positive indicator: raw increase is improvement,7.241626065462194e-05,0.00028966504261848804,经济,产业发展,每工人农业增加值,"Agriculture, forestry, and fishing, value added per worker (constant 2015 US$)_x",正向,世界银行WDI数据库,0.1187352909303341,0.0296838227325835,Economic,Industrial development,"Agriculture, forestry, and fishing value added per worker",Positive
MDG,Madagascar,马达加斯加,450,0.005892063255878336,0.002784303420289375,E,424.0341699,295.0617047,-0.003107759835588961,-0.003107759835588961,-128.9724652,Deteriorated,Observed both endpoints,Decreased,Positive indicator: raw increase is improvement,-9.225019205506557e-05,-0.00036900076822026255,经济,产业发展,每工人农业增加值,"Agriculture, forestry, and fishing, value added per worker (constant 2015 US$)_x",正向,世界银行WDI数据库,0.1187352909303341,0.0296838227325835,Economic,Industrial development,"Agriculture, forestry, and fishing value added per worker",Positive
MLI,Mali,马里,466,0.0219445088843243,0.02258463271597812,W,1090.212895,1116.778123,0.0006401238316538216,0.0006401238316538216,26.56522800000016,Improved,Observed both endpoints,Increased,Positive indicator: raw increase is improvement,1.9001322345714164e-05,7.600528938285671e-05,经济,产业发展,每工人农业增加值,"Agriculture, forestry, and fishing, value added per worker (constant 2015 US$)_x",正向,世界银行WDI数据库,0.1187352909303341,0.0296838227325835,Economic,Industrial development,"Agriculture, forestry, and fishing value added per worker",Positive
MOZ,Mozambique,莫桑比克,508,0.001872204041852185,0.00760858789873444,S,257.2094537,495.2701812,0.0057363838568822555,0.0057363838568822555,238.06072750000004,Improved,Observed both endpoints,Increased,Positive indicator: raw increase is improvement,0.0001702778015337465,0.0006811112061349866,经济,产业发展,每工人农业增加值,"Agriculture, forestry, and fishing, value added per worker (constant 2015 US$)_x",正向,世界银行WDI数据库,0.1187352909303341,0.0296838227325835,Economic,Industrial development,"Agriculture, forestry, and fishing value added per worker",Positive
MUS,Mauritius,毛里求斯,480,0.1209209935072948,0.3565321144876548,S,5197.750766,14975.64504,0.23561112098036002,0.23561112098036002,9777.894273999998,Improved,Observed both endpoints,Increased,Positive indicator: raw increase is improvement,0.0069938387490062915,0.02797535499602519,经济,产业发展,每工人农业增加值,"Agriculture, forestry, and fishing, value added per worker (constant 2015 US$)_x",正向,世界银行WDI数据库,0.1187352909303341,0.0296838227325835,Economic,Industrial development,"Agriculture, forestry, and fishing value added per worker",Positive
MWI,Malawi,马拉维,454,0.005933305585197044,0.009073562107111209,S,425.7457323,556.0668145,0.003140256521914165,0.003140256521914165,130.32108219999998,Improved,Observed both endpoints,Increased,Positive indicator: raw increase is improvement,9.321481793133928e-05,0.0003728592717253574,经济,产业发展,每工人农业增加值,"Agriculture, forestry, and fishing, value added per worker (constant 2015 US$)_x",正向,世界银行WDI数据库,0.1187352909303341,0.0296838227325835,Economic,Industrial development,"Agriculture, forestry, and fishing value added per worker",Positive
NAM,Namibia,纳米比亚,516,0.1254423345306428,0.1081464654312003,S,5385.387047,4667.606075,-0.0172958690994425,-0.0172958690994425,-717.7809720000005,Deteriorated,Observed both endpoints,Decreased,Positive indicator: raw increase is improvement,-0.0005134075123538199,-0.0020536300494152808,经济,产业发展,每工人农业增加值,"Agriculture, forestry, and fishing, value added per worker (constant 2015 US$)_x",正向,世界银行WDI数据库,0.1187352909303341,0.0296838227325835,Economic,Industrial development,"Agriculture, forestry, and fishing value added per worker",Positive
NER,Niger,尼日尔,562,0.005766983824259772,0.01029543383825233,W,418.8433561,606.7746612,0.004528450013992558,0.004528450013992558,187.93130509999997,Improved,Observed both endpoints,Increased,Positive indicator: raw increase is improvement,0.00013442170746872035,0.0005376868298748818,经济,产业发展,每工人农业增加值,"Agriculture, forestry, and fishing, value added per worker (constant 2015 US$)_x",正向,世界银行WDI数据库,0.1187352909303341,0.0296838227325835,Economic,Industrial development,"Agriculture, forestry, and fishing value added per worker",Positive
NGA,Nigeria,尼日利亚,566,0.02115356163017922,0.07832051620790997,W,1057.388474,3429.825036,0.05716695457773076,0.05716695457773076,2372.436562,Improved,Observed both endpoints,Increased,Positive indicator: raw increase is improvement,0.0016969337458470127,0.006787734983388056,经济,产业发展,每工人农业增加值,"Agriculture, forestry, and fishing, value added per worker (constant 2015 US$)_x",正向,世界银行WDI数据库,0.1187352909303341,0.0296838227325835,Economic,Industrial development,"Agriculture, forestry, and fishing value added per worker",Positive
RWA,Rwanda,卢旺达,646,0.008470516413905785,0.0240590052229935,E,531.0403344,1177.964787,0.015588488809087715,0.015588488809087715,646.9244525999999,Improved,Observed both endpoints,Increased,Positive indicator: raw increase is improvement,0.0004627259384778214,0.001850903753911287,经济,产业发展,每工人农业增加值,"Agriculture, forestry, and fishing, value added per worker (constant 2015 US$)_x",正向,世界银行WDI数据库,0.1187352909303341,0.0296838227325835,Economic,Industrial development,"Agriculture, forestry, and fishing value added per worker",Positive
SEN,Senegal,塞内加尔,686,0.02856304483441726,0.05594518197878768,W,1364.883057,2501.245555,0.02738213714437042,0.02738213714437042,1136.362498,Improved,Observed both endpoints,Increased,Positive indicator: raw increase is improvement,0.0008128065050327817,0.0032512260201311293,经济,产业发展,每工人农业增加值,"Agriculture, forestry, and fishing, value added per worker (constant 2015 US$)_x",正向,世界银行WDI数据库,0.1187352909303341,0.0296838227325835,Economic,Industrial development,"Agriculture, forestry, and fishing value added per worker",Positive
SLE,Sierra Leone,塞拉利昂,694,0.01624167975841584,0.05298478240138708,W,853.5446935,2378.388561,0.03674310264297124,0.03674310264297124,1524.8438675000002,Improved,Observed both endpoints,Increased,Positive indicator: raw increase is improvement,0.0010906757454990784,0.004362702981996318,经济,产业发展,每工人农业增加值,"Agriculture, forestry, and fishing, value added per worker (constant 2015 US$)_x",正向,世界银行WDI数据库,0.1187352909303341,0.0296838227325835,Economic,Industrial development,"Agriculture, forestry, and fishing value added per worker",Positive
STP,São Tomé and Principe,圣多美和普林西比,678,0.2489862976966541,0.2259429163374372,C,10512.478692767028,9556.175163,-0.02304338135921688,-0.02304338135921688,-956.3035297670285,Deteriorated,Observed both endpoints,Decreased,Positive indicator: raw increase is improvement,-0.0006840156474263129,-0.002736062589705254,经济,产业发展,每工人农业增加值,"Agriculture, forestry, and fishing, value added per worker (constant 2015 US$)_x",正向,世界银行WDI数据库,0.1187352909303341,0.0296838227325835,Economic,Industrial development,"Agriculture, forestry, and fishing value added per worker",Positive
SWZ,Swaziland,斯威士兰,748,0.133192432449331,0.1849501908332213,S,5707.017188,7854.971356,0.05175775838389032,0.05175775838389032,2147.954168,Improved,Observed both endpoints,Increased,Positive indicator: raw increase is improvement,0.0015363681249032878,0.006145472499613156,经济,产业发展,每工人农业增加值,"Agriculture, forestry, and fishing, value added per worker (constant 2015 US$)_x",正向,世界银行WDI数据库,0.1187352909303341,0.0296838227325835,Economic,Industrial development,"Agriculture, forestry, and fishing value added per worker",Positive
SYC,Seychelles,塞舌尔,690,,,E,,,,,,Missing endpoint,Missing both endpoints,Missing endpoint,Positive indicator: raw increase is improvement,,,经济,产业发展,每工人农业增加值,"Agriculture, forestry, and fishing, value added per worker (constant 2015 US$)_x",正向,世界银行WDI数据库,0.1187352909303341,0.0296838227325835,Economic,Industrial development,"Agriculture, forestry, and fishing value added per worker",Positive
TCD,Chad,乍得,148,0.01927417102274728,0.03304108258113334,C,979.3935025294048,1550.722246,0.013766911558386063,0.013766911558386063,571.3287434705952,Improved,Observed both endpoints,Increased,Positive indicator: raw increase is improvement,0.00040865456227428675,0.0016346182490971483,经济,产业发展,每工人农业增加值,"Agriculture, forestry, and fishing, value added per worker (constant 2015 US$)_x",正向,世界银行WDI数据库,0.1187352909303341,0.0296838227325835,Economic,Industrial development,"Agriculture, forestry, and fishing value added per worker",Positive
TGO,Togo,多哥,768,0.01554534846684975,0.02353165896537111,W,824.6468481,1156.079844,0.00798631049852136,0.00798631049852136,331.43299590000004,Improved,Observed both endpoints,Increased,Positive indicator: raw increase is improvement,0.00023706422512547858,0.0009482569005019152,经济,产业发展,每工人农业增加值,"Agriculture, forestry, and fishing, value added per worker (constant 2015 US$)_x",正向,世界银行WDI数据库,0.1187352909303341,0.0296838227325835,Economic,Industrial development,"Agriculture, forestry, and fishing value added per worker",Positive
TZA,Tanzania,坦桑尼亚,834,0.00986052689989772,0.01572181526127366,E,588.7259628,831.9702446,0.005861288361375939,0.005861288361375939,243.24428179999995,Improved,Observed both endpoints,Increased,Positive indicator: raw increase is improvement,0.00017398544470363818,0.0006959417788145533,经济,产业发展,每工人农业增加值,"Agriculture, forestry, and fishing, value added per worker (constant 2015 US$)_x",正向,世界银行WDI数据库,0.1187352909303341,0.0296838227325835,Economic,Industrial development,"Agriculture, forestry, and fishing value added per worker",Positive
UGA,Uganda,乌干达,800,0.02125378184868419,0.0136520702666749,E,1061.547627,746.0755396,-0.0076017115820092886,-0.0076017115820092886,-315.47208739999996,Deteriorated,Observed both endpoints,Decreased,Positive indicator: raw increase is improvement,-0.00022564785906459058,-0.0009025914362583631,经济,产业发展,每工人农业增加值,"Agriculture, forestry, and fishing, value added per worker (constant 2015 US$)_x",正向,世界银行WDI数据库,0.1187352909303341,0.0296838227325835,Economic,Industrial development,"Agriculture, forestry, and fishing value added per worker",Positive
ZAF,South Africa,南非,710,0.1052813300889059,0.2720270606903271,S,4548.70256,11468.67356,0.16674573060142123,0.16674573060142123,6919.971,Improved,Observed both endpoints,Increased,Positive indicator: raw increase is improvement,0.004949650708587712,0.01979860283435086,经济,产业发展,每工人农业增加值,"Agriculture, forestry, and fishing, value added per worker (constant 2015 US$)_x",正向,世界银行WDI数据库,0.1187352909303341,0.0296838227325835,Economic,Industrial development,"Agriculture, forestry, and fishing value added per worker",Positive
ZMB,Zambia,赞比亚,894,0.009844707210720925,0.004055399641962832,S,588.0694435,347.8123746,-0.005789307568758092,-0.005789307568758092,-240.25706890000004,Deteriorated,Observed both endpoints,Decreased,Positive indicator: raw increase is improvement,-0.00017184877961541918,-0.0006873951184616772,经济,产业发展,每工人农业增加值,"Agriculture, forestry, and fishing, value added per worker (constant 2015 US$)_x",正向,世界银行WDI数据库,0.1187352909303341,0.0296838227325835,Economic,Industrial development,"Agriculture, forestry, and fishing value added per worker",Positive
ZWE,Zimbabwe,津巴布韦,716,0.03396254949445676,0.01552404895024583,S,1588.963251,823.7629152,-0.01843850054421093,-0.01843850054421093,-765.2003358,Deteriorated,Observed both endpoints,Decreased,Positive indicator: raw increase is improvement,-0.0005473251816090016,-0.0021893007264360085,经济,产业发展,每工人农业增加值,"Agriculture, forestry, and fishing, value added per worker (constant 2015 US$)_x",正向,世界银行WDI数据库,0.1187352909303341,0.0296838227325835,Economic,Industrial development,"Agriculture, forestry, and fishing value added per worker",Positive
AGO,Angola,安哥拉,24,0.0,0.003321514439035198,S,0.0,1.369480481995344e-06,0.003321514439035198,0.003321514439035198,1.369480481995344e-06,Improved,Observed both endpoints,Increased,Positive indicator: raw increase is improvement,0.00012146609975369796,0.0004858643990147918,资源,能源生产和消费,人均生物质和废弃物发电净发电量,Biomass and waste electricity net generation (million metric tons of oil equivalent)_per_capita,正向,美国能源信息署,0.1462779728743016,0.0365694932185754,Resource,Energy production and consumption,Biomass and waste electricity net generation per capita,Positive
BDI,Burundi,布隆迪,108,0.0,0.0009329104186481605,E,0.0,3.846446051156914e-07,0.0009329104186481605,0.0009329104186481605,3.846446051156914e-07,Improved,Observed both endpoints,Increased,Positive indicator: raw increase is improvement,3.411606122829225e-05,0.000136464244913169,资源,能源生产和消费,人均生物质和废弃物发电净发电量,Biomass and waste electricity net generation (million metric tons of oil equivalent)_per_capita,正向,美国能源信息署,0.1462779728743016,0.0365694932185754,Resource,Energy production and consumption,Biomass and waste electricity net generation per capita,Positive
BEN,Benin,贝宁,204,0.0,0.0,W,0.0,0.0,0.0,0.0,0.0,Unchanged,Observed both endpoints,Unchanged,Positive indicator: raw increase is improvement,0.0,0.0,资源,能源生产和消费,人均生物质和废弃物发电净发电量,Biomass and waste electricity net generation (million metric tons of oil equivalent)_per_capita,正向,美国能源信息署,0.1462779728743016,0.0365694932185754,Resource,Energy production and consumption,Biomass and waste electricity net generation per capita,Positive
BFA,Burkina Faso,布基纳法索,854,0.0,0.008343619502704416,W,0.0,3.4401247587135093e-06,0.008343619502704416,0.008343619502704416,3.4401247587135093e-06,Improved,Observed both endpoints,Increased,Positive indicator: raw increase is improvement,0.0003051219368225226,0.0012204877472900904,资源,能源生产和消费,人均生物质和废弃物发电净发电量,Biomass and waste electricity net generation (million metric tons of oil equivalent)_per_capita,正向,美国能源信息署,0.1462779728743016,0.0365694932185754,Resource,Energy production and consumption,Biomass and waste electricity net generation per capita,Positive
BWA,Botswana,博茨瓦纳,72,0.0,0.0,S,0.0,0.0,0.0,0.0,0.0,Unchanged,Observed both endpoints,Unchanged,Positive indicator: raw increase is improvement,0.0,0.0,资源,能源生产和消费,人均生物质和废弃物发电净发电量,Biomass and waste electricity net generation (million metric tons of oil equivalent)_per_capita,正向,美国能源信息署,0.1462779728743016,0.0365694932185754,Resource,Energy production and consumption,Biomass and waste electricity net generation per capita,Positive
CAF,Central African Republic,中非,140,0.0,0.0,C,0.0,0.0,0.0,0.0,0.0,Unchanged,Observed both endpoints,Unchanged,Positive indicator: raw increase is improvement,0.0,0.0,资源,能源生产和消费,人均生物质和废弃物发电净发电量,Biomass and waste electricity net generation (million metric tons of oil equivalent)_per_capita,正向,美国能源信息署,0.1462779728743016,0.0365694932185754,Resource,Energy production and consumption,Biomass and waste electricity net generation per capita,Positive
CIV,Côte d'Ivoire,科特迪瓦,384,0.0,0.00541772525078585,W,0.0,2.2337608714173435e-06,0.00541772525078585,0.00541772525078585,2.2337608714173435e-06,Improved,Observed both endpoints,Increased,Positive indicator: raw increase is improvement,0.00019812346681871788,0.0007924938672748715,资源,能源生产和消费,人均生物质和废弃物发电净发电量,Biomass and waste electricity net generation (million metric tons of oil equivalent)_per_capita,正向,美国能源信息署,0.1462779728743016,0.0365694932185754,Resource,Energy production and consumption,Biomass and waste electricity net generation per capita,Positive
CMR,Cameroon,喀麦隆,120,0.0,0.003331673415424792,C,0.0,1.3736690893724784e-06,0.003331673415424792,0.003331673415424792,1.3736690893724784e-06,Improved,Observed both endpoints,Increased,Positive indicator: raw increase is improvement,0.00012183760837188488,0.00048735043348753954,资源,能源生产和消费,人均生物质和废弃物发电净发电量,Biomass and waste electricity net generation (million metric tons of oil equivalent)_per_capita,正向,美国能源信息署,0.1462779728743016,0.0365694932185754,Resource,Energy production and consumption,Biomass and waste electricity net generation per capita,Positive
COD,"Congo, Dem. Rep.",刚果（金）,180,0.0,0.0001636199719147443,C,0.0,6.746150351432933e-08,0.0001636199719147443,0.0001636199719147443,6.746150351432933e-08,Improved,Observed both endpoints,Increased,Positive indicator: raw increase is improvement,5.983499453359739e-06,2.3933997813438957e-05,资源,能源生产和消费,人均生物质和废弃物发电净发电量,Biomass and waste electricity net generation (million metric tons of oil equivalent)_per_capita,正向,美国能源信息署,0.1462779728743016,0.0365694932185754,Resource,Energy production and consumption,Biomass and waste electricity net generation per capita,Positive
COG,"Congo, Rep.",刚果（布）,178,0.0,0.011286301230993,C,0.0,4.653410223998474e-06,0.011286301230993,0.011286301230993,4.653410223998474e-06,Improved,Observed both endpoints,Increased,Positive indicator: raw increase is improvement,0.0004127343163295977,0.0016509372653183908,资源,能源生产和消费,人均生物质和废弃物发电净发电量,Biomass and waste electricity net generation (million metric tons of oil equivalent)_per_capita,正向,美国能源信息署,0.1462779728743016,0.0365694932185754,Resource,Energy production and consumption,Biomass and waste electricity net generation per capita,Positive
COM,Comoros,科摩罗,174,0.0,0.0,E,0.0,0.0,0.0,0.0,0.0,Unchanged,Observed both endpoints,Unchanged,Positive indicator: raw increase is improvement,0.0,0.0,资源,能源生产和消费,人均生物质和废弃物发电净发电量,Biomass and waste electricity net generation (million metric tons of oil equivalent)_per_capita,正向,美国能源信息署,0.1462779728743016,0.0365694932185754,Resource,Energy production and consumption,Biomass and waste electricity net generation per capita,Positive
CPV,Cape Verde,佛得角,132,0.0,0.0,W,0.0,0.0,0.0,0.0,0.0,Unchanged,Observed both endpoints,Unchanged,Positive indicator: raw increase is improvement,0.0,0.0,资源,能源生产和消费,人均生物质和废弃物发电净发电量,Biomass and waste electricity net generation (million metric tons of oil equivalent)_per_capita,正向,美国能源信息署,0.1462779728743016,0.0365694932185754,Resource,Energy production and consumption,Biomass and waste electricity net generation per capita,Positive
DJI,Djibouti,吉布提,262,0.0,0.0,E,0.0,0.0,0.0,0.0,0.0,Unchanged,Observed both endpoints,Unchanged,Positive indicator: raw increase is improvement,0.0,0.0,资源,能源生产和消费,人均生物质和废弃物发电净发电量,Biomass and waste electricity net generation (million metric tons of oil equivalent)_per_capita,正向,美国能源信息署,0.1462779728743016,0.0365694932185754,Resource,Energy production and consumption,Biomass and waste electricity net generation per capita,Positive
ERI,Eritrea,厄立特里亚,232,0.0,0.0,E,0.0,0.0,0.0,0.0,0.0,Unchanged,Observed both endpoints,Unchanged,Positive indicator: raw increase is improvement,0.0,0.0,资源,能源生产和消费,人均生物质和废弃物发电净发电量,Biomass and waste electricity net generation (million metric tons of oil equivalent)_per_capita,正向,美国能源信息署,0.1462779728743016,0.0365694932185754,Resource,Energy production and consumption,Biomass and waste electricity net generation per capita,Positive
ETH,Ethiopia,埃塞俄比亚,231,0.00138054348221878,0.0002731918068222899,E,5.692064231982316e-07,1.126386334159193e-07,-0.0011073516753964902,-0.0011073516753964902,-4.5656778978231237e-07,Deteriorated,Observed both endpoints,Decreased,Positive indicator: raw increase is improvement,-4.049528958399006e-05,-0.00016198115833596023,资源,能源生产和消费,人均生物质和废弃物发电净发电量,Biomass and waste electricity net generation (million metric tons of oil equivalent)_per_capita,正向,美国能源信息署,0.1462779728743016,0.0365694932185754,Resource,Energy production and consumption,Biomass and waste electricity net generation per capita,Positive
GAB,Gabon,加蓬,266,0.01114714381615551,0.009651945960727491,C,4.59603478064492e-06,3.9795556662790185e-06,-0.0014951978554280185,-0.0014951978554280185,-6.164791143659015e-07,Deteriorated,Observed both endpoints,Decreased,Positive indicator: raw increase is improvement,-5.467862783450341e-05,-0.00021871451133801363,资源,能源生产和消费,人均生物质和废弃物发电净发电量,Biomass and waste electricity net generation (million metric tons of oil equivalent)_per_capita,正向,美国能源信息署,0.1462779728743016,0.0365694932185754,Resource,Energy production and consumption,Biomass and waste electricity net generation per capita,Positive
GHA,Ghana,加纳,288,0.001447724200583377,0.001282619594717684,W,5.969054394919757e-07,5.288318124249565e-07,-0.00016510460586569302,-0.00016510460586569302,-6.807362706701913e-08,Deteriorated,Observed both endpoints,Decreased,Positive indicator: raw increase is improvement,-6.037791764561026e-06,-2.4151167058244103e-05,资源,能源生产和消费,人均生物质和废弃物发电净发电量,Biomass and waste electricity net generation (million metric tons of oil equivalent)_per_capita,正向,美国能源信息署,0.1462779728743016,0.0365694932185754,Resource,Energy production and consumption,Biomass and waste electricity net generation per capita,Positive
GIN,Guinea,几内亚,324,0.0,0.0,W,0.0,0.0,0.0,0.0,0.0,Unchanged,Observed both endpoints,Unchanged,Positive indicator: raw increase is improvement,0.0,0.0,资源,能源生产和消费,人均生物质和废弃物发电净发电量,Biomass and waste electricity net generation (million metric tons of oil equivalent)_per_capita,正向,美国能源信息署,0.1462779728743016,0.0365694932185754,Resource,Energy production and consumption,Biomass and waste electricity net generation per capita,Positive
GMB,"Gambia, The",冈比亚,270,0.0,0.0,W,0.0,0.0,0.0,0.0,0.0,Unchanged,Observed both endpoints,Unchanged,Positive indicator: raw increase is improvement,0.0,0.0,资源,能源生产和消费,人均生物质和废弃物发电净发电量,Biomass and waste electricity net generation (million metric tons of oil equivalent)_per_capita,正向,美国能源信息署,0.1462779728743016,0.0365694932185754,Resource,Energy production and consumption,Biomass and waste electricity net generation per capita,Positive
GNB,Guinea-Bissau,几内亚（比绍）,624,0.0,0.0,W,0.0,0.0,0.0,0.0,0.0,Unchanged,Observed both endpoints,Unchanged,Positive indicator: raw increase is improvement,0.0,0.0,资源,能源生产和消费,人均生物质和废弃物发电净发电量,Biomass and waste electricity net generation (million metric tons of oil equivalent)_per_capita,正向,美国能源信息署,0.1462779728743016,0.0365694932185754,Resource,Energy production and consumption,Biomass and waste electricity net generation per capita,Positive
GNQ,Equatorial Guinea,赤道几内亚,226,0.0,0.0,C,0.0,0.0,0.0,0.0,0.0,Unchanged,Observed both endpoints,Unchanged,Positive indicator: raw increase is improvement,0.0,0.0,资源,能源生产和消费,人均生物质和废弃物发电净发电量,Biomass and waste electricity net generation (million metric tons of oil equivalent)_per_capita,正向,美国能源信息署,0.1462779728743016,0.0365694932185754,Resource,Energy production and consumption,Biomass and waste electricity net generation per capita,Positive
KEN,Kenya,肯尼亚,404,0.0,0.00983572187855428,E,0.0,4.0553275881369505e-06,0.00983572187855428,0.00983572187855428,4.0553275881369505e-06,Improved,Observed both endpoints,Increased,Positive indicator: raw increase is improvement,0.00035968736453758445,0.0014387494581503378,资源,能源生产和消费,人均生物质和废弃物发电净发电量,Biomass and waste electricity net generation (million metric tons of oil equivalent)_per_capita,正向,美国能源信息署,0.1462779728743016,0.0365694932185754,Resource,Energy production and consumption,Biomass and waste electricity net generation per capita,Positive
LBR,Liberia,利比里亚,430,0.0,0.0003965251508899291,W,0.0,1.6348971673347653e-07,0.0003965251508899291,0.0003965251508899291,1.6348971673347653e-07,Improved,Observed both endpoints,Increased,Positive indicator: raw increase is improvement,1.450072381646385e-05,5.80028952658554e-05,资源,能源生产和消费,人均生物质和废弃物发电净发电量,Biomass and waste electricity net generation (million metric tons of oil equivalent)_per_capita,正向,美国能源信息署,0.1462779728743016,0.0365694932185754,Resource,Energy production and consumption,Biomass and waste electricity net generation per capita,Positive
LSO,Lesotho,莱索托,426,0.0,0.0,S,0.0,0.0,0.0,0.0,0.0,Unchanged,Observed both endpoints,Unchanged,Positive indicator: raw increase is improvement,0.0,0.0,资源,能源生产和消费,人均生物质和废弃物发电净发电量,Biomass and waste electricity net generation (million metric tons of oil equivalent)_per_capita,正向,美国能源信息署,0.1462779728743016,0.0365694932185754,Resource,Energy production and consumption,Biomass and waste electricity net generation per capita,Positive
MDG,Madagascar,马达加斯加,450,0.0009794921926984826,0.001755959732214255,E,4.038505521466378e-07,7.239928124881803e-07,0.0007764675395157724,0.0007764675395157724,3.201422603415425e-07,Improved,Observed both endpoints,Increased,Positive indicator: raw increase is improvement,2.839502442076597e-05,0.00011358009768306387,资源,能源生产和消费,人均生物质和废弃物发电净发电量,Biomass and waste electricity net generation (million metric tons of oil equivalent)_per_capita,正向,美国能源信息署,0.1462779728743016,0.0365694932185754,Resource,Energy production and consumption,Biomass and waste electricity net generation per capita,Positive
MLI,Mali,马里,466,0.009103606584129858,0.006334057132502644,W,3.753472026558916e-06,2.611570045537846e-06,-0.0027695494516272135,-0.0027695494516272135,-1.1419019810210699e-06,Deteriorated,Observed both endpoints,Decreased,Positive indicator: raw increase is improvement,-0.00010128101988979061,-0.00040512407955916246,资源,能源生产和消费,人均生物质和废弃物发电净发电量,Biomass and waste electricity net generation (million metric tons of oil equivalent)_per_capita,正向,美国能源信息署,0.1462779728743016,0.0365694932185754,Resource,Energy production and consumption,Biomass and waste electricity net generation per capita,Positive
MOZ,Mozambique,莫桑比克,508,0.0,0.007530779977942639,S,0.0,3.104986108983909e-06,0.007530779977942639,0.007530779977942639,3.104986108983909e-06,Improved,Observed both endpoints,Increased,Positive indicator: raw increase is improvement,0.00027539680733395676,0.001101587229335827,资源,能源生产和消费,人均生物质和废弃物发电净发电量,Biomass and waste electricity net generation (million metric tons of oil equivalent)_per_capita,正向,美国能源信息署,0.1462779728743016,0.0365694932185754,Resource,Energy production and consumption,Biomass and waste electricity net generation per capita,Positive
MUS,Mauritius,毛里求斯,480,0.8332841019433856,0.6076852309349361,S,0.0003435680724904,0.0002505522942131,-0.22559887100844955,-0.22559887100844955,-9.301577827730003e-05,Deteriorated,Observed both endpoints,Decreased,Positive indicator: raw increase is improvement,-0.008250036383461763,-0.03300014553384705,资源,能源生产和消费,人均生物质和废弃物发电净发电量,Biomass and waste electricity net generation (million metric tons of oil equivalent)_per_capita,正向,美国能源信息署,0.1462779728743016,0.0365694932185754,Resource,Energy production and consumption,Biomass and waste electricity net generation per capita,Positive
MWI,Malawi,马拉维,454,0.01241228288382728,0.00561745190750294,S,5.117659266097867e-06,2.31610937934305e-06,-0.006794830976324341,-0.006794830976324341,-2.8015498867548166e-06,Deteriorated,Observed both endpoints,Decreased,Positive indicator: raw increase is improvement,-0.00024848352531005904,-0.0009939341012402362,资源,能源生产和消费,人均生物质和废弃物发电净发电量,Biomass and waste electricity net generation (million metric tons of oil equivalent)_per_capita,正向,美国能源信息署,0.1462779728743016,0.0365694932185754,Resource,Energy production and consumption,Biomass and waste electricity net generation per capita,Positive
NAM,Namibia,纳米比亚,516,0.0,0.0,S,0.0,0.0,0.0,0.0,0.0,Unchanged,Observed both endpoints,Unchanged,Positive indicator: raw increase is improvement,0.0,0.0,资源,能源生产和消费,人均生物质和废弃物发电净发电量,Biomass and waste electricity net generation (million metric tons of oil equivalent)_per_capita,正向,美国能源信息署,0.1462779728743016,0.0365694932185754,Resource,Energy production and consumption,Biomass and waste electricity net generation per capita,Positive
NER,Niger,尼日尔,562,0.0,0.0,W,0.0,0.0,0.0,0.0,0.0,Unchanged,Observed both endpoints,Unchanged,Positive indicator: raw increase is improvement,0.0,0.0,资源,能源生产和消费,人均生物质和废弃物发电净发电量,Biomass and waste electricity net generation (million metric tons of oil equivalent)_per_capita,正向,美国能源信息署,0.1462779728743016,0.0365694932185754,Resource,Energy production and consumption,Biomass and waste electricity net generation per capita,Positive
NGA,Nigeria,尼日利亚,566,0.0002087660422924753,0.000582131058696559,W,8.607550124213981e-08,2.40016154522511e-07,0.00037336501640408367,0.00037336501640408367,1.539406532803712e-07,Improved,Observed both endpoints,Increased,Positive indicator: raw increase is improvement,1.3653769435442431e-05,5.4615077741769725e-05,资源,能源生产和消费,人均生物质和废弃物发电净发电量,Biomass and waste electricity net generation (million metric tons of oil equivalent)_per_capita,正向,美国能源信息署,0.1462779728743016,0.0365694932185754,Resource,Energy production and consumption,Biomass and waste electricity net generation per capita,Positive
RWA,Rwanda,卢旺达,646,0.0002516508013730597,0.0003123044921839174,E,1.0375714665235585e-07,1.2876503002936674e-07,6.065369081085766e-05,6.065369081085766e-05,2.500788337701089e-08,Improved,Observed both endpoints,Increased,Positive indicator: raw increase is improvement,2.2180747347892285e-06,8.872298939156914e-06,资源,能源生产和消费,人均生物质和废弃物发电净发电量,Biomass and waste electricity net generation (million metric tons of oil equivalent)_per_capita,正向,美国能源信息署,0.1462779728743016,0.0365694932185754,Resource,Energy production and consumption,Biomass and waste electricity net generation per capita,Positive
SEN,Senegal,塞内加尔,686,0.01225183015523136,0.01235224058740375,W,5.0515036361500924e-06,5.092903464322674e-06,0.00010041043217238858,0.00010041043217238858,4.1399828172581214e-08,Improved,Observed both endpoints,Increased,Positive indicator: raw increase is improvement,3.6719586184023895e-06,1.4687834473609558e-05,资源,能源生产和消费,人均生物质和废弃物发电净发电量,Biomass and waste electricity net generation (million metric tons of oil equivalent)_per_capita,正向,美国能源信息署,0.1462779728743016,0.0365694932185754,Resource,Energy production and consumption,Biomass and waste electricity net generation per capita,Positive
SLE,Sierra Leone,塞拉利昂,694,0.0,0.001288175654682817,W,0.0,5.311226095353422e-07,0.001288175654682817,0.001288175654682817,5.311226095353422e-07,Improved,Observed both endpoints,Increased,Positive indicator: raw increase is improvement,4.7107930868257206e-05,0.00018843172347302883,资源,能源生产和消费,人均生物质和废弃物发电净发电量,Biomass and waste electricity net generation (million metric tons of oil equivalent)_per_capita,正向,美国能源信息署,0.1462779728743016,0.0365694932185754,Resource,Energy production and consumption,Biomass and waste electricity net generation per capita,Positive
STP,São Tomé and Principe,圣多美和普林西比,678,0.0,0.0,C,0.0,0.0,0.0,0.0,0.0,Unchanged,Observed both endpoints,Unchanged,Positive indicator: raw increase is improvement,0.0,0.0,资源,能源生产和消费,人均生物质和废弃物发电净发电量,Biomass and waste electricity net generation (million metric tons of oil equivalent)_per_capita,正向,美国能源信息署,0.1462779728743016,0.0365694932185754,Resource,Energy production and consumption,Biomass and waste electricity net generation per capita,Positive
SWZ,Swaziland,斯威士兰,748,0.9908774829784319,0.3525899658090076,S,0.0004085447761539,0.0001453749743334,-0.6382875171694243,-0.6382875171694243,-0.0002631698018205,Deteriorated,Observed both endpoints,Decreased,Positive indicator: raw increase is improvement,-0.023341851030628594,-0.09336740412251437,资源,能源生产和消费,人均生物质和废弃物发电净发电量,Biomass and waste electricity net generation (million metric tons of oil equivalent)_per_capita,正向,美国能源信息署,0.1462779728743016,0.0365694932185754,Resource,Energy production and consumption,Biomass and waste electricity net generation per capita,Positive
SYC,Seychelles,塞舌尔,690,0.0,0.0,E,0.0,0.0,0.0,0.0,0.0,Unchanged,Observed both endpoints,Unchanged,Positive indicator: raw increase is improvement,0.0,0.0,资源,能源生产和消费,人均生物质和废弃物发电净发电量,Biomass and waste electricity net generation (million metric tons of oil equivalent)_per_capita,正向,美国能源信息署,0.1462779728743016,0.0365694932185754,Resource,Energy production and consumption,Biomass and waste electricity net generation per capita,Positive
TCD,Chad,乍得,148,0.0,0.001169745295100537,C,0.0,4.822930563599739e-07,0.001169745295100537,0.001169745295100537,4.822930563599739e-07,Improved,Observed both endpoints,Increased,Positive indicator: raw increase is improvement,4.277699263663957e-05,0.00017110797054655828,资源,能源生产和消费,人均生物质和废弃物发电净发电量,Biomass and waste electricity net generation (million metric tons of oil equivalent)_per_capita,正向,美国能源信息署,0.1462779728743016,0.0365694932185754,Resource,Energy production and consumption,Biomass and waste electricity net generation per capita,Positive
TGO,Togo,多哥,768,0.0003951682569413916,0.0002348912843384896,W,1.629302611559781e-07,9.684709646658e-08,-0.00016027697260290202,-0.00016027697260290202,-6.608316468939811e-08,Deteriorated,Observed both endpoints,Decreased,Positive indicator: raw increase is improvement,-5.861247662695621e-06,-2.3444990650782484e-05,资源,能源生产和消费,人均生物质和废弃物发电净发电量,Biomass and waste electricity net generation (million metric tons of oil equivalent)_per_capita,正向,美国能源信息署,0.1462779728743016,0.0365694932185754,Resource,Energy production and consumption,Biomass and waste electricity net generation per capita,Positive
TZA,Tanzania,坦桑尼亚,834,0.002073704886005242,0.002456192466402476,E,8.550010601873119e-07,1.01270300174858e-06,0.0003824875803972341,0.0003824875803972341,1.577019415612681e-07,Improved,Observed both endpoints,Increased,Positive indicator: raw increase is improvement,1.3987376977525968e-05,5.594950791010387e-05,资源,能源生产和消费,人均生物质和废弃物发电净发电量,Biomass and waste electricity net generation (million metric tons of oil equivalent)_per_capita,正向,美国能源信息署,0.1462779728743016,0.0365694932185754,Resource,Energy production and consumption,Biomass and waste electricity net generation per capita,Positive
UGA,Uganda,乌干达,800,0.002612540034499625,0.01667057412120497,E,1.0771660492067383e-06,6.873378484929405e-06,0.014058034086705345,0.014058034086705345,5.7962124357226665e-06,Improved,Observed both endpoints,Increased,Positive indicator: raw increase is improvement,0.000514095182200273,0.002056380728801092,资源,能源生产和消费,人均生物质和废弃物发电净发电量,Biomass and waste electricity net generation (million metric tons of oil equivalent)_per_capita,正向,美国能源信息署,0.1462779728743016,0.0365694932185754,Resource,Energy production and consumption,Biomass and waste electricity net generation per capita,Positive
ZAF,South Africa,南非,710,0.01345968891683326,0.01373289530025767,S,5.549511105147078e-06,5.6621557485841696e-06,0.0002732063834244101,0.0002732063834244101,1.126446434370917e-07,Improved,Observed both endpoints,Increased,Positive indicator: raw increase is improvement,9.991018985910476e-06,3.9964075943641904e-05,资源,能源生产和消费,人均生物质和废弃物发电净发电量,Biomass and waste electricity net generation (million metric tons of oil equivalent)_per_capita,正向,美国能源信息署,0.1462779728743016,0.0365694932185754,Resource,Energy production and consumption,Biomass and waste electricity net generation per capita,Positive
ZMB,Zambia,赞比亚,894,0.0,0.008191346937011458,S,0.0,3.377341859380266e-06,0.008191346937011458,0.008191346937011458,3.377341859380266e-06,Improved,Observed both endpoints,Increased,Positive indicator: raw increase is improvement,0.00029955340626403894,0.0011982136250561558,资源,能源生产和消费,人均生物质和废弃物发电净发电量,Biomass and waste electricity net generation (million metric tons of oil equivalent)_per_capita,正向,美国能源信息署,0.1462779728743016,0.0365694932185754,Resource,Energy production and consumption,Biomass and waste electricity net generation per capita,Positive
ZWE,Zimbabwe,津巴布韦,716,0.0,0.01452154672102957,S,0.0,5.987321496820008e-06,0.01452154672102957,0.01452154672102957,5.987321496820008e-06,Improved,Observed both endpoints,Increased,Positive indicator: raw increase is improvement,0.0005310456043379167,0.0021241824173516667,资源,能源生产和消费,人均生物质和废弃物发电净发电量,Biomass and waste electricity net generation (million metric tons of oil equivalent)_per_capita,正向,美国能源信息署,0.1462779728743016,0.0365694932185754,Resource,Energy production and consumption,Biomass and waste electricity net generation per capita,Positive
AGO,Angola,安哥拉,24,0.9703802013226517,0.9660596094229669,S,0.4382660530041784,0.4994703342183082,-0.004320591899684811,-0.004320591899684811,0.061204281214129796,Deteriorated,Observed both endpoints,Increased,Negative indicator: raw decrease is improvement,-9.06703926489398e-05,-0.0003626815705957596,生态,环境污染,人均二氧化碳排放,CO2 emissions (metric tons per capita)_x,负向,世界银行WDI数据库,0.0839425659762537,0.0209856414940634,Ecological,Environmental pollution,CO2 emissions per capita,Negative
BDI,Burundi,布隆迪,108,0.9970625025555944,0.9972079653463144,E,0.0602921304450388,0.0582315457482834,0.0001454627907200301,0.0001454627907200301,-0.0020605846967553937,Improved,Observed both endpoints,Decreased,Negative indicator: raw decrease is improvement,3.0526299767765243e-06,1.2210519907106111e-05,生态,环境污染,人均二氧化碳排放,CO2 emissions (metric tons per capita)_x,负向,世界银行WDI数据库,0.0839425659762537,0.0209856414940634,Ecological,Environmental pollution,CO2 emissions per capita,Negative
BEN,Benin,贝宁,204,0.9852007123954175,0.9719977211898725,W,0.2283228904710919,0.4153527246636707,-0.013202991205545023,-0.013202991205545023,0.1870298341925788,Deteriorated,Observed both endpoints,Increased,Negative indicator: raw decrease is improvement,-0.0002770732400888398,-0.0011082929603553604,生态,环境污染,人均二氧化碳排放,CO2 emissions (metric tons per capita)_x,负向,世界银行WDI数据库,0.0839425659762537,0.0209856414940634,Ecological,Environmental pollution,CO2 emissions per capita,Negative
BFA,Burkina Faso,布基纳法索,854,0.9950029438458744,0.9848830313655098,W,0.0894672558383687,0.2328230699701749,-0.01011991248036459,-0.01011991248036459,0.1433558141318062,Deteriorated,Observed both endpoints,Increased,Negative indicator: raw decrease is improvement,-0.0002123728552642292,-0.0008494914210569178,生态,环境污染,人均二氧化碳排放,CO2 emissions (metric tons per capita)_x,负向,世界银行WDI数据库,0.0839425659762537,0.0209856414940634,Ecological,Environmental pollution,CO2 emissions per capita,Negative
BWA,Botswana,博茨瓦纳,72,0.8565532358467158,0.827566636828829,S,2.050706608949373,2.4613225613288026,-0.028986599017886805,-0.028986599017886805,0.4106159523794295,Deteriorated,Observed both endpoints,Increased,Negative indicator: raw decrease is improvement,-0.0006083023751215428,-0.0024332095004861738,生态,环境污染,人均二氧化碳排放,CO2 emissions (metric tons per capita)_x,负向,世界银行WDI数据库,0.0839425659762537,0.0209856414940634,Ecological,Environmental pollution,CO2 emissions per capita,Negative
CAF,Central African Republic,中非,140,0.9959154728139796,0.9959177699276384,C,0.0765406289139369,0.0765080886524129,2.2971136587335295e-06,2.2971136587335295e-06,-3.2540261523994474e-05,Improved,Observed both endpoints,Decreased,Negative indicator: raw decrease is improvement,4.820640371329815e-08,1.9282561485319282e-07,生态,环境污染,人均二氧化碳排放,CO2 emissions (metric tons per capita)_x,负向,世界银行WDI数据库,0.0839425659762537,0.0209856414940634,Ecological,Environmental pollution,CO2 emissions per capita,Negative
CIV,Côte d'Ivoire,科特迪瓦,384,0.9786080924432687,0.9687351404797344,W,0.3217120776143216,0.461569519006512,-0.009872951963534327,-0.009872951963534327,0.13985744139219042,Deteriorated,Observed both endpoints,Increased,Negative indicator: raw decrease is improvement,-0.00020719023039484068,-0.0008287609215793637,生态,环境污染,人均二氧化碳排放,CO2 emissions (metric tons per capita)_x,负向,世界银行WDI数据库,0.0839425659762537,0.0209856414940634,Ecological,Environmental pollution,CO2 emissions per capita,Negative
CMR,Cameroon,喀麦隆,120,0.9865633127796826,0.9838953935710126,C,0.2090206793302716,0.2468136672576711,-0.0026679192086699333,-0.0026679192086699333,0.03779298792739949,Deteriorated,Observed both endpoints,Increased,Negative indicator: raw decrease is improvement,-5.5987996048272546e-05,-0.00022395198419309043,生态,环境污染,人均二氧化碳排放,CO2 emissions (metric tons per capita)_x,负向,世界银行WDI数据库,0.0839425659762537,0.0209856414940634,Ecological,Environmental pollution,CO2 emissions per capita,Negative
COD,"Congo, Dem. Rep.",刚果（金）,180,0.9994224266270959,0.9986739738945198,C,0.0268621144033241,0.0374644838433559,-0.0007484527325760659,-0.0007484527325760659,0.0106023694400318,Deteriorated,Observed both endpoints,Increased,Negative indicator: raw decrease is improvement,-1.5706760721093426e-05,-6.282704288437379e-05,生态,环境污染,人均二氧化碳排放,CO2 emissions (metric tons per capita)_x,负向,世界银行WDI数据库,0.0839425659762537,0.0209856414940634,Ecological,Environmental pollution,CO2 emissions per capita,Negative
COG,"Congo, Rep.",刚果（布）,178,0.9840616407361591,0.951769736013437,C,0.2444586569991416,0.7018966338961298,-0.03229190472272214,-0.03229190472272214,0.4574379768969882,Deteriorated,Observed both endpoints,Increased,Negative indicator: raw decrease is improvement,-0.0006776663356714997,-0.0027106653426860017,生态,环境污染,人均二氧化碳排放,CO2 emissions (metric tons per capita)_x,负向,世界银行WDI数据库,0.0839425659762537,0.0209856414940634,Ecological,Environmental pollution,CO2 emissions per capita,Negative
COM,Comoros,科摩罗,174,0.9884777540630784,0.9673631395036282,E,0.1819012462994773,0.4810048962690088,-0.021114614559450184,-0.021114614559450184,0.2991036499695315,Deteriorated,Observed both endpoints,Increased,Negative indicator: raw decrease is improvement,-0.000443103731429953,-0.001772414925719814,生态,环境污染,人均二氧化碳排放,CO2 emissions (metric tons per capita)_x,负向,世界银行WDI数据库,0.0839425659762537,0.0209856414940634,Ecological,Environmental pollution,CO2 emissions per capita,Negative
CPV,Cape Verde,佛得角,132,0.985982174213011,0.9049901650093751,W,0.2172529236812204,1.3645627882759863,-0.08099200920363592,-0.08099200920363592,1.147309864594766,Deteriorated,Observed both endpoints,Increased,Negative indicator: raw decrease is improvement,-0.0016996692690313868,-0.006798677076125555,生态,环境污染,人均二氧化碳排放,CO2 emissions (metric tons per capita)_x,负向,世界银行WDI数据库,0.0839425659762537,0.0209856414940634,Ecological,Environmental pollution,CO2 emissions per capita,Negative
DJI,Djibouti,吉布提,262,0.8274247841225799,0.9582864369979478,E,2.463332006591358,0.6095828933474129,0.13086165287536788,0.13086165287536788,-1.853749113243945,Improved,Observed both endpoints,Decreased,Negative indicator: raw decrease is improvement,0.0027462157325630412,0.010984862930252179,生态,环境污染,人均二氧化碳排放,CO2 emissions (metric tons per capita)_x,负向,世界银行WDI数据库,0.0839425659762537,0.0209856414940634,Ecological,Environmental pollution,CO2 emissions per capita,Negative
ERI,Eritrea,厄立特里亚,232,0.9768929049224007,0.9878751645841705,E,0.346008938275898,0.1904373581980447,0.0109822596617698,0.0109822596617698,-0.15557158007785332,Improved,Observed both endpoints,Decreased,Negative indicator: raw decrease is improvement,0.000230469764056615,0.0009218790562264611,生态,环境污染,人均二氧化碳排放,CO2 emissions (metric tons per capita)_x,负向,世界银行WDI数据库,0.0839425659762537,0.0209856414940634,Ecological,Environmental pollution,CO2 emissions per capita,Negative
ETH,Ethiopia,埃塞俄比亚,231,0.9976614404977094,0.9921223815350991,E,0.0518077451825258,0.1302724857274426,-0.00553905896261031,-0.00553905896261031,0.0784647405449168,Deteriorated,Observed both endpoints,Increased,Negative indicator: raw decrease is improvement,-0.0001162407056038187,-0.00046496282241527534,生态,环境污染,人均二氧化碳排放,CO2 emissions (metric tons per capita)_x,负向,世界银行WDI数据库,0.0839425659762537,0.0209856414940634,Ecological,Environmental pollution,CO2 emissions per capita,Negative
GAB,Gabon,加蓬,266,0.8958304469307906,0.9122532651578542,C,1.4943167604492706,1.2616757685585442,0.016422818227063596,0.016422818227063596,-0.2326409918907264,Improved,Observed both endpoints,Decreased,Negative indicator: raw decrease is improvement,0.0003446433756353265,0.0013785735025413077,生态,环境污染,人均二氧化碳排放,CO2 emissions (metric tons per capita)_x,负向,世界银行WDI数据库,0.0839425659762537,0.0209856414940634,Ecological,Environmental pollution,CO2 emissions per capita,Negative
GHA,Ghana,加纳,288,0.9831165817085772,0.9552825487108756,W,0.2578460955332676,0.6521351240895036,-0.027834032997701597,-0.027834032997701597,0.394289028556236,Deteriorated,Observed both endpoints,Increased,Negative indicator: raw decrease is improvement,-0.0005841150378236965,-0.0023364601512947886,生态,环境污染,人均二氧化碳排放,CO2 emissions (metric tons per capita)_x,负向,世界银行WDI数据库,0.0839425659762537,0.0209856414940634,Ecological,Environmental pollution,CO2 emissions per capita,Negative
GIN,Guinea,几内亚,324,0.9905726504516068,0.9790925069655113,W,0.1522255373561468,0.314849998683492,-0.011480143486095495,-0.011480143486095495,0.1626244613273452,Deteriorated,Observed both endpoints,Increased,Negative indicator: raw decrease is improvement,-0.0002409181754996073,-0.0009636727019984303,生态,环境污染,人均二氧化碳排放,CO2 emissions (metric tons per capita)_x,负向,世界银行WDI数据库,0.0839425659762537,0.0209856414940634,Ecological,Environmental pollution,CO2 emissions per capita,Negative
GMB,"Gambia, The",冈比亚,270,0.9871529941643941,0.9873974728935684,W,0.2006674198383824,0.1972042033998315,0.00024447872917432445,0.00024447872917432445,-0.003463216438550909,Improved,Observed both endpoints,Decreased,Negative indicator: raw decrease is improvement,5.130542963376591e-06,2.0522171853506392e-05,生态,环境污染,人均二氧化碳排放,CO2 emissions (metric tons per capita)_x,负向,世界银行WDI数据库,0.0839425659762537,0.0209856414940634,Ecological,Environmental pollution,CO2 emissions per capita,Negative
GNB,Guinea-Bissau,几内亚（比绍）,624,0.9789308556472632,0.9883922317001452,W,0.3171399054764511,0.1831127318719609,0.009461376052881998,0.009461376052881998,-0.1340271736044902,Improved,Observed both endpoints,Decreased,Negative indicator: raw decrease is improvement,0.00019855304588629825,0.0007942121835451939,生态,环境污染,人均二氧化碳排放,CO2 emissions (metric tons per capita)_x,负向,世界银行WDI数据库,0.0839425659762537,0.0209856414940634,Ecological,Environmental pollution,CO2 emissions per capita,Negative
GNQ,Equatorial Guinea,赤道几内亚,226,0.9769491243953472,0.7426972952969819,C,0.3452125491440795,3.6635576175839466,-0.23425182909836528,-0.23425182909836528,3.318345068439867,Deteriorated,Observed both endpoints,Increased,Negative indicator: raw decrease is improvement,-0.004915924904786903,-0.019663699619147632,生态,环境污染,人均二氧化碳排放,CO2 emissions (metric tons per capita)_x,负向,世界银行WDI数据库,0.0839425659762537,0.0209856414940634,Ecological,Environmental pollution,CO2 emissions per capita,Negative
KEN,Kenya,肯尼亚,404,0.983328846677034,0.9769370760111896,E,0.2548392101057681,0.3453832231418282,-0.0063917706658443985,-0.0063917706658443985,0.09054401303606008,Deteriorated,Observed both endpoints,Increased,Negative indicator: raw decrease is improvement,-0.00013413540770568146,-0.0005365416308227265,生态,环境污染,人均二氧化碳排放,CO2 emissions (metric tons per capita)_x,负向,世界银行WDI数据库,0.0839425659762537,0.0209856414940634,Ecological,Environmental pollution,CO2 emissions per capita,Negative
LBR,Liberia,利比里亚,430,0.9896130553389065,0.9931681386512115,W,0.1658188899552886,0.115458586589947,0.0035550833123049186,0.0035550833123049186,-0.0503603033653416,Improved,Observed both endpoints,Decreased,Negative indicator: raw decrease is improvement,7.460570387355846e-05,0.00029842281549423416,生态,环境污染,人均二氧化碳排放,CO2 emissions (metric tons per capita)_x,负向,世界银行WDI数据库,0.0839425659762537,0.0209856414940634,Ecological,Environmental pollution,CO2 emissions per capita,Negative
LSO,Lesotho,莱索托,426,0.9942624156749423,0.9785917633562211,S,0.0999573681824701,0.3219433908368714,-0.015670652318721223,-0.015670652318721223,0.22198602265440132,Deteriorated,Observed both endpoints,Increased,Negative indicator: raw decrease is improvement,-0.00032885869153879694,-0.0013154347661551893,生态,环境污染,人均二氧化碳排放,CO2 emissions (metric tons per capita)_x,负向,世界银行WDI数据库,0.0839425659762537,0.0209856414940634,Ecological,Environmental pollution,CO2 emissions per capita,Negative
MDG,Madagascar,马达加斯加,450,0.9929005984298153,0.9924585254844318,E,0.1192484855960559,0.1255107657406771,-0.00044207294538345376,-0.00044207294538345376,0.006262280144621199,Deteriorated,Observed both endpoints,Increased,Negative indicator: raw decrease is improvement,-9.27718434604183e-06,-3.710873738416737e-05,生态,环境污染,人均二氧化碳排放,CO2 emissions (metric tons per capita)_x,负向,世界银行WDI数据库,0.0839425659762537,0.0209856414940634,Ecological,Environmental pollution,CO2 emissions per capita,Negative
MLI,Mali,马里,466,0.9977630264514206,0.9785684248146517,W,0.0503687073324581,0.3222739980070241,-0.019194601636768893,-0.019194601636768893,0.27190529067456604,Deteriorated,Observed both endpoints,Increased,Negative indicator: raw decrease is improvement,-0.00040281102857059456,-0.0016112441142823802,生态,环境污染,人均二氧化碳排放,CO2 emissions (metric tons per capita)_x,负向,世界银行WDI数据库,0.0839425659762537,0.0209856414940634,Ecological,Environmental pollution,CO2 emissions per capita,Negative
MOZ,Mozambique,莫桑比克,508,0.995539173974228,0.981639214449922,S,0.0818711717060919,0.2787740617135216,-0.013899959524306005,-0.013899959524306005,0.1969028900074297,Deteriorated,Observed both endpoints,Increased,Negative indicator: raw decrease is improvement,-0.0002916995673590779,-0.0011667982694363128,生态,环境污染,人均二氧化碳排放,CO2 emissions (metric tons per capita)_x,负向,世界银行WDI数据库,0.0839425659762537,0.0209856414940634,Ecological,Environmental pollution,CO2 emissions per capita,Negative
MUS,Mauritius,毛里求斯,480,0.770112551098532,0.7003090873697065,S,3.275200868186313,4.264016966297991,-0.06980346372882551,-0.06980346372882551,0.9888160981116778,Deteriorated,Observed both endpoints,Increased,Negative indicator: raw decrease is improvement,-0.0014648704648569902,-0.005859481859427968,生态,环境污染,人均二氧化碳排放,CO2 emissions (metric tons per capita)_x,负向,世界银行WDI数据库,0.0839425659762537,0.0209856414940634,Ecological,Environmental pollution,CO2 emissions per capita,Negative
MWI,Malawi,马拉维,454,0.9961036274004291,0.9960992109150096,S,0.0738752843296393,0.073937847011297,-4.416485419489469e-06,-4.416485419489469e-06,6.256268165770462e-05,Deteriorated,Observed both endpoints,Increased,Negative indicator: raw decrease is improvement,-9.26827796771642e-08,-3.707311187086572e-07,生态,环境污染,人均二氧化碳排放,CO2 emissions (metric tons per capita)_x,负向,世界银行WDI数据库,0.0839425659762537,0.0209856414940634,Ecological,Environmental pollution,CO2 emissions per capita,Negative
NAM,Namibia,纳米比亚,516,0.9176185638543877,0.9084730890112047,S,1.185672466732147,1.3152246732665658,-0.009145474843182955,-0.009145474843182955,0.1295522065344188,Deteriorated,Observed both endpoints,Increased,Negative indicator: raw decrease is improvement,-0.0001919236563520132,-0.0007676946254080537,生态,环境污染,人均二氧化碳排放,CO2 emissions (metric tons per capita)_x,负向,世界银行WDI数据库,0.0839425659762537,0.0209856414940634,Ecological,Environmental pollution,CO2 emissions per capita,Negative
NER,Niger,尼日尔,562,0.9948799658135333,0.9940992027319099,W,0.0912093278158475,0.1022693965098558,-0.0007807630816234479,-0.0007807630816234479,0.011060068694008302,Deteriorated,Observed both endpoints,Increased,Negative indicator: raw decrease is improvement,-1.6384814122749837e-05,-6.553925649099943e-05,生态,环境污染,人均二氧化碳排放,CO2 emissions (metric tons per capita)_x,负向,世界银行WDI数据库,0.0839425659762537,0.0209856414940634,Ecological,Environmental pollution,CO2 emissions per capita,Negative
NGA,Nigeria,尼日利亚,566,0.9703994295440963,0.9650484728031237,W,0.4379936714648278,0.5137938092105422,-0.005350956740972634,-0.005350956740972634,0.07580013774571437,Deteriorated,Observed both endpoints,Increased,Negative indicator: raw decrease is improvement,-0.00011229325981629358,-0.00044917303926517486,生态,环境污染,人均二氧化碳排放,CO2 emissions (metric tons per capita)_x,负向,世界银行WDI数据库,0.0839425659762537,0.0209856414940634,Ecological,Environmental pollution,CO2 emissions per capita,Negative
RWA,Rwanda,卢旺达,646,0.9945039649692978,0.9941059651076352,E,0.0965356492879168,0.102173602610507,-0.0003979998616626679,-0.0003979998616626679,0.005637953322590192,Deteriorated,Observed both endpoints,Increased,Negative indicator: raw decrease is improvement,-8.352282411539576e-06,-3.340912964615834e-05,生态,环境污染,人均二氧化碳排放,CO2 emissions (metric tons per capita)_x,负向,世界银行WDI数据库,0.0839425659762537,0.0209856414940634,Ecological,Environmental pollution,CO2 emissions per capita,Negative
SEN,Senegal,塞内加尔,686,0.971014478129324,0.956287344647444,W,0.4292810673946841,0.6379014694207905,-0.014727133481879928,-0.014727133481879928,0.20862040202610643,Deteriorated,Observed both endpoints,Increased,Negative indicator: raw decrease is improvement,-0.00030905834348594983,-0.0012362333739438008,生态,环境污染,人均二氧化碳排放,CO2 emissions (metric tons per capita)_x,负向,世界银行WDI数据库,0.0839425659762537,0.0209856414940634,Ecological,Environmental pollution,CO2 emissions per capita,Negative
SLE,Sierra Leone,塞拉利昂,694,0.9877799182981446,0.9879319785452901,W,0.1917865901111424,0.1896325477151316,0.00015206024714553568,0.00015206024714553568,-0.0021540423960108024,Improved,Observed both endpoints,Decreased,Negative indicator: raw decrease is improvement,3.1910818320948893e-06,1.2764327328379572e-05,生态,环境污染,人均二氧化碳排放,CO2 emissions (metric tons per capita)_x,负向,世界银行WDI数据库,0.0839425659762537,0.0209856414940634,Ecological,Environmental pollution,CO2 emissions per capita,Negative
STP,São Tomé and Principe,圣多美和普林西比,678,0.9569060200188094,0.9502956035804772,C,0.629137489325363,0.7227787764517185,-0.006610416438332267,-0.006610416438332267,0.09364128712635555,Deteriorated,Observed both endpoints,Increased,Negative indicator: raw decrease is improvement,-0.00013872382950130442,-0.0005548953180052183,生态,环境污染,人均二氧化碳排放,CO2 emissions (metric tons per capita)_x,负向,世界银行WDI数据库,0.0839425659762537,0.0209856414940634,Ecological,Environmental pollution,CO2 emissions per capita,Negative
SWZ,Swaziland,斯威士兰,748,0.9273550160546608,0.9232289063301162,S,1.047748642328155,1.1061979441286334,-0.004126109724544524,-0.004126109724544524,0.05844930180047836,Deteriorated,Observed both endpoints,Increased,Negative indicator: raw decrease is improvement,-8.658905944446008e-05,-0.00034635623777784074,生态,环境污染,人均二氧化碳排放,CO2 emissions (metric tons per capita)_x,负向,世界银行WDI数据库,0.0839425659762537,0.0209856414940634,Ecological,Environmental pollution,CO2 emissions per capita,Negative
SYC,Seychelles,塞舌尔,690,0.4797086301454069,0.4166512772128261,E,7.38898056698111,8.282233170122307,-0.0630573529325808,-0.0630573529325808,0.8932526031411969,Deteriorated,Observed both endpoints,Increased,Negative indicator: raw decrease is improvement,-0.001323299002207768,-0.005293196008831078,生态,环境污染,人均二氧化碳排放,CO2 emissions (metric tons per capita)_x,负向,世界银行WDI数据库,0.0839425659762537,0.0209856414940634,Ecological,Environmental pollution,CO2 emissions per capita,Negative
TCD,Chad,乍得,148,0.9997150688968136,0.9934094624987182,C,0.0227166268898529,0.1120400613116032,-0.006305606398095409,-0.006305606398095409,0.0893234344217503,Deteriorated,Observed both endpoints,Increased,Negative indicator: raw decrease is improvement,-0.00013232719527310268,-0.0005293087810924114,生态,环境污染,人均二氧化碳排放,CO2 emissions (metric tons per capita)_x,负向,世界银行WDI数据库,0.0839425659762537,0.0209856414940634,Ecological,Environmental pollution,CO2 emissions per capita,Negative
TGO,Togo,多哥,768,0.9879421900940122,0.9807040359361,W,0.1894878938079525,0.2920215356879899,-0.00723815415791218,-0.00723815415791218,0.10253364188003738,Deteriorated,Observed both endpoints,Increased,Negative indicator: raw decrease is improvement,-0.00015189730823670936,-0.0006075892329468382,生态,环境污染,人均二氧化碳排放,CO2 emissions (metric tons per capita)_x,负向,世界银行WDI数据库,0.0839425659762537,0.0209856414940634,Ecological,Environmental pollution,CO2 emissions per capita,Negative
TZA,Tanzania,坦桑尼亚,834,0.9951336029877177,0.9849090139830515,E,0.0876163754390517,0.2324550075686277,-0.010224589004666162,-0.010224589004666162,0.14483863212957598,Deteriorated,Observed both endpoints,Increased,Negative indicator: raw decrease is improvement,-0.00021456955927606663,-0.0008582782371042675,生态,环境污染,人均二氧化碳排放,CO2 emissions (metric tons per capita)_x,负向,世界银行WDI数据库,0.0839425659762537,0.0209856414940634,Ecological,Environmental pollution,CO2 emissions per capita,Negative
UGA,Uganda,乌干达,800,0.9973248676577355,0.9921053617216509,E,0.0565755407126481,0.1305135835845625,-0.005219505936084667,-0.005219505936084667,0.0739380428719144,Deteriorated,Observed both endpoints,Increased,Negative indicator: raw decrease is improvement,-0.00010953468035080863,-0.000438138721403235,生态,环境污染,人均二氧化碳排放,CO2 emissions (metric tons per capita)_x,负向,世界银行WDI数据库,0.0839425659762537,0.0209856414940634,Ecological,Environmental pollution,CO2 emissions per capita,Negative
ZAF,South Africa,南非,710,0.4213977382666263,0.5055681339273661,S,8.214996147081578,7.022662160087761,0.0841703956607398,0.0841703956607398,-1.192333986993817,Improved,Observed both endpoints,Decreased,Negative indicator: raw decrease is improvement,0.0017663697477497552,0.007065478990999029,生态,环境污染,人均二氧化碳排放,CO2 emissions (metric tons per capita)_x,负向,世界银行WDI数据库,0.0839425659762537,0.0209856414940634,Ecological,Environmental pollution,CO2 emissions per capita,Negative
ZMB,Zambia,赞比亚,894,0.9869094053742453,0.9753033841341919,S,0.2041180296527374,0.3685256395927545,-0.011606021240053388,-0.011606021240053388,0.16440760994001707,Deteriorated,Observed both endpoints,Increased,Negative indicator: raw decrease is improvement,-0.00024355980091624553,-0.0009742392036649833,生态,环境污染,人均二氧化碳排放,CO2 emissions (metric tons per capita)_x,负向,世界银行WDI数据库,0.0839425659762537,0.0209856414940634,Ecological,Environmental pollution,CO2 emissions per capita,Negative
ZWE,Zimbabwe,津巴布韦,716,0.927235486310301,0.9659053633365099,S,1.0494418668346823,0.5016553405949532,0.03866987702620894,0.03866987702620894,-0.5477865262397291,Improved,Observed both endpoints,Decreased,Negative indicator: raw decrease is improvement,0.0008115121758915394,0.0032460487035661616,生态,环境污染,人均二氧化碳排放,CO2 emissions (metric tons per capita)_x,负向,世界银行WDI数据库,0.0839425659762537,0.0209856414940634,Ecological,Environmental pollution,CO2 emissions per capita,Negative
AGO,Angola,安哥拉,24,0.4916701442960554,0.7886937076930389,S,-16.01295133,10.55744069,0.29702356339698355,0.29702356339698355,26.57039202,Improved,Observed both endpoints,Increased,Positive indicator: raw increase is improvement,0.012350307432041036,0.049401229728164145,经济,外部经济联系,经常账户余额占GDP百分比,"Current account balance, percent of GDP (Percent of GDP)(IMF)",正向,世界银行WDI数据库,0.1663209112542276,0.0415802278135569,Economic,External economic linkages,Current account balance (% of GDP),Positive
BDI,Burundi,布隆迪,108,0.6238671476232125,0.5440005962687448,E,-4.187202012,-11.33170447,-0.07986655135446774,-0.07986655135446774,-7.144502458,Deteriorated,Observed both endpoints,Decreased,Positive indicator: raw increase is improvement,-0.0033208694000019102,-0.013283477600007641,经济,外部经济联系,经常账户余额占GDP百分比,"Current account balance, percent of GDP (Percent of GDP)(IMF)",正向,世界银行WDI数据库,0.1663209112542276,0.0415802278135569,Economic,External economic linkages,Current account balance (% of GDP),Positive
BEN,Benin,贝宁,204,0.6478087346139146,0.6242436622051327,W,-2.045495325,-4.153520711,-0.023565072408781917,-0.023565072408781917,-2.1080253859999996,Deteriorated,Observed both endpoints,Decreased,Positive indicator: raw increase is improvement,-0.0009798410792001163,-0.003919364316800465,经济,外部经济联系,经常账户余额占GDP百分比,"Current account balance, percent of GDP (Percent of GDP)(IMF)",正向,世界银行WDI数据库,0.1663209112542276,0.0415802278135569,Economic,External economic linkages,Current account balance (% of GDP),Positive
BFA,Burkina Faso,布基纳法索,854,0.5533156430674762,0.6750592013361003,W,-10.498422280882435,0.39220886,0.12174355826862415,0.12174355826862415,10.890631140882435,Improved,Observed both endpoints,Increased,Positive indicator: raw increase is improvement,0.005062124887642431,0.020248499550569725,经济,外部经济联系,经常账户余额占GDP百分比,"Current account balance, percent of GDP (Percent of GDP)(IMF)",正向,世界银行WDI数据库,0.1663209112542276,0.0415802278135569,Economic,External economic linkages,Current account balance (% of GDP),Positive
BWA,Botswana,博茨瓦纳,72,0.7918804241395943,0.6509453780533172,S,10.84251001,-1.764905311,-0.14093504608627705,-0.14093504608627705,-12.607415321,Deteriorated,Observed both endpoints,Decreased,Positive indicator: raw increase is improvement,-0.005860111323181541,-0.023440445292726163,经济,外部经济联系,经常账户余额占GDP百分比,"Current account balance, percent of GDP (Percent of GDP)(IMF)",正向,世界银行WDI数据库,0.1663209112542276,0.0415802278135569,Economic,External economic linkages,Current account balance (% of GDP),Positive
CAF,Central African Republic,中非,140,,,C,,,,,,Missing endpoint,Missing both endpoints,Missing endpoint,Positive indicator: raw increase is improvement,,,经济,外部经济联系,经常账户余额占GDP百分比,"Current account balance, percent of GDP (Percent of GDP)(IMF)",正向,世界银行WDI数据库,0.1663209112542276,0.0415802278135569,Economic,External economic linkages,Current account balance (% of GDP),Positive
CIV,Côte d'Ivoire,科特迪瓦,384,0.7196372997442236,0.6265382957494161,W,4.379965038882347,-3.948253115,-0.09309900399480753,-0.09309900399480753,-8.328218153882347,Deteriorated,Observed both endpoints,Decreased,Positive indicator: raw increase is improvement,-0.003871077795319341,-0.015484311181277364,经济,外部经济联系,经常账户余额占GDP百分比,"Current account balance, percent of GDP (Percent of GDP)(IMF)",正向,世界银行WDI数据库,0.1663209112542276,0.0415802278135569,Economic,External economic linkages,Current account balance (% of GDP),Positive
CMR,Cameroon,喀麦隆,120,0.635194090018264,0.6261084075919843,C,-3.173944692,-3.986708976,-0.009085682426279718,-0.009085682426279718,-0.812764284,Deteriorated,Observed both endpoints,Decreased,Positive indicator: raw increase is improvement,-0.00037778474512634104,-0.0015111389805053642,经济,外部经济联系,经常账户余额占GDP百分比,"Current account balance, percent of GDP (Percent of GDP)(IMF)",正向,世界银行WDI数据库,0.1663209112542276,0.0415802278135569,Economic,External economic linkages,Current account balance (% of GDP),Positive
COD,"Congo, Dem. Rep.",刚果（金）,180,0.6403287278628994,0.6595578664225165,C,-2.7146230851470534,-0.994470839,0.019229138559617054,0.019229138559617054,1.7201522461470535,Improved,Observed both endpoints,Increased,Positive indicator: raw increase is improvement,0.0007995519619673285,0.003198207847869314,经济,外部经济联系,经常账户余额占GDP百分比,"Current account balance, percent of GDP (Percent of GDP)(IMF)",正向,世界银行WDI数据库,0.1663209112542276,0.0415802278135569,Economic,External economic linkages,Current account balance (% of GDP),Positive
COG,"Congo, Rep.",刚果（布）,178,0.6593034051155223,0.800056166852548,C,-1.017233803,11.57387518,0.14075276173702567,0.14075276173702567,12.591108983,Improved,Observed both endpoints,Increased,Positive indicator: raw increase is improvement,0.005852531898412822,0.023410127593651287,经济,外部经济联系,经常账户余额占GDP百分比,"Current account balance, percent of GDP (Percent of GDP)(IMF)",正向,世界银行WDI数据库,0.1663209112542276,0.0415802278135569,Economic,External economic linkages,Current account balance (% of GDP),Positive
COM,Comoros,科摩罗,174,0.6136010223518031,0.6670934757886005,E,-5.105563403494045,-0.320369119,0.053492453436797316,0.053492453436797316,4.785194284494045,Improved,Observed both endpoints,Increased,Positive indicator: raw increase is improvement,0.002224228400208117,0.008896913600832468,经济,外部经济联系,经常账户余额占GDP百分比,"Current account balance, percent of GDP (Percent of GDP)(IMF)",正向,世界银行WDI数据库,0.1663209112542276,0.0415802278135569,Economic,External economic linkages,Current account balance (% of GDP),Positive
CPV,Cape Verde,佛得角,132,0.5600111677624714,0.53412671273365,W,-9.899470757,-12.21497768,-0.025884455028821418,-0.025884455028821418,-2.315506923000001,Deteriorated,Observed both endpoints,Decreased,Positive indicator: raw increase is improvement,-0.001076281536928163,-0.004305126147712652,经济,外部经济联系,经常账户余额占GDP百分比,"Current account balance, percent of GDP (Percent of GDP)(IMF)",正向,世界银行WDI数据库,0.1663209112542276,0.0415802278135569,Economic,External economic linkages,Current account balance (% of GDP),Positive
DJI,Djibouti,吉布提,262,0.8051309907480897,0.5965059094027999,E,12.0278461,-6.634815317,-0.2086250813452898,-0.2086250813452898,-18.662661417,Deteriorated,Observed both endpoints,Decreased,Positive indicator: raw increase is improvement,-0.008674678409958989,-0.034698713639835954,经济,外部经济联系,经常账户余额占GDP百分比,"Current account balance, percent of GDP (Percent of GDP)(IMF)",正向,世界银行WDI数据库,0.1663209112542276,0.0415802278135569,Economic,External economic linkages,Current account balance (% of GDP),Positive
ERI,Eritrea,厄立特里亚,232,,,E,,,,,,Missing endpoint,Missing both endpoints,Missing endpoint,Positive indicator: raw increase is improvement,,,经济,外部经济联系,经常账户余额占GDP百分比,"Current account balance, percent of GDP (Percent of GDP)(IMF)",正向,世界银行WDI数据库,0.1663209112542276,0.0415802278135569,Economic,External economic linkages,Current account balance (% of GDP),Positive
ETH,Ethiopia,埃塞俄比亚,231,0.6199657223946473,0.6244795604840322,E,-4.536205965,-4.132418312,0.004513838089384881,0.004513838089384881,0.4037876529999993,Improved,Observed both endpoints,Increased,Positive indicator: raw increase is improvement,0.00018768641607013376,0.000750745664280535,经济,外部经济联系,经常账户余额占GDP百分比,"Current account balance, percent of GDP (Percent of GDP)(IMF)",正向,世界银行WDI数据库,0.1663209112542276,0.0415802278135569,Economic,External economic linkages,Current account balance (% of GDP),Positive
GAB,Gabon,加蓬,266,0.7858141934792516,0.7508804252750878,C,10.2998523,7.174834522606147,-0.03493376820416383,-0.03493376820416383,-3.125017777393852,Deteriorated,Observed both endpoints,Decreased,Positive indicator: raw increase is improvement,-0.0014525540403151225,-0.00581021616126049,经济,外部经济联系,经常账户余额占GDP百分比,"Current account balance, percent of GDP (Percent of GDP)(IMF)",正向,世界银行WDI数据库,0.1663209112542276,0.0415802278135569,Economic,External economic linkages,Current account balance (% of GDP),Positive
GHA,Ghana,加纳,288,0.5807657198913245,0.6391445153071236,W,-8.042861874,-2.820557414,0.058378795415799045,0.058378795415799045,5.22230446,Improved,Observed both endpoints,Increased,Positive indicator: raw increase is improvement,0.0024274036128699556,0.009709614451479822,经济,外部经济联系,经常账户余额占GDP百分比,"Current account balance, percent of GDP (Percent of GDP)(IMF)",正向,世界银行WDI数据库,0.1663209112542276,0.0415802278135569,Economic,External economic linkages,Current account balance (% of GDP),Positive
GIN,Guinea,几内亚,324,0.6545483139508488,0.9744700737841712,W,-1.442602871,27.17615881,0.3199217598333224,0.3199217598333224,28.618761681000002,Improved,Observed both endpoints,Increased,Positive indicator: raw increase is improvement,0.013302419656383582,0.05320967862553433,经济,外部经济联系,经常账户余额占GDP百分比,"Current account balance, percent of GDP (Percent of GDP)(IMF)",正向,世界银行WDI数据库,0.1663209112542276,0.0415802278135569,Economic,External economic linkages,Current account balance (% of GDP),Positive
GMB,"Gambia, The",冈比亚,270,0.6466693297224764,0.6224571774375853,W,-2.147421361738566,-4.313331603,-0.024212152284891042,-0.024212152284891042,-2.165910241261434,Deteriorated,Observed both endpoints,Decreased,Positive indicator: raw increase is improvement,-0.0010067468078623018,-0.004026987231449207,经济,外部经济联系,经常账户余额占GDP百分比,"Current account balance, percent of GDP (Percent of GDP)(IMF)",正向,世界银行WDI数据库,0.1663209112542276,0.0415802278135569,Economic,External economic linkages,Current account balance (% of GDP),Positive
GNB,Guinea-Bissau,几内亚（比绍）,624,0.6405121933820562,0.6623979002811068,W,-2.698211085,-0.740414184,0.02188570689905056,0.02188570689905056,1.957796901,Improved,Observed both endpoints,Increased,Positive indicator: raw increase is improvement,0.0009100126787232563,0.003640050714893025,经济,外部经济联系,经常账户余额占GDP百分比,"Current account balance, percent of GDP (Percent of GDP)(IMF)",正向,世界银行WDI数据库,0.1663209112542276,0.0415802278135569,Economic,External economic linkages,Current account balance (% of GDP),Positive
GNQ,Equatorial Guinea,赤道几内亚,226,,,C,,,,,,Missing endpoint,Missing both endpoints,Missing endpoint,Positive indicator: raw increase is improvement,,,经济,外部经济联系,经常账户余额占GDP百分比,"Current account balance, percent of GDP (Percent of GDP)(IMF)",正向,世界银行WDI数据库,0.1663209112542276,0.0415802278135569,Economic,External economic linkages,Current account balance (% of GDP),Positive
KEN,Kenya,肯尼亚,404,0.6431044151613194,0.6192636733481767,E,-2.466322584,-4.599008115,-0.023840741813142774,-0.023840741813142774,-2.1326855310000004,Deteriorated,Observed both endpoints,Decreased,Positive indicator: raw increase is improvement,-0.0009913034758346681,-0.0039652139033386725,经济,外部经济联系,经常账户余额占GDP百分比,"Current account balance, percent of GDP (Percent of GDP)(IMF)",正向,世界银行WDI数据库,0.1663209112542276,0.0415802278135569,Economic,External economic linkages,Current account balance (% of GDP),Positive
LBR,Liberia,利比里亚,430,0.3299726611593932,0.6382985480925393,W,-30.47768088361522,-2.896233836,0.30832588693314605,0.30832588693314605,27.58144704761522,Improved,Observed both endpoints,Increased,Positive indicator: raw increase is improvement,0.0128202606194972,0.0512810424779888,经济,外部经济联系,经常账户余额占GDP百分比,"Current account balance, percent of GDP (Percent of GDP)(IMF)",正向,世界银行WDI数据库,0.1663209112542276,0.0415802278135569,Economic,External economic linkages,Current account balance (% of GDP),Positive
LSO,Lesotho,莱索托,426,0.7093475272030882,0.5798145685262771,S,3.459488269,-8.127947597,-0.12953295867681114,-0.12953295867681114,-11.587435866,Deteriorated,Observed both endpoints,Decreased,Positive indicator: raw increase is improvement,-0.005386009931145859,-0.021544039724583436,经济,外部经济联系,经常账户余额占GDP百分比,"Current account balance, percent of GDP (Percent of GDP)(IMF)",正向,世界银行WDI数据库,0.1663209112542276,0.0415802278135569,Economic,External economic linkages,Current account balance (% of GDP),Positive
MDG,Madagascar,马达加斯加,450,0.6418840877543753,0.614452754248062,E,-2.575487585,-5.029371299,-0.027431333506313327,-0.027431333506313327,-2.4538837140000003,Deteriorated,Observed both endpoints,Decreased,Positive indicator: raw increase is improvement,-0.0011406010964221647,-0.004562404385688659,经济,外部经济联系,经常账户余额占GDP百分比,"Current account balance, percent of GDP (Percent of GDP)(IMF)",正向,世界银行WDI数据库,0.1663209112542276,0.0415802278135569,Economic,External economic linkages,Current account balance (% of GDP),Positive
MLI,Mali,马里,466,0.5865655810447953,0.599297601338366,W,-7.524032382,-6.385083113,0.012732020293570678,0.012732020293570678,1.1389492689999994,Improved,Observed both endpoints,Increased,Positive indicator: raw increase is improvement,0.0005294003043334984,0.0021176012173339935,经济,外部经济联系,经常账户余额占GDP百分比,"Current account balance, percent of GDP (Percent of GDP)(IMF)",正向,世界银行WDI数据库,0.1663209112542276,0.0415802278135569,Economic,External economic linkages,Current account balance (% of GDP),Positive
MOZ,Mozambique,莫桑比克,508,0.5868741099539215,0.4337660452261479,S,-7.496432773500146,-21.19279159,-0.1531080647277736,-0.1531080647277736,-13.696358816499853,Deteriorated,Observed both endpoints,Decreased,Positive indicator: raw increase is improvement,-0.006366268211473642,-0.025465072845894568,经济,外部经济联系,经常账户余额占GDP百分比,"Current account balance, percent of GDP (Percent of GDP)(IMF)",正向,世界银行WDI数据库,0.1663209112542276,0.0415802278135569,Economic,External economic linkages,Current account balance (% of GDP),Positive
MUS,Mauritius,毛里求斯,480,0.7366798883177069,0.5267195140267356,S,5.904518358,-12.87759236,-0.20996037429097136,-0.20996037429097136,-18.782110718,Deteriorated,Observed both endpoints,Decreased,Positive indicator: raw increase is improvement,-0.008730200194838264,-0.034920800779353056,经济,外部经济联系,经常账户余额占GDP百分比,"Current account balance, percent of GDP (Percent of GDP)(IMF)",正向,世界银行WDI数据库,0.1663209112542276,0.0415802278135569,Economic,External economic linkages,Current account balance (% of GDP),Positive
MWI,Malawi,马拉维,454,0.6438463990794675,0.4974908114139984,S,-2.39994804,-15.49226063,-0.14635558766546908,-0.14635558766546908,-13.09231259,Deteriorated,Observed both endpoints,Decreased,Positive indicator: raw increase is improvement,-0.006085498676917203,-0.02434199470766881,经济,外部经济联系,经常账户余额占GDP百分比,"Current account balance, percent of GDP (Percent of GDP)(IMF)",正向,世界银行WDI数据库,0.1663209112542276,0.0415802278135569,Economic,External economic linkages,Current account balance (% of GDP),Positive
NAM,Namibia,纳米比亚,516,0.6739868836510718,0.6705542647450099,S,0.296284143,-0.010782505,-0.003432618906061946,-0.003432618906061946,-0.307066648,Deteriorated,Observed both endpoints,Decreased,Positive indicator: raw increase is improvement,-0.0001427290761111782,-0.0005709163044447128,经济,外部经济联系,经常账户余额占GDP百分比,"Current account balance, percent of GDP (Percent of GDP)(IMF)",正向,世界银行WDI数据库,0.1663209112542276,0.0415802278135569,Economic,External economic linkages,Current account balance (% of GDP),Positive
NER,Niger,尼日尔,562,0.6285193627458678,0.5133485742747353,W,-3.771035772,-14.07369649,-0.11517078847113249,-0.11517078847113249,-10.302660718,Deteriorated,Observed both endpoints,Decreased,Positive indicator: raw increase is improvement,-0.004788827622096661,-0.019155310488386645,经济,外部经济联系,经常账户余额占GDP百分比,"Current account balance, percent of GDP (Percent of GDP)(IMF)",正向,世界银行WDI数据库,0.1663209112542276,0.0415802278135569,Economic,External economic linkages,Current account balance (% of GDP),Positive
NGA,Nigeria,尼日利亚,566,0.7083298901680067,0.6647029391886985,W,3.368455037,-0.534215771,-0.04362695097930824,-0.04362695097930824,-3.902670808,Deteriorated,Observed both endpoints,Decreased,Positive indicator: raw increase is improvement,-0.001814018560530516,-0.007256074242122064,经济,外部经济联系,经常账户余额占GDP百分比,"Current account balance, percent of GDP (Percent of GDP)(IMF)",正向,世界银行WDI数据库,0.1663209112542276,0.0415802278135569,Economic,External economic linkages,Current account balance (% of GDP),Positive
RWA,Rwanda,卢旺达,646,0.6229406170355629,0.5486558941531454,E,-4.270085270994059,-10.91526246,-0.0742847228824175,-0.0742847228824175,-6.64517718900594,Deteriorated,Observed both endpoints,Decreased,Positive indicator: raw increase is improvement,-0.0030887757005178627,-0.01235510280207145,经济,外部经济联系,经常账户余额占GDP百分比,"Current account balance, percent of GDP (Percent of GDP)(IMF)",正向,世界银行WDI数据库,0.1663209112542276,0.0415802278135569,Economic,External economic linkages,Current account balance (% of GDP),Positive
SEN,Senegal,塞内加尔,686,0.6284735055777732,0.5355232668523959,W,-3.775137948,-12.09004823,-0.09295023872537722,-0.09295023872537722,-8.314910282000001,Deteriorated,Observed both endpoints,Decreased,Positive indicator: raw increase is improvement,-0.0038648921015256837,-0.015459568406102735,经济,外部经济联系,经常账户余额占GDP百分比,"Current account balance, percent of GDP (Percent of GDP)(IMF)",正向,世界银行WDI数据库,0.1663209112542276,0.0415802278135569,Economic,External economic linkages,Current account balance (% of GDP),Positive
SLE,Sierra Leone,塞拉利昂,694,0.6056058113345225,0.589127852447223,W,-5.82077902,-7.294823107,-0.016477958887299526,-0.016477958887299526,-1.4740440870000002,Deteriorated,Observed both endpoints,Decreased,Positive indicator: raw increase is improvement,-0.0006851572844363389,-0.0027406291377453556,经济,外部经济联系,经常账户余额占GDP百分比,"Current account balance, percent of GDP (Percent of GDP)(IMF)",正向,世界银行WDI数据库,0.1663209112542276,0.0415802278135569,Economic,External economic linkages,Current account balance (% of GDP),Positive
STP,São Tomé and Principe,圣多美和普林西比,678,0.2734987377691449,0.467632891496181,C,-35.52958406,-18.16321585,0.19413415372703607,0.19413415372703607,17.366368209999997,Improved,Observed both endpoints,Increased,Positive indicator: raw increase is improvement,0.008072142338362237,0.03228856935344895,经济,外部经济联系,经常账户余额占GDP百分比,"Current account balance, percent of GDP (Percent of GDP)(IMF)",正向,世界银行WDI数据库,0.1663209112542276,0.0415802278135569,Economic,External economic linkages,Current account balance (% of GDP),Positive
SWZ,Swaziland,斯威士兰,748,0.6773698660798652,0.6998171850405699,S,0.598910535,2.606946725,0.022447318960704732,0.022447318960704732,2.00803619,Improved,Observed both endpoints,Increased,Positive indicator: raw increase is improvement,0.0009333646361896781,0.0037334585447587124,经济,外部经济联系,经常账户余额占GDP百分比,"Current account balance, percent of GDP (Percent of GDP)(IMF)",正向,世界银行WDI数据库,0.1663209112542276,0.0415802278135569,Economic,External economic linkages,Current account balance (% of GDP),Positive
SYC,Seychelles,塞舌尔,690,0.4122394004330701,0.5502802192810047,E,-23.11846841,-10.76995764,0.13804081884793457,0.13804081884793457,12.348510769999999,Improved,Observed both endpoints,Increased,Positive indicator: raw increase is improvement,0.0057397686952670585,0.022959074781068234,经济,外部经济联系,经常账户余额占GDP百分比,"Current account balance, percent of GDP (Percent of GDP)(IMF)",正向,世界银行WDI数据库,0.1663209112542276,0.0415802278135569,Economic,External economic linkages,Current account balance (% of GDP),Positive
TCD,Chad,乍得,148,,,C,,,,,,Missing endpoint,Missing both endpoints,Missing endpoint,Positive indicator: raw increase is improvement,,,经济,外部经济联系,经常账户余额占GDP百分比,"Current account balance, percent of GDP (Percent of GDP)(IMF)",正向,世界银行WDI数据库,0.1663209112542276,0.0415802278135569,Economic,External economic linkages,Current account balance (% of GDP),Positive
TGO,Togo,多哥,768,0.5802845859201775,0.6361149075253717,W,-8.085901955,-3.0915724994947595,0.05583032160519419,0.05583032160519419,4.994329455505241,Improved,Observed both endpoints,Increased,Positive indicator: raw increase is improvement,0.002321437491248122,0.009285749964992488,经济,外部经济联系,经常账户余额占GDP百分比,"Current account balance, percent of GDP (Percent of GDP)(IMF)",正向,世界银行WDI数据库,0.1663209112542276,0.0415802278135569,Economic,External economic linkages,Current account balance (% of GDP),Positive
TZA,Tanzania,坦桑尼亚,834,0.6242186700699843,0.6331102136050978,E,-4.155756395,-3.360358903,0.008891543535113455,0.008891543535113455,0.7953974920000002,Improved,Observed both endpoints,Increased,Positive indicator: raw increase is improvement,0.0003697124058041765,0.001478849623216706,经济,外部经济联系,经常账户余额占GDP百分比,"Current account balance, percent of GDP (Percent of GDP)(IMF)",正向,世界银行WDI数据库,0.1663209112542276,0.0415802278135569,Economic,External economic linkages,Current account balance (% of GDP),Positive
UGA,Uganda,乌干达,800,0.612185988190289,0.5712461097573199,E,-5.232145995,-8.894443379,-0.04093987843296909,-0.04093987843296909,-3.6622973840000004,Deteriorated,Observed both endpoints,Decreased,Positive indicator: raw increase is improvement,-0.0017022894719021797,-0.006809157887608719,经济,外部经济联系,经常账户余额占GDP百分比,"Current account balance, percent of GDP (Percent of GDP)(IMF)",正向,世界银行WDI数据库,0.1663209112542276,0.0415802278135569,Economic,External economic linkages,Current account balance (% of GDP),Positive
ZAF,South Africa,南非,710,0.6735030335026735,0.7128456398558496,S,0.253001085,3.772413693,0.0393426063531761,0.0393426063531761,3.5194126079999997,Improved,Observed both endpoints,Increased,Positive indicator: raw increase is improvement,0.0016358745349441533,0.006543498139776613,经济,外部经济联系,经常账户余额占GDP百分比,"Current account balance, percent of GDP (Percent of GDP)(IMF)",正向,世界银行WDI数据库,0.1663209112542276,0.0415802278135569,Economic,External economic linkages,Current account balance (% of GDP),Positive
ZMB,Zambia,赞比亚,894,0.4694486573916238,0.8037057598018958,S,-18.0007856,11.90035135,0.33425710241027207,0.33425710241027207,29.90113695,Improved,Observed both endpoints,Increased,Positive indicator: raw increase is improvement,0.013898486466518532,0.05559394586607413,经济,外部经济联系,经常账户余额占GDP百分比,"Current account balance, percent of GDP (Percent of GDP)(IMF)",正向,世界银行WDI数据库,0.1663209112542276,0.0415802278135569,Economic,External economic linkages,Current account balance (% of GDP),Positive
ZWE,Zimbabwe,津巴布韦,716,0.3509199422261477,0.6801028207228943,S,-28.603831336692565,0.843388365,0.3291828784967466,0.3291828784967466,29.447219701692564,Improved,Observed both endpoints,Increased,Positive indicator: raw increase is improvement,0.013687499080217144,0.05474999632086858,经济,外部经济联系,经常账户余额占GDP百分比,"Current account balance, percent of GDP (Percent of GDP)(IMF)",正向,世界银行WDI数据库,0.1663209112542276,0.0415802278135569,Economic,External economic linkages,Current account balance (% of GDP),Positive
AGO,Angola,安哥拉,24,0.2560191887939461,0.2123992246788382,S,1.80684185,1.51676536,-0.04361996411510788,-0.04361996411510788,-0.29007649000000013,Deteriorated,Observed both endpoints,Decreased,Positive indicator: raw increase is improvement,-0.0011622545775148397,-0.004649018310059362,社会,教科医卫,国内政府卫生支出（占GDP百分比）,Domestic general government health expenditure (% of GDP),正向,世界银行WDI数据库,0.1065800581080525,0.0266450145270131,Social,"Health, science and education",Domestic general government health expenditure (% of GDP),Positive
BDI,Burundi,布隆迪,108,0.2388164339806351,0.3188208461945966,E,1.69244206,2.22447824,0.08000441221396151,0.08000441221396151,0.5320361799999997,Improved,Observed both endpoints,Increased,Positive indicator: raw increase is improvement,0.002131718725666149,0.008526874902664603,社会,教科医卫,国内政府卫生支出（占GDP百分比）,Domestic general government health expenditure (% of GDP),正向,世界银行WDI数据库,0.1065800581080525,0.0266450145270131,Social,"Health, science and education",Domestic general government health expenditure (% of GDP),Positive
BEN,Benin,贝宁,204,0.1648608733372251,0.03450313092817568,W,1.20063126,0.33374113,-0.1303577424090494,-0.1303577424090494,-0.86689013,Deteriorated,Observed both endpoints,Decreased,Positive indicator: raw increase is improvement,-0.003473383940197753,-0.013893535760791026,社会,教科医卫,国内政府卫生支出（占GDP百分比）,Domestic general government health expenditure (% of GDP),正向,世界银行WDI数据库,0.1065800581080525,0.0266450145270131,Social,"Health, science and education",Domestic general government health expenditure (% of GDP),Positive
BFA,Burkina Faso,布基纳法索,854,0.1304235896829404,0.3949258032695243,W,0.97162038,2.73058271,0.2645022135865839,0.2645022135865839,1.7589623300000001,Improved,Observed both endpoints,Increased,Positive indicator: raw increase is improvement,0.007047665323441649,0.028190661293766624,社会,教科医卫,国内政府卫生支出（占GDP百分比）,Domestic general government health expenditure (% of GDP),正向,世界银行WDI数据库,0.1065800581080525,0.0266450145270131,Social,"Health, science and education",Domestic general government health expenditure (% of GDP),Positive
BWA,Botswana,博茨瓦纳,72,0.5114252320858889,0.7103680297354613,S,3.50531387,4.82830048,0.19894279764957246,0.19894279764957246,1.32298661,Improved,Observed both endpoints,Increased,Positive indicator: raw increase is improvement,0.005300833733417486,0.02120333493366996,社会,教科医卫,国内政府卫生支出（占GDP百分比）,Domestic general government health expenditure (% of GDP),正向,世界银行WDI数据库,0.1065800581080525,0.0266450145270131,Social,"Health, science and education",Domestic general government health expenditure (% of GDP),Positive
CAF,Central African Republic,中非,140,0.2124043148389726,0.1743825434255922,C,1.51679921,1.26395118,-0.038021771413380395,-0.038021771413380395,-0.25284803,Deteriorated,Observed both endpoints,Decreased,Positive indicator: raw increase is improvement,-0.0010130906516522922,-0.004052362606609172,社会,教科医卫,国内政府卫生支出（占GDP百分比）,Domestic general government health expenditure (% of GDP),正向,世界银行WDI数据库,0.1065800581080525,0.0266450145270131,Social,"Health, science and education",Domestic general government health expenditure (% of GDP),Positive
CIV,Côte d'Ivoire,科特迪瓦,384,0.06097530192950241,0.2234285235082422,W,0.50978333,1.59011114,0.1624532215787398,0.1624532215787398,1.08032781,Improved,Observed both endpoints,Increased,Positive indicator: raw increase is improvement,0.0043285684489255995,0.017314273795702415,社会,教科医卫,国内政府卫生支出（占GDP百分比）,Domestic general government health expenditure (% of GDP),正向,世界银行WDI数据库,0.1065800581080525,0.0266450145270131,Social,"Health, science and education",Domestic general government health expenditure (% of GDP),Positive
CMR,Cameroon,喀麦隆,120,0.1016513459914202,0.05782325071707198,C,0.7802825,0.48882192,-0.04382809527434822,-0.04382809527434822,-0.29146057999999997,Deteriorated,Observed both endpoints,Decreased,Positive indicator: raw increase is improvement,-0.0011678002352763226,-0.004671200941105295,社会,教科医卫,国内政府卫生支出（占GDP百分比）,Domestic general government health expenditure (% of GDP),正向,世界银行WDI数据库,0.1065800581080525,0.0266450145270131,Social,"Health, science and education",Domestic general government health expenditure (% of GDP),Positive
COD,"Congo, Dem. Rep.",刚果（金）,180,0.0003188650741975108,0.08180628378930249,C,0.10641284,0.64831114,0.08148741871510498,0.08148741871510498,0.5418983,Improved,Observed both endpoints,Increased,Positive indicator: raw increase is improvement,0.0021712334554327716,0.008684933821731093,社会,教科医卫,国内政府卫生支出（占GDP百分比）,Domestic general government health expenditure (% of GDP),正向,世界银行WDI数据库,0.1065800581080525,0.0266450145270131,Social,"Health, science and education",Domestic general government health expenditure (% of GDP),Positive
COG,"Congo, Rep.",刚果（布）,178,0.1294457360869894,0.2429913051283064,C,0.96511757,1.72020531,0.11354556904131702,0.11354556904131702,0.7550877400000001,Improved,Observed both endpoints,Increased,Positive indicator: raw increase is improvement,0.0030254233365838612,0.012101693346335455,社会,教科医卫,国内政府卫生支出（占GDP百分比）,Domestic general government health expenditure (% of GDP),正向,世界银行WDI数据库,0.1065800581080525,0.0266450145270131,Social,"Health, science and education",Domestic general government health expenditure (% of GDP),Positive
COM,Comoros,科摩罗,174,0.0646667988394038,0.1264463881748479,E,0.5343321,0.94517165,0.06177958933544411,0.06177958933544411,0.41083955000000005,Improved,Observed both endpoints,Increased,Positive indicator: raw increase is improvement,0.001646118055315812,0.006584472221263254,社会,教科医卫,国内政府卫生支出（占GDP百分比）,Domestic general government health expenditure (% of GDP),正向,世界银行WDI数据库,0.1065800581080525,0.0266450145270131,Social,"Health, science and education",Domestic general government health expenditure (% of GDP),Positive
CPV,Cape Verde,佛得角,132,0.3901626569768544,0.6737864849219953,W,2.69890738,4.58503008,0.2836238279451409,0.2836238279451409,1.8861227,Improved,Observed both endpoints,Increased,Positive indicator: raw increase is improvement,0.007557161015805344,0.030228644063221403,社会,教科医卫,国内政府卫生支出（占GDP百分比）,Domestic general government health expenditure (% of GDP),正向,世界银行WDI数据库,0.1065800581080525,0.0266450145270131,Social,"Health, science and education",Domestic general government health expenditure (% of GDP),Positive
DJI,Djibouti,吉布提,262,0.1724127837827432,0.09960150166370493,E,1.25085211,0.76665086,-0.07281128211903826,-0.07281128211903826,-0.48420125,Deteriorated,Observed both endpoints,Decreased,Positive indicator: raw increase is improvement,-0.0019400576697922237,-0.007760230679168902,社会,教科医卫,国内政府卫生支出（占GDP百分比）,Domestic general government health expenditure (% of GDP),正向,世界银行WDI数据库,0.1065800581080525,0.0266450145270131,Social,"Health, science and education",Domestic general government health expenditure (% of GDP),Positive
ERI,Eritrea,厄立特里亚,232,0.2537800551700578,0.1177133365209014,E,1.79195142,0.88709611,-0.13606671864915643,-0.13606671864915643,-0.90485531,Deteriorated,Observed both endpoints,Decreased,Positive indicator: raw increase is improvement,-0.0036254996950497776,-0.014501998780199123,社会,教科医卫,国内政府卫生支出（占GDP百分比）,Domestic general government health expenditure (% of GDP),正向,世界银行WDI数据库,0.1065800581080525,0.0266450145270131,Social,"Health, science and education",Domestic general government health expenditure (% of GDP),Positive
ETH,Ethiopia,埃塞俄比亚,231,0.2873864968725184,0.1315726982204145,E,2.01543713,0.97926205,-0.15581379865210387,-0.15581379865210387,-1.03617508,Deteriorated,Observed both endpoints,Decreased,Positive indicator: raw increase is improvement,-0.0041516609285944025,-0.016606643714377624,社会,教科医卫,国内政府卫生支出（占GDP百分比）,Domestic general government health expenditure (% of GDP),正向,世界银行WDI数据库,0.1065800581080525,0.0266450145270131,Social,"Health, science and education",Domestic general government health expenditure (% of GDP),Positive
GAB,Gabon,加蓬,266,0.1742397091713775,0.2331739456076886,C,1.26300132,1.65491903,0.0589342364363111,0.0589342364363111,0.39191771,Improved,Observed both endpoints,Increased,Positive indicator: raw increase is improvement,0.001570303585983934,0.006281214343935742,社会,教科医卫,国内政府卫生支出（占GDP百分比）,Domestic general government health expenditure (% of GDP),正向,世界银行WDI数据库,0.1065800581080525,0.0266450145270131,Social,"Health, science and education",Domestic general government health expenditure (% of GDP),Positive
GHA,Ghana,加纳,288,0.1108217469108382,0.3000072820116592,W,0.84126645,2.09936643,0.18918553510082103,0.18918553510082103,1.25809998,Improved,Observed both endpoints,Increased,Positive indicator: raw increase is improvement,0.005040851331062124,0.020163405324248512,社会,教科医卫,国内政府卫生支出（占GDP百分比）,Domestic general government health expenditure (% of GDP),正向,世界银行WDI数据库,0.1065800581080525,0.0266450145270131,Social,"Health, science and education",Domestic general government health expenditure (% of GDP),Positive
GIN,Guinea,几内亚,324,0.04011652944948311,0.08673608959384382,W,0.37107071,0.68109477,0.046619560144360715,0.046619560144360715,0.31002405999999993,Improved,Observed both endpoints,Increased,Positive indicator: raw increase is improvement,0.0012421788572894524,0.004968715429157814,社会,教科医卫,国内政府卫生支出（占GDP百分比）,Domestic general government health expenditure (% of GDP),正向,世界银行WDI数据库,0.1065800581080525,0.0266450145270131,Social,"Health, science and education",Domestic general government health expenditure (% of GDP),Positive
GMB,"Gambia, The",冈比亚,270,0.07613516721291827,0.1777639571033003,W,0.61059773,1.28643787,0.10162878989038204,0.10162878989038204,0.6758401400000001,Improved,Observed both endpoints,Increased,Positive indicator: raw increase is improvement,0.0027079005829919916,0.010831602331967977,社会,教科医卫,国内政府卫生支出（占GDP百分比）,Domestic general government health expenditure (% of GDP),正向,世界银行WDI数据库,0.1065800581080525,0.0266450145270131,Social,"Health, science and education",Domestic general government health expenditure (% of GDP),Positive
GNB,Guinea-Bissau,几内亚（比绍）,624,0.05669883058405439,0.1555332338374694,W,0.48134443,1.13860166,0.098834403253415,0.098834403253415,0.6572572299999999,Improved,Observed both endpoints,Increased,Positive indicator: raw increase is improvement,0.0026334441104559135,0.010533776441823664,社会,教科医卫,国内政府卫生支出（占GDP百分比）,Domestic general government health expenditure (% of GDP),正向,世界银行WDI数据库,0.1065800581080525,0.0266450145270131,Social,"Health, science and education",Domestic general government health expenditure (% of GDP),Positive
GNQ,Equatorial Guinea,赤道几内亚,226,0.04323439914640014,0.1563458369259939,C,0.39180481,1.14400554,0.11311143777959376,0.11311143777959376,0.75220073,Improved,Observed both endpoints,Increased,Positive indicator: raw increase is improvement,0.003013855902808614,0.012055423611234468,社会,教科医卫,国内政府卫生支出（占GDP百分比）,Domestic general government health expenditure (% of GDP),正向,世界银行WDI数据库,0.1065800581080525,0.0266450145270131,Social,"Health, science and education",Domestic general government health expenditure (% of GDP),Positive
KEN,Kenya,肯尼亚,404,0.1435741680120479,0.3195320069780517,E,1.05907285,2.22920752,0.17595783896600378,0.17595783896600378,1.1701346700000002,Improved,Observed both endpoints,Increased,Positive indicator: raw increase is improvement,0.004688399175391003,0.018753596701564026,社会,教科医卫,国内政府卫生支出（占GDP百分比）,Domestic general government health expenditure (% of GDP),正向,世界银行WDI数据库,0.1065800581080525,0.0266450145270131,Social,"Health, science and education",Domestic general government health expenditure (% of GDP),Positive
LBR,Liberia,利比里亚,430,0.06429576601472495,0.1513638663784514,W,0.5318647,1.11087501,0.08706810036372645,0.08706810036372645,0.57901031,Improved,Observed both endpoints,Increased,Positive indicator: raw increase is improvement,0.002319930799030926,0.009279723196123711,社会,教科医卫,国内政府卫生支出（占GDP百分比）,Domestic general government health expenditure (% of GDP),正向,世界银行WDI数据库,0.1065800581080525,0.0266450145270131,Social,"Health, science and education",Domestic general government health expenditure (% of GDP),Positive
LSO,Lesotho,莱索托,426,0.5266095045743683,0.6436006428597064,S,3.60629058,4.38429165,0.11699113828533814,0.11699113828533814,0.7780010699999997,Improved,Observed both endpoints,Increased,Positive indicator: raw increase is improvement,0.003117230579144633,0.012468922316578545,社会,教科医卫,国内政府卫生支出（占GDP百分比）,Domestic general government health expenditure (% of GDP),正向,世界银行WDI数据库,0.1065800581080525,0.0266450145270131,Social,"Health, science and education",Domestic general government health expenditure (% of GDP),Positive
MDG,Madagascar,马达加斯加,450,0.2599399774933419,0.09670665316019364,E,1.83291543,0.74739987,-0.16323332433314827,-0.16323332433314827,-1.08551556,Deteriorated,Observed both endpoints,Decreased,Positive indicator: raw increase is improvement,-0.004349354298149377,-0.017397417192597523,社会,教科医卫,国内政府卫生支出（占GDP百分比）,Domestic general government health expenditure (% of GDP),正向,世界银行WDI数据库,0.1065800581080525,0.0266450145270131,Social,"Health, science and education",Domestic general government health expenditure (% of GDP),Positive
MLI,Mali,马里,466,0.1428195747041736,0.1881313742150575,W,1.05405474,1.35538208,0.04531179951088388,0.04531179951088388,0.30132734000000005,Improved,Observed both endpoints,Increased,Positive indicator: raw increase is improvement,0.001207333556212606,0.0048293342248504284,社会,教科医卫,国内政府卫生支出（占GDP百分比）,Domestic general government health expenditure (% of GDP),正向,世界银行WDI数据库,0.1065800581080525,0.0266450145270131,Social,"Health, science and education",Domestic general government health expenditure (% of GDP),Positive
MOZ,Mozambique,莫桑比克,508,0.1815824238096861,0.3278810304856412,S,1.311831,2.28472924,0.14629860667595512,0.14629860667595512,0.9728982399999999,Improved,Observed both endpoints,Increased,Positive indicator: raw increase is improvement,0.0038981285001626,0.015592514000650416,社会,教科医卫,国内政府卫生支出（占GDP百分比）,Domestic general government health expenditure (% of GDP),正向,世界银行WDI数据库,0.1065800581080525,0.0266450145270131,Social,"Health, science and education",Domestic general government health expenditure (% of GDP),Positive
MUS,Mauritius,毛里求斯,480,0.2205989433386952,0.4892325489325891,S,1.57129419,3.35773063,0.26863360559389393,0.26863360559389393,1.78643644,Improved,Observed both endpoints,Increased,Positive indicator: raw increase is improvement,0.007157746323493212,0.02863098529397287,社会,教科医卫,国内政府卫生支出（占GDP百分比）,Domestic general government health expenditure (% of GDP),正向,世界银行WDI数据库,0.1065800581080525,0.0266450145270131,Social,"Health, science and education",Domestic general government health expenditure (% of GDP),Positive
MWI,Malawi,马拉维,454,0.1101189589520885,0.18904669327649,S,0.83659285,1.36146903,0.07892773432440152,0.07892773432440152,0.52487618,Improved,Observed both endpoints,Increased,Positive indicator: raw increase is improvement,0.0021030306276579092,0.008412122510631644,社会,教科医卫,国内政府卫生支出（占GDP百分比）,Domestic general government health expenditure (% of GDP),正向,世界银行WDI数据库,0.1065800581080525,0.0266450145270131,Social,"Health, science and education",Domestic general government health expenditure (% of GDP),Positive
NAM,Namibia,纳米比亚,516,0.8462465883972365,0.9645832853264317,S,5.73190451,6.51885366,0.11833669692919513,0.11833669692919513,0.7869491500000008,Improved,Observed both endpoints,Increased,Positive indicator: raw increase is improvement,0.003153083008757151,0.012612332035028616,社会,教科医卫,国内政府卫生支出（占GDP百分比）,Domestic general government health expenditure (% of GDP),正向,世界银行WDI数据库,0.1065800581080525,0.0266450145270131,Social,"Health, science and education",Domestic general government health expenditure (% of GDP),Positive
NER,Niger,尼日尔,562,0.1566118049357766,0.3034282756317291,W,1.14577425,2.12211633,0.1468164706959525,0.1468164706959525,0.9763420799999998,Improved,Observed both endpoints,Increased,Positive indicator: raw increase is improvement,0.003911926994498448,0.015647707977993804,社会,教科医卫,国内政府卫生支出（占GDP百分比）,Domestic general government health expenditure (% of GDP),正向,世界银行WDI数据库,0.1065800581080525,0.0266450145270131,Social,"Health, science and education",Domestic general government health expenditure (% of GDP),Positive
NGA,Nigeria,尼日利亚,566,0.1132918580168386,0.06567370018227195,W,0.8576929,0.54102808,-0.047618157834566646,-0.047618157834566646,-0.31666481999999996,Deteriorated,Observed both endpoints,Decreased,Positive indicator: raw increase is improvement,-0.001268786507251631,-0.005075146029006529,社会,教科医卫,国内政府卫生支出（占GDP百分比）,Domestic general government health expenditure (% of GDP),正向,世界银行WDI数据库,0.1065800581080525,0.0266450145270131,Social,"Health, science and education",Domestic general government health expenditure (% of GDP),Positive
RWA,Rwanda,卢旺达,646,0.0892848132231828,0.3807209001469858,E,0.698044,2.63611889,0.29143608692380296,0.29143608692380296,1.9380748900000002,Improved,Observed both endpoints,Increased,Positive indicator: raw increase is improvement,0.007765318769780583,0.03106127507912236,社会,教科医卫,国内政府卫生支出（占GDP百分比）,Domestic general government health expenditure (% of GDP),正向,世界银行WDI数据库,0.1065800581080525,0.0266450145270131,Social,"Health, science and education",Domestic general government health expenditure (% of GDP),Positive
SEN,Senegal,塞内加尔,686,0.1972115462191021,0.1649039494752479,W,1.415766,1.20091772,-0.03230759674385422,-0.03230759674385422,-0.21484828,Deteriorated,Observed both endpoints,Decreased,Positive indicator: raw increase is improvement,-0.0008608363845728769,-0.0034433455382915108,社会,教科医卫,国内政府卫生支出（占GDP百分比）,Domestic general government health expenditure (% of GDP),正向,世界银行WDI数据库,0.1065800581080525,0.0266450145270131,Social,"Health, science and education",Domestic general government health expenditure (% of GDP),Positive
SLE,Sierra Leone,塞拉利昂,694,0.08265310598684214,0.1569464818368019,W,0.65394258,1.14799988,0.07429337584995976,0.07429337584995976,0.4940572999999999,Improved,Observed both endpoints,Increased,Positive indicator: raw increase is improvement,0.001979548078783022,0.007918192315132097,社会,教科医卫,国内政府卫生支出（占GDP百分比）,Domestic general government health expenditure (% of GDP),正向,世界银行WDI数据库,0.1065800581080525,0.0266450145270131,Social,"Health, science and education",Domestic general government health expenditure (% of GDP),Positive
STP,São Tomé and Principe,圣多美和普林西比,678,0.5418634002280523,0.4909472035839154,C,3.70773029,3.36913323,-0.050916196644136935,-0.050916196644136935,-0.3385970600000001,Deteriorated,Observed both endpoints,Decreased,Positive indicator: raw increase is improvement,-0.0013566627992432844,-0.005426651196973142,社会,教科医卫,国内政府卫生支出（占GDP百分比）,Domestic general government health expenditure (% of GDP),正向,世界银行WDI数据库,0.1065800581080525,0.0266450145270131,Social,"Health, science and education",Domestic general government health expenditure (% of GDP),Positive
SWZ,Swaziland,斯威士兰,748,0.3428566800918775,0.5331896651048762,S,2.38431859,3.65004921,0.19033298501299872,0.19033298501299872,1.2657306200000003,Improved,Observed both endpoints,Increased,Positive indicator: raw increase is improvement,0.005071425150641118,0.02028570060256449,社会,教科医卫,国内政府卫生支出（占GDP百分比）,Domestic general government health expenditure (% of GDP),正向,世界银行WDI数据库,0.1065800581080525,0.0266450145270131,Social,"Health, science and education",Domestic general government health expenditure (% of GDP),Positive
SYC,Seychelles,塞舌尔,690,0.5495088658619769,0.5439284022556654,E,3.75857329,3.72146273,-0.005580463606311481,-0.005580463606311481,-0.03711056000000035,Deteriorated,Observed both endpoints,Decreased,Positive indicator: raw increase is improvement,-0.00014869153385763733,-0.0005947661354305498,社会,教科医卫,国内政府卫生支出（占GDP百分比）,Domestic general government health expenditure (% of GDP),正向,世界银行WDI数据库,0.1065800581080525,0.0266450145270131,Social,"Health, science and education",Domestic general government health expenditure (% of GDP),Positive
TCD,Chad,乍得,148,0.1982548200267645,0.09506396149361979,C,1.42270386,0.73647583,-0.10319085853314472,-0.10319085853314472,-0.6862280299999999,Deteriorated,Observed both endpoints,Decreased,Positive indicator: raw increase is improvement,-0.002749521924670595,-0.01099808769868239,社会,教科医卫,国内政府卫生支出（占GDP百分比）,Domestic general government health expenditure (% of GDP),正向,世界银行WDI数据库,0.1065800581080525,0.0266450145270131,Social,"Health, science and education",Domestic general government health expenditure (% of GDP),Positive
TGO,Togo,多哥,768,0.03319362896369867,0.06821642839995493,W,0.32503283,0.55793744,0.035022799436256254,0.035022799436256254,0.23290461,Improved,Observed both endpoints,Increased,Positive indicator: raw increase is improvement,0.0009331829997557142,0.00373273199902286,社会,教科医卫,国内政府卫生支出（占GDP百分比）,Domestic general government health expenditure (% of GDP),正向,世界银行WDI数据库,0.1065800581080525,0.0266450145270131,Social,"Health, science and education",Domestic general government health expenditure (% of GDP),Positive
TZA,Tanzania,坦桑尼亚,834,0.1480869085009115,0.1264173404279308,E,1.08908296,0.94497848,-0.021669568072980705,-0.021669568072980705,-0.1441044800000001,Deteriorated,Observed both endpoints,Decreased,Positive indicator: raw increase is improvement,-0.0005773859560986702,-0.002309543824394683,社会,教科医卫,国内政府卫生支出（占GDP百分比）,Domestic general government health expenditure (% of GDP),正向,世界银行WDI数据库,0.1065800581080525,0.0266450145270131,Social,"Health, science and education",Domestic general government health expenditure (% of GDP),Positive
UGA,Uganda,乌干达,800,0.1873372355508429,0.1568367930211929,E,1.35010099,1.14727044,-0.03050044252964998,-0.03050044252964998,-0.20283055000000005,Deteriorated,Observed both endpoints,Decreased,Positive indicator: raw increase is improvement,-0.0008126847342828519,-0.0032507389371314106,社会,教科医卫,国内政府卫生支出（占GDP百分比）,Domestic general government health expenditure (% of GDP),正向,世界银行WDI数据库,0.1065800581080525,0.0266450145270131,Social,"Health, science and education",Domestic general government health expenditure (% of GDP),Positive
ZAF,South Africa,南非,710,0.3456519133345035,0.8106166268407123,S,2.40290713,5.49496222,0.4649647135062088,0.4649647135062088,3.0920550899999997,Improved,Observed both endpoints,Increased,Positive indicator: raw increase is improvement,0.01238899154592142,0.04955596618368572,社会,教科医卫,国内政府卫生支出（占GDP百分比）,Domestic general government health expenditure (% of GDP),正向,世界银行WDI数据库,0.1065800581080525,0.0266450145270131,Social,"Health, science and education",Domestic general government health expenditure (% of GDP),Positive
ZMB,Zambia,赞比亚,894,0.2737915062108344,0.4088332440502704,S,1.92502928,2.82306838,0.13504173783943596,0.13504173783943596,0.8980391000000001,Improved,Observed both endpoints,Increased,Positive indicator: raw increase is improvement,0.003598189066484866,0.014392756265939477,社会,教科医卫,国内政府卫生支出（占GDP百分比）,Domestic general government health expenditure (% of GDP),正向,世界银行WDI数据库,0.1065800581080525,0.0266450145270131,Social,"Health, science and education",Domestic general government health expenditure (% of GDP),Positive
ZWE,Zimbabwe,津巴布韦,716,0.6153098543935246,0.1166178167682741,S,4.196155488403292,0.87981081,-0.4986920376252505,-0.4986920376252505,-3.316344678403292,Deteriorated,Observed both endpoints,Decreased,Positive indicator: raw increase is improvement,-0.013287656587030563,-0.0531506263481223,社会,教科医卫,国内政府卫生支出（占GDP百分比）,Domestic general government health expenditure (% of GDP),正向,世界银行WDI数据库,0.1065800581080525,0.0266450145270131,Social,"Health, science and education",Domestic general government health expenditure (% of GDP),Positive
AGO,Angola,安哥拉,24,0.9661376887165951,0.956280286021291,S,6.764591993720694,8.63258460841613,-0.009857402695304107,-0.009857402695304107,1.867992614695435,Deteriorated,Observed both endpoints,Increased,Negative indicator: raw decrease is improvement,-0.00030337600535276647,-0.001213504021411068,资源,能源生产和消费,人均能源消耗,Energy consumption per capita (million Btu per person),负向,美国能源信息署,0.123105858502581,0.0307764646256452,Resource,Energy production and consumption,Energy consumption per capita,Negative
BDI,Burundi,布隆迪,108,0.9986433762216032,0.996926338127739,E,0.604715394190188,0.9300966916405692,-0.0017170380938641427,-0.0017170380938641427,0.32538129745038114,Deteriorated,Observed both endpoints,Increased,Negative indicator: raw decrease is improvement,-5.284436215669505e-05,-0.00021137744862678056,资源,能源生产和消费,人均能源消耗,Energy consumption per capita (million Btu per person),负向,美国能源信息署,0.123105858502581,0.0307764646256452,Resource,Energy production and consumption,Energy consumption per capita,Negative
BEN,Benin,贝宁,204,0.9828624972059273,0.9687432621541792,W,3.595215667525641,6.270831914225081,-0.014119235051748169,-0.014119235051748169,2.6756162466994398,Deteriorated,Observed both endpoints,Increased,Negative indicator: raw decrease is improvement,-0.00043454013811129727,-0.0017381605524451921,资源,能源生产和消费,人均能源消耗,Energy consumption per capita (million Btu per person),负向,美国能源信息署,0.123105858502581,0.0307764646256452,Resource,Energy production and consumption,Energy consumption per capita,Negative
BFA,Burkina Faso,布基纳法索,854,0.9950597492439744,0.9830462237371785,W,1.283818088373793,3.5603992139313982,-0.012013525506795908,-0.012013525506795908,2.2765811255576054,Deteriorated,Observed both endpoints,Increased,Negative indicator: raw decrease is improvement,-0.00036973384278919056,-0.0014789353711567648,资源,能源生产和消费,人均能源消耗,Energy consumption per capita (million Btu per person),负向,美国能源信息署,0.123105858502581,0.0307764646256452,Resource,Energy production and consumption,Energy consumption per capita,Negative
BWA,Botswana,博茨瓦纳,72,0.8438421492083794,0.8278965128179052,S,29.939780395059813,32.961502438353634,-0.015945636390474194,-0.015945636390474194,3.0217220432938205,Deteriorated,Observed both endpoints,Increased,Negative indicator: raw decrease is improvement,-0.0004907503143048299,-0.0019630012572193225,资源,能源生产和消费,人均能源消耗,Energy consumption per capita (million Btu per person),负向,美国能源信息署,0.123105858502581,0.0307764646256452,Resource,Energy production and consumption,Energy consumption per capita,Negative
CAF,Central African Republic,中非,140,0.9957746342559033,0.9956497000408497,C,1.14834630499259,1.172021526372565,-0.0001249342150535515,-0.0001249342150535515,0.02367522137997513,Deteriorated,Observed both endpoints,Increased,Negative indicator: raw decrease is improvement,-3.845033450128378e-06,-1.5380133800513538e-05,资源,能源生产和消费,人均能源消耗,Energy consumption per capita (million Btu per person),负向,美国能源信息署,0.123105858502581,0.0307764646256452,Resource,Energy production and consumption,Energy consumption per capita,Negative
CIV,Côte d'Ivoire,科特迪瓦,384,0.9693433488590079,0.9615198503699812,W,6.157114582444487,7.639679295514852,-0.007823498489026637,-0.007823498489026637,1.4825647130703645,Deteriorated,Observed both endpoints,Increased,Negative indicator: raw decrease is improvement,-0.00024077962449631696,-0.0009631184979852695,资源,能源生产和消费,人均能源消耗,Energy consumption per capita (million Btu per person),负向,美国能源信息署,0.123105858502581,0.0307764646256452,Resource,Energy production and consumption,Energy consumption per capita,Negative
CMR,Cameroon,喀麦隆,120,0.9821621150143298,0.9778307590830115,C,3.727939144673597,4.54873759852739,-0.0043313559313182814,-0.0043313559313182814,0.8207984538537931,Deteriorated,Observed both endpoints,Increased,Negative indicator: raw decrease is improvement,-0.0001333038226012956,-0.0005332152904051833,资源,能源生产和消费,人均能源消耗,Energy consumption per capita (million Btu per person),负向,美国能源信息署,0.123105858502581,0.0307764646256452,Resource,Energy production and consumption,Energy consumption per capita,Negative
COD,"Congo, Dem. Rep.",刚果（金）,180,0.9987326168211734,0.9962514932476487,C,0.587804166549307,1.057980809905745,-0.0024811235735247017,-0.0024811235735247017,0.47017664335643805,Deteriorated,Observed both endpoints,Increased,Negative indicator: raw decrease is improvement,-7.636021189243739e-05,-0.00030544084756975004,资源,能源生产和消费,人均能源消耗,Energy consumption per capita (million Btu per person),负向,美国能源信息署,0.123105858502581,0.0307764646256452,Resource,Energy production and consumption,Energy consumption per capita,Negative
COG,"Congo, Rep.",刚果（布）,178,0.9792869246452574,0.9351767016211995,C,4.272792037599377,12.631745545784788,-0.04411022302405787,-0.04411022302405787,8.358953508185412,Deteriorated,Observed both endpoints,Increased,Negative indicator: raw decrease is improvement,-0.0013575567185292374,-0.005430226874116959,资源,能源生产和消费,人均能源消耗,Energy consumption per capita (million Btu per person),负向,美国能源信息署,0.123105858502581,0.0307764646256452,Resource,Energy production and consumption,Energy consumption per capita,Negative
COM,Comoros,科摩罗,174,0.9869124248469603,0.9664247875069517,E,2.8277482973324353,6.7101863417806,-0.02048763734000858,-0.02048763734000858,3.8824380444481643,Deteriorated,Observed both endpoints,Increased,Negative indicator: raw decrease is improvement,-0.0006305370458578218,-0.002522148183431291,资源,能源生产和消费,人均能源消耗,Energy consumption per capita (million Btu per person),负向,美国能源信息署,0.123105858502581,0.0307764646256452,Resource,Energy production and consumption,Energy consumption per capita,Negative
CPV,Cape Verde,佛得角,132,0.9428145814219862,0.8977247784827626,W,11.184355852899698,19.728941226150862,-0.0450898029392236,-0.0450898029392236,8.544585373251165,Deteriorated,Observed both endpoints,Increased,Negative indicator: raw decrease is improvement,-0.001387704725136328,-0.005550818900545321,资源,能源生产和消费,人均能源消耗,Energy consumption per capita (million Btu per person),负向,美国能源信息署,0.123105858502581,0.0307764646256452,Resource,Energy production and consumption,Energy consumption per capita,Negative
DJI,Djibouti,吉布提,262,0.9196475788848404,0.944262966799021,E,15.5745376260999,10.909884648753517,0.02461538791418061,0.02461538791418061,-4.664652977346384,Improved,Observed both endpoints,Decreased,Negative indicator: raw decrease is improvement,0.0007575746153873138,0.0030302984615492605,资源,能源生产和消费,人均能源消耗,Energy consumption per capita (million Btu per person),负向,美国能源信息署,0.123105858502581,0.0307764646256452,Resource,Energy production and consumption,Energy consumption per capita,Negative
ERI,Eritrea,厄立特里亚,232,0.9796753447416527,0.9875311855496636,E,4.199185845999694,2.710492214909833,0.007855840808010828,0.007855840808010828,-1.4886936310898613,Improved,Observed both endpoints,Decreased,Negative indicator: raw decrease is improvement,0.00024177500673244523,0.0009671000269297825,资源,能源生产和消费,人均能源消耗,Energy consumption per capita (million Btu per person),负向,美国能源信息署,0.123105858502581,0.0307764646256452,Resource,Energy production and consumption,Energy consumption per capita,Negative
ETH,Ethiopia,埃塞俄比亚,231,0.9974235381679226,0.9903737216843721,E,0.835876537326326,2.171827348436432,-0.0070498164835505195,-0.0070498164835505195,1.3359508111101062,Deteriorated,Observed both endpoints,Increased,Negative indicator: raw decrease is improvement,-0.000216968427623283,-0.0008678737104931334,资源,能源生产和消费,人均能源消耗,Energy consumption per capita (million Btu per person),负向,美国能源信息署,0.123105858502581,0.0307764646256452,Resource,Energy production and consumption,Energy consumption per capita,Negative
GAB,Gabon,加蓬,266,0.8557841411333764,0.883629703090129,C,27.67675499068287,22.399979181164884,0.027845561956752585,0.027845561956752585,-5.276775809517986,Improved,Observed both endpoints,Decreased,Negative indicator: raw decrease is improvement,0.0008569879525432076,0.003427951810172836,资源,能源生产和消费,人均能源消耗,Energy consumption per capita (million Btu per person),负向,美国能源信息署,0.123105858502581,0.0307764646256452,Resource,Energy production and consumption,Energy consumption per capita,Negative
GHA,Ghana,加纳,288,0.9763023623007281,0.9447565441556208,W,4.838371084130036,10.81635099841897,-0.03154581814510726,-0.03154581814510726,5.977979914288935,Deteriorated,Observed both endpoints,Increased,Negative indicator: raw decrease is improvement,-0.0009708687562299301,-0.003883475024919727,资源,能源生产和消费,人均能源消耗,Energy consumption per capita (million Btu per person),负向,美国能源信息署,0.123105858502581,0.0307764646256452,Resource,Energy production and consumption,Energy consumption per capita,Negative
GIN,Guinea,几内亚,324,0.9861964842495454,0.9742943973349173,W,2.9634201157485363,5.21888346073088,-0.01190208691462813,-0.01190208691462813,2.255463344982344,Deteriorated,Observed both endpoints,Increased,Negative indicator: raw decrease is improvement,-0.0003663041568994072,-0.0014652166275976315,资源,能源生产和消费,人均能源消耗,Energy consumption per capita (million Btu per person),负向,美国能源信息署,0.123105858502581,0.0307764646256452,Resource,Energy production and consumption,Energy consumption per capita,Negative
GMB,"Gambia, The",冈比亚,270,0.9852302685758733,0.987572156612407,W,3.14651943698073,2.702728136989235,0.00234188803653379,0.00234188803653379,-0.4437912999914948,Improved,Observed both endpoints,Decreased,Negative indicator: raw decrease is improvement,7.207503431360388e-05,0.000288300137254416,资源,能源生产和消费,人均能源消耗,Energy consumption per capita (million Btu per person),负向,美国能源信息署,0.123105858502581,0.0307764646256452,Resource,Energy production and consumption,Energy consumption per capita,Negative
GNB,Guinea-Bissau,几内亚（比绍）,624,0.9873423929784774,0.9885426236536214,W,2.746268690679971,2.518823175223042,0.0012002306751440761,0.0012002306751440761,-0.22744551545692904,Improved,Observed both endpoints,Decreased,Negative indicator: raw decrease is improvement,3.6938856916185916e-05,0.0001477554276647439,资源,能源生产和消费,人均能源消耗,Energy consumption per capita (million Btu per person),负向,美国能源信息署,0.123105858502581,0.0307764646256452,Resource,Energy production and consumption,Energy consumption per capita,Negative
GNQ,Equatorial Guinea,赤道几内亚,226,0.9580495255754886,0.6434059690620422,C,8.29731105583593,67.92273754963415,-0.31464355651344644,-0.31464355651344644,59.625426493798216,Deteriorated,Observed both endpoints,Increased,Negative indicator: raw decrease is improvement,-0.00968361628672328,-0.03873446514689319,资源,能源生产和消费,人均能源消耗,Energy consumption per capita (million Btu per person),负向,美国能源信息署,0.123105858502581,0.0307764646256452,Resource,Energy production and consumption,Energy consumption per capita,Negative
KEN,Kenya,肯尼亚,404,0.9791374284662208,0.9723969905186117,E,4.301121788041516,5.578444901963253,-0.006740437947609035,-0.006740437947609035,1.277323113921737,Deteriorated,Observed both endpoints,Increased,Negative indicator: raw decrease is improvement,-0.00020744685005594598,-0.0008297874002237853,资源,能源生产和消费,人均能源消耗,Energy consumption per capita (million Btu per person),负向,美国能源信息署,0.123105858502581,0.0307764646256452,Resource,Energy production and consumption,Energy consumption per capita,Negative
LBR,Liberia,利比里亚,430,0.9897913723479994,0.9926778970432876,W,2.28218342225648,1.735182657490842,0.002886524695288162,0.002886524695288162,-0.5470007647656379,Improved,Observed both endpoints,Decreased,Negative indicator: raw decrease is improvement,8.88370251755874e-05,0.00035534810070235017,资源,能源生产和消费,人均能源消耗,Energy consumption per capita (million Btu per person),负向,美国能源信息署,0.123105858502581,0.0307764646256452,Resource,Energy production and consumption,Energy consumption per capita,Negative
LSO,Lesotho,莱索托,426,0.984523992657137,0.970217753722895,S,3.280359784272738,5.991413547548836,-0.014306238934241988,-0.014306238934241988,2.711053763276098,Deteriorated,Observed both endpoints,Increased,Negative indicator: raw decrease is improvement,-0.0004402954564857266,-0.0017611818259429095,资源,能源生产和消费,人均能源消耗,Energy consumption per capita (million Btu per person),负向,美国能源信息署,0.123105858502581,0.0307764646256452,Resource,Energy production and consumption,Energy consumption per capita,Negative
MDG,Madagascar,马达加斯加,450,0.9929953656684366,0.9923396707938024,E,1.675021876247879,1.799277039719485,-0.0006556948746342384,-0.0006556948746342384,0.12425516347160603,Deteriorated,Observed both endpoints,Increased,Negative indicator: raw decrease is improvement,-2.01799701143975e-05,-8.071988045759013e-05,资源,能源生产和消费,人均能源消耗,Energy consumption per capita (million Btu per person),负向,美国能源信息署,0.123105858502581,0.0307764646256452,Resource,Energy production and consumption,Energy consumption per capita,Negative
MLI,Mali,马里,466,0.9955799995634445,0.9768576237726784,W,1.185229871517661,4.733148201298816,-0.018722375790766077,-0.018722375790766077,3.5479183297811545,Deteriorated,Observed both endpoints,Increased,Negative indicator: raw decrease is improvement,-0.0005762085362325482,-0.0023048341449301967,资源,能源生产和消费,人均能源消耗,Energy consumption per capita (million Btu per person),负向,美国能源信息署,0.123105858502581,0.0307764646256452,Resource,Energy production and consumption,Energy consumption per capita,Negative
MOZ,Mozambique,莫桑比克,508,0.9885347844187501,0.9720237167958933,S,2.520308722004196,5.649180833004216,-0.016511067622856812,-0.016511067622856812,3.12887211100002,Deteriorated,Observed both endpoints,Increased,Negative indicator: raw decrease is improvement,-0.0005081522886264885,-0.0020326091545059574,资源,能源生产和消费,人均能源消耗,Energy consumption per capita (million Btu per person),负向,美国能源信息署,0.123105858502581,0.0307764646256452,Resource,Energy production and consumption,Energy consumption per capita,Negative
MUS,Mauritius,毛里求斯,480,0.7617633282375669,0.6980738449719845,S,45.493840235734346,57.56309296399635,-0.06368948326558233,-0.06368948326558233,12.069252728262,Deteriorated,Observed both endpoints,Increased,Negative indicator: raw decrease is improvement,-0.001960137128748816,-0.007840548514995278,资源,能源生产和消费,人均能源消耗,Energy consumption per capita (million Btu per person),负向,美国能源信息署,0.123105858502581,0.0307764646256452,Resource,Energy production and consumption,Energy consumption per capita,Negative
MWI,Malawi,马拉维,454,0.9946009837204576,0.9947834384860317,S,1.370754844058398,1.336179391969915,0.00018245476557410267,0.00018245476557410267,-0.034575452088483116,Improved,Observed both endpoints,Decreased,Negative indicator: raw decrease is improvement,5.615312638471758e-06,2.246125055388707e-05,资源,能源生产和消费,人均能源消耗,Energy consumption per capita (million Btu per person),负向,美国能源信息署,0.123105858502581,0.0307764646256452,Resource,Energy production and consumption,Energy consumption per capita,Negative
NAM,Namibia,纳米比亚,516,0.8856574999013641,0.8794179435812881,S,22.015708640072493,23.198113933348235,-0.006239556320076001,-0.006239556320076001,1.1824052932757425,Deteriorated,Observed both endpoints,Increased,Negative indicator: raw decrease is improvement,-0.00019203148436453996,-0.0007681259374581612,资源,能源生产和消费,人均能源消耗,Energy consumption per capita (million Btu per person),负向,美国能源信息署,0.123105858502581,0.0307764646256452,Resource,Energy production and consumption,Energy consumption per capita,Negative
NER,Niger,尼日尔,562,0.9969276596518012,0.9935662551830753,W,0.9298462608461172,1.566837455856887,-0.0033614044687259037,-0.0033614044687259037,0.6369911950107697,Deteriorated,Observed both endpoints,Increased,Negative indicator: raw decrease is improvement,-0.00010345214572422847,-0.0004138085828969146,资源,能源生产和消费,人均能源消耗,Energy consumption per capita (million Btu per person),负向,美国能源信息署,0.123105858502581,0.0307764646256452,Resource,Energy production and consumption,Energy consumption per capita,Negative
NGA,Nigeria,尼日利亚,566,0.9679676029672402,0.9588249849157963,W,6.417820495041915,8.150360346255887,-0.009142618051443896,-0.009142618051443896,1.7325398512139722,Deteriorated,Observed both endpoints,Increased,Negative indicator: raw decrease is improvement,-0.0002813774610460483,-0.001125509844184195,资源,能源生产和消费,人均能源消耗,Energy consumption per capita (million Btu per person),负向,美国能源信息署,0.123105858502581,0.0307764646256452,Resource,Energy production and consumption,Energy consumption per capita,Negative
RWA,Rwanda,卢旺达,646,0.9960186200722236,0.9930451468599615,E,1.102110626379821,1.665588265692092,-0.0029734732122621566,-0.0029734732122621566,0.5634776393122709,Deteriorated,Observed both endpoints,Increased,Negative indicator: raw decrease is improvement,-9.151299313248986e-05,-0.00036605197252996004,资源,能源生产和消费,人均能源消耗,Energy consumption per capita (million Btu per person),负向,美国能源信息署,0.123105858502581,0.0307764646256452,Resource,Energy production and consumption,Energy consumption per capita,Negative
SEN,Senegal,塞内加尔,686,0.9635926417681736,0.9552542463391974,W,7.246882212620775,8.827020669088403,-0.008338395428976186,-0.008338395428976186,1.5801384564676288,Deteriorated,Observed both endpoints,Increased,Negative indicator: raw decrease is improvement,-0.0002566263319545272,-0.0010265053278181106,资源,能源生产和消费,人均能源消耗,Energy consumption per capita (million Btu per person),负向,美国能源信息署,0.123105858502581,0.0307764646256452,Resource,Energy production and consumption,Energy consumption per capita,Negative
SLE,Sierra Leone,塞拉利昂,694,0.9929181051716707,0.9874385159982737,W,1.6896628564155411,2.728053234070175,-0.00547958917339697,-0.00547958917339697,1.0383903776546337,Deteriorated,Observed both endpoints,Increased,Negative indicator: raw decrease is improvement,-0.00016864238235812028,-0.0006745695294324822,资源,能源生产和消费,人均能源消耗,Energy consumption per capita (million Btu per person),负向,美国能源信息署,0.123105858502581,0.0307764646256452,Resource,Energy production and consumption,Energy consumption per capita,Negative
STP,São Tomé and Principe,圣多美和普林西比,678,0.9692597501884109,0.9483732395310364,C,6.172956656071822,10.130981793192351,-0.02088651065737457,-0.02088651065737457,3.9580251371205293,Deteriorated,Observed both endpoints,Increased,Negative indicator: raw decrease is improvement,-0.0006428129563998498,-0.0025712518255994036,资源,能源生产和消费,人均能源消耗,Energy consumption per capita (million Btu per person),负向,美国能源信息署,0.123105858502581,0.0307764646256452,Resource,Energy production and consumption,Energy consumption per capita,Negative
SWZ,Swaziland,斯威士兰,748,0.8835413725254997,0.9024536365790137,S,22.416717955817766,18.832815515070006,0.018912264053513983,0.018912264053513983,-3.58390244074776,Improved,Observed both endpoints,Decreased,Negative indicator: raw decrease is improvement,0.0005820526256338343,0.0023282105025353413,资源,能源生产和消费,人均能源消耗,Energy consumption per capita (million Btu per person),负向,美国能源信息署,0.123105858502581,0.0307764646256452,Resource,Energy production and consumption,Energy consumption per capita,Negative
SYC,Seychelles,塞舌尔,690,0.140833495289055,0.503130405044398,E,163.16097609743977,94.50516759807115,0.362296909755343,0.362296909755343,-68.65580849936862,Improved,Observed both endpoints,Decreased,Negative indicator: raw decrease is improvement,0.011150218027065886,0.04460087210826361,资源,能源生产和消费,人均能源消耗,Energy consumption per capita (million Btu per person),负向,美国能源信息署,0.123105858502581,0.0307764646256452,Resource,Energy production and consumption,Energy consumption per capita,Negative
TCD,Chad,乍得,148,0.9998084607616866,0.9935051928439165,C,0.383930124110019,1.578408860831463,-0.006303267917770139,-0.006303267917770139,1.194478736721444,Deteriorated,Observed both endpoints,Increased,Negative indicator: raw decrease is improvement,-0.00019399230209721696,-0.0007759692083888691,资源,能源生产和消费,人均能源消耗,Energy consumption per capita (million Btu per person),负向,美国能源信息署,0.123105858502581,0.0307764646256452,Resource,Energy production and consumption,Energy consumption per capita,Negative
TGO,Togo,多哥,768,0.9881419198871657,0.9783034340552568,W,2.5947571407468972,4.45916498141942,-0.009838485831908939,-0.009838485831908939,1.8644078406725226,Deteriorated,Observed both endpoints,Increased,Negative indicator: raw decrease is improvement,-0.0003027938111756569,-0.0012111752447026298,资源,能源生产和消费,人均能源消耗,Energy consumption per capita (million Btu per person),负向,美国能源信息署,0.123105858502581,0.0307764646256452,Resource,Energy production and consumption,Energy consumption per capita,Negative
TZA,Tanzania,坦桑尼亚,834,0.9941229298756633,0.9828296208656585,E,1.461346765592448,3.601445783380564,-0.011293309010004804,-0.011293309010004804,2.140099017788116,Deteriorated,Observed both endpoints,Increased,Negative indicator: raw decrease is improvement,-0.00034756812525289305,-0.0013902725010115746,资源,能源生产和消费,人均能源消耗,Energy consumption per capita (million Btu per person),负向,美国能源信息署,0.123105858502581,0.0307764646256452,Resource,Energy production and consumption,Energy consumption per capita,Negative
UGA,Uganda,乌干达,800,0.9964360039126211,0.9900209153547453,E,1.023015761793717,2.238684677748396,-0.006415088557875759,-0.006415088557875759,1.2156689159546792,Deteriorated,Observed both endpoints,Increased,Negative indicator: raw decrease is improvement,-0.00019743374607184455,-0.0007897349842873796,资源,能源生产和消费,人均能源消耗,Energy consumption per capita (million Btu per person),负向,美国能源信息署,0.123105858502581,0.0307764646256452,Resource,Energy production and consumption,Energy consumption per capita,Negative
ZAF,South Africa,南非,710,0.4958988867399388,0.5468344128231536,S,95.87555117712488,86.2231924889282,0.05093552608321478,0.05093552608321478,-9.65235868819667,Improved,Observed both endpoints,Decreased,Negative indicator: raw decrease is improvement,0.001567615416688688,0.006270461666754762,资源,能源生产和消费,人均能源消耗,Energy consumption per capita (million Btu per person),负向,美国能源信息署,0.123105858502581,0.0307764646256452,Resource,Energy production and consumption,Energy consumption per capita,Negative
ZMB,Zambia,赞比亚,894,0.9762878002258754,0.9639080856692835,S,4.84113061918408,7.187105119623984,-0.012379714556591814,-0.012379714556591814,2.3459745004399046,Deteriorated,Observed both endpoints,Increased,Negative indicator: raw decrease is improvement,-0.0003810038471265329,-0.0015240153885061343,资源,能源生产和消费,人均能源消耗,Energy consumption per capita (million Btu per person),负向,美国能源信息署,0.123105858502581,0.0307764646256452,Resource,Energy production and consumption,Energy consumption per capita,Negative
ZWE,Zimbabwe,津巴布韦,716,0.9282195953350831,0.9598083665475389,S,13.95012763524812,7.964008050189359,0.031588771212455735,0.031588771212455735,-5.98611958505876,Improved,Observed both endpoints,Decreased,Negative indicator: raw decrease is improvement,0.0009721906997877433,0.00388876279915098,资源,能源生产和消费,人均能源消耗,Energy consumption per capita (million Btu per person),负向,美国能源信息署,0.123105858502581,0.0307764646256452,Resource,Energy production and consumption,Energy consumption per capita,Negative
AGO,Angola,安哥拉,24,0.8833196384552177,0.9096138044371405,S,3.74,3.1,0.0262941659819228,0.0262941659819228,-0.6400000000000001,Improved,Observed both endpoints,Decreased,Negative indicator: raw decrease is improvement,0.0008733453160077266,0.003493381264030914,资源,资源利用效率,一次能源的能源强度,Energy intensity level of primary energy (MJ/$2021 PPP GDP),负向,世界银行WDI数据库,0.1328576561976755,0.0332144140494188,Resource,Resource-use efficiency,Energy intensity of primary energy,Negative
BDI,Burundi,布隆迪,108,0.5870994248151191,0.7296631059983565,E,10.95,7.48,0.14256368118323737,0.14256368118323737,-3.469999999999999,Improved,Observed both endpoints,Decreased,Negative indicator: raw decrease is improvement,0.0047351691352293815,0.01894067654091757,资源,资源利用效率,一次能源的能源强度,Energy intensity level of primary energy (MJ/$2021 PPP GDP),负向,世界银行WDI数据库,0.1328576561976755,0.0332144140494188,Resource,Resource-use efficiency,Energy intensity of primary energy,Negative
BEN,Benin,贝宁,204,0.8344289235825801,0.8401807723911257,W,4.93,4.79,0.005751848808545512,0.005751848808545512,-0.13999999999999968,Improved,Observed both endpoints,Decreased,Negative indicator: raw decrease is improvement,0.00019104428787668684,0.0007641771515067491,资源,资源利用效率,一次能源的能源强度,Energy intensity level of primary energy (MJ/$2021 PPP GDP),负向,世界银行WDI数据库,0.1328576561976755,0.0332144140494188,Resource,Resource-use efficiency,Energy intensity of primary energy,Negative
BFA,Burkina Faso,布基纳法索,854,0.8241577649958916,0.813886606409203,W,5.18,5.43,-0.010271158586688589,-0.010271158586688589,0.25,Deteriorated,Observed both endpoints,Increased,Negative indicator: raw decrease is improvement,-0.00034115051406551804,-0.0013646020562620752,资源,资源利用效率,一次能源的能源强度,Energy intensity level of primary energy (MJ/$2021 PPP GDP),负向,世界银行WDI数据库,0.1328576561976755,0.0332144140494188,Resource,Resource-use efficiency,Energy intensity of primary energy,Negative
BWA,Botswana,博茨瓦纳,72,0.88126540673788,0.9268693508627772,S,3.79,2.68,0.04560394412489721,0.04560394412489721,-1.1099999999999999,Improved,Observed both endpoints,Decreased,Negative indicator: raw decrease is improvement,0.0015147082824508958,0.006058833129803597,资源,资源利用效率,一次能源的能源强度,Energy intensity level of primary energy (MJ/$2021 PPP GDP),负向,世界银行WDI数据库,0.1328576561976755,0.0332144140494188,Resource,Resource-use efficiency,Energy intensity of primary energy,Negative
CAF,Central African Republic,中非,140,0.7497945768282661,0.691454396055875,C,6.99,8.41,-0.058340180772391115,-0.058340180772391115,1.42,Deteriorated,Observed both endpoints,Increased,Negative indicator: raw decrease is improvement,-0.0019377349198921399,-0.007750939679568578,资源,资源利用效率,一次能源的能源强度,Energy intensity level of primary energy (MJ/$2021 PPP GDP),负向,世界银行WDI数据库,0.1328576561976755,0.0332144140494188,Resource,Resource-use efficiency,Energy intensity of primary energy,Negative
CIV,Côte d'Ivoire,科特迪瓦,384,0.8734593262119966,0.9013968775677896,W,3.98,3.3,0.02793755135579301,0.02793755135579301,-0.6800000000000002,Improved,Observed both endpoints,Decreased,Negative indicator: raw decrease is improvement,0.0009279293982582107,0.003711717593032851,资源,资源利用效率,一次能源的能源强度,Energy intensity level of primary energy (MJ/$2021 PPP GDP),负向,世界银行WDI数据库,0.1328576561976755,0.0332144140494188,Resource,Resource-use efficiency,Energy intensity of primary energy,Negative
CMR,Cameroon,喀麦隆,120,0.8027937551355793,0.863188167625308,C,5.7,4.23,0.060394412489728766,0.060394412489728766,-1.4699999999999998,Improved,Observed both endpoints,Decreased,Negative indicator: raw decrease is improvement,0.0020059650227052415,0.008023860090820983,资源,资源利用效率,一次能源的能源强度,Energy intensity level of primary energy (MJ/$2021 PPP GDP),负向,世界银行WDI数据库,0.1328576561976755,0.0332144140494188,Resource,Resource-use efficiency,Energy intensity of primary energy,Negative
COD,"Congo, Dem. Rep.",刚果（金）,180,0.3126540673788003,0.5230073952341824,C,17.63,12.51,0.21035332785538208,0.21035332785538208,-5.119999999999999,Improved,Observed both endpoints,Decreased,Negative indicator: raw decrease is improvement,0.006986762528061801,0.02794705011224727,资源,资源利用效率,一次能源的能源强度,Energy intensity level of primary energy (MJ/$2021 PPP GDP),负向,世界银行WDI数据库,0.1328576561976755,0.0332144140494188,Resource,Resource-use efficiency,Energy intensity of primary energy,Negative
COG,"Congo, Rep.",刚果（布）,178,0.9482333607230895,0.7608874281018898,C,2.16,6.72,-0.1873459326211997,-0.1873459326211997,4.56,Deteriorated,Observed both endpoints,Increased,Negative indicator: raw decrease is improvement,-0.006222585376555043,-0.02489034150622023,资源,资源利用效率,一次能源的能源强度,Energy intensity level of primary energy (MJ/$2021 PPP GDP),负向,世界银行WDI数据库,0.1328576561976755,0.0332144140494188,Resource,Resource-use efficiency,Energy intensity of primary energy,Negative
COM,Comoros,科摩罗,174,0.9252259654889071,0.8615447822514379,E,2.72,4.27,-0.06368118323746919,-0.06368118323746919,1.5499999999999994,Deteriorated,Observed both endpoints,Increased,Negative indicator: raw decrease is improvement,-0.0021151331872062097,-0.008460532748824858,资源,资源利用效率,一次能源的能源强度,Energy intensity level of primary energy (MJ/$2021 PPP GDP),负向,世界银行WDI数据库,0.1328576561976755,0.0332144140494188,Resource,Resource-use efficiency,Energy intensity of primary energy,Negative
CPV,Cape Verde,佛得角,132,0.9067378800328676,0.9363188167625307,W,3.17,2.45,0.02958093672966311,0.02958093672966311,-0.7199999999999998,Improved,Observed both endpoints,Decreased,Negative indicator: raw decrease is improvement,0.000982513480508691,0.003930053922034773,资源,资源利用效率,一次能源的能源强度,Energy intensity level of primary energy (MJ/$2021 PPP GDP),负向,世界银行WDI数据库,0.1328576561976755,0.0332144140494188,Resource,Resource-use efficiency,Energy intensity of primary energy,Negative
DJI,Djibouti,吉布提,262,0.8841413311421528,0.9515201314708298,E,3.72,2.08,0.06737880032867705,0.06737880032867705,-1.6400000000000001,Improved,Observed both endpoints,Decreased,Negative indicator: raw decrease is improvement,0.002237947372269795,0.0089517894890792,资源,资源利用效率,一次能源的能源强度,Energy intensity level of primary energy (MJ/$2021 PPP GDP),负向,世界银行WDI数据库,0.1328576561976755,0.0332144140494188,Resource,Resource-use efficiency,Energy intensity of primary energy,Negative
ERI,Eritrea,厄立特里亚,232,0.7411668036154477,0.7752670501232539,E,7.2,6.37,0.03410024650780619,0.03410024650780619,-0.8300000000000001,Improved,Observed both endpoints,Decreased,Negative indicator: raw decrease is improvement,0.0011326197066975222,0.004530478826790099,资源,资源利用效率,一次能源的能源强度,Energy intensity level of primary energy (MJ/$2021 PPP GDP),负向,世界银行WDI数据库,0.1328576561976755,0.0332144140494188,Resource,Resource-use efficiency,Energy intensity of primary energy,Negative
ETH,Ethiopia,埃塞俄比亚,231,0.2070665571076417,0.758011503697617,E,20.2,6.79,0.5509449465899754,0.5509449465899754,-13.41,Improved,Observed both endpoints,Decreased,Negative indicator: raw decrease is improvement,0.01829931357447437,0.07319725429789764,资源,资源利用效率,一次能源的能源强度,Energy intensity level of primary energy (MJ/$2021 PPP GDP),负向,世界银行WDI数据库,0.1328576561976755,0.0332144140494188,Resource,Resource-use efficiency,Energy intensity of primary energy,Negative
GAB,Gabon,加蓬,266,0.9063270336894,0.7711585866885784,C,3.18,6.47,-0.13516844700082165,-0.13516844700082165,3.2899999999999996,Deteriorated,Observed both endpoints,Increased,Negative indicator: raw decrease is improvement,-0.004489540765102211,-0.017958163060408885,资源,资源利用效率,一次能源的能源强度,Energy intensity level of primary energy (MJ/$2021 PPP GDP),负向,世界银行WDI数据库,0.1328576561976755,0.0332144140494188,Resource,Resource-use efficiency,Energy intensity of primary energy,Negative
GHA,Ghana,加纳,288,0.8459326211996713,0.9186524239934264,W,4.65,2.88,0.07271980279375512,0.07271980279375512,-1.7700000000000005,Improved,Observed both endpoints,Decreased,Negative indicator: raw decrease is improvement,0.0024153456395838643,0.00966138255833548,资源,资源利用效率,一次能源的能源强度,Energy intensity level of primary energy (MJ/$2021 PPP GDP),负向,世界银行WDI数据库,0.1328576561976755,0.0332144140494188,Resource,Resource-use efficiency,Energy intensity of primary energy,Negative
GIN,Guinea,几内亚,324,0.6713229252259654,0.8262119967132292,W,8.9,5.13,0.15488907148726383,0.15488907148726383,-3.7700000000000005,Improved,Observed both endpoints,Decreased,Negative indicator: raw decrease is improvement,0.005144549752108009,0.020578199008432083,资源,资源利用效率,一次能源的能源强度,Energy intensity level of primary energy (MJ/$2021 PPP GDP),负向,世界银行WDI数据库,0.1328576561976755,0.0332144140494188,Resource,Resource-use efficiency,Energy intensity of primary energy,Negative
GMB,"Gambia, The",冈比亚,270,0.9096138044371405,0.9092029580936729,W,3.1,3.11,-0.00041084634346755244,-0.00041084634346755244,0.009999999999999787,Deteriorated,Observed both endpoints,Increased,Negative indicator: raw decrease is improvement,-1.3646020562621016e-05,-5.4584082250484186e-05,资源,资源利用效率,一次能源的能源强度,Energy intensity level of primary energy (MJ/$2021 PPP GDP),负向,世界银行WDI数据库,0.1328576561976755,0.0332144140494188,Resource,Resource-use efficiency,Energy intensity of primary energy,Negative
GNB,Guinea-Bissau,几内亚（比绍）,624,0.6101068200493015,0.743631881676253,W,10.39,7.14,0.13352506162695155,0.13352506162695155,-3.250000000000001,Improved,Observed both endpoints,Decreased,Negative indicator: raw decrease is improvement,0.00443495668285173,0.017739826731406963,资源,资源利用效率,一次能源的能源强度,Energy intensity level of primary energy (MJ/$2021 PPP GDP),负向,世界银行WDI数据库,0.1328576561976755,0.0332144140494188,Resource,Resource-use efficiency,Energy intensity of primary energy,Negative
GNQ,Equatorial Guinea,赤道几内亚,226,1.0,0.8241577649958916,C,0.9,5.18,-0.17584223500410845,-0.17584223500410845,4.279999999999999,Deteriorated,Observed both endpoints,Increased,Negative indicator: raw decrease is improvement,-0.005840496800801662,-0.023361987203206702,资源,资源利用效率,一次能源的能源强度,Energy intensity level of primary energy (MJ/$2021 PPP GDP),负向,世界银行WDI数据库,0.1328576561976755,0.0332144140494188,Resource,Resource-use efficiency,Energy intensity of primary energy,Negative
KEN,Kenya,肯尼亚,404,0.8081347576006572,0.8414133114215283,E,5.57,4.76,0.03327855382087108,0.03327855382087108,-0.8100000000000005,Improved,Observed both endpoints,Decreased,Negative indicator: raw decrease is improvement,0.0011053276655722801,0.004421310662289131,资源,资源利用效率,一次能源的能源强度,Energy intensity level of primary energy (MJ/$2021 PPP GDP),负向,世界银行WDI数据库,0.1328576561976755,0.0332144140494188,Resource,Resource-use efficiency,Energy intensity of primary energy,Negative
LBR,Liberia,利比里亚,430,0.5936729663105997,0.4613804437140508,W,10.79,14.01,-0.13229252259654894,-0.13229252259654894,3.2200000000000006,Deteriorated,Observed both endpoints,Increased,Negative indicator: raw decrease is improvement,-0.004394018621163869,-0.017576074484655518,资源,资源利用效率,一次能源的能源强度,Energy intensity level of primary energy (MJ/$2021 PPP GDP),负向,世界银行WDI数据库,0.1328576561976755,0.0332144140494188,Resource,Resource-use efficiency,Energy intensity of primary energy,Negative
LSO,Lesotho,莱索托,426,0.4930156121610517,0.608874281018899,S,13.24,10.42,0.11585866885784724,0.11585866885784724,-2.8200000000000003,Improved,Observed both endpoints,Decreased,Negative indicator: raw decrease is improvement,0.0038481777986590416,0.015392711194636201,资源,资源利用效率,一次能源的能源强度,Energy intensity level of primary energy (MJ/$2021 PPP GDP),负向,世界银行WDI数据库,0.1328576561976755,0.0332144140494188,Resource,Resource-use efficiency,Energy intensity of primary energy,Negative
MDG,Madagascar,马达加斯加,450,0.7419884963023828,0.652834839769926,E,7.18,9.35,-0.08915365653245688,-0.08915365653245688,2.17,Deteriorated,Observed both endpoints,Increased,Negative indicator: raw decrease is improvement,-0.002961186462088694,-0.011844745848354803,资源,资源利用效率,一次能源的能源强度,Energy intensity level of primary energy (MJ/$2021 PPP GDP),负向,世界银行WDI数据库,0.1328576561976755,0.0332144140494188,Resource,Resource-use efficiency,Energy intensity of primary energy,Negative
MLI,Mali,马里,466,0.85784716516023,0.7728019720624486,W,4.36,6.43,-0.08504519309778136,-0.08504519309778136,2.0699999999999994,Deteriorated,Observed both endpoints,Increased,Negative indicator: raw decrease is improvement,-0.0028247262564624837,-0.01129890502584996,资源,资源利用效率,一次能源的能源强度,Energy intensity level of primary energy (MJ/$2021 PPP GDP),负向,世界银行WDI数据库,0.1328576561976755,0.0332144140494188,Resource,Resource-use efficiency,Energy intensity of primary energy,Negative
MOZ,Mozambique,莫桑比克,508,0.0,0.5460147904683648,S,25.24,11.95,0.5460147904683648,0.5460147904683648,-13.29,Improved,Observed both endpoints,Decreased,Negative indicator: raw decrease is improvement,0.018135561327722916,0.07254224531089183,资源,资源利用效率,一次能源的能源强度,Energy intensity level of primary energy (MJ/$2021 PPP GDP),负向,世界银行WDI数据库,0.1328576561976755,0.0332144140494188,Resource,Resource-use efficiency,Energy intensity of primary energy,Negative
MUS,Mauritius,毛里求斯,480,0.9161873459326212,0.948644207066557,S,2.94,2.15,0.032456861133935866,0.032456861133935866,-0.79,Improved,Observed both endpoints,Decreased,Negative indicator: raw decrease is improvement,0.0010780356244470344,0.004312142497788147,资源,资源利用效率,一次能源的能源强度,Energy intensity level of primary energy (MJ/$2021 PPP GDP),负向,世界银行WDI数据库,0.1328576561976755,0.0332144140494188,Resource,Resource-use efficiency,Energy intensity of primary energy,Negative
MWI,Malawi,马拉维,454,0.8142974527526705,0.9120788824979458,S,5.42,3.04,0.09778142974527526,0.09778142974527526,-2.38,Improved,Observed both endpoints,Decreased,Negative indicator: raw decrease is improvement,0.003247752893903728,0.012991011575614941,资源,资源利用效率,一次能源的能源强度,Energy intensity level of primary energy (MJ/$2021 PPP GDP),负向,世界银行WDI数据库,0.1328576561976755,0.0332144140494188,Resource,Resource-use efficiency,Energy intensity of primary energy,Negative
NAM,Namibia,纳米比亚,516,0.876746096959737,0.8952341824157765,S,3.9,3.45,0.018488085456039416,0.018488085456039416,-0.44999999999999973,Improved,Observed both endpoints,Decreased,Negative indicator: raw decrease is improvement,0.000614070925317931,0.0024562837012717296,资源,资源利用效率,一次能源的能源强度,Energy intensity level of primary energy (MJ/$2021 PPP GDP),负向,世界银行WDI数据库,0.1328576561976755,0.0332144140494188,Resource,Resource-use efficiency,Energy intensity of primary energy,Negative
NER,Niger,尼日尔,562,0.8069022185702547,0.8237469186524239,W,5.6,5.19,0.016844700082169206,0.016844700082169206,-0.40999999999999925,Improved,Observed both endpoints,Decreased,Negative indicator: raw decrease is improvement,0.0005594868430674469,0.002237947372269793,资源,资源利用效率,一次能源的能源强度,Energy intensity level of primary energy (MJ/$2021 PPP GDP),负向,世界银行WDI数据库,0.1328576561976755,0.0332144140494188,Resource,Resource-use efficiency,Energy intensity of primary energy,Negative
NGA,Nigeria,尼日利亚,566,0.6035332785538208,0.767050123253903,W,10.55,6.57,0.1635168447000822,0.1635168447000822,-3.9800000000000004,Improved,Observed both endpoints,Decreased,Negative indicator: raw decrease is improvement,0.005431116183923042,0.02172446473569222,资源,资源利用效率,一次能源的能源强度,Energy intensity level of primary energy (MJ/$2021 PPP GDP),负向,世界银行WDI数据库,0.1328576561976755,0.0332144140494188,Resource,Resource-use efficiency,Energy intensity of primary energy,Negative
RWA,Rwanda,卢旺达,646,0.7415776499589153,0.8894823336072308,E,7.19,3.59,0.14790468364831555,0.14790468364831555,-3.6000000000000005,Improved,Observed both endpoints,Decreased,Negative indicator: raw decrease is improvement,0.004912567402543455,0.019650269610173864,资源,资源利用效率,一次能源的能源强度,Energy intensity level of primary energy (MJ/$2021 PPP GDP),负向,世界银行WDI数据库,0.1328576561976755,0.0332144140494188,Resource,Resource-use efficiency,Energy intensity of primary energy,Negative
SEN,Senegal,塞内加尔,686,0.8689400164338537,0.8898931799506984,W,4.09,3.58,0.02095316351684473,0.02095316351684473,-0.5099999999999998,Improved,Observed both endpoints,Decreased,Negative indicator: raw decrease is improvement,0.000695947048693657,0.0027837881947746345,资源,资源利用效率,一次能源的能源强度,Energy intensity level of primary energy (MJ/$2021 PPP GDP),负向,世界银行WDI数据库,0.1328576561976755,0.0332144140494188,Resource,Resource-use efficiency,Energy intensity of primary energy,Negative
SLE,Sierra Leone,塞拉利昂,694,0.5435497124075594,0.8114215283483976,W,12.01,5.49,0.2678718159408382,0.2678718159408382,-6.52,Improved,Observed both endpoints,Decreased,Negative indicator: raw decrease is improvement,0.008897205406828703,0.035588821627314894,资源,资源利用效率,一次能源的能源强度,Energy intensity level of primary energy (MJ/$2021 PPP GDP),负向,世界银行WDI数据库,0.1328576561976755,0.0332144140494188,Resource,Resource-use efficiency,Energy intensity of primary energy,Negative
STP,São Tomé and Principe,圣多美和普林西比,678,0.8455217748562037,0.8738701725554642,C,4.66,3.97,0.028348397699260452,0.028348397699260452,-0.69,Improved,Observed both endpoints,Decreased,Negative indicator: raw decrease is improvement,0.000941575418820828,0.0037663016752833207,资源,资源利用效率,一次能源的能源强度,Energy intensity level of primary energy (MJ/$2021 PPP GDP),负向,世界银行WDI数据库,0.1328576561976755,0.0332144140494188,Resource,Resource-use efficiency,Energy intensity of primary energy,Negative
SWZ,Swaziland,斯威士兰,748,0.7933442892358258,0.8763352506162695,S,5.93,3.91,0.0829909613804437,0.0829909613804437,-2.0199999999999996,Improved,Observed both endpoints,Decreased,Negative indicator: raw decrease is improvement,0.0027564961536493825,0.011025984614597556,资源,资源利用效率,一次能源的能源强度,Energy intensity level of primary energy (MJ/$2021 PPP GDP),负向,世界银行WDI数据库,0.1328576561976755,0.0332144140494188,Resource,Resource-use efficiency,Energy intensity of primary energy,Negative
SYC,Seychelles,塞舌尔,690,0.8985209531635168,0.919884963023829,E,3.37,2.85,0.021364009860312283,0.021364009860312283,-0.52,Improved,Observed both endpoints,Decreased,Negative indicator: raw decrease is improvement,0.000709593069256278,0.0028383722770251186,资源,资源利用效率,一次能源的能源强度,Energy intensity level of primary energy (MJ/$2021 PPP GDP),负向,世界银行WDI数据库,0.1328576561976755,0.0332144140494188,Resource,Resource-use efficiency,Energy intensity of primary energy,Negative
TCD,Chad,乍得,148,0.7534921939194741,0.8586688578471651,C,6.9,4.34,0.10517666392769098,0.10517666392769098,-2.5600000000000005,Improved,Observed both endpoints,Decreased,Negative indicator: raw decrease is improvement,0.003493381264030899,0.013973525056123627,资源,资源利用效率,一次能源的能源强度,Energy intensity level of primary energy (MJ/$2021 PPP GDP),负向,世界银行WDI数据库,0.1328576561976755,0.0332144140494188,Resource,Resource-use efficiency,Energy intensity of primary energy,Negative
TGO,Togo,多哥,768,0.6059983566146261,0.6836483155299917,W,10.49,8.6,0.07764995891536564,0.07764995891536564,-1.8900000000000006,Improved,Observed both endpoints,Decreased,Negative indicator: raw decrease is improvement,0.002579097886335313,0.010316391545341275,资源,资源利用效率,一次能源的能源强度,Energy intensity level of primary energy (MJ/$2021 PPP GDP),负向,世界银行WDI数据库,0.1328576561976755,0.0332144140494188,Resource,Resource-use efficiency,Energy intensity of primary energy,Negative
TZA,Tanzania,坦桑尼亚,834,0.5369761709120788,0.7748562037797864,E,12.17,6.38,0.23788003286770754,0.23788003286770754,-5.79,Improved,Observed both endpoints,Decreased,Negative indicator: raw decrease is improvement,0.007901045905757392,0.031604183623029636,资源,资源利用效率,一次能源的能源强度,Energy intensity level of primary energy (MJ/$2021 PPP GDP),负向,世界银行WDI数据库,0.1328576561976755,0.0332144140494188,Resource,Resource-use efficiency,Energy intensity of primary energy,Negative
UGA,Uganda,乌干达,800,0.4806902218570255,0.6179129005751849,E,13.54,10.2,0.1372226787181594,0.1372226787181594,-3.34,Improved,Observed both endpoints,Decreased,Negative indicator: raw decrease is improvement,0.004557770867915316,0.018231083471661306,资源,资源利用效率,一次能源的能源强度,Energy intensity level of primary energy (MJ/$2021 PPP GDP),负向,世界银行WDI数据库,0.1328576561976755,0.0332144140494188,Resource,Resource-use efficiency,Energy intensity of primary energy,Negative
ZAF,South Africa,南非,710,0.681594083812654,0.767050123253903,S,8.65,6.57,0.08545603944124902,0.08545603944124902,-2.08,Improved,Observed both endpoints,Decreased,Negative indicator: raw decrease is improvement,0.0028383722770251086,0.01135348910810046,资源,资源利用效率,一次能源的能源强度,Energy intensity level of primary energy (MJ/$2021 PPP GDP),负向,世界银行WDI数据库,0.1328576561976755,0.0332144140494188,Resource,Resource-use efficiency,Energy intensity of primary energy,Negative
ZMB,Zambia,赞比亚,894,0.5221857025472473,0.7156943303204601,S,12.53,7.82,0.19350862777321287,0.19350862777321287,-4.709999999999999,Improved,Observed both endpoints,Decreased,Negative indicator: raw decrease is improvement,0.006427275684994354,0.025709102739977476,资源,资源利用效率,一次能源的能源强度,Energy intensity level of primary energy (MJ/$2021 PPP GDP),负向,世界银行WDI数据库,0.1328576561976755,0.0332144140494188,Resource,Resource-use efficiency,Energy intensity of primary energy,Negative
ZWE,Zimbabwe,津巴布韦,716,0.5230073952341824,0.4301561216105176,S,12.51,14.77,-0.0928512736236648,-0.0928512736236648,2.26,Deteriorated,Observed both endpoints,Increased,Negative indicator: raw decrease is improvement,-0.0030840006471522814,-0.012336002588609153,资源,资源利用效率,一次能源的能源强度,Energy intensity level of primary energy (MJ/$2021 PPP GDP),负向,世界银行WDI数据库,0.1328576561976755,0.0332144140494188,Resource,Resource-use efficiency,Energy intensity of primary energy,Negative
AGO,Angola,安哥拉,24,0.6649365512223774,0.5688872274296194,S,61.88621882,52.98172239,-0.09604932379275799,-0.09604932379275799,-8.904496430000002,Deteriorated,Observed both endpoints,Decreased,Positive indicator: raw increase is improvement,-0.0030701028603585855,-0.012280411441434361,生态,生态环境,森林面积占比,Forest area (% of land area)_x,正向,世界银行WDI数据库,0.1278552618228874,0.0319638154557218,Ecological,Ecological conditions,Forest area (% of land area),Positive
BDI,Burundi,布隆迪,108,0.07885651145569561,0.1148538796475096,E,7.552180685,10.8894081,0.03599736819181398,0.03599736819181398,3.337227415000001,Improved,Observed both endpoints,Increased,Positive indicator: raw increase is improvement,0.0011506132337748122,0.004602452935099256,生态,生态环境,森林面积占比,Forest area (% of land area)_x,正向,世界银行WDI数据库,0.1278552618228874,0.0319638154557218,Ecological,Ecological conditions,Forest area (% of land area),Positive
BEN,Benin,贝宁,204,0.3881790917869439,0.2925192010478003,W,36.22871586,27.36032281,-0.09565989073914355,-0.09565989073914355,-8.868393050000002,Deteriorated,Observed both endpoints,Decreased,Positive indicator: raw increase is improvement,-0.0030576550941004955,-0.012230620376402,生态,生态环境,森林面积占比,Forest area (% of land area)_x,正向,世界银行WDI数据库,0.1278552618228874,0.0319638154557218,Ecological,Ecological conditions,Forest area (% of land area),Positive
BFA,Burkina Faso,布基纳法索,854,0.2799314991976971,0.2405028152953941,W,26.19334795,22.5380117,-0.039428683902303,-0.039428683902303,-3.6553362500000013,Deteriorated,Observed both endpoints,Decreased,Positive indicator: raw increase is improvement,-0.001260291175915202,-0.005041164703660816,生态,生态环境,森林面积占比,Forest area (% of land area)_x,正向,世界银行WDI数据库,0.1278552618228874,0.0319638154557218,Ecological,Ecological conditions,Forest area (% of land area),Positive
BWA,Botswana,博茨瓦纳,72,0.330518416845881,0.285486183591631,S,30.88313659,26.70830907,-0.04503223325424999,-0.04503223325424999,-4.174827520000001,Deteriorated,Observed both endpoints,Decreased,Positive indicator: raw increase is improvement,-0.001439401993297865,-0.005757607973191469,生态,生态环境,森林面积占比,Forest area (% of land area)_x,正向,世界银行WDI数据库,0.1278552618228874,0.0319638154557218,Ecological,Ecological conditions,Forest area (% of land area),Positive
CAF,Central African Republic,中非,140,0.3934294578880089,0.3830407366411226,C,36.71546438,35.7523516,-0.010388721246886334,-0.010388721246886334,-0.963112780000003,Deteriorated,Observed both endpoints,Decreased,Positive indicator: raw increase is improvement,-0.00033206316875641087,-0.0013282526750256454,生态,生态环境,森林面积占比,Forest area (% of land area)_x,正向,世界银行WDI数据库,0.1278552618228874,0.0319638154557218,Ecological,Ecological conditions,Forest area (% of land area),Positive
CIV,Côte d'Ivoire,科特迪瓦,384,0.1663694780798306,0.08978671295919957,W,15.66529245,8.565492767,-0.07658276512063103,-0.07658276512063103,-7.0997996830000005,Deteriorated,Observed both endpoints,Decreased,Positive indicator: raw increase is improvement,-0.0024478773714047383,-0.009791509485618969,生态,生态环境,森林面积占比,Forest area (% of land area)_x,正向,世界银行WDI数据库,0.1278552618228874,0.0319638154557218,Ecological,Ecological conditions,Forest area (% of land area),Positive
CMR,Cameroon,喀麦隆,120,0.4886294100885305,0.460258763442139,C,45.54121766,42.91104483,-0.028370646646391495,-0.028370646646391495,-2.6301728299999994,Deteriorated,Observed both endpoints,Decreased,Positive indicator: raw increase is improvement,-0.0009068341137647504,-0.0036273364550590066,生态,生态环境,森林面积占比,Forest area (% of land area)_x,正向,世界银行WDI数据库,0.1278552618228874,0.0319638154557218,Ecological,Ecological conditions,Forest area (% of land area),Positive
COD,"Congo, Dem. Rep.",刚果（金）,180,0.6788624733656552,0.5924002145487435,C,63.17725679,55.16155356,-0.08646225881691172,-0.08646225881691172,-8.01570323,Deteriorated,Observed both endpoints,Decreased,Positive indicator: raw increase is improvement,-0.0027636636847086214,-0.011054654738834503,生态,生态环境,森林面积占比,Forest area (% of land area)_x,正向,世界银行WDI数据库,0.1278552618228874,0.0319638154557218,Ecological,Ecological conditions,Forest area (% of land area),Positive
COG,"Congo, Rep.",刚果（布）,178,0.6980656955576287,0.6901060308089032,C,64.95754026,64.21961933,-0.007959664748725448,-0.007959664748725448,-0.7379209300000014,Deteriorated,Observed both endpoints,Decreased,Positive indicator: raw increase is improvement,-0.00025442125511767445,-0.0010176850204706993,生态,生态环境,森林面积占比,Forest area (% of land area)_x,正向,世界银行WDI数据库,0.1278552618228874,0.0319638154557218,Ecological,Ecological conditions,Forest area (% of land area),Positive
COM,Comoros,科摩罗,174,0.2364383340878737,0.1856525896754178,E,22.16120365,17.45298227,-0.0507857444124559,-0.0507857444124559,-4.708221380000001,Deteriorated,Observed both endpoints,Decreased,Positive indicator: raw increase is improvement,-0.0016233061621811948,-0.006493224648724789,生态,生态环境,森林面积占比,Forest area (% of land area)_x,正向,世界银行WDI数据库,0.1278552618228874,0.0319638154557218,Ecological,Ecological conditions,Forest area (% of land area),Positive
CPV,Cape Verde,佛得角,132,0.1045107401520783,0.1205702080691469,W,9.930521092,11.41935484,0.016059467917068596,0.016059467917068596,1.4888337480000011,Improved,Observed both endpoints,Increased,Positive indicator: raw increase is improvement,0.0005133218688182656,0.0020532874752730653,生态,生态环境,森林面积占比,Forest area (% of land area)_x,正向,世界银行WDI数据库,0.1278552618228874,0.0319638154557218,Ecological,Ecological conditions,Forest area (% of land area),Positive
DJI,Djibouti,吉布提,262,0.0,0.0001271777584550883,E,0.241587575,0.253377912,0.0001271777584550883,0.0001271777584550883,0.011790336999999984,Improved,Observed both endpoints,Increased,Positive indicator: raw increase is improvement,4.065086401330806e-06,1.6260345605323247e-05,生态,生态环境,森林面积占比,Forest area (% of land area)_x,正向,世界银行WDI数据库,0.1278552618228874,0.0319638154557218,Ecological,Ecological conditions,Forest area (% of land area),Positive
ERI,Eritrea,厄立特里亚,232,0.1165060231697833,0.09104617862162961,E,11.04257426,8.682254729,-0.025459844548153684,-0.025459844548153684,-2.360319531,Deteriorated,Observed both endpoints,Decreased,Positive indicator: raw increase is improvement,-0.0008137937726685492,-0.0032551750906742016,生态,生态环境,森林面积占比,Forest area (% of land area)_x,正向,世界银行WDI数据库,0.1278552618228874,0.0319638154557218,Ecological,Ecological conditions,Forest area (% of land area),Positive
ETH,Ethiopia,埃塞俄比亚,231,0.1964663567215067,0.1598423906754513,E,18.4555,15.06018224,-0.03662396604605539,-0.03662396604605539,-3.395317760000001,Deteriorated,Observed both endpoints,Decreased,Positive indicator: raw increase is improvement,-0.0011706416919527356,-0.00468256676781095,生态,生态环境,森林面积占比,Forest area (% of land area)_x,正向,世界银行WDI数据库,0.1278552618228874,0.0319638154557218,Ecological,Ecological conditions,Forest area (% of land area),Positive
GAB,Gabon,加蓬,266,0.9893142599744743,0.9819372775037105,C,91.9584779,91.27457601,-0.007376982470763793,-0.007376982470763793,-0.6839018900000013,Deteriorated,Observed both endpoints,Decreased,Positive indicator: raw increase is improvement,-0.00023579650631558853,-0.0009431860252623555,生态,生态环境,森林面积占比,Forest area (% of land area)_x,正向,世界银行WDI数据库,0.1278552618228874,0.0319638154557218,Ecological,Ecological conditions,Forest area (% of land area),Positive
GHA,Ghana,加纳,288,0.4125719791913425,0.3763134041412177,W,38.49012042,35.12867716,-0.03625857505012475,-0.03625857505012475,-3.3614432599999944,Deteriorated,Observed both endpoints,Decreased,Positive indicator: raw increase is improvement,-0.0011589624015896265,-0.004635849606358513,生态,生态环境,森林面积占比,Forest area (% of land area)_x,正向,世界银行WDI数据库,0.1278552618228874,0.0319638154557218,Ecological,Ecological conditions,Forest area (% of land area),Positive
GIN,Guinea,几内亚,324,0.299982798912392,0.2673227089871282,W,28.0522546,25.02441804,-0.03266008992526381,-0.03266008992526381,-3.027836560000001,Deteriorated,Observed both endpoints,Decreased,Positive indicator: raw increase is improvement,-0.0010439410871384113,-0.004175764348553651,生态,生态环境,森林面积占比,Forest area (% of land area)_x,正向,世界银行WDI数据库,0.1278552618228874,0.0319638154557218,Ecological,Ecological conditions,Forest area (% of land area),Positive
GMB,"Gambia, The",冈比亚,270,0.3721509530156146,0.2499342998280756,W,34.74278656,23.41238142,-0.12221665318753902,-0.12221665318753902,-11.33040514,Deteriorated,Observed both endpoints,Decreased,Positive indicator: raw increase is improvement,-0.003906510548102451,-0.015626042192409827,生态,生态环境,森林面积占比,Forest area (% of land area)_x,正向,世界银行WDI数据库,0.1278552618228874,0.0319638154557218,Ecological,Ecological conditions,Forest area (% of land area),Positive
GNB,Guinea-Bissau,几内亚（比绍）,624,0.8184480019179101,0.7536727254328809,W,76.11788762,70.11273115,-0.06477527648502923,-0.06477527648502923,-6.005156470000003,Deteriorated,Observed both endpoints,Decreased,Positive indicator: raw increase is improvement,-0.00207046498366083,-0.008281859934643334,生态,生态环境,森林面积占比,Forest area (% of land area)_x,正向,世界银行WDI数据库,0.1278552618228874,0.0319638154557218,Ecological,Ecological conditions,Forest area (% of land area),Positive
GNQ,Equatorial Guinea,赤道几内亚,226,1.0,0.935717576960335,C,92.94912656,86.98966132,-0.06428242303966503,-0.06428242303966503,-5.95946524,Deteriorated,Observed both endpoints,Decreased,Positive indicator: raw increase is improvement,-0.002054711507086492,-0.00821884602834598,生态,生态环境,森林面积占比,Forest area (% of land area)_x,正向,世界银行WDI数据库,0.1278552618228874,0.0319638154557218,Ecological,Ecological conditions,Forest area (% of land area),Positive
KEN,Kenya,肯尼亚,404,0.07181485139064281,0.06445039173099779,E,6.89936571,6.216624779,-0.007364459659645023,-0.007364459659645023,-0.6827409309999997,Deteriorated,Observed both endpoints,Decreased,Positive indicator: raw increase is improvement,-0.0002353962294920013,-0.0009415849179680066,生态,生态环境,森林面积占比,Forest area (% of land area)_x,正向,世界银行WDI数据库,0.1278552618228874,0.0319638154557218,Ecological,Ecological conditions,Forest area (% of land area),Positive
LBR,Liberia,利比里亚,430,0.9148359715246301,0.8470613044501798,W,85.05377907,78.77055648,-0.06777466707445035,-0.06777466707445035,-6.283222590000008,Deteriorated,Observed both endpoints,Decreased,Positive indicator: raw increase is improvement,-0.0021663369509407155,-0.008665347803762874,生态,生态环境,森林面积占比,Forest area (% of land area)_x,正向,世界银行WDI数据库,0.1278552618228874,0.0319638154557218,Ecological,Ecological conditions,Forest area (% of land area),Positive
LSO,Lesotho,莱索托,426,0.009658705568107903,0.009658705568107903,S,1.137022398,1.137022398,0.0,0.0,0.0,Unchanged,Observed both endpoints,Unchanged,Positive indicator: raw increase is improvement,0.0,0.0,生态,生态环境,森林面积占比,Forest area (% of land area)_x,正向,世界银行WDI数据库,0.1278552618228874,0.0319638154557218,Ecological,Ecological conditions,Forest area (% of land area),Positive
MDG,Madagascar,马达加斯加,450,0.2382222151164355,0.2275985876231056,E,22.32658287,21.34169251,-0.010623627493329874,-0.010623627493329874,-0.9848903599999979,Deteriorated,Observed both endpoints,Decreased,Positive indicator: raw increase is improvement,-0.00033957166866712844,-0.001358286674668516,生态,生态环境,森林面积占比,Forest area (% of land area)_x,正向,世界银行WDI数据库,0.1278552618228874,0.0319638154557218,Ecological,Ecological conditions,Forest area (% of land area),Positive
MLI,Mali,马里,466,0.1149321422147123,0.1149321422147123,W,10.89666363,10.89666363,0.0,0.0,0.0,Unchanged,Observed both endpoints,Unchanged,Positive indicator: raw increase is improvement,0.0,0.0,生态,生态环境,森林面积占比,Forest area (% of land area)_x,正向,世界银行WDI数据库,0.1278552618228874,0.0319638154557218,Ecological,Ecological conditions,Forest area (% of land area),Positive
MOZ,Mozambique,莫桑比克,508,0.559321784859264,0.4980240663326244,S,52.09493375,46.41217312,-0.061297718526639566,-0.061297718526639566,-5.682760630000004,Deteriorated,Observed both endpoints,Decreased,Positive indicator: raw increase is improvement,-0.0019593089628422863,-0.007837235851369157,生态,生态环境,森林面积占比,Forest area (% of land area)_x,正向,世界银行WDI数据库,0.1278552618228874,0.0319638154557218,Ecological,Ecological conditions,Forest area (% of land area),Positive
MUS,Mauritius,毛里求斯,480,0.2183123489911072,0.2070226851573025,S,20.48078818,19.43415123,-0.011289663833804725,-0.011289663833804725,-1.04663695,Deteriorated,Observed both endpoints,Decreased,Positive indicator: raw increase is improvement,-0.0003608607313408709,-0.0014434429253634858,生态,生态环境,森林面积占比,Forest area (% of land area)_x,正向,世界银行WDI数据库,0.1278552618228874,0.0319638154557218,Ecological,Ecological conditions,Forest area (% of land area),Positive
MWI,Malawi,马拉维,454,0.3451672778216829,0.2490625706150601,S,32.24119644,23.33156555,-0.09610470720662279,-0.09610470720662279,-8.909630890000003,Deteriorated,Observed both endpoints,Decreased,Positive indicator: raw increase is improvement,-0.003071873125578668,-0.012287492502314689,生态,生态环境,森林面积占比,Forest area (% of land area)_x,正向,世界银行WDI数据库,0.1278552618228874,0.0319638154557218,Ecological,Ecological conditions,Forest area (% of land area),Positive
NAM,Namibia,纳米比亚,516,0.102052520124936,0.08344549661976985,S,9.702625563,7.977614206,-0.018607023505166145,-0.018607023505166145,-1.7250113569999996,Deteriorated,Observed both endpoints,Decreased,Positive indicator: raw increase is improvement,-0.0005947514654994085,-0.0023790058619976373,生态,生态环境,森林面积占比,Forest area (% of land area)_x,正向,世界银行WDI数据库,0.1278552618228874,0.0319638154557218,Ecological,Ecological conditions,Forest area (% of land area),Positive
NER,Niger,尼日尔,562,0.00859778866666892,0.006482533487349266,W,1.038667403,0.842567301,-0.0021152551793196537,-0.0021152551793196537,-0.19610010200000005,Deteriorated,Observed both endpoints,Decreased,Positive indicator: raw increase is improvement,-6.761162619353313e-05,-0.00027044650477413295,生态,生态环境,森林面积占比,Forest area (% of land area)_x,正向,世界银行WDI数据库,0.1278552618228874,0.0319638154557218,Ecological,Ecological conditions,Forest area (% of land area),Positive
NGA,Nigeria,尼日利亚,566,0.2902781084433076,0.2515965840574621,W,27.15255663,23.5664877,-0.03868152438584549,-0.03868152438584549,-3.5860689299999997,Deteriorated,Observed both endpoints,Decreased,Positive indicator: raw increase is improvement,-0.0012364091070151677,-0.004945636428060679,生态,生态环境,森林面积占比,Forest area (% of land area)_x,正向,世界银行WDI数据库,0.1278552618228874,0.0319638154557218,Ecological,Ecological conditions,Forest area (% of land area),Positive
RWA,Rwanda,卢旺达,646,0.1219188691529044,0.1185084292527453,E,11.54438589,11.2282124,-0.0034104399001591013,-0.0034104399001591013,-0.31617348999999884,Deteriorated,Observed both endpoints,Decreased,Positive indicator: raw increase is improvement,-0.0001090106715915158,-0.00043604268636606385,生态,生态环境,森林面积占比,Forest area (% of land area)_x,正向,世界银行WDI数据库,0.1278552618228874,0.0319638154557218,Ecological,Ecological conditions,Forest area (% of land area),Positive
SEN,Senegal,塞内加尔,686,0.4912407278157671,0.4471765913418071,W,45.7833065,41.69822885,-0.044064136473960014,-0.044064136473960014,-4.085077650000002,Deteriorated,Observed both endpoints,Decreased,Positive indicator: raw increase is improvement,-0.0014084579264693978,-0.0056338317058776,生态,生态环境,森林面积占比,Forest area (% of land area)_x,正向,世界银行WDI数据库,0.1278552618228874,0.0319638154557218,Ecological,Ecological conditions,Forest area (% of land area),Positive
SLE,Sierra Leone,塞拉利昂,694,0.4322213179608113,0.3732591532884816,W,40.31176226,34.84552508,-0.05896216467232973,-0.05896216467232973,-5.46623718,Deteriorated,Observed both endpoints,Decreased,Positive indicator: raw increase is improvement,-0.001884655750456227,-0.007538623001824919,生态,生态环境,森林面积占比,Forest area (% of land area)_x,正向,世界银行WDI数据库,0.1278552618228874,0.0319638154557218,Ecological,Ecological conditions,Forest area (% of land area),Positive
STP,São Tomé and Principe,圣多美和普林西比,678,0.6528379074412984,0.5735788014349478,C,60.76458333,53.41666667,-0.07925910600635067,-0.07925910600635067,-7.347916660000003,Deteriorated,Observed both endpoints,Decreased,Positive indicator: raw increase is improvement,-0.002533423437572484,-0.010133693750289951,生态,生态环境,森林面积占比,Forest area (% of land area)_x,正向,世界银行WDI数据库,0.1278552618228874,0.0319638154557218,Ecological,Ecological conditions,Forest area (% of land area),Positive
SWZ,Swaziland,斯威士兰,748,0.2949634012981884,0.3101869443395839,S,27.5869186,28.99825581,0.015223543041395504,0.015223543041395504,1.4113372099999992,Improved,Observed both endpoints,Increased,Positive indicator: raw increase is improvement,0.0004866025203574037,0.0019464100814296176,生态,生态环境,森林面积占比,Forest area (% of land area)_x,正向,世界银行WDI数据库,0.1278552618228874,0.0319638154557218,Ecological,Ecological conditions,Forest area (% of land area),Positive
SYC,Seychelles,塞舌尔,690,0.7876304645171787,0.7876304645171787,E,73.26086957,73.26086957,0.0,0.0,0.0,Unchanged,Observed both endpoints,Unchanged,Positive indicator: raw increase is improvement,0.0,0.0,生态,生态环境,森林面积占比,Forest area (% of land area)_x,正向,世界银行WDI数据库,0.1278552618228874,0.0319638154557218,Ecological,Ecological conditions,Forest area (% of land area),Positive
TCD,Chad,乍得,148,0.05111040973449479,0.03338371815155999,C,4.979907878,3.336509927,-0.017726691582934793,-0.017726691582934793,-1.6433979509999999,Deteriorated,Observed both endpoints,Decreased,Positive indicator: raw increase is improvement,-0.0005666126983974247,-0.0022664507935897023,生态,生态环境,森林面积占比,Forest area (% of land area)_x,正向,世界银行WDI数据库,0.1278552618228874,0.0319638154557218,Ecological,Ecological conditions,Forest area (% of land area),Positive
TGO,Togo,多哥,768,0.2483686003004084,0.2366291441362653,W,23.26722927,22.17889318,-0.011739456164143097,-0.011739456164143097,-1.088336090000002,Deteriorated,Observed both endpoints,Decreased,Positive indicator: raw increase is improvement,-0.0003752378103812057,-0.001500951241524825,生态,生态环境,森林面积占比,Forest area (% of land area)_x,正向,世界银行WDI数据库,0.1278552618228874,0.0319638154557218,Ecological,Ecological conditions,Forest area (% of land area),Positive
TZA,Tanzania,坦桑尼亚,834,0.6464173552778298,0.548731322953476,E,60.16934974,51.11311809,-0.0976860323243538,-0.0976860323243538,-9.05623165,Deteriorated,Observed both endpoints,Decreased,Positive indicator: raw increase is improvement,-0.0031224183098173194,-0.012489673239269297,生态,生态环境,森林面积占比,Forest area (% of land area)_x,正向,世界银行WDI数据库,0.1278552618228874,0.0319638154557218,Ecological,Ecological conditions,Forest area (% of land area),Positive
UGA,Uganda,乌干达,800,0.1659168148934334,0.120937845052861,E,15.62332716,11.45343756,-0.04497896984057241,-0.04497896984057241,-4.169889600000001,Deteriorated,Observed both endpoints,Decreased,Positive indicator: raw increase is improvement,-0.0014376994913725331,-0.005750797965490141,生态,生态环境,森林面积占比,Forest area (% of land area)_x,正向,世界银行WDI数据库,0.1278552618228874,0.0319638154557218,Ecological,Ecological conditions,Forest area (% of land area),Positive
ZAF,South Africa,南非,710,0.1551504616828115,0.1486771979485957,S,14.62520505,14.0250847,-0.006473263734215778,-0.006473263734215778,-0.6001203499999992,Deteriorated,Observed both endpoints,Decreased,Positive indicator: raw increase is improvement,-0.0002069102073966897,-0.0008276408295867601,生态,生态环境,森林面积占比,Forest area (% of land area)_x,正向,世界银行WDI数据库,0.1278552618228874,0.0319638154557218,Ecological,Ecological conditions,Forest area (% of land area),Positive
ZMB,Zambia,赞比亚,894,0.6796294599643556,0.6449158633654781,S,63.24836223,60.03015012,-0.034713596598877516,-0.034713596598877516,-3.218212109999996,Deteriorated,Observed both endpoints,Decreased,Positive indicator: raw increase is improvement,-0.0011095789954908928,-0.004438315981963578,生态,生态环境,森林面积占比,Forest area (% of land area)_x,正向,世界银行WDI数据库,0.1278552618228874,0.0319638154557218,Ecological,Ecological conditions,Forest area (% of land area),Positive
ZWE,Zimbabwe,津巴布韦,716,0.5082114890637229,0.4825199244285601,S,47.35662401,44.97482228,-0.02569156463516281,-0.02569156463516281,-2.3818017299999994,Deteriorated,Observed both endpoints,Decreased,Positive indicator: raw increase is improvement,-0.0008212004307670927,-0.0032848017230683755,生态,生态环境,森林面积占比,Forest area (% of land area)_x,正向,世界银行WDI数据库,0.1278552618228874,0.0319638154557218,Ecological,Ecological conditions,Forest area (% of land area),Positive
AGO,Angola,安哥拉,24,0.4174287508974099,0.396736760357729,S,0.769184668,-1.094340856,-0.020691990539680905,-0.020691990539680905,-1.863525524,Deteriorated,Observed both endpoints,Decreased,Positive indicator: raw increase is improvement,-0.0004917394319234644,-0.001966957727693862,经济,发展质量,人均GDP增长率,GDP per capita growth (annual %)_x,正向,世界银行WDI数据库,0.0950588936294862,0.0237647234073715,Economic,Development quality,GDP per capita growth,Positive
BDI,Burundi,布隆迪,108,0.4036734628349072,0.414024496765835,E,-0.469619803,0.462596742,0.010351033930927844,0.010351033930927844,0.932216545,Improved,Observed both endpoints,Increased,Positive indicator: raw increase is improvement,0.00024598945834881756,0.0009839578333952724,经济,发展质量,人均GDP增长率,GDP per capita growth (annual %)_x,正向,世界银行WDI数据库,0.0950588936294862,0.0237647234073715,Economic,Development quality,GDP per capita growth,Positive
BEN,Benin,贝宁,204,0.4329221562605859,0.4578924438463388,W,2.164524391,4.413354351,0.024970287585752926,0.024970287585752926,2.2488299599999997,Improved,Observed both endpoints,Increased,Positive indicator: raw increase is improvement,0.0005934119778779405,0.002373647911511767,经济,发展质量,人均GDP增长率,GDP per capita growth (annual %)_x,正向,世界银行WDI数据库,0.0950588936294862,0.0237647234073715,Economic,Development quality,GDP per capita growth,Positive
BFA,Burkina Faso,布基纳法索,854,0.4467488281699423,0.4580884355408166,W,3.409757708,4.431005409,0.01133960737087425,0.01133960737087425,1.021247701,Improved,Observed both endpoints,Increased,Positive indicator: raw increase is improvement,0.00026948263271701765,0.001077930530868073,经济,发展质量,人均GDP增长率,GDP per capita growth (annual %)_x,正向,世界银行WDI数据库,0.0950588936294862,0.0237647234073715,Economic,Development quality,GDP per capita growth,Positive
BWA,Botswana,博茨瓦纳,72,0.3889996925333351,0.5228078072114568,S,-1.791143,10.25964721,0.1338081146781217,0.1338081146781217,12.05079021,Improved,Observed both endpoints,Increased,Positive indicator: raw increase is improvement,0.0031799128349874087,0.012719651339949662,经济,发展质量,人均GDP增长率,GDP per capita growth (annual %)_x,正向,世界银行WDI数据库,0.0950588936294862,0.0237647234073715,Economic,Development quality,GDP per capita growth,Positive
CAF,Central African Republic,中非,140,0.432990931053612,0.4010546716021504,C,2.170718265,-0.705468756,-0.03193625945146161,-0.03193625945146161,-2.8761870210000002,Deteriorated,Observed both endpoints,Decreased,Positive indicator: raw increase is improvement,-0.000758956372530039,-0.003035825490120163,经济,发展质量,人均GDP增长率,GDP per capita growth (annual %)_x,正向,世界银行WDI数据库,0.0950588936294862,0.0237647234073715,Economic,Development quality,GDP per capita growth,Positive
CIV,Côte d'Ivoire,科特迪瓦,384,0.3562890674004182,0.4582670557393666,W,-4.737069576,4.447091986,0.10197798833894839,0.10197798833894839,9.184161562,Improved,Observed both endpoints,Increased,Positive indicator: raw increase is improvement,0.0024234786865152645,0.009693914746061079,经济,发展质量,人均GDP增长率,GDP per capita growth (annual %)_x,正向,世界银行WDI数据库,0.0950588936294862,0.0237647234073715,Economic,Development quality,GDP per capita growth,Positive
CMR,Cameroon,喀麦隆,120,0.4268750888402637,0.41589830101029,C,1.61992408,0.631351992,-0.010976787829973689,-0.010976787829973689,-0.9885720880000001,Deteriorated,Observed both endpoints,Decreased,Positive indicator: raw increase is improvement,-0.0002608603266807263,-0.0010434413067229075,经济,发展质量,人均GDP增长率,GDP per capita growth (annual %)_x,正向,世界银行WDI数据库,0.0950588936294862,0.0237647234073715,Economic,Development quality,GDP per capita growth,Positive
COD,"Congo, Dem. Rep.",刚果（金）,180,0.3516802420684076,0.4426288338537116,C,-5.152141467,3.038710053,0.09094859178530401,0.09094859178530401,8.190851519999999,Improved,Observed both endpoints,Increased,Positive indicator: raw increase is improvement,0.0021613681280676896,0.008645472512270777,经济,发展质量,人均GDP增长率,GDP per capita growth (annual %)_x,正向,世界银行WDI数据库,0.0950588936294862,0.0237647234073715,Economic,Development quality,GDP per capita growth,Positive
COG,"Congo, Rep.",刚果（布）,178,0.4084268991713891,0.3936242541556744,C,-0.041524211,-1.374653895,-0.014802645015714655,-0.014802645015714655,-1.333129684,Deteriorated,Observed both endpoints,Decreased,Positive indicator: raw increase is improvement,-0.0003517807644959651,-0.0014071230579838635,经济,发展质量,人均GDP增长率,GDP per capita growth (annual %)_x,正向,世界银行WDI数据库,0.0950588936294862,0.0237647234073715,Economic,Development quality,GDP per capita growth,Positive
COM,Comoros,科摩罗,174,0.4452361573393137,0.4089338431757237,E,3.273526218,0.004131285,-0.03630231416359003,-0.03630231416359003,-3.269394933,Deteriorated,Observed both endpoints,Decreased,Positive indicator: raw increase is improvement,-0.000862714455145222,-0.003450857820580895,经济,发展质量,人均GDP增长率,GDP per capita growth (annual %)_x,正向,世界银行WDI数据库,0.0950588936294862,0.0237647234073715,Economic,Development quality,GDP per capita growth,Positive
CPV,Cape Verde,佛得角,132,0.4164637467276029,0.4824543752787831,W,0.682276166,6.62540766,0.06599062855118021,0.06599062855118021,5.943131493999999,Improved,Observed both endpoints,Increased,Positive indicator: raw increase is improvement,0.0015682490349973903,0.006272996139989575,经济,发展质量,人均GDP增长率,GDP per capita growth (annual %)_x,正向,世界银行WDI数据库,0.0950588936294862,0.0237647234073715,Economic,Development quality,GDP per capita growth,Positive
DJI,Djibouti,吉布提,262,,0.4412185437245409,E,,2.911698993,,,,Missing endpoint,Missing 2001 endpoint,Missing endpoint,Positive indicator: raw increase is improvement,,,经济,发展质量,人均GDP增长率,GDP per capita growth (annual %)_x,正向,世界银行WDI数据库,0.0950588936294862,0.0237647234073715,Economic,Development quality,GDP per capita growth,Positive
ERI,Eritrea,厄立特里亚,232,0.4721313273841893,0.4174269132681968,E,5.695711544,0.7690191706818155,-0.05470441411599247,-0.05470441411599247,-4.926692373318184,Deteriorated,Observed both endpoints,Decreased,Positive indicator: raw increase is improvement,-0.0013000352706288702,-0.005200141082515492,经济,发展质量,人均GDP增长率,GDP per capita growth (annual %)_x,正向,世界银行WDI数据库,0.0950588936294862,0.0237647234073715,Economic,Development quality,GDP per capita growth,Positive
ETH,Ethiopia,埃塞俄比亚,231,0.4651314875410004,0.4405962783906883,E,5.065304325,2.855657631,-0.0245352091503121,-0.0245352091503121,-2.2096466939999995,Deteriorated,Observed both endpoints,Decreased,Positive indicator: raw increase is improvement,-0.0005830724591991773,-0.0023322898367967144,经济,发展质量,人均GDP增长率,GDP per capita growth (annual %)_x,正向,世界银行WDI数据库,0.0950588936294862,0.0237647234073715,Economic,Development quality,GDP per capita growth,Positive
GAB,Gabon,加蓬,266,0.4031389020915218,0.3995026433013509,C,-0.517762469,-0.845244789,-0.003636258790170932,-0.003636258790170932,-0.32748232,Deteriorated,Observed both endpoints,Decreased,Positive indicator: raw increase is improvement,-8.641468438603552e-05,-0.00034565873754414283,经济,发展质量,人均GDP增长率,GDP per capita growth (annual %)_x,正向,世界银行WDI数据库,0.0950588936294862,0.0237647234073715,Economic,Development quality,GDP per capita growth,Positive
GHA,Ghana,加纳,288,0.4229554927582163,0.4426209796325616,W,1.266924337,3.0380027,0.019665486874345273,0.019665486874345273,1.7710783629999998,Improved,Observed both endpoints,Increased,Positive indicator: raw increase is improvement,0.0004673448562401101,0.0018693794249604444,经济,发展质量,人均GDP增长率,GDP per capita growth (annual %)_x,正向,世界银行WDI数据库,0.0950588936294862,0.0237647234073715,Economic,Development quality,GDP per capita growth,Positive
GIN,Guinea,几内亚,324,0.4345315941497389,0.4418571285694988,W,2.309470745,2.969210094,0.007325534419759916,0.007325534419759916,0.6597393490000001,Improved,Observed both endpoints,Increased,Positive indicator: raw increase is improvement,0.00017408929929677407,0.0006963571971870978,经济,发展质量,人均GDP增长率,GDP per capita growth (annual %)_x,正向,世界银行WDI数据库,0.0950588936294862,0.0237647234073715,Economic,Development quality,GDP per capita growth,Positive
GMB,"Gambia, The",冈比亚,270,0.44191495493447,0.4399010576062602,W,2.97441795,2.793045884,-0.0020138973282097794,-0.0020138973282097794,-0.18137206599999978,Deteriorated,Observed both endpoints,Decreased,Positive indicator: raw increase is improvement,-4.785971297574987e-05,-0.00019143885190299988,经济,发展质量,人均GDP增长率,GDP per capita growth (annual %)_x,正向,世界银行WDI数据库,0.0950588936294862,0.0237647234073715,Economic,Development quality,GDP per capita growth,Positive
GNB,Guinea-Bissau,几内亚（比绍）,624,0.4375544014960366,0.4391407521813044,W,2.581705484,2.724572599,0.001586350685267801,0.001586350685267801,0.14286711500000004,Improved,Observed both endpoints,Increased,Positive indicator: raw increase is improvement,3.769918526248353e-05,0.00015079674104993444,经济,发展质量,人均GDP增长率,GDP per capita growth (annual %)_x,正向,世界银行WDI数据库,0.0950588936294862,0.0237647234073715,Economic,Development quality,GDP per capita growth,Positive
GNQ,Equatorial Guinea,赤道几内亚,226,1.0,0.39149382993813,C,53.23568808,-1.5665204,-0.60850617006187,-0.60850617006187,-54.802208480000004,Deteriorated,Observed both endpoints,Decreased,Positive indicator: raw increase is improvement,-0.014460980823199304,-0.05784392329279735,经济,发展质量,人均GDP增长率,GDP per capita growth (annual %)_x,正向,世界银行WDI数据库,0.0950588936294862,0.0237647234073715,Economic,Development quality,GDP per capita growth,Positive
KEN,Kenya,肯尼亚,404,0.4152789905543692,0.4706814640958694,E,0.575576747,5.565136516,0.05540247354150024,0.05540247354150024,4.9895597689999995,Improved,Observed both endpoints,Increased,Positive indicator: raw increase is improvement,0.001316624459797971,0.005266497839191895,经济,发展质量,人均GDP增长率,GDP per capita growth (annual %)_x,正向,世界银行WDI数据库,0.0950588936294862,0.0237647234073715,Economic,Development quality,GDP per capita growth,Positive
LBR,Liberia,利比里亚,430,0.4082575666679353,0.4399081572213375,W,-0.056774336,2.793685277,0.03165059055340225,0.03165059055340225,2.850459613,Improved,Observed both endpoints,Increased,Positive indicator: raw increase is improvement,0.0007521675301815696,0.003008670120726285,经济,发展质量,人均GDP增长率,GDP per capita growth (annual %)_x,正向,世界银行WDI数据库,0.0950588936294862,0.0237647234073715,Economic,Development quality,GDP per capita growth,Positive
LSO,Lesotho,莱索托,426,0.4501932539712098,0.4210948878797658,S,3.719963504,1.099357825,-0.029098366091444006,-0.029098366091444006,-2.6206056789999996,Deteriorated,Observed both endpoints,Decreased,Positive indicator: raw increase is improvement,-0.0006915146217696045,-0.002766058487078424,经济,发展质量,人均GDP增长率,GDP per capita growth (annual %)_x,正向,世界银行WDI数据库,0.0950588936294862,0.0237647234073715,Economic,Development quality,GDP per capita growth,Positive
MDG,Madagascar,马达加斯加,450,0.4395996966327247,0.4316633799271374,E,2.765905244,2.051158699,-0.00793631670558731,-0.00793631670558731,-0.7147465449999997,Deteriorated,Observed both endpoints,Decreased,Positive indicator: raw increase is improvement,-0.0001886043713815842,-0.0007544174855263385,经济,发展质量,人均GDP增长率,GDP per capita growth (annual %)_x,正向,世界银行WDI数据库,0.0950588936294862,0.0237647234073715,Economic,Development quality,GDP per capita growth,Positive
MLI,Mali,马里,466,0.5463022983985855,0.4088155268617827,W,12.3755666,-0.00652431,-0.13748677153680278,-0.13748677153680278,-12.38209091,Deteriorated,Observed both endpoints,Decreased,Positive indicator: raw increase is improvement,-0.0032673350977445947,-0.013069340390978406,经济,发展质量,人均GDP增长率,GDP per capita growth (annual %)_x,正向,世界银行WDI数据库,0.0950588936294862,0.0237647234073715,Economic,Development quality,GDP per capita growth,Positive
MOZ,Mozambique,莫桑比克,508,0.5240047891023327,0.4021556271942861,S,10.36744768,-0.606316437,-0.12184916190804662,-0.12184916190804662,-10.973764117,Deteriorated,Observed both endpoints,Decreased,Positive indicator: raw increase is improvement,-0.002895711630164755,-0.011582846520659046,经济,发展质量,人均GDP增长率,GDP per capita growth (annual %)_x,正向,世界银行WDI数据库,0.0950588936294862,0.0237647234073715,Economic,Development quality,GDP per capita growth,Positive
MUS,Mauritius,毛里求斯,480,0.4370276137170732,0.4463925224805999,S,2.534262853,3.377668734,0.009364908763526691,0.009364908763526691,0.8434058809999998,Improved,Observed both endpoints,Increased,Positive indicator: raw increase is improvement,0.00022255446650048125,0.000890217866001927,经济,发展质量,人均GDP增长率,GDP per capita growth (annual %)_x,正向,世界银行WDI数据库,0.0950588936294862,0.0237647234073715,Economic,Development quality,GDP per capita growth,Positive
MWI,Malawi,马拉维,454,0.3284262045407319,0.4297713754192051,S,-7.246405544,1.880764329,0.10134517087847322,0.10134517087847322,9.127169873,Improved,Observed both endpoints,Increased,Positive indicator: raw increase is improvement,0.002408439954599717,0.009633759818398889,经济,发展质量,人均GDP增长率,GDP per capita growth (annual %)_x,正向,世界银行WDI数据库,0.0950588936294862,0.0237647234073715,Economic,Development quality,GDP per capita growth,Positive
NAM,Namibia,纳米比亚,516,0.3987363059356398,0.4154279565996796,S,-0.914261312,0.588992664,0.016691650664039825,0.016691650664039825,1.503253976,Improved,Observed both endpoints,Increased,Positive indicator: raw increase is improvement,0.00039667246124337524,0.0015866898449735046,经济,发展质量,人均GDP增长率,GDP per capita growth (annual %)_x,正向,世界银行WDI数据库,0.0950588936294862,0.0237647234073715,Economic,Development quality,GDP per capita growth,Positive
NER,Niger,尼日尔,562,0.4485235744779873,0.3882065238251498,W,3.569591777,-1.86257596,-0.06031705065283749,-0.06031705065283749,-5.432167737,Deteriorated,Observed both endpoints,Decreased,Positive indicator: raw increase is improvement,-0.0014334180255130996,-0.00573367210205241,经济,发展质量,人均GDP增长率,GDP per capita growth (annual %)_x,正向,世界银行WDI数据库,0.0950588936294862,0.0237647234073715,Economic,Development quality,GDP per capita growth,Positive
NGA,Nigeria,尼日利亚,566,0.4430791687339627,0.3979161247395497,W,3.079267318,-0.988127023,-0.04516304399441301,-0.04516304399441301,-4.067394341,Deteriorated,Observed both endpoints,Decreased,Positive indicator: raw increase is improvement,-0.0010732872487621756,-0.004293148995048712,经济,发展质量,人均GDP增长率,GDP per capita growth (annual %)_x,正向,世界银行WDI数据库,0.0950588936294862,0.0237647234073715,Economic,Development quality,GDP per capita growth,Positive
RWA,Rwanda,卢旺达,646,0.492463139193321,0.5027807896114178,E,7.526799287,8.456009305,0.010317650418096791,0.010317650418096791,0.929210018,Improved,Observed both endpoints,Increased,Positive indicator: raw increase is improvement,0.00024519610840002115,0.0009807844336000868,经济,发展质量,人均GDP增长率,GDP per capita growth (annual %)_x,正向,世界银行WDI数据库,0.0950588936294862,0.0237647234073715,Economic,Development quality,GDP per capita growth,Positive
SEN,Senegal,塞内加尔,686,0.4290052695985269,0.4518973256355276,W,1.811768659,3.873432598,0.022892056037000674,0.022892056037000674,2.061663939,Improved,Observed both endpoints,Increased,Positive indicator: raw increase is improvement,0.00054402337994537,0.002176093519781485,经济,发展质量,人均GDP增长率,GDP per capita growth (annual %)_x,正向,世界银行WDI数据库,0.0950588936294862,0.0237647234073715,Economic,Development quality,GDP per capita growth,Positive
SLE,Sierra Leone,塞拉利昂,694,0.278796155031294,0.4479205091385178,W,-11.71609945,3.515279571,0.16912435410722376,0.16912435410722376,15.231379021,Improved,Observed both endpoints,Increased,Positive indicator: raw increase is improvement,0.0040191934968085265,0.01607677398723414,经济,发展质量,人均GDP增长率,GDP per capita growth (annual %)_x,正向,世界银行WDI数据库,0.0950588936294862,0.0237647234073715,Economic,Development quality,GDP per capita growth,Positive
STP,São Tomé and Principe,圣多美和普林西比,678,0.4244874141938,0.4069056686251131,C,1.404889541,-0.178526591,-0.017581745568686857,-0.017581745568686857,-1.583416132,Deteriorated,Observed both endpoints,Decreased,Positive indicator: raw increase is improvement,-0.00041782532045862267,-0.0016713012818344944,经济,发展质量,人均GDP增长率,GDP per capita growth (annual %)_x,正向,世界银行WDI数据库,0.0950588936294862,0.0237647234073715,Economic,Development quality,GDP per capita growth,Positive
SWZ,Swaziland,斯威士兰,748,0.414230294042134,0.4426267645275472,S,0.481130893,3.038523689,0.02839647048541316,0.02839647048541316,2.557392796,Improved,Observed both endpoints,Increased,Positive indicator: raw increase is improvement,0.0006748342668314321,0.002699337067325734,经济,发展质量,人均GDP增长率,GDP per capita growth (annual %)_x,正向,世界银行WDI数据库,0.0950588936294862,0.0237647234073715,Economic,Development quality,GDP per capita growth,Positive
SYC,Seychelles,塞舌尔,690,0.3827208910510913,0.4060665493926514,E,-2.356613335,-0.254097866,0.023345658341560105,0.023345658341560105,2.102515469,Improved,Observed both endpoints,Increased,Positive indicator: raw increase is improvement,0.0005548031132501712,0.0022192124530006894,经济,发展质量,人均GDP增长率,GDP per capita growth (annual %)_x,正向,世界银行WDI数据库,0.0950588936294862,0.0237647234073715,Economic,Development quality,GDP per capita growth,Positive
TCD,Chad,乍得,148,0.4972117142277915,0.3744433337734669,C,7.954457069,-3.102092086,-0.12276838045432459,-0.12276838045432459,-11.056549154999999,Deteriorated,Observed both endpoints,Decreased,Positive indicator: raw increase is improvement,-0.002917556604667977,-0.011670226418671934,经济,发展质量,人均GDP增长率,GDP per capita growth (annual %)_x,正向,世界银行WDI数据库,0.0950588936294862,0.0237647234073715,Economic,Development quality,GDP per capita growth,Positive
TGO,Togo,多哥,768,0.3888956522092865,0.4384034340604274,W,-1.800512896,2.658169556,0.04950778185114091,0.04950778185114091,4.458682452,Improved,Observed both endpoints,Increased,Positive indicator: raw increase is improvement,0.0011765387422048503,0.004706154968819412,经济,发展质量,人均GDP增长率,GDP per capita growth (annual %)_x,正向,世界银行WDI数据库,0.0950588936294862,0.0237647234073715,Economic,Development quality,GDP per capita growth,Positive
TZA,Tanzania,坦桑尼亚,834,0.4449813656426062,0.4228121806066784,E,3.250579618,1.254017611,-0.022169185035927796,-0.022169185035927796,-1.996562007,Deteriorated,Observed both endpoints,Decreased,Positive indicator: raw increase is improvement,-0.0005268445505456633,-0.002107378202182658,经济,发展质量,人均GDP增长率,GDP per capita growth (annual %)_x,正向,世界银行WDI数据库,0.0950588936294862,0.0237647234073715,Economic,Development quality,GDP per capita growth,Positive
UGA,Uganda,乌干达,800,0.4312589720091544,0.4117535592568811,E,2.014737627,0.258075577,-0.0195054127522733,-0.0195054127522733,-1.75666205,Deteriorated,Observed both endpoints,Decreased,Positive indicator: raw increase is improvement,-0.00046354073900439183,-0.0018541629560175712,经济,发展质量,人均GDP增长率,GDP per capita growth (annual %)_x,正向,世界银行WDI数据库,0.0950588936294862,0.0237647234073715,Economic,Development quality,GDP per capita growth,Positive
ZAF,South Africa,南非,710,0.4291087048386536,0.4450373371822974,S,1.821084061,3.255620428,0.015928632343643778,0.015928632343643778,1.4345363669999998,Improved,Observed both endpoints,Increased,Positive indicator: raw increase is improvement,0.00037853954190440606,0.0015141581676176275,经济,发展质量,人均GDP增长率,GDP per capita growth (annual %)_x,正向,世界银行WDI数据库,0.0950588936294862,0.0237647234073715,Economic,Development quality,GDP per capita growth,Positive
ZMB,Zambia,赞比亚,894,0.4330919719517657,0.4453719374984866,S,2.179818032,3.285754611,0.012279965546720895,0.012279965546720895,1.1059365790000002,Improved,Observed both endpoints,Increased,Positive indicator: raw increase is improvement,0.0002918299846698736,0.001167319938679497,经济,发展质量,人均GDP增长率,GDP per capita growth (annual %)_x,正向,世界银行WDI数据库,0.0950588936294862,0.0237647234073715,Economic,Development quality,GDP per capita growth,Positive
ZWE,Zimbabwe,津巴布韦,716,0.4173597612814925,0.4823045136550825,S,0.762971447,6.611911087,0.06494475237358999,0.06494475237358999,5.84893964,Improved,Observed both endpoints,Increased,Positive indicator: raw increase is improvement,0.0015433940769185998,0.006173576307674412,经济,发展质量,人均GDP增长率,GDP per capita growth (annual %)_x,正向,世界银行WDI数据库,0.0950588936294862,0.0237647234073715,Economic,Development quality,GDP per capita growth,Positive
AGO,Angola,安哥拉,24,0.2822406628162505,0.2706073024907026,S,14.275366968797623,13.725715889949466,-0.011633360325547903,-0.011633360325547903,-0.5496510788481572,Deteriorated,Observed both endpoints,Decreased,Positive indicator: raw increase is improvement,-0.0003564055119519425,-0.0014256220478077722,生态,生态环境,草原面积占比,Grassland area(% of land area),正向,耶鲁大学EPI数据库,0.1225460234973534,0.0306365058743383,Ecological,Ecological conditions,Grassland area (% of land area),Positive
BDI,Burundi,布隆迪,108,0.3806138416663903,0.3752401756400265,E,18.92328660436137,18.66939252336449,-0.005373666026363799,-0.005373666026363799,-0.25389408099687927,Deteriorated,Observed both endpoints,Decreased,Positive indicator: raw increase is improvement,-0.0001646303507834267,-0.0006585214031337078,生态,生态环境,草原面积占比,Grassland area(% of land area),正向,耶鲁大学EPI数据库,0.1225460234973534,0.0306365058743383,Ecological,Ecological conditions,Grassland area (% of land area),Positive
BEN,Benin,贝宁,204,0.06110247036407361,0.0568773554728602,W,3.8270663355799934,3.6274388080879745,-0.004225114891213411,-0.004225114891213411,-0.19962752749201895,Deteriorated,Observed both endpoints,Decreased,Positive indicator: raw increase is improvement,-0.0001294427571844139,-0.0005177710287376563,生态,生态环境,草原面积占比,Grassland area(% of land area),正向,耶鲁大学EPI数据库,0.1225460234973534,0.0306365058743383,Ecological,Ecological conditions,Grassland area (% of land area),Positive
BFA,Burkina Faso,布基纳法索,854,0.430746773776217,0.4254501109207266,W,21.29195906432749,21.041703216374273,-0.005296662855490408,-0.005296662855490408,-0.2502558479532162,Deteriorated,Observed both endpoints,Decreased,Positive indicator: raw increase is improvement,-0.00016227124268662136,-0.0006490849707464865,生态,生态环境,草原面积占比,Grassland area(% of land area),正向,耶鲁大学EPI数据库,0.1225460234973534,0.0306365058743383,Ecological,Ecological conditions,Grassland area (% of land area),Positive
BWA,Botswana,博茨瓦纳,72,0.1233537054902951,0.1121260609375272,S,6.768302366206131,6.237820478887653,-0.01122764455276791,-0.01122764455276791,-0.5304818873184773,Deteriorated,Observed both endpoints,Decreased,Positive indicator: raw increase is improvement,-0.0003439757982958565,-0.0013759031931834282,生态,生态环境,草原面积占比,Grassland area(% of land area),正向,耶鲁大学EPI数据库,0.1225460234973534,0.0306365058743383,Ecological,Ecological conditions,Grassland area (% of land area),Positive
CAF,Central African Republic,中非,140,0.1504859548562214,0.1567201452178047,C,8.050242383383093,8.344794375421362,0.006234190361583292,0.006234190361583292,0.29455199203826865,Improved,Observed both endpoints,Increased,Positive indicator: raw increase is improvement,0.00019099380963438973,0.0007639752385375601,生态,生态环境,草原面积占比,Grassland area(% of land area),正向,耶鲁大学EPI数据库,0.1225460234973534,0.0306365058743383,Ecological,Ecological conditions,Grassland area (% of land area),Positive
CIV,Côte d'Ivoire,科特迪瓦,384,0.06654965395483849,0.06786880530207207,W,4.084433962264151,4.146761006289308,0.0013191513472335797,0.0013191513472335797,0.06232704402515754,Improved,Observed both endpoints,Increased,Positive indicator: raw increase is improvement,4.041418799866285e-05,0.00016165675199465165,生态,生态环境,草原面积占比,Grassland area(% of land area),正向,耶鲁大学EPI数据库,0.1225460234973534,0.0306365058743383,Ecological,Ecological conditions,Grassland area (% of land area),Positive
CMR,Cameroon,喀麦隆,120,0.05560011314611656,0.05985137909781532,C,3.5670918745107993,3.767954982970532,0.004251265951698759,0.004251265951698759,0.20086310845973276,Improved,Observed both endpoints,Increased,Positive indicator: raw increase is improvement,0.00013024393430259343,0.0005209757372103746,生态,生态环境,草原面积占比,Grassland area(% of land area),正向,耶鲁大学EPI数据库,0.1225460234973534,0.0306365058743383,Ecological,Ecological conditions,Grassland area (% of land area),Positive
COD,"Congo, Dem. Rep.",刚果（金）,180,0.04817408519789605,0.04712099372505607,C,3.216228137888445,3.166471846672989,-0.0010530914728399815,-0.0010530914728399815,-0.049756291215456105,Deteriorated,Observed both endpoints,Decreased,Positive indicator: raw increase is improvement,-3.226304309387767e-05,-0.00012905217237551086,生态,生态环境,草原面积占比,Grassland area(% of land area),正向,耶鲁大学EPI数据库,0.1225460234973534,0.0306365058743383,Ecological,Ecological conditions,Grassland area (% of land area),Positive
COG,"Congo, Rep.",刚果（布）,178,0.1113063780992155,0.09942795279667112,C,6.199092240117129,5.637862371888726,-0.011878425302544376,-0.011878425302544376,-0.5612298682284029,Deteriorated,Observed both endpoints,Decreased,Positive indicator: raw increase is improvement,-0.0003639134465592895,-0.0014556537862371603,生态,生态环境,草原面积占比,Grassland area(% of land area),正向,耶鲁大学EPI数据库,0.1225460234973534,0.0306365058743383,Ecological,Ecological conditions,Grassland area (% of land area),Positive
COM,Comoros,科摩罗,174,0.1301113687446653,0.1569514437418283,E,7.087587318645889,8.355722729715206,0.026840074997162983,0.026840074997162983,1.2681354110693164,Improved,Observed both endpoints,Increased,Positive indicator: raw increase is improvement,0.0008222861153182642,0.003289144461273062,生态,生态环境,草原面积占比,Grassland area(% of land area),正向,耶鲁大学EPI数据库,0.1225460234973534,0.0306365058743383,Ecological,Ecological conditions,Grassland area (% of land area),Positive
CPV,Cape Verde,佛得角,132,0.2450064071189343,0.2623375414693651,W,12.516129032258064,13.334987593052109,0.01733113435043082,0.01733113435043082,0.8188585607940446,Improved,Observed both endpoints,Increased,Positive indicator: raw increase is improvement,0.0005309653993359201,0.002123861597343684,生态,生态环境,草原面积占比,Grassland area(% of land area),正向,耶鲁大学EPI数据库,0.1225460234973534,0.0306365058743383,Ecological,Ecological conditions,Grassland area (% of land area),Positive
DJI,Djibouti,吉布提,262,0.04582551235694175,0.04989781008732287,E,3.105263157894737,3.297670405522002,0.004072297730381119,0.004072297730381119,0.1924072476272647,Improved,Observed both endpoints,Increased,Positive indicator: raw increase is improvement,0.0001247609733388757,0.0004990438933555035,生态,生态环境,草原面积占比,Grassland area(% of land area),正向,耶鲁大学EPI数据库,0.1225460234973534,0.0306365058743383,Ecological,Ecological conditions,Grassland area (% of land area),Positive
ERI,Eritrea,厄立特里亚,232,0.4974085616266135,0.4256779164188365,E,24.441584158415843,21.05246653275919,-0.071730645207777,-0.071730645207777,-3.3891176256566524,Deteriorated,Observed both endpoints,Decreased,Positive indicator: raw increase is improvement,-0.0021975763332781366,-0.00879030533311256,生态,生态环境,草原面积占比,Grassland area(% of land area),正向,耶鲁大学EPI数据库,0.1225460234973534,0.0306365058743383,Ecological,Ecological conditions,Grassland area (% of land area),Positive
ETH,Ethiopia,埃塞俄比亚,231,0.223729896753704,0.2006416976563788,E,11.51086,10.41999259906198,-0.023088199097325207,-0.023088199097325207,-1.09086740093802,Deteriorated,Observed both endpoints,Decreased,Positive indicator: raw increase is improvement,-0.0007073417472730959,-0.0028293669890923885,生态,生态环境,草原面积占比,Grassland area(% of land area),正向,耶鲁大学EPI数据库,0.1225460234973534,0.0306365058743383,Ecological,Ecological conditions,Grassland area (% of land area),Positive
GAB,Gabon,加蓬,266,0.03516595647768109,0.03268450971059485,C,2.6016222299840885,2.4843792447704427,-0.00248144676708624,-0.00248144676708624,-0.11724298521364585,Deteriorated,Observed both endpoints,Decreased,Positive indicator: raw increase is improvement,-7.602285845669538e-05,-0.000304091433826782,生态,生态环境,草原面积占比,Grassland area(% of land area),正向,耶鲁大学EPI数据库,0.1225460234973534,0.0306365058743383,Ecological,Ecological conditions,Grassland area (% of land area),Positive
GHA,Ghana,加纳,288,0.06095172082054306,0.06028260779534247,W,3.819943746154523,3.7883296049364272,-0.0006691130252005906,-0.0006691130252005906,-0.03161414121809569,Deteriorated,Observed both endpoints,Decreased,Positive indicator: raw increase is improvement,-2.0499285127154165e-05,-8.19971405086168e-05,生态,生态环境,草原面积占比,Grassland area(% of land area),正向,耶鲁大学EPI数据库,0.1225460234973534,0.0306365058743383,Ecological,Ecological conditions,Grassland area (% of land area),Positive
GIN,Guinea,几内亚,324,0.0481722265821096,0.04832899153508227,W,3.2161403223180853,3.2235471268110043,0.00015676495297266974,0.00015676495297266974,0.0074068044929189725,Improved,Observed both endpoints,Increased,Positive indicator: raw increase is improvement,4.802730402637564e-06,1.9210921610550286e-05,生态,生态环境,草原面积占比,Grassland area(% of land area),正向,耶鲁大学EPI数据库,0.1225460234973534,0.0306365058743383,Ecological,Ecological conditions,Grassland area (% of land area),Positive
GMB,"Gambia, The",冈比亚,270,0.08341791844959907,0.0811801179815043,W,4.8814229249011865,4.775691699604743,-0.0022378004680947694,-0.0022378004680947694,-0.1057312252964433,Deteriorated,Observed both endpoints,Decreased,Positive indicator: raw increase is improvement,-6.85583871863824e-05,-0.00027423354874553006,生态,生态环境,草原面积占比,Grassland area(% of land area),正向,耶鲁大学EPI数据库,0.1225460234973534,0.0306365058743383,Ecological,Ecological conditions,Grassland area (% of land area),Positive
GNB,Guinea-Bissau,几内亚（比绍）,624,0.05750690160462814,0.06721630374993444,W,3.657183499288763,4.115931721194879,0.0097094021453063,0.0097094021453063,0.45874822190611564,Improved,Observed both endpoints,Increased,Positive indicator: raw increase is improvement,0.0002974621558609894,0.0011898486234439595,生态,生态环境,草原面积占比,Grassland area(% of land area),正向,耶鲁大学EPI数据库,0.1225460234973534,0.0306365058743383,Ecological,Ecological conditions,Grassland area (% of land area),Positive
GNQ,Equatorial Guinea,赤道几内亚,226,0.001297817650985213,0.001169544976178539,C,1.0014260249554363,0.9953654188948308,-0.00012827267480667389,-0.00012827267480667389,-0.0060606060606055445,Deteriorated,Observed both endpoints,Decreased,Positive indicator: raw increase is improvement,-3.929826555231751e-06,-1.571930622092703e-05,生态,生态环境,草原面积占比,Grassland area(% of land area),正向,耶鲁大学EPI数据库,0.1225460234973534,0.0306365058743383,Ecological,Ecological conditions,Grassland area (% of land area),Positive
KEN,Kenya,肯尼亚,404,0.5390207029582512,0.5271862496835498,E,26.407667709175247,25.848515424024015,-0.01183445327470145,-0.01183445327470145,-0.5591522851512316,Deteriorated,Observed both endpoints,Decreased,Positive indicator: raw increase is improvement,-0.00036256629726997316,-0.0014502651890798948,生态,生态环境,草原面积占比,Grassland area(% of land area),正向,耶鲁大学EPI数据库,0.1225460234973534,0.0306365058743383,Ecological,Ecological conditions,Grassland area (% of land area),Positive
LBR,Liberia,利比里亚,430,0.06729177360326523,0.07078118455144274,W,4.119497508305648,4.2843646179401995,0.003489410948177507,0.003489410948177507,0.1648671096345513,Improved,Observed both endpoints,Increased,Positive indicator: raw increase is improvement,0.00010690335901182057,0.000427613436047283,生态,生态环境,草原面积占比,Grassland area(% of land area),正向,耶鲁大学EPI数据库,0.1225460234973534,0.0306365058743383,Ecological,Ecological conditions,Grassland area (% of land area),Positive
LSO,Lesotho,莱索托,426,0.9638913182000676,0.9375954198646986,S,46.481884057971016,45.23945981554677,-0.02629589833536894,-0.02629589833536894,-1.2424242424242422,Deteriorated,Observed both endpoints,Decreased,Positive indicator: raw increase is improvement,-0.0008056144438225333,-0.0032224577752901383,生态,生态环境,草原面积占比,Grassland area(% of land area),正向,耶鲁大学EPI数据库,0.1225460234973534,0.0306365058743383,Ecological,Ecological conditions,Grassland area (% of land area),Positive
MDG,Madagascar,马达加斯加,450,0.7834970222809814,0.7733947497308861,E,37.95864428930082,37.48133379168099,-0.010102272550095326,-0.010102272550095326,-0.4773104976198326,Deteriorated,Observed both endpoints,Decreased,Positive indicator: raw increase is improvement,-0.00030949833232516203,-0.00123799332930065,生态,生态环境,草原面积占比,Grassland area(% of land area),正向,耶鲁大学EPI数据库,0.1225460234973534,0.0306365058743383,Ecological,Ecological conditions,Grassland area (% of land area),Positive
MLI,Mali,马里,466,0.2528562603517527,0.2649026423396978,W,12.887017595620351,13.456183053458886,0.01204638198794511,0.01204638198794511,0.569165457838535,Improved,Observed both endpoints,Increased,Positive indicator: raw increase is improvement,0.0003690590525382035,0.001476236210152816,生态,生态环境,草原面积占比,Grassland area(% of land area),正向,耶鲁大学EPI数据库,0.1225460234973534,0.0306365058743383,Ecological,Ecological conditions,Grassland area (% of land area),Positive
MOZ,Mozambique,莫桑比克,508,0.08313711023043405,0.08368831832665564,S,4.868155344744271,4.894198733436761,0.0005512080962215976,0.0005512080962215976,0.026043388692490232,Improved,Observed both endpoints,Increased,Positive indicator: raw increase is improvement,1.688709007787581e-05,6.754836031150333e-05,生态,生态环境,草原面积占比,Grassland area(% of land area),正向,耶鲁大学EPI数据库,0.1225460234973534,0.0306365058743383,Ecological,Ecological conditions,Grassland area (% of land area),Positive
MUS,Mauritius,毛里求斯,480,0.1408731698767414,0.1617591050031812,S,7.596059113300492,8.5828743114672,0.020885935126439797,0.020885935126439797,0.9868151981667088,Improved,Observed both endpoints,Increased,Positive indicator: raw increase is improvement,0.0006398720741922215,0.0025594882967688902,生态,生态环境,草原面积占比,Grassland area(% of land area),正向,耶鲁大学EPI数据库,0.1225460234973534,0.0306365058743383,Ecological,Ecological conditions,Grassland area (% of land area),Positive
MWI,Malawi,马拉维,454,0.1269600271582872,0.1221424548818451,S,6.938693254136613,6.711073398387782,-0.0048175722764420975,-0.0048175722764420975,-0.2276198557488307,Deteriorated,Observed both endpoints,Decreased,Positive indicator: raw increase is improvement,-0.00014759358134726767,-0.0005903743253890715,生态,生态环境,草原面积占比,Grassland area(% of land area),正向,耶鲁大学EPI数据库,0.1225460234973534,0.0306365058743383,Ecological,Ecological conditions,Grassland area (% of land area),Positive
NAM,Namibia,纳米比亚,516,0.9608500746801455,0.9976274252680649,S,46.33819188864191,48.075842048366916,0.03677735058791942,0.03677735058791942,1.737650159725007,Improved,Observed both endpoints,Increased,Positive indicator: raw increase is improvement,0.0011267295173293926,0.004506918069317577,生态,生态环境,草原面积占比,Grassland area(% of land area),正向,耶鲁大学EPI数据库,0.1225460234973534,0.0306365058743383,Ecological,Ecological conditions,Grassland area (% of land area),Positive
NER,Niger,尼日尔,562,0.2354874134953468,0.2324201856901418,W,12.066377200599982,11.92145733007026,-0.0030672278052049917,-0.0030672278052049917,-0.14491987052972277,Deteriorated,Observed both endpoints,Decreased,Positive indicator: raw increase is improvement,-9.39691426720965e-05,-0.0003758765706883866,生态,生态环境,草原面积占比,Grassland area(% of land area),正向,耶鲁大学EPI数据库,0.1225460234973534,0.0306365058743383,Ecological,Ecological conditions,Grassland area (% of land area),Positive
NGA,Nigeria,尼日利亚,566,0.1587405441949422,0.1505456952789355,W,8.44025385113695,8.05306498896538,-0.00819484891600672,-0.00819484891600672,-0.3871888621715698,Deteriorated,Observed both endpoints,Decreased,Positive indicator: raw increase is improvement,-0.0002510615369545547,-0.0010042461478182204,生态,生态环境,草原面积占比,Grassland area(% of land area),正向,耶鲁大学EPI数据库,0.1225460234973534,0.0306365058743383,Ecological,Ecological conditions,Grassland area (% of land area),Positive
RWA,Rwanda,卢旺达,646,0.0973980484918676,0.09956001761163318,E,5.541953790028375,5.64410214835833,0.002161969119765572,0.002161969119765572,0.10214835832995561,Improved,Observed both endpoints,Increased,Positive indicator: raw increase is improvement,6.623517963783596e-05,0.00026494071855134426,生态,生态环境,草原面积占比,Grassland area(% of land area),正向,耶鲁大学EPI数据库,0.1225460234973534,0.0306365058743383,Ecological,Ecological conditions,Grassland area (% of land area),Positive
SEN,Senegal,塞内加尔,686,0.2270898376673408,0.2156581259872434,W,11.669609930919856,11.129486313821223,-0.011431711680097406,-0.011431711680097406,-0.540123617098633,Deteriorated,Observed both endpoints,Decreased,Positive indicator: raw increase is improvement,-0.00035022770204104595,-0.001400910808164186,生态,生态环境,草原面积占比,Grassland area(% of land area),正向,耶鲁大学EPI数据库,0.1225460234973534,0.0306365058743383,Ecological,Ecological conditions,Grassland area (% of land area),Positive
SLE,Sierra Leone,塞拉利昂,694,0.1492994206837677,0.1498477517146848,W,7.994181213632586,8.020088667220836,0.0005483310309171152,0.0005483310309171152,0.02590745358825064,Improved,Observed both endpoints,Increased,Positive indicator: raw increase is improvement,1.6798946849774178e-05,6.719578739909681e-05,生态,生态环境,草原面积占比,Grassland area(% of land area),正向,耶鲁大学EPI数据库,0.1225460234973534,0.0306365058743383,Ecological,Ecological conditions,Grassland area (% of land area),Positive
STP,São Tomé and Principe,圣多美和普林西比,678,0.01581856739353089,0.004354197082684037,C,1.6875000000000004,1.1458333333333333,-0.011464370310846853,-0.011464370310846853,-0.5416666666666672,Deteriorated,Observed both endpoints,Decreased,Positive indicator: raw increase is improvement,-0.00035122824837384924,-0.0014049129934953991,生态,生态环境,草原面积占比,Grassland area(% of land area),正向,耶鲁大学EPI数据库,0.1225460234973534,0.0306365058743383,Ecological,Ecological conditions,Grassland area (% of land area),Positive
SWZ,Swaziland,斯威士兰,748,0.3073478653034715,0.3173520152813446,S,15.461627906976744,15.934302325581395,0.010004149977873078,0.010004149977873078,0.472674418604651,Improved,Observed both endpoints,Increased,Positive indicator: raw increase is improvement,0.00030649219956486995,0.0012259687982594818,生态,生态环境,草原面积占比,Grassland area(% of land area),正向,耶鲁大学EPI数据库,0.1225460234973534,0.0306365058743383,Ecological,Ecological conditions,Grassland area (% of land area),Positive
SYC,Seychelles,塞舌尔,690,0.1213559562918785,0.122276173306796,E,6.673913043478261,6.717391304347826,0.0009202170149174987,0.0009202170149174987,0.04347826086956541,Improved,Observed both endpoints,Increased,Positive indicator: raw increase is improvement,2.8192233983186007e-05,0.0001127689359327442,生态,生态环境,草原面积占比,Grassland area(% of land area),正向,耶鲁大学EPI数据库,0.1225460234973534,0.0306365058743383,Ecological,Ecological conditions,Grassland area (% of land area),Positive
TCD,Chad,乍得,148,0.2367406026673932,0.2287403636826599,C,12.125587674714106,11.74759371029225,-0.008000238984733288,-0.008000238984733288,-0.3779939644218562,Deteriorated,Observed both endpoints,Decreased,Positive indicator: raw increase is improvement,-0.00024509936865189165,-0.0009803974746075681,生态,生态环境,草原面积占比,Grassland area(% of land area),正向,耶鲁大学EPI数据库,0.1225460234973534,0.0306365058743383,Ecological,Ecological conditions,Grassland area (% of land area),Positive
TGO,Togo,多哥,768,0.07832003400377309,0.07251804795991121,W,4.640558926273211,4.3664276521419385,-0.0058019860438618814,-0.0058019860438618814,-0.2741312741312729,Deteriorated,Observed both endpoints,Decreased,Positive indicator: raw increase is improvement,-0.00017775257951560338,-0.0007110103180624146,生态,生态环境,草原面积占比,Grassland area(% of land area),正向,耶鲁大学EPI数据库,0.1225460234973534,0.0306365058743383,Ecological,Ecological conditions,Grassland area (% of land area),Positive
TZA,Tanzania,坦桑尼亚,834,0.1142026247055739,0.108341513420337,E,6.335933619327161,6.059008805599458,-0.005861111285236892,-0.005861111285236892,-0.27692481372770317,Deteriorated,Observed both endpoints,Decreased,Positive indicator: raw increase is improvement,-0.00017956397032031055,-0.0007182558812812433,生态,生态环境,草原面积占比,Grassland area(% of land area),正向,耶鲁大学EPI数据库,0.1225460234973534,0.0306365058743383,Ecological,Ecological conditions,Grassland area (% of land area),Positive
UGA,Uganda,乌干达,800,0.1618020984852794,0.1507599004030408,E,8.584905660377357,8.063185717135447,-0.011042198082238608,-0.011042198082238608,-0.5217199432419104,Deteriorated,Observed both endpoints,Decreased,Positive indicator: raw increase is improvement,-0.00033829436641211023,-0.001353177465648443,生态,生态环境,草原面积占比,Grassland area(% of land area),正向,耶鲁大学EPI数据库,0.1225460234973534,0.0306365058743383,Ecological,Ecological conditions,Grassland area (% of land area),Positive
ZAF,South Africa,南非,710,0.4070117680849762,0.4042950687452451,S,20.1705314527364,20.04217329299557,-0.0027166993397310657,-0.0027166993397310657,-0.12835815974083076,Deteriorated,Observed both endpoints,Decreased,Positive indicator: raw increase is improvement,-8.323017528048178e-05,-0.00033292070112192766,生态,生态环境,草原面积占比,Grassland area(% of land area),正向,耶鲁大学EPI数据库,0.1225460234973534,0.0306365058743383,Ecological,Ecological conditions,Grassland area (% of land area),Positive
ZMB,Zambia,赞比亚,894,0.07340609407770163,0.07281503794258708,S,4.408385907800751,4.380459785576884,-0.000591056135114551,-0.000591056135114551,-0.027926122223867367,Deteriorated,Observed both endpoints,Decreased,Positive indicator: raw increase is improvement,-1.8107894755500636e-05,-7.243157902200265e-05,生态,生态环境,草原面积占比,Grassland area(% of land area),正向,耶鲁大学EPI数据库,0.1225460234973534,0.0306365058743383,Ecological,Ecological conditions,Grassland area (% of land area),Positive
ZWE,Zimbabwe,津巴布韦,716,0.133425047862286,0.1116937965724319,S,7.244151479901771,6.217396923872301,-0.021731251289854106,-0.021731251289854106,-1.02675455602947,Deteriorated,Observed both endpoints,Decreased,Positive indicator: raw increase is improvement,-0.0006657696077983371,-0.0026630784311933524,生态,生态环境,草原面积占比,Grassland area(% of land area),正向,耶鲁大学EPI数据库,0.1225460234973534,0.0306365058743383,Ecological,Ecological conditions,Grassland area (% of land area),Positive
AGO,Angola,安哥拉,24,0.03292103219894799,0.4682236488463398,S,0.136014,39.3876,0.43530261664739184,0.43530261664739184,39.251585999999996,Improved,Observed both endpoints,Increased,Positive indicator: raw increase is improvement,0.010179631517263714,0.0407185260690549,社会,基础设施,使用互联网的人口比例,Individuals using the Internet (% of population)_x,正向,世界银行WDI数据库,0.0935407335307569,0.0233851833826892,Social,Infrastructure,Individuals using the Internet (% of population),Positive
BDI,Burundi,布隆迪,108,0.03258818609603031,0.1532336586234172,E,0.106001,10.9847,0.12064547252738689,0.12064547252738689,10.878699000000001,Improved,Observed both endpoints,Increased,Positive indicator: raw increase is improvement,0.002821316499344134,0.011285265997376549,社会,基础设施,使用互联网的人口比例,Individuals using the Internet (% of population)_x,正向,世界银行WDI数据库,0.0935407335307569,0.0233851833826892,Social,Infrastructure,Individuals using the Internet (% of population),Positive
BEN,Benin,贝宁,204,0.03544295720437538,0.3442045676375928,W,0.363418,28.2047,0.30876161043321737,0.30876161043321737,27.841282,Improved,Observed both endpoints,Increased,Positive indicator: raw increase is improvement,0.007220446881515232,0.028881787526060954,社会,基础设施,使用互联网的人口比例,Individuals using the Internet (% of population)_x,正向,世界银行WDI数据库,0.0935407335307569,0.0233851833826892,Social,Infrastructure,Individuals using the Internet (% of population),Positive
BFA,Burkina Faso,布基纳法索,854,0.03316188621764543,0.1707382162766097,W,0.157732,12.5631,0.13757633005896427,0.13757633005896427,12.405368000000001,Improved,Observed both endpoints,Increased,Positive indicator: raw increase is improvement,0.003217247707546256,0.012868990830185037,社会,基础设施,使用互联网的人口比例,Individuals using the Internet (% of population)_x,正向,世界银行WDI数据库,0.0935407335307569,0.0233851833826892,Social,Infrastructure,Individuals using the Internet (% of population),Positive
BWA,Botswana,博茨瓦纳,72,0.06946141923779764,0.9046221191176183,S,3.43089,78.738,0.8351606998798207,0.8351606998798207,75.30711,Improved,Observed both endpoints,Increased,Positive indicator: raw increase is improvement,0.019530386120704665,0.07812154448281874,社会,基础设施,使用互联网的人口比例,Individuals using the Internet (% of population)_x,正向,世界银行WDI数据库,0.0935407335307569,0.0233851833826892,Social,Infrastructure,Individuals using the Internet (% of population),Positive
CAF,Central African Republic,中非,140,0.03228367954368724,0.09322227578941825,C,0.0785434,5.573425488421094,0.06093859624573101,0.06093859624573101,5.494882088421094,Improved,Observed both endpoints,Increased,Positive indicator: raw increase is improvement,0.0014250602482900753,0.005700240993160307,社会,基础设施,使用互联网的人口比例,Individuals using the Internet (% of population)_x,正向,世界银行WDI数据库,0.0935407335307569,0.0233851833826892,Social,Infrastructure,Individuals using the Internet (% of population),Positive
CIV,Côte d'Ivoire,科特迪瓦,384,0.03580149898651407,0.4301082065007638,W,0.395748,35.9507,0.39430670751424973,0.39430670751424973,35.554952,Improved,Observed both endpoints,Increased,Positive indicator: raw increase is improvement,0.009220934664245124,0.03688373865698053,社会,基础设施,使用互联网的人口比例,Individuals using the Internet (% of population)_x,正向,世界银行WDI数据库,0.0935407335307569,0.0233851833826892,Social,Infrastructure,Individuals using the Internet (% of population),Positive
CMR,Cameroon,喀麦隆,120,0.03448514161210899,0.4976444807002136,C,0.277051,42.0405,0.46315933908810464,0.46315933908810464,41.763449,Improved,Observed both endpoints,Increased,Positive indicator: raw increase is improvement,0.010831066079980457,0.043324264319921875,社会,基础设施,使用互联网的人口比例,Individuals using the Internet (% of population)_x,正向,世界银行WDI数据库,0.0935407335307569,0.0233851833826892,Social,Infrastructure,Individuals using the Internet (% of population),Positive
COD,"Congo, Dem. Rep.",刚果（金）,180,0.03153989554035396,0.3465844954584083,C,0.0114758,28.4193,0.31504459991805434,0.31504459991805434,28.4078242,Improved,Observed both endpoints,Increased,Positive indicator: raw increase is improvement,0.007367375742809651,0.029469502971238636,社会,基础设施,使用互联网的人口比例,Individuals using the Internet (% of population)_x,正向,世界银行WDI数据库,0.0935407335307569,0.0233851833826892,Social,Infrastructure,Individuals using the Internet (% of population),Positive
COG,"Congo, Rep.",刚果（布）,178,0.03176998997856792,0.4012230247575395,C,0.0322236,33.3461,0.3694530347789716,0.3694530347789716,33.3138764,Improved,Observed both endpoints,Increased,Positive indicator: raw increase is improvement,0.008639726969597302,0.03455890787838924,社会,基础设施,使用互联网的人口比例,Individuals using the Internet (% of population)_x,正向,世界银行WDI数据库,0.0935407335307569,0.0233851833826892,Social,Infrastructure,Individuals using the Internet (% of population),Positive
COM,Comoros,科摩罗,174,0.03632628083404896,0.3716691121308335,E,0.443068,30.6812,0.33534283129678455,0.33534283129678455,30.238132,Improved,Observed both endpoints,Increased,Positive indicator: raw increase is improvement,0.007842053605945514,0.03136821442378209,社会,基础设施,使用互联网的人口比例,Individuals using the Internet (% of population)_x,正向,世界银行WDI数据库,0.0935407335307569,0.0233851833826892,Social,Infrastructure,Individuals using the Internet (% of population),Positive
CPV,Cape Verde,佛得角,132,0.0611931108217344,0.8108500795607447,W,2.68533,70.2825,0.7496569687390103,0.7496569687390103,67.59717,Improved,Observed both endpoints,Increased,Positive indicator: raw increase is improvement,0.01753086568807266,0.07012346275229071,社会,基础设施,使用互联网的人口比例,Individuals using the Internet (% of population)_x,正向,世界银行WDI数据库,0.0935407335307569,0.0233851833826892,Social,Infrastructure,Individuals using the Internet (% of population),Positive
DJI,Djibouti,吉布提,262,0.03522235364327723,0.7124667912252364,E,0.343526,61.4112,0.6772444375819592,0.6772444375819592,61.067674000000004,Improved,Observed both endpoints,Increased,Positive indicator: raw increase is improvement,0.015837485367760324,0.06334994147104137,社会,基础设施,使用互联网的人口比例,Individuals using the Internet (% of population)_x,正向,世界银行WDI数据库,0.0935407335307569,0.0233851833826892,Social,Infrastructure,Individuals using the Internet (% of population),Positive
ERI,Eritrea,厄立特里亚,232,0.03316280669299086,0.2352968081839396,E,0.157815,18.3844,0.20213400149094873,0.20213400149094873,18.226585,Improved,Observed both endpoints,Increased,Positive indicator: raw increase is improvement,0.004726940692742609,0.018907762770970452,社会,基础设施,使用互联网的人口比例,Individuals using the Internet (% of population)_x,正向,世界银行WDI数据库,0.0935407335307569,0.0233851833826892,Social,Infrastructure,Individuals using the Internet (% of population),Positive
ETH,Ethiopia,埃塞俄比亚,231,0.03182476158863988,0.2165956325816978,E,0.0371624,16.6981,0.18477087099305795,0.18477087099305795,16.6609376,Improved,Observed both endpoints,Increased,Positive indicator: raw increase is improvement,0.004320900701951869,0.017283602807807493,社会,基础设施,使用互联网的人口比例,Individuals using the Internet (% of population)_x,正向,世界银行WDI数据库,0.0935407335307569,0.0233851833826892,Social,Infrastructure,Individuals using the Internet (% of population),Positive
GAB,Gabon,加蓬,266,0.04635782076962332,0.7926745730111902,C,1.34762,68.6436,0.7463167522415668,0.7463167522415668,67.29598,Improved,Observed both endpoints,Increased,Positive indicator: raw increase is improvement,0.01745275411274206,0.06981101645096832,社会,基础设施,使用互联网的人口比例,Individuals using the Internet (% of population)_x,正向,世界银行WDI数据库,0.0935407335307569,0.0233851833826892,Social,Infrastructure,Individuals using the Internet (% of population),Positive
GHA,Ghana,加纳,288,0.03363072978033319,0.7921910462032331,W,0.200008,68.6,0.7585603164228999,0.7585603164228999,68.399992,Improved,Observed both endpoints,Increased,Positive indicator: raw increase is improvement,0.01773907210638026,0.07095628842552111,社会,基础设施,使用互联网的人口比例,Individuals using the Internet (% of population)_x,正向,世界银行WDI数据库,0.0935407335307569,0.0233851833826892,Social,Infrastructure,Individuals using the Internet (% of population),Positive
GIN,Guinea,几内亚,324,0.03335940026465719,0.3009499894478141,W,0.175542,24.3044,0.2675905891831569,0.2675905891831569,24.128858,Improved,Observed both endpoints,Increased,Positive indicator: raw increase is improvement,0.006257654999529974,0.02503061999811992,社会,基础设施,使用互联网的人口比例,Individuals using the Internet (% of population)_x,正向,世界银行WDI数据库,0.0935407335307569,0.0233851833826892,Social,Infrastructure,Individuals using the Internet (% of population),Positive
GMB,"Gambia, The",冈比亚,270,0.04623771537214228,0.4486729743108526,W,1.33679,37.6247,0.40243525893871035,0.40243525893871035,36.28791,Improved,Observed both endpoints,Increased,Positive indicator: raw increase is improvement,0.009411022329941754,0.03764408931976706,社会,基础设施,使用互联网的人口比例,Individuals using the Internet (% of population)_x,正向,世界银行WDI数据库,0.0935407335307569,0.0233851833826892,Social,Infrastructure,Individuals using the Internet (% of population),Positive
GNB,Guinea-Bissau,几内亚（比绍）,624,0.03473486768232856,0.29038670310426,W,0.299569,23.3519,0.2556518354219315,0.2556518354219315,23.052331000000002,Improved,Observed both endpoints,Increased,Positive indicator: raw increase is improvement,0.005978465053462946,0.02391386021385181,社会,基础设施,使用互联网的人口比例,Individuals using the Internet (% of population)_x,正向,世界银行WDI数据库,0.0935407335307569,0.0233851833826892,Social,Infrastructure,Individuals using the Internet (% of population),Positive
GNQ,Equatorial Guinea,赤道几内亚,226,0.03324537222246882,0.6825912667308527,C,0.16526,58.7173,0.6493458945083839,0.6493458945083839,58.55204,Improved,Observed both endpoints,Increased,Positive indicator: raw increase is improvement,0.015185072821874913,0.06074029128749971,社会,基础设施,使用互联网的人口比例,Individuals using the Internet (% of population)_x,正向,世界银行WDI数据库,0.0935407335307569,0.0233851833826892,Social,Infrastructure,Individuals using the Internet (% of population),Positive
KEN,Kenya,肯尼亚,404,0.03828605047490442,0.2834794199624875,E,0.619782,22.729064740350623,0.24519336948758308,0.24519336948758308,22.109282740350622,Improved,Observed both endpoints,Increased,Positive indicator: raw increase is improvement,0.005733891909686601,0.022935567638746428,社会,基础设施,使用互联网的人口比例,Individuals using the Internet (% of population)_x,正向,世界银行WDI数据库,0.0935407335307569,0.0233851833826892,Social,Infrastructure,Individuals using the Internet (% of population),Positive
LBR,Liberia,利比里亚,430,0.03178760765487802,0.2596139923996993,W,0.0338122,20.5771,0.22782638474482125,0.22782638474482125,20.5432878,Improved,Observed both endpoints,Increased,Positive indicator: raw increase is improvement,0.005327761786672751,0.021311047146691024,社会,基础设施,使用互联网的人口比例,Individuals using the Internet (% of population)_x,正向,世界银行WDI数据库,0.0935407335307569,0.0233851833826892,Social,Infrastructure,Individuals using the Internet (% of population),Positive
LSO,Lesotho,莱索托,426,0.03430879849804195,0.5310943329515816,S,0.26115,45.0567,0.4967855344535396,0.4967855344535396,44.79555,Improved,Observed both endpoints,Increased,Positive indicator: raw increase is improvement,0.011617420825063288,0.0464696833002532,社会,基础设施,使用互联网的人口比例,Individuals using the Internet (% of population)_x,正向,世界银行WDI数据库,0.0935407335307569,0.0233851833826892,Social,Infrastructure,Individuals using the Internet (% of population),Positive
MDG,Madagascar,马达加斯加,450,0.03388030058965114,0.1838555444521014,E,0.222512,13.7459,0.14997524386245026,0.14997524386245026,13.523388,Improved,Observed both endpoints,Increased,Positive indicator: raw increase is improvement,0.0035071985805869323,0.014028794322347743,社会,基础设施,使用互联网的人口比例,Individuals using the Internet (% of population)_x,正向,世界银行WDI数据库,0.0935407335307569,0.0233851833826892,Social,Infrastructure,Individuals using the Internet (% of population),Positive
MLI,Mali,马里,466,0.03347423788154696,0.4079924000689363,W,0.185897,33.9565,0.3745181621873893,0.3745181621873893,33.770603,Improved,Observed both endpoints,Increased,Positive indicator: raw increase is improvement,0.008758175902899835,0.03503270361159938,社会,基础设施,使用互联网的人口比例,Individuals using the Internet (% of population)_x,正向,世界银行WDI数据库,0.0935407335307569,0.0233851833826892,Social,Infrastructure,Individuals using the Internet (% of population),Positive
MOZ,Mozambique,莫桑比克,508,0.0331873933657716,0.2128194656525847,S,0.160032,16.3576,0.1796320722868131,0.1796320722868131,16.197568,Improved,Observed both endpoints,Increased,Positive indicator: raw increase is improvement,0.004200728951839607,0.016802915807358446,社会,基础设施,使用互联网的人口比例,Individuals using the Internet (% of population)_x,正向,世界银行WDI数据库,0.0935407335307569,0.0233851833826892,Social,Infrastructure,Individuals using the Internet (% of population),Positive
MUS,Mauritius,毛里求斯,480,0.1287933746927877,0.8254612394112776,S,8.7809,71.6,0.6966678647184898,0.6966678647184898,62.81909999999999,Improved,Observed both endpoints,Increased,Positive indicator: raw increase is improvement,0.016291705773268397,0.06516682309307366,社会,基础设施,使用互联网的人口比例,Individuals using the Internet (% of population)_x,正向,世界银行WDI数据库,0.0935407335307569,0.0233851833826892,Social,Infrastructure,Individuals using the Internet (% of population),Positive
MWI,Malawi,马拉维,454,0.0332316316326739,0.2251593803134485,S,0.164021,17.4703,0.1919277486807746,0.1919277486807746,17.306279,Improved,Observed both endpoints,Increased,Positive indicator: raw increase is improvement,0.0044882655991266,0.017953062396506417,社会,基础设施,使用互联网的人口比例,Individuals using the Internet (% of population)_x,正向,世界银行WDI数据库,0.0935407335307569,0.0233851833826892,Social,Infrastructure,Individuals using the Internet (% of population),Positive
NAM,Namibia,纳米比亚,516,0.05821709203927482,0.6996999090848693,S,2.41698,60.26,0.6414828170455945,0.6414828170455945,57.843019999999996,Improved,Observed both endpoints,Increased,Positive indicator: raw increase is improvement,0.015001193313455292,0.06000477325382123,社会,基础设施,使用互联网的人口比例,Individuals using the Internet (% of population)_x,正向,世界银行WDI数据库,0.0935407335307569,0.0233851833826892,Social,Infrastructure,Individuals using the Internet (% of population),Positive
NER,Niger,尼日尔,562,0.03257913660347773,0.2252004135517383,W,0.105185,17.474,0.1926212769482606,0.1926212769482606,17.368815,Improved,Observed both endpoints,Increased,Positive indicator: raw increase is improvement,0.004504483884842838,0.01801793553937137,社会,基础设施,使用互联网的人口比例,Individuals using the Internet (% of population)_x,正向,世界银行WDI数据库,0.0935407335307569,0.0233851833826892,Social,Infrastructure,Individuals using the Internet (% of population),Positive
NGA,Nigeria,尼日利亚,566,0.0324096404951729,0.4252185971056215,W,0.0899014,35.5098,0.39280895661044857,0.39280895661044857,35.419898599999996,Improved,Observed both endpoints,Increased,Positive indicator: raw increase is improvement,0.009185909484698145,0.036743637938792616,社会,基础设施,使用互联网的人口比例,Individuals using the Internet (% of population)_x,正向,世界银行WDI数据库,0.0935407335307569,0.0233851833826892,Social,Infrastructure,Individuals using the Internet (% of population),Positive
RWA,Rwanda,卢旺达,646,0.03408169615920383,0.3024715462838621,E,0.240672,24.4416,0.26838985012465827,0.26838985012465827,24.200928,Improved,Observed both endpoints,Increased,Positive indicator: raw increase is improvement,0.006276345863217603,0.02510538345287044,社会,基础设施,使用互联网的人口比例,Individuals using the Internet (% of population)_x,正向,世界银行WDI数据库,0.0935407335307569,0.0233851833826892,Social,Infrastructure,Individuals using the Internet (% of population),Positive
SEN,Senegal,塞内加尔,686,0.04232296699825332,0.6663787015805726,W,0.983794,57.2554,0.6240557345823192,0.6240557345823192,56.271606,Improved,Observed both endpoints,Increased,Positive indicator: raw increase is improvement,0.014593657794226354,0.05837463117690547,社会,基础设施,使用互联网的人口比例,Individuals using the Internet (% of population)_x,正向,世界银行WDI数据库,0.0935407335307569,0.0233851833826892,Social,Infrastructure,Individuals using the Internet (% of population),Positive
SLE,Sierra Leone,塞拉利昂,694,0.03318996626071302,0.2382855805404623,W,0.160264,18.6539,0.2050956142797493,0.2050956142797493,18.493636,Improved,Observed both endpoints,Increased,Positive indicator: raw increase is improvement,0.0047961985509172265,0.019184794203668927,社会,基础设施,使用互联网的人口比例,Individuals using the Internet (% of population)_x,正向,世界银行WDI数据库,0.0935407335307569,0.0233851833826892,Social,Infrastructure,Individuals using the Internet (% of population),Positive
STP,São Tomé and Principe,圣多美和普林西比,678,0.1014011374194525,0.713718859496299,C,6.31092,61.5241,0.6123177220768465,0.6123177220768465,55.213179999999994,Improved,Observed both endpoints,Increased,Positive indicator: raw increase is improvement,0.014319162219237576,0.05727664887695036,社会,基础设施,使用互联网的人口比例,Individuals using the Internet (% of population)_x,正向,世界银行WDI数据库,0.0935407335307569,0.0233851833826892,Social,Infrastructure,Individuals using the Internet (% of population),Positive
SWZ,Swaziland,斯威士兰,748,0.04562554381711426,0.6302239826213906,S,1.28159,53.9953,0.5845984388042763,0.5845984388042763,52.71371,Improved,Observed both endpoints,Increased,Positive indicator: raw increase is improvement,0.013670941696671811,0.0546837667866873,社会,基础设施,使用互联网的人口比例,Individuals using the Internet (% of population)_x,正向,世界银行WDI数据库,0.0935407335307569,0.0233851833826892,Social,Infrastructure,Individuals using the Internet (% of population),Positive
SYC,Seychelles,塞舌尔,690,0.1535707965812588,1.0,E,11.0151,87.3383,0.8464292034187412,0.8464292034187412,76.3232,Improved,Observed both endpoints,Increased,Positive indicator: raw increase is improvement,0.019793902142410804,0.0791756085696433,社会,基础设施,使用互联网的人口比例,Individuals using the Internet (% of population)_x,正向,世界银行WDI数据库,0.0935407335307569,0.0233851833826892,Social,Infrastructure,Individuals using the Internet (% of population),Positive
TCD,Chad,乍得,148,0.03192204030656089,0.1770063206770053,C,0.0459341,13.1283,0.1450842803704444,0.1450842803704444,13.0823659,Improved,Observed both endpoints,Increased,Positive indicator: raw increase is improvement,0.0033928225024083374,0.013571290009633363,社会,基础设施,使用互联网的人口比例,Individuals using the Internet (% of population)_x,正向,世界银行WDI数据库,0.0935407335307569,0.0233851833826892,Social,Infrastructure,Individuals using the Internet (% of population),Positive
TGO,Togo,多哥,768,0.04139368614169503,0.3678674380535943,W,0.9,30.3384,0.32647375191189926,0.32647375191189926,29.4384,Improved,Observed both endpoints,Increased,Positive indicator: raw increase is improvement,0.007634648558094343,0.030538594232377404,社会,基础设施,使用互联网的人口比例,Individuals using the Internet (% of population)_x,正向,世界银行WDI数据库,0.0935407335307569,0.0233851833826892,Social,Infrastructure,Individuals using the Internet (% of population),Positive
TZA,Tanzania,坦桑尼亚,834,0.03331235621146102,0.2424720798524745,E,0.1713,19.0314,0.20915972364101348,0.20915972364101348,18.860100000000003,Improved,Observed both endpoints,Increased,Positive indicator: raw increase is improvement,0.004891238493617694,0.019564953974470795,社会,基础设施,使用互联网的人口比例,Individuals using the Internet (% of population)_x,正向,世界银行WDI数据库,0.0935407335307569,0.0233851833826892,Social,Infrastructure,Individuals using the Internet (% of population),Positive
UGA,Uganda,乌干达,800,0.03405145355357772,0.1423132722060967,E,0.237945,10.0,0.10826181865251899,0.10826181865251899,9.762055,Improved,Observed both endpoints,Increased,Positive indicator: raw increase is improvement,0.0025317224825325987,0.010126889930130407,社会,基础设施,使用互联网的人口比例,Individuals using the Internet (% of population)_x,正向,世界银行WDI数据库,0.0935407335307569,0.0233851833826892,Social,Infrastructure,Individuals using the Internet (% of population),Positive
ZAF,South Africa,南非,710,0.1017970527186282,0.8628192303581506,S,6.34662,74.9686,0.7610221776395224,0.7610221776395224,68.62198,Improved,Observed both endpoints,Increased,Positive indicator: raw increase is improvement,0.01779664318239371,0.0711865727295749,社会,基础设施,使用互联网的人口比例,Individuals using the Internet (% of population)_x,正向,世界银行WDI数据库,0.0935407335307569,0.0233851833826892,Social,Infrastructure,Individuals using the Internet (% of population),Positive
ZMB,Zambia,赞比亚,894,0.03399805489347881,0.3918397212664306,S,0.23313,32.5,0.3578416663729518,0.3578416663729518,32.26687,Improved,Observed both endpoints,Increased,Positive indicator: raw increase is improvement,0.008368192990098566,0.0334727719603943,社会,基础设施,使用互联网的人口比例,Individuals using the Internet (% of population)_x,正向,世界银行WDI数据库,0.0935407335307569,0.0233851833826892,Social,Infrastructure,Individuals using the Internet (% of population),Positive
ZWE,Zimbabwe,津巴布韦,716,0.04028297183150886,0.4428174203062367,S,0.799846,37.0967,0.40253444847472786,0.40253444847472786,36.296853999999996,Improved,Observed both endpoints,Increased,Positive indicator: raw increase is improvement,0.009413341895431167,0.03765336758172471,社会,基础设施,使用互联网的人口比例,Individuals using the Internet (% of population)_x,正向,世界银行WDI数据库,0.0935407335307569,0.0233851833826892,Social,Infrastructure,Individuals using the Internet (% of population),Positive
AGO,Angola,安哥拉,24,0.1150192973086605,0.1286215402516397,S,37211.25018115784,41540.6373,0.013602242942979181,0.013602242942979181,4329.387118842162,Improved,Observed both endpoints,Increased,Positive indicator: raw increase is improvement,0.00047206353603522076,0.0018882541441408857,经济,产业发展,每工人工业增加值,"Industry (including construction), value added per worker (constant 2015 US$)_x",正向,世界银行WDI数据库,0.1388193220821358,0.0347048305205339,Economic,Industrial development,Industry value added per worker,Positive
BDI,Burundi,布隆迪,108,0.0145499874313959,0.00777578050477781,E,5233.396393,3077.269324,-0.00677420692661809,-0.00677420692661809,-2156.127069,Deteriorated,Observed both endpoints,Decreased,Positive indicator: raw increase is improvement,-0.00023509770329930763,-0.0009403908131972319,经济,产业发展,每工人工业增加值,"Industry (including construction), value added per worker (constant 2015 US$)_x",正向,世界银行WDI数据库,0.1388193220821358,0.0347048305205339,Economic,Industrial development,Industry value added per worker,Positive
BEN,Benin,贝宁,204,0.005196311071790172,0.005907651823591429,W,2256.263422,2482.672368,0.0007113407518012571,0.0007113407518012571,226.40894600000001,Improved,Observed both endpoints,Increased,Positive indicator: raw increase is improvement,2.4686960233611795e-05,9.874784093444732e-05,经济,产业发展,每工人工业增加值,"Industry (including construction), value added per worker (constant 2015 US$)_x",正向,世界银行WDI数据库,0.1388193220821358,0.0347048305205339,Economic,Industrial development,Industry value added per worker,Positive
BFA,Burkina Faso,布基纳法索,854,0.006071035659924263,0.007934303970712986,W,2534.674959,3127.724933,0.0018632683107887233,0.0018632683107887233,593.049974,Improved,Observed both endpoints,Increased,Positive indicator: raw increase is improvement,6.466441094020412e-05,0.00025865764376081687,经济,产业发展,每工人工业增加值,"Industry (including construction), value added per worker (constant 2015 US$)_x",正向,世界银行WDI数据库,0.1388193220821358,0.0347048305205339,Economic,Industrial development,Industry value added per worker,Positive
BWA,Botswana,博茨瓦纳,72,0.1193253795862676,0.1321121143674102,S,38581.8107,42651.63397,0.012786734781142589,0.012786734781142589,4069.823270000001,Improved,Observed both endpoints,Increased,Positive indicator: raw increase is improvement,0.0004437614634905697,0.0017750458539622811,经济,产业发展,每工人工业增加值,"Industry (including construction), value added per worker (constant 2015 US$)_x",正向,世界银行WDI数据库,0.1388193220821358,0.0347048305205339,Economic,Industrial development,Industry value added per worker,Positive
CAF,Central African Republic,中非,140,0.006458906575602168,0.005486581393185017,C,2658.128374230771,2348.652052,-0.0009723251824171513,-0.0009723251824171513,-309.4763222307711,Deteriorated,Observed both endpoints,Decreased,Positive indicator: raw increase is improvement,-3.3744380666634445e-05,-0.00013497752266653797,经济,产业发展,每工人工业增加值,"Industry (including construction), value added per worker (constant 2015 US$)_x",正向,世界银行WDI数据库,0.1388193220821358,0.0347048305205339,Economic,Industrial development,Industry value added per worker,Positive
CIV,Côte d'Ivoire,科特迪瓦,384,0.009614849670261664,0.03010053037535687,W,3662.6170779757663,10182.89778,0.020485680705095207,0.020485680705095207,6520.280702024233,Improved,Observed both endpoints,Increased,Positive indicator: raw increase is improvement,0.0007109520769681006,0.002843808307872406,经济,产业发展,每工人工业增加值,"Industry (including construction), value added per worker (constant 2015 US$)_x",正向,世界银行WDI数据库,0.1388193220821358,0.0347048305205339,Economic,Industrial development,Industry value added per worker,Positive
CMR,Cameroon,喀麦隆,120,0.01999302999684344,0.0199206351658711,C,6965.834085,6942.791911,-7.239483097233948e-05,-7.239483097233948e-05,-23.04217400000016,Deteriorated,Observed both endpoints,Decreased,Positive indicator: raw increase is improvement,-2.51245033945774e-06,-1.0049801357830974e-05,经济,产业发展,每工人工业增加值,"Industry (including construction), value added per worker (constant 2015 US$)_x",正向,世界银行WDI数据库,0.1388193220821358,0.0347048305205339,Economic,Industrial development,Industry value added per worker,Positive
COD,"Congo, Dem. Rep.",刚果（金）,180,0.00831949175404596,0.02465340504812883,C,3250.324348,8449.160607,0.01633391329408287,0.01633391329408287,5198.836259,Improved,Observed both endpoints,Increased,Positive indicator: raw increase is improvement,0.0005668656926082416,0.0022674627704329696,经济,产业发展,每工人工业增加值,"Industry (including construction), value added per worker (constant 2015 US$)_x",正向,世界银行WDI数据库,0.1388193220821358,0.0347048305205339,Economic,Industrial development,Industry value added per worker,Positive
COG,"Congo, Rep.",刚果（布）,178,0.04730945430328251,0.04032987598650467,C,15660.23662,13438.74296,-0.00697957831677784,-0.00697957831677784,-2221.49366,Deteriorated,Observed both endpoints,Decreased,Positive indicator: raw increase is improvement,-0.00024222508258856822,-0.0009689003303542742,经济,产业发展,每工人工业增加值,"Industry (including construction), value added per worker (constant 2015 US$)_x",正向,世界银行WDI数据库,0.1388193220821358,0.0347048305205339,Economic,Industrial development,Industry value added per worker,Positive
COM,Comoros,科摩罗,174,0.01199939947222828,0.004624153245378764,E,4421.583025,2074.154285,-0.007375246226849516,-0.007375246226849516,-2347.42874,Deteriorated,Observed both endpoints,Decreased,Positive indicator: raw increase is improvement,-0.0002559566703500196,-0.0010238266814000796,经济,产业发展,每工人工业增加值,"Industry (including construction), value added per worker (constant 2015 US$)_x",正向,世界银行WDI数据库,0.1388193220821358,0.0347048305205339,Economic,Industrial development,Industry value added per worker,Positive
CPV,Cape Verde,佛得角,132,0.01541816631572365,0.01542615636750364,W,5509.724532,5512.267644,7.990051779989404e-06,7.990051779989404e-06,2.5431119999993825,Improved,Observed both endpoints,Increased,Positive indicator: raw increase is improvement,2.772933928748225e-07,1.1091735714992915e-06,经济,产业发展,每工人工业增加值,"Industry (including construction), value added per worker (constant 2015 US$)_x",正向,世界银行WDI数据库,0.1388193220821358,0.0347048305205339,Economic,Industrial development,Industry value added per worker,Positive
DJI,Djibouti,吉布提,262,,0.1332711716480472,E,,43020.54428,,,,Missing endpoint,Missing 2001 endpoint,Missing endpoint,Positive indicator: raw increase is improvement,,,经济,产业发展,每工人工业增加值,"Industry (including construction), value added per worker (constant 2015 US$)_x",正向,世界银行WDI数据库,0.1388193220821358,0.0347048305205339,Economic,Industrial development,Industry value added per worker,Positive
ERI,Eritrea,厄立特里亚,232,,,E,,,,,,Missing endpoint,Missing both endpoints,Missing endpoint,Positive indicator: raw increase is improvement,,,经济,产业发展,每工人工业增加值,"Industry (including construction), value added per worker (constant 2015 US$)_x",正向,世界银行WDI数据库,0.1388193220821358,0.0347048305205339,Economic,Industrial development,Industry value added per worker,Positive
ETH,Ethiopia,埃塞俄比亚,231,0.001093624954404282,0.02153331881780006,E,950.4408085,7456.084598,0.020439693863395777,0.020439693863395777,6505.6437895,Improved,Observed both endpoints,Increased,Positive indicator: raw increase is improvement,0.0007093561114207473,0.002837424445682993,经济,产业发展,每工人工业增加值,"Industry (including construction), value added per worker (constant 2015 US$)_x",正向,世界银行WDI数据库,0.1388193220821358,0.0347048305205339,Economic,Industrial development,Industry value added per worker,Positive
GAB,Gabon,加蓬,266,0.634608115407799,0.2151894528105253,C,202588.4711,69093.88768,-0.4194186625972738,-0.4194186625972738,-133494.58341999998,Deteriorated,Observed both endpoints,Decreased,Positive indicator: raw increase is improvement,-0.014555853602587376,-0.05822341441034959,经济,产业发展,每工人工业增加值,"Industry (including construction), value added per worker (constant 2015 US$)_x",正向,世界银行WDI数据库,0.1388193220821358,0.0347048305205339,Economic,Industrial development,Industry value added per worker,Positive
GHA,Ghana,加纳,288,0.004335345230508937,0.03664199517933815,W,1982.2310849338537,12264.94657,0.032306649948829216,0.032306649948829216,10282.715485066146,Improved,Observed both endpoints,Increased,Positive indicator: raw increase is improvement,0.0011211968111603332,0.004484787244641339,经济,产业发展,每工人工业增加值,"Industry (including construction), value added per worker (constant 2015 US$)_x",正向,世界银行WDI数据库,0.1388193220821358,0.0347048305205339,Economic,Industrial development,Industry value added per worker,Positive
GIN,Guinea,几内亚,324,0.0356418594389448,0.0229815836452213,W,11946.61857,7917.045273,-0.012660275793723502,-0.012660275793723502,-4029.573297000001,Deteriorated,Observed both endpoints,Decreased,Positive indicator: raw increase is improvement,-0.00043937272576439194,-0.0017574909030575701,经济,产业发展,每工人工业增加值,"Industry (including construction), value added per worker (constant 2015 US$)_x",正向,世界银行WDI数据库,0.1388193220821358,0.0347048305205339,Economic,Industrial development,Industry value added per worker,Positive
GMB,"Gambia, The",冈比亚,270,0.004166279571221116,0.007349397231842316,W,1928.4200560743047,2941.558011,0.0031831176606212,0.0031831176606212,1013.1379549256953,Improved,Observed both endpoints,Increased,Positive indicator: raw increase is improvement,0.0001104695589387771,0.000441878235755109,经济,产业发展,每工人工业增加值,"Industry (including construction), value added per worker (constant 2015 US$)_x",正向,世界银行WDI数据库,0.1388193220821358,0.0347048305205339,Economic,Industrial development,Industry value added per worker,Positive
GNB,Guinea-Bissau,几内亚（比绍）,624,0.007646872732465217,0.008165745930711385,W,3036.23994,3201.38939,0.0005188731982461682,0.0005188731982461682,165.1494499999999,Improved,Observed both endpoints,Increased,Positive indicator: raw increase is improvement,1.8007406406780654e-05,7.202962562712271e-05,经济,产业发展,每工人工业增加值,"Industry (including construction), value added per worker (constant 2015 US$)_x",正向,世界银行WDI数据库,0.1388193220821358,0.0347048305205339,Economic,Industrial development,Industry value added per worker,Positive
GNQ,Equatorial Guinea,赤道几内亚,226,1.0,0.2569324242037176,C,318887.15250970423,82380.04081,-0.7430675757962824,-0.7430675757962824,-236507.11169970423,Deteriorated,Observed both endpoints,Decreased,Positive indicator: raw increase is improvement,-0.025788034283313957,-0.10315213713325597,经济,产业发展,每工人工业增加值,"Industry (including construction), value added per worker (constant 2015 US$)_x",正向,世界银行WDI数据库,0.1388193220821358,0.0347048305205339,Economic,Industrial development,Industry value added per worker,Positive
KEN,Kenya,肯尼亚,404,0.01609294256570126,0.02041916425065825,E,5724.495553,7101.466139,0.004326221684956992,0.004326221684956992,1376.9705860000004,Improved,Observed both endpoints,Increased,Positive indicator: raw increase is improvement,0.000150140790370691,0.0006005631614827649,经济,产业发展,每工人工业增加值,"Industry (including construction), value added per worker (constant 2015 US$)_x",正向,世界银行WDI数据库,0.1388193220821358,0.0347048305205339,Economic,Industrial development,Industry value added per worker,Positive
LBR,Liberia,利比里亚,430,0.0007044621948352143,0.008687351876519527,W,826.576219,3367.408632,0.007982889681684313,0.007982889681684313,2540.832413,Improved,Observed both endpoints,Increased,Positive indicator: raw increase is improvement,0.0002770448334669729,0.0011081793338678931,经济,产业发展,每工人工业增加值,"Industry (including construction), value added per worker (constant 2015 US$)_x",正向,世界银行WDI数据库,0.1388193220821358,0.0347048305205339,Economic,Industrial development,Industry value added per worker,Positive
LSO,Lesotho,莱索托,426,0.0110587533312255,0.008286719007328303,S,4122.18966,3239.893281,-0.002772034323897197,-0.002772034323897197,-882.2963789999999,Deteriorated,Observed both endpoints,Decreased,Positive indicator: raw increase is improvement,-9.6202981407955e-05,-0.0003848119256318205,经济,产业发展,每工人工业增加值,"Industry (including construction), value added per worker (constant 2015 US$)_x",正向,世界银行WDI数据库,0.1388193220821358,0.0347048305205339,Economic,Industrial development,Industry value added per worker,Positive
MDG,Madagascar,马达加斯加,450,0.005744965262161014,0.003801199059766046,E,2430.891709,1812.22048,-0.0019437662023949675,-0.0019437662023949675,-618.671229,Deteriorated,Observed both endpoints,Decreased,Positive indicator: raw increase is improvement,-6.745807662565914e-05,-0.0002698323065026369,经济,产业发展,每工人工业增加值,"Industry (including construction), value added per worker (constant 2015 US$)_x",正向,世界银行WDI数据库,0.1388193220821358,0.0347048305205339,Economic,Industrial development,Industry value added per worker,Positive
MLI,Mali,马里,466,0.006636434979401842,0.01921466272893134,W,2714.632966,6718.091618,0.012578227749529498,0.012578227749529498,4003.4586520000003,Improved,Observed both endpoints,Increased,Positive indicator: raw increase is improvement,0.00043652526229609776,0.0017461010491843934,经济,产业发展,每工人工业增加值,"Industry (including construction), value added per worker (constant 2015 US$)_x",正向,世界银行WDI数据库,0.1388193220821358,0.0347048305205339,Economic,Industrial development,Industry value added per worker,Positive
MOZ,Mozambique,莫桑比克,508,0.009065960372915148,0.01105177260192694,S,3487.91396,4119.9678,0.001985812229011792,0.001985812229011792,632.0538400000005,Improved,Observed both endpoints,Increased,Positive indicator: raw increase is improvement,6.89172768534579e-05,0.000275669107413832,经济,产业发展,每工人工业增加值,"Industry (including construction), value added per worker (constant 2015 US$)_x",正向,世界银行WDI数据库,0.1388193220821358,0.0347048305205339,Economic,Industrial development,Industry value added per worker,Positive
MUS,Mauritius,毛里求斯,480,0.0239621030449019,0.06047707413317056,S,8229.12969,19851.28981,0.036514971088268657,0.036514971088268657,11622.160119999999,Improved,Observed both endpoints,Increased,Positive indicator: raw increase is improvement,0.001267245883080559,0.005068983532322244,经济,产业发展,每工人工业增加值,"Industry (including construction), value added per worker (constant 2015 US$)_x",正向,世界银行WDI数据库,0.1388193220821358,0.0347048305205339,Economic,Industrial development,Industry value added per worker,Positive
MWI,Malawi,马拉维,454,0.004354532132129365,0.01115579492227289,S,1988.337984,4153.076523,0.006801262790143525,0.006801262790143525,2164.738539,Improved,Observed both endpoints,Increased,Positive indicator: raw increase is improvement,0.00023603667245754455,0.0009441466898301795,经济,产业发展,每工人工业增加值,"Industry (including construction), value added per worker (constant 2015 US$)_x",正向,世界银行WDI数据库,0.1388193220821358,0.0347048305205339,Economic,Industrial development,Industry value added per worker,Positive
NAM,Namibia,纳米比亚,516,0.07550877021693266,0.06307228458823841,S,24635.65013,20677.30584,-0.012436485628694247,-0.012436485628694247,-3958.344290000001,Deteriorated,Observed both endpoints,Decreased,Positive indicator: raw increase is improvement,-0.0004316061260148893,-0.0017264245040595596,经济,产业发展,每工人工业增加值,"Industry (including construction), value added per worker (constant 2015 US$)_x",正向,世界银行WDI数据库,0.1388193220821358,0.0347048305205339,Economic,Industrial development,Industry value added per worker,Positive
NER,Niger,尼日尔,562,0.007584977793548939,0.008495082337449618,W,3016.539722,3306.212161,0.000910104543900679,0.000910104543900679,289.67243899999994,Improved,Observed both endpoints,Increased,Positive indicator: raw increase is improvement,3.158502395204087e-05,0.00012634009580816364,经济,产业发展,每工人工业增加值,"Industry (including construction), value added per worker (constant 2015 US$)_x",正向,世界银行WDI数据库,0.1388193220821358,0.0347048305205339,Economic,Industrial development,Industry value added per worker,Positive
NGA,Nigeria,尼日利亚,566,0.03787597143288056,0.01238244354964505,W,12657.70245,4543.500131,-0.025493527883235508,-0.025493527883235508,-8114.202319000001,Deteriorated,Observed both endpoints,Decreased,Positive indicator: raw increase is improvement,-0.0008847485645581936,-0.0035389942582327795,经济,产业发展,每工人工业增加值,"Industry (including construction), value added per worker (constant 2015 US$)_x",正向,世界银行WDI数据库,0.1388193220821358,0.0347048305205339,Economic,Industrial development,Industry value added per worker,Positive
RWA,Rwanda,卢旺达,646,0.008842446554733551,0.01017032874530258,E,3416.77291,3839.417622,0.0013278821905690283,0.0013278821905690283,422.6447119999998,Improved,Observed both endpoints,Increased,Positive indicator: raw increase is improvement,4.608392637493343e-05,0.00018433570549973395,经济,产业发展,每工人工业增加值,"Industry (including construction), value added per worker (constant 2015 US$)_x",正向,世界银行WDI数据库,0.1388193220821358,0.0347048305205339,Economic,Industrial development,Industry value added per worker,Positive
SEN,Senegal,塞内加尔,686,0.02055030771882931,0.01332492787772916,W,7143.207111,4843.478563,-0.007225379841100148,-0.007225379841100148,-2299.728548,Deteriorated,Observed both endpoints,Decreased,Positive indicator: raw increase is improvement,-0.0002507555828318628,-0.0010030223313274526,经济,产业发展,每工人工业增加值,"Industry (including construction), value added per worker (constant 2015 US$)_x",正向,世界银行WDI数据库,0.1388193220821358,0.0347048305205339,Economic,Industrial development,Industry value added per worker,Positive
SLE,Sierra Leone,塞拉利昂,694,0.01128508974103441,0.01470962646114241,W,4194.229098,5284.207069,0.003424536720108,0.003424536720108,1089.9779710000003,Improved,Observed both endpoints,Increased,Positive indicator: raw increase is improvement,0.00011884796648269318,0.00047539186593077335,经济,产业发展,每工人工业增加值,"Industry (including construction), value added per worker (constant 2015 US$)_x",正向,世界银行WDI数据库,0.1388193220821358,0.0347048305205339,Economic,Industrial development,Industry value added per worker,Positive
STP,São Tomé and Principe,圣多美和普林西比,678,0.01106876874741874,0.01429843916068928,C,4125.377414698887,5153.332403,0.0032296704132705398,0.0032296704132705398,1027.9549883011132,Improved,Observed both endpoints,Increased,Positive indicator: raw increase is improvement,0.00011208516432973676,0.0004483406573189477,经济,产业发展,每工人工业增加值,"Industry (including construction), value added per worker (constant 2015 US$)_x",正向,世界银行WDI数据库,0.1388193220821358,0.0347048305205339,Economic,Industrial development,Industry value added per worker,Positive
SWZ,Swaziland,斯威士兰,748,0.04569793931226603,0.1104723392075642,S,15147.3159,35764.02255,0.06477439989529818,0.06477439989529818,20616.70665,Improved,Observed both endpoints,Increased,Positive indicator: raw increase is improvement,0.002247984570435612,0.00899193828174246,经济,产业发展,每工人工业增加值,"Industry (including construction), value added per worker (constant 2015 US$)_x",正向,世界银行WDI数据库,0.1388193220821358,0.0347048305205339,Economic,Industrial development,Industry value added per worker,Positive
SYC,Seychelles,塞舌尔,690,,,E,,,,,,Missing endpoint,Missing both endpoints,Missing endpoint,Positive indicator: raw increase is improvement,,,经济,产业发展,每工人工业增加值,"Industry (including construction), value added per worker (constant 2015 US$)_x",正向,世界银行WDI数据库,0.1388193220821358,0.0347048305205339,Economic,Industrial development,Industry value added per worker,Positive
TCD,Chad,乍得,148,0.07452764552942695,0.02882058108386655,C,24323.37305908813,9775.509381,-0.0457070644455604,-0.0457070644455604,-14547.863678088132,Deteriorated,Observed both endpoints,Decreased,Positive indicator: raw increase is improvement,-0.0015862559251742943,-0.006345023700697187,经济,产业发展,每工人工业增加值,"Industry (including construction), value added per worker (constant 2015 US$)_x",正向,世界银行WDI数据库,0.1388193220821358,0.0347048305205339,Economic,Industrial development,Industry value added per worker,Positive
TGO,Togo,多哥,768,0.01440440365988878,0.007511011467467666,W,5187.059292,2992.997365,-0.0068933921924211146,-0.0068933921924211146,-2194.0619269999997,Deteriorated,Observed both endpoints,Decreased,Positive indicator: raw increase is improvement,-0.0002392340077495464,-0.0009569360309981869,经济,产业发展,每工人工业增加值,"Industry (including construction), value added per worker (constant 2015 US$)_x",正向,世界银行WDI数据库,0.1388193220821358,0.0347048305205339,Economic,Industrial development,Industry value added per worker,Positive
TZA,Tanzania,坦桑尼亚,834,0.007207128328068761,0.02309330699945765,E,2896.275982,7952.605118,0.01588617867138889,0.01588617867138889,5056.329136,Improved,Observed both endpoints,Increased,Positive indicator: raw increase is improvement,0.0005513271384094718,0.0022053085536378903,经济,产业发展,每工人工业增加值,"Industry (including construction), value added per worker (constant 2015 US$)_x",正向,世界银行WDI数据库,0.1388193220821358,0.0347048305205339,Economic,Industrial development,Industry value added per worker,Positive
UGA,Uganda,乌干达,800,0.0038082518408883,0.02521624979694994,E,1814.465273,8628.305533,0.02140799795606164,0.02140799795606164,6813.840260000001,Improved,Observed both endpoints,Increased,Positive indicator: raw increase is improvement,0.0007429609408490554,0.0029718437633962256,经济,产业发展,每工人工业增加值,"Industry (including construction), value added per worker (constant 2015 US$)_x",正向,世界银行WDI数据库,0.1388193220821358,0.0347048305205339,Economic,Industrial development,Industry value added per worker,Positive
ZAF,South Africa,南非,710,0.05518994737846794,0.07212322848232196,S,18168.47775,23558.08367,0.016933281103854017,0.016933281103854017,5389.605920000002,Improved,Observed both endpoints,Increased,Positive indicator: raw increase is improvement,0.0005876666508658129,0.0023506666034632546,经济,产业发展,每工人工业增加值,"Industry (including construction), value added per worker (constant 2015 US$)_x",正向,世界银行WDI数据库,0.1388193220821358,0.0347048305205339,Economic,Industrial development,Industry value added per worker,Positive
ZMB,Zambia,赞比亚,894,0.05178095956633106,0.04042176337910731,S,17083.44876,13467.98932,-0.011359196187223752,-0.011359196187223752,-3615.4594399999987,Deteriorated,Observed both endpoints,Decreased,Positive indicator: raw increase is improvement,-0.0003942189785270952,-0.0015768759141083829,经济,产业发展,每工人工业增加值,"Industry (including construction), value added per worker (constant 2015 US$)_x",正向,世界银行WDI数据库,0.1388193220821358,0.0347048305205339,Economic,Industrial development,Industry value added per worker,Positive
ZWE,Zimbabwe,津巴布韦,716,0.02739224257426435,0.02313495115642299,S,9320.89095,7965.85982,-0.004257291417841359,-0.004257291417841359,-1355.0311300000012,Deteriorated,Observed both endpoints,Decreased,Positive indicator: raw increase is improvement,-0.00014774857713270782,-0.0005909943085308321,经济,产业发展,每工人工业增加值,"Industry (including construction), value added per worker (constant 2015 US$)_x",正向,世界银行WDI数据库,0.1388193220821358,0.0347048305205339,Economic,Industrial development,Industry value added per worker,Positive
AGO,Angola,安哥拉,24,0.8185082956235605,0.9391604143578243,S,106.3521255,35.65369228,0.12065211873426374,0.12065211873426374,-70.69843322,Improved,Observed both endpoints,Decreased,Negative indicator: raw decrease is improvement,0.002480064245543004,0.00992025698217204,经济,发展质量,通货膨胀率,"Inflation, GDP deflator (annual %)",负向,世界银行WDI数据库,0.0822219873653558,0.0205554968413389,Economic,Development quality,"Inflation, GDP deflator (annual %)",Negative
BDI,Burundi,布隆迪,108,0.9765980187444823,0.9827579222095424,E,13.71640679,10.10689269,0.006159903465060124,0.006159903465060124,-3.6095141,Improved,Observed both endpoints,Decreased,Negative indicator: raw decrease is improvement,0.00012661987621899592,0.0005064795048759849,经济,发展质量,通货膨胀率,"Inflation, GDP deflator (annual %)",负向,世界银行WDI数据库,0.0822219873653558,0.0205554968413389,Economic,Development quality,"Inflation, GDP deflator (annual %)",Negative
BEN,Benin,贝宁,204,0.996643645586659,0.997243609674492,W,1.970285582,1.618725067,0.000599964087833027,0.000599964087833027,-0.3515605150000001,Improved,Observed both endpoints,Decreased,Negative indicator: raw decrease is improvement,1.2332559912368562e-05,4.933023964947436e-05,经济,发展质量,通货膨胀率,"Inflation, GDP deflator (annual %)",负向,世界银行WDI数据库,0.0822219873653558,0.0205554968413389,Economic,Development quality,"Inflation, GDP deflator (annual %)",Negative
BFA,Burkina Faso,布基纳法索,854,0.9932454002226285,0.9998134747619692,W,3.961552917,0.112863113,0.006568074539340718,0.006568074539340718,-3.848689804,Improved,Observed both endpoints,Decreased,Negative indicator: raw decrease is improvement,0.0001350100354470966,0.0005400401417883877,经济,发展质量,通货膨胀率,"Inflation, GDP deflator (annual %)",负向,世界银行WDI数据库,0.0822219873653558,0.0205554968413389,Economic,Development quality,"Inflation, GDP deflator (annual %)",Negative
BWA,Botswana,博茨瓦纳,72,0.9858196317565929,0.985702357907576,S,8.312825,8.381543871,-0.00011727384901694116,-0.00011727384901694116,0.06871887099999974,Deteriorated,Observed both endpoints,Increased,Negative indicator: raw decrease is improvement,-2.410622233039389e-06,-9.64248893215758e-06,经济,发展质量,通货膨胀率,"Inflation, GDP deflator (annual %)",负向,世界银行WDI数据库,0.0822219873653558,0.0205554968413389,Economic,Development quality,"Inflation, GDP deflator (annual %)",Negative
CAF,Central African Republic,中非,140,0.9992791881001746,0.9945693373224122,C,0.425938675,3.185766469,-0.0047098507777624254,-0.0047098507777624254,2.759827794,Deteriorated,Observed both endpoints,Increased,Negative indicator: raw decrease is improvement,-9.68133227854731e-05,-0.0003872532911418933,经济,发展质量,通货膨胀率,"Inflation, GDP deflator (annual %)",负向,世界银行WDI数据库,0.0822219873653558,0.0205554968413389,Economic,Development quality,"Inflation, GDP deflator (annual %)",Negative
CIV,Côte d'Ivoire,科特迪瓦,384,0.9882717334130604,0.993299023414028,W,6.875968797,3.930131375,0.005027290000967577,0.005027290000967577,-2.9458374219999994,Improved,Observed both endpoints,Decreased,Negative indicator: raw decrease is improvement,0.00010333844373538366,0.0004133537749415356,经济,发展质量,通货膨胀率,"Inflation, GDP deflator (annual %)",负向,世界银行WDI数据库,0.0822219873653558,0.0205554968413389,Economic,Development quality,"Inflation, GDP deflator (annual %)",Negative
CMR,Cameroon,喀麦隆,120,0.995791939936509,0.995021113808389,C,2.469358915,2.921039334,-0.0007708261281200723,-0.0007708261281200723,0.4516804190000001,Deteriorated,Observed both endpoints,Increased,Negative indicator: raw decrease is improvement,-1.584471404179364e-05,-6.337885616717472e-05,经济,发展质量,通货膨胀率,"Inflation, GDP deflator (annual %)",负向,世界银行WDI数据库,0.0822219873653558,0.0205554968413389,Economic,Development quality,"Inflation, GDP deflator (annual %)",Negative
COD,"Congo, Dem. Rep.",刚果（金）,180,0.87532426905921,0.9525768924095075,C,73.05971136,27.79204851,0.07725262335029748,0.07725262335029748,-45.267662849999994,Improved,Observed both endpoints,Decreased,Negative indicator: raw decrease is improvement,0.0015879660552621836,0.006351864221048749,经济,发展质量,通货膨胀率,"Inflation, GDP deflator (annual %)",负向,世界银行WDI数据库,0.0822219873653558,0.0205554968413389,Economic,Development quality,"Inflation, GDP deflator (annual %)",Negative
COG,"Congo, Rep.",刚果（布）,178,0.9795757847418992,0.9602587466913154,C,11.97152744,23.29071801,-0.019317038050583824,-0.019317038050583824,11.31919057,Deteriorated,Observed both endpoints,Increased,Negative indicator: raw decrease is improvement,-0.0003970713146327991,-0.0015882852585312004,经济,发展质量,通货膨胀率,"Inflation, GDP deflator (annual %)",负向,世界银行WDI数据库,0.0822219873653558,0.0205554968413389,Economic,Development quality,"Inflation, GDP deflator (annual %)",Negative
COM,Comoros,科摩罗,174,0.9873757267874278,0.9980134657585588,E,7.40100114,1.167613064,0.010637738971130961,0.010637738971130961,-6.233388076,Improved,Observed both endpoints,Decreased,Negative indicator: raw decrease is improvement,0.0002186640098200702,0.0008746560392802828,经济,发展质量,通货膨胀率,"Inflation, GDP deflator (annual %)",负向,世界银行WDI数据库,0.0822219873653558,0.0205554968413389,Economic,Development quality,"Inflation, GDP deflator (annual %)",Negative
CPV,Cape Verde,佛得角,132,0.991208122583248,0.997702377663695,W,5.155334996,1.349901126,0.006494255080446987,0.006494255080446987,-3.80543387,Improved,Observed both endpoints,Decreased,Negative indicator: raw decrease is improvement,0.00013349263979297714,0.0005339705591719099,经济,发展质量,通货膨胀率,"Inflation, GDP deflator (annual %)",负向,世界银行WDI数据库,0.0822219873653558,0.0205554968413389,Economic,Development quality,"Inflation, GDP deflator (annual %)",Negative
DJI,Djibouti,吉布提,262,,0.9942826563199977,E,,3.353752725,,,,Missing endpoint,Missing 2001 endpoint,Missing endpoint,Negative indicator: raw decrease is improvement,,,经济,发展质量,通货膨胀率,"Inflation, GDP deflator (annual %)",负向,世界银行WDI数据库,0.0822219873653558,0.0205554968413389,Economic,Development quality,"Inflation, GDP deflator (annual %)",Negative
ERI,Eritrea,厄立特里亚,232,0.974275605482378,1.0,E,15.07726958,0.0035650565455398,0.025724394517621985,0.025724394517621985,-15.07370452345446,Improved,Observed both endpoints,Decreased,Negative indicator: raw decrease is improvement,0.0005287777102523344,0.002115110841009343,经济,发展质量,通货膨胀率,"Inflation, GDP deflator (annual %)",负向,世界银行WDI数据库,0.0822219873653558,0.0205554968413389,Economic,Development quality,"Inflation, GDP deflator (annual %)",Negative
ETH,Ethiopia,埃塞俄比亚,231,0.9901841775014536,0.9628654455981145,E,5.755335342,21.76327257,-0.02731873190333911,-0.02731873190333911,16.007937228000003,Deteriorated,Observed both endpoints,Increased,Negative indicator: raw decrease is improvement,-0.0005615501073484713,-0.0022462004293938905,经济,发展质量,通货膨胀率,"Inflation, GDP deflator (annual %)",负向,世界银行WDI数据库,0.0822219873653558,0.0205554968413389,Economic,Development quality,"Inflation, GDP deflator (annual %)",Negative
GAB,Gabon,加蓬,266,0.999718255059463,0.965297080629904,C,0.168658932,20.33840918,-0.03442117442955894,-0.03442117442955894,20.169750248,Deteriorated,Observed both endpoints,Increased,Negative indicator: raw decrease is improvement,-0.0007075443422619742,-0.0028301773690479035,经济,发展质量,通货膨胀率,"Inflation, GDP deflator (annual %)",负向,世界银行WDI数据库,0.0822219873653558,0.0205554968413389,Economic,Development quality,"Inflation, GDP deflator (annual %)",Negative
GHA,Ghana,加纳,288,0.9405866806507573,0.9793461239076919,W,34.81794407,12.10610163,0.03875944325693459,0.03875944325693459,-22.711842440000005,Improved,Observed both endpoints,Decreased,Negative indicator: raw decrease is improvement,0.0007967196134399733,0.003186878453759901,经济,发展质量,通货膨胀率,"Inflation, GDP deflator (annual %)",负向,世界银行WDI数据库,0.0822219873653558,0.0205554968413389,Economic,Development quality,"Inflation, GDP deflator (annual %)",Negative
GIN,Guinea,几内亚,324,0.997015438573712,0.9795505779249101,W,1.752426319,11.98629786,-0.017464860648801928,-0.017464860648801928,10.233871541000001,Deteriorated,Observed both endpoints,Increased,Negative indicator: raw decrease is improvement,-0.0003589988879008721,-0.0014359955516034916,经济,发展质量,通货膨胀率,"Inflation, GDP deflator (annual %)",负向,世界银行WDI数据库,0.0822219873653558,0.0205554968413389,Economic,Development quality,"Inflation, GDP deflator (annual %)",Negative
GMB,"Gambia, The",冈比亚,270,0.9969249708030405,0.98740794397894,W,1.805437652,7.382122856,-0.009517026824100494,-0.009517026824100494,5.5766852039999995,Deteriorated,Observed both endpoints,Increased,Negative indicator: raw decrease is improvement,-0.0001956272148217353,-0.000782508859286943,经济,发展质量,通货膨胀率,"Inflation, GDP deflator (annual %)",负向,世界银行WDI数据库,0.0822219873653558,0.0205554968413389,Economic,Development quality,"Inflation, GDP deflator (annual %)",Negative
GNB,Guinea-Bissau,几内亚（比绍）,624,0.9935858881291498,0.9955163831506705,W,3.762037469,2.630826722,0.0019304950215206507,0.0019304950215206507,-1.131210747,Improved,Observed both endpoints,Decreased,Negative indicator: raw decrease is improvement,3.968228431708821e-05,0.0001587291372683532,经济,发展质量,通货膨胀率,"Inflation, GDP deflator (annual %)",负向,世界银行WDI数据库,0.0822219873653558,0.0205554968413389,Economic,Development quality,"Inflation, GDP deflator (annual %)",Negative
GNQ,Equatorial Guinea,赤道几内亚,226,0.9795757847418992,0.9693924805207456,C,11.97152744,17.93863072,-0.010183304221153655,-0.010183304221153655,5.96710328,Deteriorated,Observed both endpoints,Increased,Negative indicator: raw decrease is improvement,-0.00020932287775231705,-0.0008372915110092702,经济,发展质量,通货膨胀率,"Inflation, GDP deflator (annual %)",负向,世界银行WDI数据库,0.0822219873653558,0.0205554968413389,Economic,Development quality,"Inflation, GDP deflator (annual %)",Negative
KEN,Kenya,肯尼亚,404,0.997321437596191,0.9926153421894608,E,1.573120297,4.330747559,-0.004706095406730171,-0.004706095406730171,2.7576272619999997,Deteriorated,Observed both endpoints,Increased,Negative indicator: raw decrease is improvement,-9.673612926808154e-05,-0.0003869445170723271,经济,发展质量,通货膨胀率,"Inflation, GDP deflator (annual %)",负向,世界银行WDI数据库,0.0822219873653558,0.0205554968413389,Economic,Development quality,"Inflation, GDP deflator (annual %)",Negative
LBR,Liberia,利比里亚,430,0.9987773067233756,0.9908686149312131,W,0.720025736,5.354276045,-0.00790869179216247,-0.00790869179216247,4.634250309,Deteriorated,Observed both endpoints,Increased,Negative indicator: raw decrease is improvement,-0.00016256708915291854,-0.0006502683566116757,经济,发展质量,通货膨胀率,"Inflation, GDP deflator (annual %)",负向,世界银行WDI数据库,0.0822219873653558,0.0205554968413389,Economic,Development quality,"Inflation, GDP deflator (annual %)",Negative
LSO,Lesotho,莱索托,426,0.980426465060113,0.9946751176812184,S,11.47305492,3.12378243,0.014248652621105418,0.014248652621105418,-8.349272489999999,Improved,Observed both endpoints,Decreased,Negative indicator: raw decrease is improvement,0.0002928881339464677,0.0011715525357858733,经济,发展质量,通货膨胀率,"Inflation, GDP deflator (annual %)",负向,世界银行WDI数据库,0.0822219873653558,0.0205554968413389,Economic,Development quality,"Inflation, GDP deflator (annual %)",Negative
MDG,Madagascar,马达加斯加,450,0.9864952306067241,0.9893065502101323,E,7.916944839,6.26959796,0.002811319603408191,0.002811319603408191,-1.6473468790000005,Improved,Observed both endpoints,Decreased,Negative indicator: raw decrease is improvement,5.77880712278512e-05,0.00023115228491140535,经济,发展质量,通货膨胀率,"Inflation, GDP deflator (annual %)",负向,世界银行WDI数据库,0.0822219873653558,0.0205554968413389,Economic,Development quality,"Inflation, GDP deflator (annual %)",Negative
MLI,Mali,马里,466,0.9926851061045813,0.993468559702185,W,4.289868049,3.830788321,0.0007834535976036783,0.0007834535976036783,-0.45907972799999985,Improved,Observed both endpoints,Decreased,Negative indicator: raw decrease is improvement,1.6104277950878006e-05,6.441711180351218e-05,经济,发展质量,通货膨胀率,"Inflation, GDP deflator (annual %)",负向,世界银行WDI数据库,0.0822219873653558,0.0205554968413389,Economic,Development quality,"Inflation, GDP deflator (annual %)",Negative
MOZ,Mozambique,莫桑比克,508,0.9747793835951803,0.9922402070714801,S,14.78207109,4.550565208,0.017460823476299736,0.017460823476299736,-10.231505882,Improved,Observed both endpoints,Decreased,Negative indicator: raw decrease is improvement,0.00035891590181425534,0.0014356636072570248,经济,发展质量,通货膨胀率,"Inflation, GDP deflator (annual %)",负向,世界银行WDI数据库,0.0822219873653558,0.0205554968413389,Economic,Development quality,"Inflation, GDP deflator (annual %)",Negative
MUS,Mauritius,毛里求斯,480,0.9893706925590682,0.9949410578141952,S,6.232012515,2.967949686,0.005570365255126997,0.005570365255126997,-3.264062829,Improved,Observed both endpoints,Decreased,Negative indicator: raw decrease is improvement,0.00011450162540686694,0.00045800650162746884,经济,发展质量,通货膨胀率,"Inflation, GDP deflator (annual %)",负向,世界银行WDI数据库,0.0822219873653558,0.0205554968413389,Economic,Development quality,"Inflation, GDP deflator (annual %)",Negative
MWI,Malawi,马拉维,454,0.9562794390499728,0.9860924388487208,S,25.62246998,8.152968429,0.029812999798747963,0.029812999798747963,-17.469501551,Improved,Observed both endpoints,Decreased,Negative indicator: raw decrease is improvement,0.000612821023194001,0.00245128409277601,经济,发展质量,通货膨胀率,"Inflation, GDP deflator (annual %)",负向,世界银行WDI数据库,0.0822219873653558,0.0205554968413389,Economic,Development quality,"Inflation, GDP deflator (annual %)",Negative
NAM,Namibia,纳米比亚,516,0.9808860293692403,0.9973876355512379,S,11.20376436,1.53433033,0.016501606181997586,0.016501606181997586,-9.66943403,Improved,Observed both endpoints,Decreased,Negative indicator: raw decrease is improvement,0.00033919871375106983,0.0013567948550042826,经济,发展质量,通货膨胀率,"Inflation, GDP deflator (annual %)",负向,世界银行WDI数据库,0.0822219873653558,0.0205554968413389,Economic,Development quality,"Inflation, GDP deflator (annual %)",Negative
NER,Niger,尼日尔,562,0.9914518453717344,0.9946838834276751,W,5.012520933,3.118645972,0.0032320380559407447,0.0032320380559407447,-1.8938749610000003,Improved,Observed both endpoints,Decreased,Negative indicator: raw decrease is improvement,6.64361480499771e-05,0.000265744592199909,经济,发展质量,通货膨胀率,"Inflation, GDP deflator (annual %)",负向,世界银行WDI数据库,0.0822219873653558,0.0205554968413389,Economic,Development quality,"Inflation, GDP deflator (annual %)",Negative
NGA,Nigeria,尼日利亚,566,0.9828098284303399,0.9784402557801776,W,10.07647724,12.63691251,-0.004369572650162357,-0.004369572650162357,2.560435270000001,Deteriorated,Observed both endpoints,Increased,Negative indicator: raw decrease is improvement,-8.981873680841318e-05,-0.0003592749472336535,经济,发展质量,通货膨胀率,"Inflation, GDP deflator (annual %)",负向,世界银行WDI数据库,0.0822219873653558,0.0205554968413389,Economic,Development quality,"Inflation, GDP deflator (annual %)",Negative
RWA,Rwanda,卢旺达,646,0.9993361013156731,0.9949795127270766,E,0.39258928,2.945416289,-0.004356588588596444,-0.004356588588596444,2.552827009,Deteriorated,Observed both endpoints,Increased,Negative indicator: raw decrease is improvement,-8.955184297190731e-05,-0.00035820737188763005,经济,发展质量,通货膨胀率,"Inflation, GDP deflator (annual %)",负向,世界银行WDI数据库,0.0822219873653558,0.0205554968413389,Economic,Development quality,"Inflation, GDP deflator (annual %)",Negative
SEN,Senegal,塞内加尔,686,0.9880687084315467,0.9975361485524139,W,6.994935196,1.447306276,0.009467440120867199,0.009467440120867199,-5.54762892,Improved,Observed both endpoints,Decreased,Negative indicator: raw decrease is improvement,0.0001946079355000509,0.0007784317420002054,经济,发展质量,通货膨胀率,"Inflation, GDP deflator (annual %)",负向,世界银行WDI数据库,0.0822219873653558,0.0205554968413389,Economic,Development quality,"Inflation, GDP deflator (annual %)",Negative
SLE,Sierra Leone,塞拉利昂,694,0.7132111652344411,0.987269380538872,W,168.0530075,7.463316773,0.274058215304431,0.274058215304431,-160.589690727,Improved,Observed both endpoints,Decreased,Negative indicator: raw decrease is improvement,0.005633402779033207,0.022533611116132883,经济,发展质量,通货膨胀率,"Inflation, GDP deflator (annual %)",负向,世界银行WDI数据库,0.0822219873653558,0.0205554968413389,Economic,Development quality,"Inflation, GDP deflator (annual %)",Negative
STP,São Tomé and Principe,圣多美和普林西比,678,0.9877452481911715,0.9911927618970272,C,7.184472955,5.164335886,0.0034475137058557204,0.0034475137058557204,-2.0201370690000005,Improved,Observed both endpoints,Decreased,Negative indicator: raw decrease is improvement,7.086535709118982e-05,0.00028346142836476,经济,发展质量,通货膨胀率,"Inflation, GDP deflator (annual %)",负向,世界银行WDI数据库,0.0822219873653558,0.0205554968413389,Economic,Development quality,"Inflation, GDP deflator (annual %)",Negative
SWZ,Swaziland,斯威士兰,748,0.9858037690832918,0.999811436068008,S,8.322120039,0.114057725,0.014007666984716227,0.014007666984716227,-8.208062314,Improved,Observed both endpoints,Decreased,Negative indicator: raw decrease is improvement,0.00028793455445886163,0.0011517382178354491,经济,发展质量,通货膨胀率,"Inflation, GDP deflator (annual %)",负向,世界银行WDI数据库,0.0822219873653558,0.0205554968413389,Economic,Development quality,"Inflation, GDP deflator (annual %)",Negative
SYC,Seychelles,塞舌尔,690,0.9894991138511352,0.9953129028261612,E,6.156761585,2.750059938,0.005813788975026046,0.005813788975026046,-3.4067016469999998,Improved,Observed both endpoints,Decreased,Negative indicator: raw decrease is improvement,0.00011950532091235882,0.00047802128364943643,经济,发展质量,通货膨胀率,"Inflation, GDP deflator (annual %)",负向,世界银行WDI数据库,0.0822219873653558,0.0205554968413389,Economic,Development quality,"Inflation, GDP deflator (annual %)",Negative
TCD,Chad,乍得,148,0.9764593664891756,0.9854430883667955,C,13.79765275,8.533467853,0.008983721877619866,0.008983721877619866,-5.264184897,Improved,Observed both endpoints,Decreased,Negative indicator: raw decrease is improvement,0.00018466486667888233,0.000738659466715531,经济,发展质量,通货膨胀率,"Inflation, GDP deflator (annual %)",负向,世界银行WDI数据库,0.0822219873653558,0.0205554968413389,Economic,Development quality,"Inflation, GDP deflator (annual %)",Negative
TGO,Togo,多哥,768,0.9972174506113114,0.9922164264538691,W,1.634053474,4.564499919,-0.005001024157442302,-0.005001024157442302,2.9304464450000003,Deteriorated,Observed both endpoints,Increased,Negative indicator: raw decrease is improvement,-0.00010279853627176478,-0.0004111941450870601,经济,发展质量,通货膨胀率,"Inflation, GDP deflator (annual %)",负向,世界银行WDI数据库,0.0822219873653558,0.0205554968413389,Economic,Development quality,"Inflation, GDP deflator (annual %)",Negative
TZA,Tanzania,坦桑尼亚,834,0.9917872754532436,0.9954421871908006,E,4.815969215,2.674303274,0.003654911737556943,0.003654911737556943,-2.141665941,Improved,Observed both endpoints,Decreased,Negative indicator: raw decrease is improvement,7.512852667672421e-05,0.00030051410670689754,经济,发展质量,通货膨胀率,"Inflation, GDP deflator (annual %)",负向,世界银行WDI数据库,0.0822219873653558,0.0205554968413389,Economic,Development quality,"Inflation, GDP deflator (annual %)",Negative
UGA,Uganda,乌干达,800,0.9922676648188181,0.9956626492285336,E,4.534475812,2.545119296,0.003394984409715529,0.003394984409715529,-1.989356516,Improved,Observed both endpoints,Decreased,Negative indicator: raw decrease is improvement,6.978559131030237e-05,0.0002791423652412101,经济,发展质量,通货膨胀率,"Inflation, GDP deflator (annual %)",负向,世界银行WDI数据库,0.0822219873653558,0.0205554968413389,Economic,Development quality,"Inflation, GDP deflator (annual %)",Negative
ZAF,South Africa,南非,710,0.9866939950866156,0.989069600954395,S,7.800474963,6.408442941,0.0023756058677794067,0.0023756058677794067,-1.3920320220000004,Improved,Observed both endpoints,Decreased,Negative indicator: raw decrease is improvement,4.883175891140575e-05,0.00019532703564562347,经济,发展质量,通货膨胀率,"Inflation, GDP deflator (annual %)",负向,世界银行WDI数据库,0.0822219873653558,0.0205554968413389,Economic,Development quality,"Inflation, GDP deflator (annual %)",Negative
ZMB,Zambia,赞比亚,894,0.9567764131028276,0.9570980696496222,S,25.33125846,25.14277761,0.0003216565467946131,0.0003216565467946131,-0.18848085000000125,Improved,Observed both endpoints,Decreased,Negative indicator: raw decrease is improvement,6.611810131632648e-06,2.644724052653065e-05,经济,发展质量,通货膨胀率,"Inflation, GDP deflator (annual %)",负向,世界银行WDI数据库,0.0822219873653558,0.0205554968413389,Economic,Development quality,"Inflation, GDP deflator (annual %)",Negative
ZWE,Zimbabwe,津巴布韦,716,0.999783625911401,0.814377206420526,S,0.130353622,108.7728168,-0.185406419490875,-0.185406419490875,108.642463178,Deteriorated,Observed both endpoints,Increased,Negative indicator: raw decrease is improvement,-0.003811121070208636,-0.01524448428083458,经济,发展质量,通货膨胀率,"Inflation, GDP deflator (annual %)",负向,世界银行WDI数据库,0.0822219873653558,0.0205554968413389,Economic,Development quality,"Inflation, GDP deflator (annual %)",Negative
AGO,Angola,安哥拉,24,0.2471936035146176,0.2423961816229693,S,0.0114191092664672,-0.0025033272070473,-0.004797421891648307,-0.004797421891648307,-0.013922436473514498,Deteriorated,Observed both endpoints,Decreased,Positive indicator: raw increase is improvement,-2.7787623704363482e-05,-0.0001111504948174549,社会,人口状况,出生时预期寿命,"Life expectancy at birth, total (years)_pct_change",正向,世界银行WDI数据库,0.0231687971847866,0.0057921992961966,Social,Population conditions,Life expectancy at birth,Positive
BDI,Burundi,布隆迪,108,0.2497137720596415,0.2406813982182561,E,0.018732805510637,-0.0074797423644297,-0.009032373841385388,-0.009032373841385388,-0.0262125478750667,Deteriorated,Observed both endpoints,Decreased,Positive indicator: raw increase is improvement,-5.2317309407057024e-05,-0.0002092692376282299,社会,人口状况,出生时预期寿命,"Life expectancy at birth, total (years)_pct_change",正向,世界银行WDI数据库,0.0231687971847866,0.0057921992961966,Social,Population conditions,Life expectancy at birth,Positive
BEN,Benin,贝宁,204,0.2436241033441775,0.2401425708458462,W,0.0010601830582748,-0.0090434551318283,-0.0034815324983313023,-0.0034815324983313023,-0.010103638190103102,Deteriorated,Observed both endpoints,Decreased,Positive indicator: raw increase is improvement,-2.0165730086520158e-05,-8.066292034608134e-05,社会,人口状况,出生时预期寿命,"Life expectancy at birth, total (years)_pct_change",正向,世界银行WDI数据库,0.0231687971847866,0.0057921992961966,Social,Population conditions,Life expectancy at birth,Positive
BFA,Burkina Faso,布基纳法索,854,0.2458359597896897,0.2409332219920337,W,0.007479137143757,-0.0067489330730803,-0.004902737797655987,-0.004902737797655987,-0.0142280702168373,Deteriorated,Observed both endpoints,Decreased,Positive indicator: raw increase is improvement,-2.839763442101948e-05,-0.00011359053768407889,社会,人口状况,出生时预期寿命,"Life expectancy at birth, total (years)_pct_change",正向,世界银行WDI数据库,0.0231687971847866,0.0057921992961966,Social,Population conditions,Life expectancy at birth,Positive
BWA,Botswana,博茨瓦纳,72,0.2429093420026789,0.2211502701071811,S,-0.0010141017545872,-0.0641603713614121,-0.021759071895497806,-0.021759071895497806,-0.0631462696068249,Deteriorated,Observed both endpoints,Decreased,Positive indicator: raw increase is improvement,-0.0001260328809189936,-0.0005041315236759788,社会,人口状况,出生时预期寿命,"Life expectancy at birth, total (years)_pct_change",正向,世界银行WDI数据库,0.0231687971847866,0.0057921992961966,Social,Population conditions,Life expectancy at birth,Positive
CAF,Central African Republic,中非,140,0.2441829129088542,0.1729952614364516,C,0.0026818854727628,-0.2039093999525653,-0.07118765147240258,-0.07118765147240258,-0.2065912854253281,Deteriorated,Observed both endpoints,Decreased,Positive indicator: raw increase is improvement,-0.00041233306475633904,-0.0016493322590253707,社会,人口状况,出生时预期寿命,"Life expectancy at birth, total (years)_pct_change",正向,世界银行WDI数据库,0.0231687971847866,0.0057921992961966,Social,Population conditions,Life expectancy at birth,Positive
CIV,Côte d'Ivoire,科特迪瓦,384,0.2434934528289628,0.2441182330544826,W,0.0006810265989531,0.0024941802460924,0.0006247802255198165,0.0006247802255198165,0.0018131536471393,Improved,Observed both endpoints,Increased,Positive indicator: raw increase is improvement,3.618851582533434e-06,1.4475406330133861e-05,社会,人口状况,出生时预期寿命,"Life expectancy at birth, total (years)_pct_change",正向,世界银行WDI数据库,0.0231687971847866,0.0057921992961966,Social,Population conditions,Life expectancy at birth,Positive
CMR,Cameroon,喀麦隆,120,0.2449384738656336,0.2403087665833698,C,0.004874573474821,-0.0085611440801633,-0.004629707282263806,-0.004629707282263806,-0.0134357175549843,Deteriorated,Observed both endpoints,Decreased,Positive indicator: raw increase is improvement,-2.6816187261924692e-05,-0.0001072647490476997,社会,人口状况,出生时预期寿命,"Life expectancy at birth, total (years)_pct_change",正向,世界银行WDI数据库,0.0231687971847866,0.0057921992961966,Social,Population conditions,Life expectancy at birth,Positive
COD,"Congo, Dem. Rep.",刚果（金）,180,0.2453706243221376,0.2410690779683219,C,0.0061287027579162,-0.0063546700205202,-0.004301546353815716,-0.004301546353815716,-0.0124833727784364,Deteriorated,Observed both endpoints,Decreased,Positive indicator: raw increase is improvement,-2.4915413763128443e-05,-9.966165505251462e-05,社会,人口状况,出生时预期寿命,"Life expectancy at birth, total (years)_pct_change",正向,世界银行WDI数据库,0.0231687971847866,0.0057921992961966,Social,Population conditions,Life expectancy at birth,Positive
COG,"Congo, Rep.",刚果（布）,178,0.2464574826105171,0.2421938544731956,C,0.0092828375864622,-0.0030904940131386,-0.004263628137321479,-0.004263628137321479,-0.012373331599600801,Deteriorated,Observed both endpoints,Decreased,Positive indicator: raw increase is improvement,-2.469578389623749e-05,-9.878313558495082e-05,社会,人口状况,出生时预期寿命,"Life expectancy at birth, total (years)_pct_change",正向,世界银行WDI数据库,0.0231687971847866,0.0057921992961966,Social,Population conditions,Life expectancy at birth,Positive
COM,Comoros,科摩罗,174,0.2470354415150207,0.2403504092080443,E,0.0109601126550278,-0.0084402944218019,-0.006685032306976396,-0.006685032306976396,-0.0194004070768297,Deteriorated,Observed both endpoints,Decreased,Positive indicator: raw increase is improvement,-3.872103942352021e-05,-0.0001548841576940822,社会,人口状况,出生时预期寿命,"Life expectancy at birth, total (years)_pct_change",正向,世界银行WDI数据库,0.0231687971847866,0.0057921992961966,Social,Population conditions,Life expectancy at birth,Positive
CPV,Cape Verde,佛得角,132,0.2462434041154145,0.2460875883201524,W,0.0086615675969285,0.0082093798260587,-0.00015581579526210976,-0.00015581579526210976,-0.0004521877708698,Deteriorated,Observed both endpoints,Decreased,Positive indicator: raw increase is improvement,-9.025161396535056e-07,-3.610064558614054e-06,社会,人口状况,出生时预期寿命,"Life expectancy at birth, total (years)_pct_change",正向,世界银行WDI数据库,0.0231687971847866,0.0057921992961966,Social,Population conditions,Life expectancy at birth,Positive
DJI,Djibouti,吉布提,262,0.247947635697592,0.24127287418826,E,0.013607360665562,-0.0057632398753895,-0.006674761509332022,-0.006674761509332022,-0.0193706005409515,Deteriorated,Observed both endpoints,Decreased,Positive indicator: raw increase is improvement,-3.8661548916633096e-05,-0.0001546461956665337,社会,人口状况,出生时预期寿命,"Life expectancy at birth, total (years)_pct_change",正向,世界银行WDI数据库,0.0231687971847866,0.0057921992961966,Social,Population conditions,Life expectancy at birth,Positive
ERI,Eritrea,厄立特里亚,232,0.2559560063409577,0.2430530012155464,E,0.0368481833525806,-0.0005971931919976,-0.012903005125411315,-0.012903005125411315,-0.037445376544578204,Deteriorated,Observed both endpoints,Decreased,Positive indicator: raw increase is improvement,-7.473677720622854e-05,-0.0002989471088249168,社会,人口状况,出生时预期寿命,"Life expectancy at birth, total (years)_pct_change",正向,世界银行WDI数据库,0.0231687971847866,0.0057921992961966,Social,Population conditions,Life expectancy at birth,Positive
ETH,Ethiopia,埃塞俄比亚,231,0.2469700838068127,0.2399210346582844,E,0.0107704402515722,-0.0096863678394396,-0.0070490491485283024,-0.0070490491485283024,-0.020456808091011802,Deteriorated,Observed both endpoints,Decreased,Positive indicator: raw increase is improvement,-4.0829497516960875e-05,-0.0001633179900678449,社会,人口状况,出生时预期寿命,"Life expectancy at birth, total (years)_pct_change",正向,世界银行WDI数据库,0.0231687971847866,0.0057921992961966,Social,Population conditions,Life expectancy at birth,Positive
GAB,Gabon,加蓬,266,0.2442176591064901,0.2432536458596769,C,0.0027827212425173,-1.4909128859486032e-05,-0.0009640132468131946,-0.0009640132468131946,-0.002797630371376786,Deteriorated,Observed both endpoints,Decreased,Positive indicator: raw increase is improvement,-5.583756849715585e-06,-2.2335027398862532e-05,社会,人口状况,出生时预期寿命,"Life expectancy at birth, total (years)_pct_change",正向,世界银行WDI数据库,0.0231687971847866,0.0057921992961966,Social,Population conditions,Life expectancy at birth,Positive
GHA,Ghana,加纳,288,0.2448234759080466,0.243135544113022,W,0.0045408417757442,-0.0003576482296412,-0.0016879317950246053,-0.0016879317950246053,-0.0048984900053854,Deteriorated,Observed both endpoints,Decreased,Positive indicator: raw increase is improvement,-9.776837355169382e-06,-3.910734942067787e-05,社会,人口状况,出生时预期寿命,"Life expectancy at birth, total (years)_pct_change",正向,世界银行WDI数据库,0.0231687971847866,0.0057921992961966,Social,Population conditions,Life expectancy at birth,Positive
GIN,Guinea,几内亚,324,0.2448955809480217,0.2433923197138697,W,0.0047500953834413,0.0003875315922492,-0.0015032612341519813,-0.0015032612341519813,-0.0043625637911920995,Deteriorated,Observed both endpoints,Decreased,Positive indicator: raw increase is improvement,-8.707188662454738e-06,-3.482875464981926e-05,社会,人口状况,出生时预期寿命,"Life expectancy at birth, total (years)_pct_change",正向,世界银行WDI数据库,0.0231687971847866,0.0057921992961966,Social,Population conditions,Life expectancy at birth,Positive
GMB,"Gambia, The",冈比亚,270,0.2455842988839175,0.2402044140277416,W,0.00674880050616,-0.0088639821167997,-0.005379884856175909,-0.005379884856175909,-0.0156127826229597,Deteriorated,Observed both endpoints,Decreased,Positive indicator: raw increase is improvement,-3.1161365277560846e-05,-0.00012464546111024447,社会,人口状况,出生时预期寿命,"Life expectancy at birth, total (years)_pct_change",正向,世界银行WDI数据库,0.0231687971847866,0.0057921992961966,Social,Population conditions,Life expectancy at birth,Positive
GNB,Guinea-Bissau,几内亚（比绍）,624,0.2465911402274357,0.2450001464286166,W,0.009670720854346,0.0050535513424514,-0.001590993798819107,-0.001590993798819107,-0.0046171695118946,Deteriorated,Observed both endpoints,Decreased,Positive indicator: raw increase is improvement,-9.215353161773186e-06,-3.686141264709306e-05,社会,人口状况,出生时预期寿命,"Life expectancy at birth, total (years)_pct_change",正向,世界银行WDI数据库,0.0231687971847866,0.0057921992961966,Social,Population conditions,Life expectancy at birth,Positive
GNQ,Equatorial Guinea,赤道几内亚,226,0.2460466744947436,0.2449556035978141,C,0.0080906451914972,0.0049242850935775,-0.0010910708969295024,-0.0010910708969295024,-0.0031663600979197,Deteriorated,Observed both endpoints,Decreased,Positive indicator: raw increase is improvement,-6.319700081295657e-06,-2.5278800325182846e-05,社会,人口状况,出生时预期寿命,"Life expectancy at birth, total (years)_pct_change",正向,世界银行WDI数据库,0.0231687971847866,0.0057921992961966,Social,Population conditions,Life expectancy at birth,Positive
KEN,Kenya,肯尼亚,404,0.2458208459083909,0.2411833247153471,E,0.0074352756579416,-0.0060231183843105,-0.004637521193043809,-0.004637521193043809,-0.0134583940422521,Deteriorated,Observed both endpoints,Decreased,Positive indicator: raw increase is improvement,-2.6861446990445165e-05,-0.0001074457879617816,社会,人口状况,出生时预期寿命,"Life expectancy at birth, total (years)_pct_change",正向,世界银行WDI数据库,0.0231687971847866,0.0057921992961966,Social,Population conditions,Life expectancy at birth,Positive
LBR,Liberia,利比里亚,430,0.2516121670252588,0.242690732150498,W,0.0242420735940755,-0.0016485220428616,-0.008921434874760797,-0.008921434874760797,-0.0258905956369371,Deteriorated,Observed both endpoints,Decreased,Positive indicator: raw increase is improvement,-5.167472880265329e-05,-0.00020669891521061495,社会,人口状况,出生时预期寿命,"Life expectancy at birth, total (years)_pct_change",正向,世界银行WDI数据库,0.0231687971847866,0.0057921992961966,Social,Population conditions,Life expectancy at birth,Positive
LSO,Lesotho,莱索托,426,0.2317451665710981,0.2374837696410378,S,-0.0334132792161204,-0.0167594725482016,0.005738603069939702,0.005738603069939702,0.016653806667918804,Improved,Observed both endpoints,Increased,Positive indicator: raw increase is improvement,3.3239132662856386e-05,0.0001329565306514267,社会,人口状况,出生时预期寿命,"Life expectancy at birth, total (years)_pct_change",正向,世界银行WDI数据库,0.0231687971847866,0.0057921992961966,Social,Population conditions,Life expectancy at birth,Positive
MDG,Madagascar,马达加斯加,450,0.2474193974255054,0.2422146951190191,E,0.0120743781695242,-0.0030300130768986,-0.005204702306486286,-0.005204702306486286,-0.0151043912464228,Deteriorated,Observed both endpoints,Decreased,Positive indicator: raw increase is improvement,-3.014667303654269e-05,-0.0001205866921461718,社会,人口状况,出生时预期寿命,"Life expectancy at birth, total (years)_pct_change",正向,世界银行WDI数据库,0.0231687971847866,0.0057921992961966,Social,Population conditions,Life expectancy at birth,Positive
MLI,Mali,马里,466,0.2479912115809054,0.2447692350846565,W,0.0137338207686987,0.0043834313092527,-0.0032219764962488906,-0.0032219764962488906,-0.009350389459446,Deteriorated,Observed both endpoints,Decreased,Positive indicator: raw increase is improvement,-1.8662329993934812e-05,-7.46493199757399e-05,社会,人口状况,出生时预期寿命,"Life expectancy at birth, total (years)_pct_change",正向,世界银行WDI数据库,0.0231687971847866,0.0057921992961966,Social,Population conditions,Life expectancy at birth,Positive
MOZ,Mozambique,莫桑比克,508,0.2487120890398491,0.2369609973933771,S,0.0158258549599805,-0.0182765922788727,-0.011751091646472006,-0.011751091646472006,-0.0341024472388532,Deteriorated,Observed both endpoints,Decreased,Positive indicator: raw increase is improvement,-6.80646647642369e-05,-0.00027225865905694996,社会,人口状况,出生时预期寿命,"Life expectancy at birth, total (years)_pct_change",正向,世界银行WDI数据库,0.0231687971847866,0.0057921992961966,Social,Population conditions,Life expectancy at birth,Positive
MUS,Mauritius,毛里求斯,480,0.243751344964419,0.2409508133374595,S,0.0014294466783211,-0.006697881822074,-0.002800531626959507,-0.002800531626959507,-0.0081273285003951,Deteriorated,Observed both endpoints,Decreased,Positive indicator: raw increase is improvement,-1.6221237318651177e-05,-6.488494927460526e-05,社会,人口状况,出生时预期寿命,"Life expectancy at birth, total (years)_pct_change",正向,世界银行WDI数据库,0.0231687971847866,0.0057921992961966,Social,Population conditions,Life expectancy at birth,Positive
MWI,Malawi,马拉维,454,0.250983332464119,0.240965655584835,S,0.0224171539961013,-0.0066548086359174,-0.010017676879284038,-0.010017676879284038,-0.0290719626320187,Deteriorated,Observed both endpoints,Decreased,Positive indicator: raw increase is improvement,-5.802438096971395e-05,-0.00023209752387885784,社会,人口状况,出生时预期寿命,"Life expectancy at birth, total (years)_pct_change",正向,世界银行WDI数据库,0.0231687971847866,0.0057921992961966,Social,Population conditions,Life expectancy at birth,Positive
NAM,Namibia,纳米比亚,516,0.2369718820291465,0.2259358317532245,S,-0.0182450043440486,-0.0502723541071623,-0.011036050275922027,-0.011036050275922027,-0.032027349763113694,Deteriorated,Observed both endpoints,Decreased,Positive indicator: raw increase is improvement,-6.392300264098585e-05,-0.0002556920105639456,社会,人口状况,出生时预期寿命,"Life expectancy at birth, total (years)_pct_change",正向,世界银行WDI数据库,0.0231687971847866,0.0057921992961966,Social,Population conditions,Life expectancy at birth,Positive
NER,Niger,尼日尔,562,0.2481641652959551,0.2412565365229425,W,0.0142357439193037,-0.0058106528635831,-0.006907628773012625,-0.006907628773012625,-0.020046396782886798,Deteriorated,Observed both endpoints,Decreased,Positive indicator: raw increase is improvement,-4.001036251743111e-05,-0.00016004145006972583,社会,人口状况,出生时预期寿命,"Life expectancy at birth, total (years)_pct_change",正向,世界银行WDI数据库,0.0231687971847866,0.0057921992961966,Social,Population conditions,Life expectancy at birth,Positive
NGA,Nigeria,尼日利亚,566,0.2462263567854484,0.2457454981257003,W,0.0086120951148631,0.0072166113958396,-0.0004808586597481179,-0.0004808586597481179,-0.0013954837190235,Deteriorated,Observed both endpoints,Decreased,Positive indicator: raw increase is improvement,-2.7852291905630887e-06,-1.1140916762252453e-05,社会,人口状况,出生时预期寿命,"Life expectancy at birth, total (years)_pct_change",正向,世界银行WDI数据库,0.0231687971847866,0.0057921992961966,Social,Population conditions,Life expectancy at birth,Positive
RWA,Rwanda,卢旺达,646,0.2554566336434568,0.2427286807798943,E,0.0353989706682287,-0.0015383926037669,-0.012727952863562486,-0.012727952863562486,-0.0369373632719956,Deteriorated,Observed both endpoints,Decreased,Positive indicator: raw increase is improvement,-7.372283961835013e-05,-0.00029489135847340307,社会,人口状况,出生时预期寿命,"Life expectancy at birth, total (years)_pct_change",正向,世界银行WDI数据库,0.0231687971847866,0.0057921992961966,Social,Population conditions,Life expectancy at birth,Positive
SEN,Senegal,塞内加尔,686,0.2465063413893945,0.2400527038659857,W,0.0094246290028638,-0.0093042550669669,-0.006453637523408801,-0.006453637523408801,-0.018728884069830698,Deteriorated,Observed both endpoints,Decreased,Positive indicator: raw increase is improvement,-3.7380754720996424e-05,-0.000149523018883987,社会,人口状况,出生时预期寿命,"Life expectancy at birth, total (years)_pct_change",正向,世界银行WDI数据库,0.0231687971847866,0.0057921992961966,Social,Population conditions,Life expectancy at birth,Positive
SLE,Sierra Leone,塞拉利昂,694,0.2479778221125716,0.2465260035690346,W,0.0136949636436631,0.0094816899520888,-0.0014518185435370146,-0.0014518185435370146,-0.0042132736915743,Deteriorated,Observed both endpoints,Decreased,Positive indicator: raw increase is improvement,-8.409222346080268e-06,-3.3636889384321365e-05,社会,人口状况,出生时预期寿命,"Life expectancy at birth, total (years)_pct_change",正向,世界银行WDI数据库,0.0231687971847866,0.0057921992961966,Social,Population conditions,Life expectancy at birth,Positive
STP,São Tomé and Principe,圣多美和普林西比,678,0.2449083093888292,0.2434970238669764,C,0.0047870341627591,0.0006913899880844,-0.001411285521852823,-0.001411285521852823,-0.004095644174674701,Deteriorated,Observed both endpoints,Decreased,Positive indicator: raw increase is improvement,-8.174447006408373e-06,-3.2697788025633776e-05,社会,人口状况,出生时预期寿命,"Life expectancy at birth, total (years)_pct_change",正向,世界银行WDI数据库,0.0231687971847866,0.0057921992961966,Social,Population conditions,Life expectancy at birth,Positive
SWZ,Swaziland,斯威士兰,748,0.233976258917613,0.2338530318485988,S,-0.0269385012702878,-0.0272961143964451,-0.00012322706901421454,-0.00012322706901421454,-0.00035761312615729957,Deteriorated,Observed both endpoints,Decreased,Positive indicator: raw increase is improvement,-7.137557424165033e-07,-2.855022969666038e-06,社会,人口状况,出生时预期寿命,"Life expectancy at birth, total (years)_pct_change",正向,世界银行WDI数据库,0.0231687971847866,0.0057921992961966,Social,Population conditions,Life expectancy at birth,Positive
SYC,Seychelles,塞舌尔,690,0.2455106517378511,0.2261314214128508,E,0.0065350716043199,-0.0497047399442797,-0.019379230325000302,-0.019379230325000302,-0.0562398115485996,Deteriorated,Observed both endpoints,Decreased,Positive indicator: raw increase is improvement,-0.00011224836424929856,-0.00044899345699719813,社会,人口状况,出生时预期寿命,"Life expectancy at birth, total (years)_pct_change",正向,世界银行WDI数据库,0.0231687971847866,0.0057921992961966,Social,Population conditions,Life expectancy at birth,Positive
TCD,Chad,乍得,148,0.2459112392411419,0.2436093245432663,C,0.007697603104074,0.0010172939979653,-0.002301914697875579,-0.002301914697875579,-0.0066803091061087005,Deteriorated,Observed both endpoints,Decreased,Positive indicator: raw increase is improvement,-1.3333148692939537e-05,-5.333259477175861e-05,社会,人口状况,出生时预期寿命,"Life expectancy at birth, total (years)_pct_change",正向,世界银行WDI数据库,0.0231687971847866,0.0057921992961966,Social,Population conditions,Life expectancy at birth,Positive
TGO,Togo,多哥,768,0.2443257962828815,0.244414474639038,W,0.0030965424995879,0.0033538929699132,8.867835615650188e-05,8.867835615650188e-05,0.0002573504703252999,Improved,Observed both endpoints,Increased,Positive indicator: raw increase is improvement,5.136427121175616e-07,2.054570848470264e-06,社会,人口状况,出生时预期寿命,"Life expectancy at birth, total (years)_pct_change",正向,世界银行WDI数据库,0.0231687971847866,0.0057921992961966,Social,Population conditions,Life expectancy at birth,Positive
TZA,Tanzania,坦桑尼亚,834,0.2489539266941879,0.2399559643782133,E,0.016527683870483,-0.0095849994758203,-0.008997962315974606,-0.008997962315974606,-0.0261126833463033,Deteriorated,Observed both endpoints,Decreased,Positive indicator: raw increase is improvement,-5.211799099379164e-05,-0.00020847196397516836,社会,人口状况,出生时预期寿命,"Life expectancy at birth, total (years)_pct_change",正向,世界银行WDI数据库,0.0231687971847866,0.0057921992961966,Social,Population conditions,Life expectancy at birth,Positive
UGA,Uganda,乌干达,800,0.2497561404822295,0.2434663315772334,E,0.0188557614826752,0.0006023189278723,-0.006289808904996086,-0.006289808904996086,-0.0182534425548029,Deteriorated,Observed both endpoints,Decreased,Positive indicator: raw increase is improvement,-3.643182671272943e-05,-0.000145727306850919,社会,人口状况,出生时预期寿命,"Life expectancy at birth, total (years)_pct_change",正向,世界银行WDI数据库,0.0231687971847866,0.0057921992961966,Social,Population conditions,Life expectancy at birth,Positive
ZAF,South Africa,南非,710,0.2361331227984405,0.2266511442912791,S,-0.020679139254386,-0.0481964696853416,-0.009481978507161398,-0.009481978507161398,-0.0275173304309556,Deteriorated,Observed both endpoints,Decreased,Positive indicator: raw increase is improvement,-5.4921509235731536e-05,-0.00021968603694292807,社会,人口状况,出生时预期寿命,"Life expectancy at birth, total (years)_pct_change",正向,世界银行WDI数据库,0.0231687971847866,0.0057921992961966,Social,Population conditions,Life expectancy at birth,Positive
ZMB,Zambia,赞比亚,894,0.2494066179373858,0.2378312663581407,S,0.0178414238787385,-0.0157510140307128,-0.011575351579245108,-0.011575351579245108,-0.0335924379094513,Deteriorated,Observed both endpoints,Decreased,Positive indicator: raw increase is improvement,-6.704674327053172e-05,-0.0002681869730821292,社会,人口状况,出生时预期寿命,"Life expectancy at birth, total (years)_pct_change",正向,世界银行WDI数据库,0.0231687971847866,0.0057921992961966,Social,Population conditions,Life expectancy at birth,Positive
ZWE,Zimbabwe,津巴布韦,716,0.2319633422103894,0.2354464644279335,S,-0.0327801190424469,-0.022671867381765,0.003483122217544099,0.003483122217544099,0.010108251660681897,Improved,Observed both endpoints,Increased,Positive indicator: raw increase is improvement,2.017493805702567e-05,8.069975222810338e-05,社会,人口状况,出生时预期寿命,"Life expectancy at birth, total (years)_pct_change",正向,世界银行WDI数据库,0.0231687971847866,0.0057921992961966,Social,Population conditions,Life expectancy at birth,Positive
AGO,Angola,安哥拉,24,0.5632016279609398,0.331863823544,S,0.7311931680236048,0.4332855412606523,-0.23133780441693974,-0.23133780441693974,-0.2979076267629525,Deteriorated,Observed both endpoints,Decreased,Positive indicator: raw increase is improvement,-0.010911096921865298,-0.04364438768746119,经济,发展质量,商品出口占GDP比重,Merchandise exports (% of GDP),正向,世界银行WDI数据库,0.1886608537565308,0.0471652134391327,Economic,Development quality,Merchandise exports (% of GDP),Positive
BDI,Burundi,布隆迪,108,0.02994011586641616,0.03224197101519654,E,0.0444801947052229,0.0474444322463095,0.002301855148780379,0.002301855148780379,0.0029642375410866006,Improved,Observed both endpoints,Increased,Positive indicator: raw increase is improvement,0.00010856748939819312,0.0004342699575927725,经济,发展质量,商品出口占GDP比重,Merchandise exports (% of GDP),正向,世界银行WDI数据库,0.1886608537565308,0.0471652134391327,Economic,Development quality,Merchandise exports (% of GDP),Positive
BEN,Benin,贝宁,204,0.0746162575221057,0.1552945796155848,W,0.1020123536496577,0.2059066891503428,0.0806783220934791,0.0806783220934791,0.1038943355006851,Improved,Observed both endpoints,Increased,Positive indicator: raw increase is improvement,0.0038052102814500367,0.015220841125800147,经济,发展质量,商品出口占GDP比重,Merchandise exports (% of GDP),正向,世界银行WDI数据库,0.1886608537565308,0.0471652134391327,Economic,Development quality,Merchandise exports (% of GDP),Positive
BFA,Burkina Faso,布基纳法索,854,0.04967797516755348,0.1942113247212551,W,0.0698978251552174,0.2560221262056452,0.14453334955370162,0.14453334955370162,0.18612430105042777,Improved,Observed both endpoints,Increased,Positive indicator: raw increase is improvement,0.006816946280773112,0.02726778512309245,经济,发展质量,商品出口占GDP比重,Merchandise exports (% of GDP),正向,世界银行WDI数据库,0.1886608537565308,0.0471652134391327,Economic,Development quality,Merchandise exports (% of GDP),Positive
BWA,Botswana,博茨瓦纳,72,0.3504557788018957,0.3026999676277971,S,0.4572275220437859,0.3957294871381964,-0.047755811174098606,-0.047755811174098606,-0.06149803490558953,Deteriorated,Observed both endpoints,Decreased,Positive indicator: raw increase is improvement,-0.002252413026985279,-0.009009652107941116,经济,发展质量,商品出口占GDP比重,Merchandise exports (% of GDP),正向,世界银行WDI数据库,0.1886608537565308,0.0471652134391327,Economic,Development quality,Merchandise exports (% of GDP),Positive
CAF,Central African Republic,中非,140,0.1136314418549894,0.04168643237058942,C,0.1522545568279179,0.0596066340772242,-0.07194500948439997,-0.07194500948439997,-0.0926479227506937,Deteriorated,Observed both endpoints,Decreased,Positive indicator: raw increase is improvement,-0.0033933017282121508,-0.013573206912848603,经济,发展质量,商品出口占GDP比重,Merchandise exports (% of GDP),正向,世界银行WDI数据库,0.1886608537565308,0.0471652134391327,Economic,Development quality,Merchandise exports (% of GDP),Positive
CIV,Côte d'Ivoire,科特迪瓦,384,0.1776799865776743,0.158975930938272,W,0.2347337262142022,0.210647387016766,-0.018704055639402306,-0.018704055639402306,-0.02408633919743619,Deteriorated,Observed both endpoints,Decreased,Positive indicator: raw increase is improvement,-0.0008821807764098235,-0.003528723105639294,经济,发展质量,商品出口占GDP比重,Merchandise exports (% of GDP),正向,世界银行WDI数据库,0.1886608537565308,0.0471652134391327,Economic,Development quality,Merchandise exports (% of GDP),Positive
CMR,Cameroon,喀麦隆,120,0.1193938860126553,0.06987588580670213,C,0.1596752033050078,0.095907891427111,-0.049518000205953164,-0.049518000205953164,-0.06376731187789682,Deteriorated,Observed both endpoints,Decreased,Positive indicator: raw increase is improvement,-0.002335527048792798,-0.009342108195171192,经济,发展质量,商品出口占GDP比重,Merchandise exports (% of GDP),正向,世界银行WDI数据库,0.1886608537565308,0.0471652134391327,Economic,Development quality,Merchandise exports (% of GDP),Positive
COD,"Congo, Dem. Rep.",刚果（金）,180,0.08727079680994698,0.2768972866437938,C,0.1183083662124158,0.3625018204563943,0.18962648983384683,0.18962648983384683,0.24419345424397848,Improved,Observed both endpoints,Increased,Positive indicator: raw increase is improvement,0.008943773866726913,0.03577509546690765,经济,发展质量,商品出口占GDP比重,Merchandise exports (% of GDP),正向,世界银行WDI数据库,0.1886608537565308,0.0471652134391327,Economic,Development quality,Merchandise exports (% of GDP),Positive
COG,"Congo, Rep.",刚果（布）,178,0.5659973360062632,0.3888639561463151,C,0.7347933696897507,0.506688045756307,-0.17713337985994815,-0.17713337985994815,-0.22810532393344374,Deteriorated,Observed both endpoints,Decreased,Positive indicator: raw increase is improvement,-0.008354533668289425,-0.0334181346731577,经济,发展质量,商品出口占GDP比重,Merchandise exports (% of GDP),正向,世界银行WDI数据库,0.1886608537565308,0.0471652134391327,Economic,Development quality,Merchandise exports (% of GDP),Positive
COM,Comoros,科摩罗,174,0.03081544216581433,0.01615211173716789,E,0.045607405111469,0.0267245511851559,-0.01466333042864644,-0.01466333042864644,-0.018882853926313097,Deteriorated,Observed both endpoints,Decreased,Positive indicator: raw increase is improvement,-0.0006915991093956385,-0.002766396437582554,经济,发展质量,商品出口占GDP比重,Merchandise exports (% of GDP),正向,世界银行WDI数据库,0.1886608537565308,0.0471652134391327,Economic,Development quality,Merchandise exports (% of GDP),Positive
CPV,Cape Verde,佛得角,132,0.009190088866592245,0.01659318017472827,W,0.017759134935659,0.0272925415825959,0.007403091308136024,0.007403091308136024,0.009533406646936898,Improved,Observed both endpoints,Increased,Positive indicator: raw increase is improvement,0.0003491683816576237,0.0013966735266304948,经济,发展质量,商品出口占GDP比重,Merchandise exports (% of GDP),正向,世界银行WDI数据库,0.1886608537565308,0.0471652134391327,Economic,Development quality,Merchandise exports (% of GDP),Positive
DJI,Djibouti,吉布提,262,0.0388106052219836,0.8717794274057011,E,0.0559032582153286,1.128567389396615,0.8329688221837175,0.8329688221837175,1.0726641311812863,Improved,Observed both endpoints,Increased,Positive indicator: raw increase is improvement,0.03928715228643801,0.15714860914575204,经济,发展质量,商品出口占GDP比重,Merchandise exports (% of GDP),正向,世界银行WDI数据库,0.1886608537565308,0.0471652134391327,Economic,Development quality,Merchandise exports (% of GDP),Positive
ERI,Eritrea,厄立特里亚,232,0.01500975957541683,0.0908869317317595,E,0.0252534754900593,0.122965080990733,0.07587717215634268,0.07587717215634268,0.0977116055006737,Improved,Observed both endpoints,Increased,Positive indicator: raw increase is improvement,0.0035787630199117194,0.014315052079646878,经济,发展质量,商品出口占GDP比重,Merchandise exports (% of GDP),正向,世界银行WDI数据库,0.1886608537565308,0.0471652134391327,Economic,Development quality,Merchandise exports (% of GDP),Positive
ETH,Ethiopia,埃塞俄比亚,231,0.03832400558079102,0.02353299391582645,E,0.0552766345441273,0.0362293577981651,-0.01479101166496457,-0.01479101166496457,-0.019047276745962197,Deteriorated,Observed both endpoints,Decreased,Positive indicator: raw increase is improvement,-0.0006976212221587554,-0.0027904848886350217,经济,发展质量,商品出口占GDP比重,Merchandise exports (% of GDP),正向,世界银行WDI数据库,0.1886608537565308,0.0471652134391327,Economic,Development quality,Merchandise exports (% of GDP),Positive
GAB,Gabon,加蓬,266,0.3855822560097424,0.3161209039796489,C,0.5024620027976212,0.4130124353687885,-0.06946135203009346,-0.06946135203009346,-0.0894495674288327,Deteriorated,Observed both endpoints,Decreased,Positive indicator: raw increase is improvement,-0.0032761594942700913,-0.013104637977080365,经济,发展质量,商品出口占GDP比重,Merchandise exports (% of GDP),正向,世界银行WDI数据库,0.1886608537565308,0.0471652134391327,Economic,Development quality,Merchandise exports (% of GDP),Positive
GHA,Ghana,加纳,288,0.2461196116892106,0.13922443051617,W,0.3228675543401814,0.1852121900735509,-0.10689518117304059,-0.10689518117304059,-0.1376553642666305,Deteriorated,Observed both endpoints,Decreased,Positive indicator: raw increase is improvement,-0.005041734035641219,-0.020166936142564876,经济,发展质量,商品出口占GDP比重,Merchandise exports (% of GDP),正向,世界银行WDI数据库,0.1886608537565308,0.0471652134391327,Economic,Development quality,Merchandise exports (% of GDP),Positive
GIN,Guinea,几内亚,324,0.1329944415759707,0.4612122692295125,W,0.1771894580146383,0.5998553268465746,0.3282178276535418,0.3282178276535418,0.4226658688319363,Improved,Observed both endpoints,Increased,Positive indicator: raw increase is improvement,0.01548046389580777,0.06192185558323108,经济,发展质量,商品出口占GDP比重,Merchandise exports (% of GDP),正向,世界银行WDI数据库,0.1886608537565308,0.0471652134391327,Economic,Development quality,Merchandise exports (% of GDP),Positive
GMB,"Gambia, The",冈比亚,270,0.005566336525400096,0.00812224704227579,W,0.0130926107475259,0.0163840106906523,0.002555910516875694,0.002555910516875694,0.0032913999431264003,Improved,Observed both endpoints,Increased,Positive indicator: raw increase is improvement,0.00012055006505976609,0.00048220026023906436,经济,发展质量,商品出口占GDP比重,Merchandise exports (% of GDP),正向,世界银行WDI数据库,0.1886608537565308,0.0471652134391327,Economic,Development quality,Merchandise exports (% of GDP),Positive
GNB,Guinea-Bissau,几内亚（比绍）,624,0.113966657194174,0.1174911321561299,W,0.1526862338138853,0.1572249125402096,0.0035244749619559035,0.0035244749619559035,0.004538678726324297,Improved,Observed both endpoints,Increased,Positive indicator: raw increase is improvement,0.0001662326138415293,0.0006649304553661172,经济,发展质量,商品出口占GDP比重,Merchandise exports (% of GDP),正向,世界银行WDI数据库,0.1886608537565308,0.0471652134391327,Economic,Development quality,Merchandise exports (% of GDP),Positive
GNQ,Equatorial Guinea,赤道几内亚,226,0.917488556577768,0.2398193195432538,C,1.1874297885940657,0.3147542886080811,-0.6776692370345141,-0.6776692370345141,-0.8726754999859846,Deteriorated,Observed both endpoints,Decreased,Positive indicator: raw increase is improvement,-0.03196241420586707,-0.12784965682346827,经济,发展质量,商品出口占GDP比重,Merchandise exports (% of GDP),正向,世界银行WDI数据库,0.1886608537565308,0.0471652134391327,Economic,Development quality,Merchandise exports (% of GDP),Positive
KEN,Kenya,肯尼亚,404,0.111647403384901,0.04297316435196778,E,0.1496995909695701,0.0612636363636363,-0.06867423903293322,-0.06867423903293322,-0.08843595460593381,Deteriorated,Observed both endpoints,Decreased,Positive indicator: raw increase is improvement,-0.0032390351417583133,-0.012956140567033253,经济,发展质量,商品出口占GDP比重,Merchandise exports (% of GDP),正向,世界银行WDI数据库,0.1886608537565308,0.0471652134391327,Economic,Development quality,Merchandise exports (% of GDP),Positive
LBR,Liberia,利比里亚,430,0.1051095110810493,0.1901400287365624,W,0.141280353200883,0.2507792731073103,0.08503051765551312,0.08503051765551312,0.1094989199064273,Improved,Observed both endpoints,Increased,Positive indicator: raw increase is improvement,0.004010482514062217,0.01604193005624887,经济,发展质量,商品出口占GDP比重,Merchandise exports (% of GDP),正向,世界银行WDI数据库,0.1886608537565308,0.0471652134391327,Economic,Development quality,Merchandise exports (% of GDP),Positive
LSO,Lesotho,莱索托,426,0.2587273931587044,0.2964058764622687,S,0.3391033540435167,0.387624206782147,0.03767848330356427,0.03767848330356427,0.04852085273863027,Improved,Observed both endpoints,Increased,Positive indicator: raw increase is improvement,0.0017771137070754066,0.007108454828301626,经济,发展质量,商品出口占GDP比重,Merchandise exports (% of GDP),正向,世界银行WDI数据库,0.1886608537565308,0.0471652134391327,Economic,Development quality,Merchandise exports (% of GDP),Positive
MDG,Madagascar,马达加斯加,450,0.1279089295409502,0.1430289710202354,E,0.170640537810931,0.1901115260698712,0.015120041479285196,0.015120041479285196,0.019470988258940197,Improved,Observed both endpoints,Increased,Positive indicator: raw increase is improvement,0.000713139983579026,0.002852559934316104,经济,发展质量,商品出口占GDP比重,Merchandise exports (% of GDP),正向,世界银行WDI数据库,0.1886608537565308,0.0471652134391327,Economic,Development quality,Merchandise exports (% of GDP),Positive
MLI,Mali,马里,466,0.131906298681342,0.1594239456555299,W,0.1757881908584344,0.2112243225570232,0.027517646974187904,0.027517646974187904,0.03543613169858881,Improved,Observed both endpoints,Increased,Positive indicator: raw increase is improvement,0.0012978756928802766,0.005191502771521106,经济,发展质量,商品出口占GDP比重,Merchandise exports (% of GDP),正向,世界银行WDI数据库,0.1886608537565308,0.0471652134391327,Economic,Development quality,Merchandise exports (% of GDP),Positive
MOZ,Mozambique,莫桑比克,508,0.09201781381677523,0.2693590936465025,S,0.1244213859770489,0.3527944352256745,0.17734127982972728,0.17734127982972728,0.22837304924862561,Improved,Observed both endpoints,Increased,Positive indicator: raw increase is improvement,0.008364339314738047,0.033457357258952186,经济,发展质量,商品出口占GDP比重,Merchandise exports (% of GDP),正向,世界银行WDI数据库,0.1886608537565308,0.0471652134391327,Economic,Development quality,Merchandise exports (% of GDP),Positive
MUS,Mauritius,毛里求斯,480,0.2657750136989993,0.126492916150817,S,0.3481789995687985,0.168817052066427,-0.1392820975481823,-0.1392820975481823,-0.1793619475023715,Deteriorated,Observed both endpoints,Decreased,Positive indicator: raw increase is improvement,-0.00656926985911012,-0.02627707943644048,经济,发展质量,商品出口占GDP比重,Merchandise exports (% of GDP),正向,世界银行WDI数据库,0.1886608537565308,0.0471652134391327,Economic,Development quality,Merchandise exports (% of GDP),Positive
MWI,Malawi,马拉维,454,0.1337340497981419,0.05869905042264943,S,0.1781418960770498,0.0815148071995877,-0.07503499937549248,-0.07503499937549248,-0.0966270888774621,Deteriorated,Observed both endpoints,Decreased,Positive indicator: raw increase is improvement,-0.0035390417609502916,-0.014156167043801167,经济,发展质量,商品出口占GDP比重,Merchandise exports (% of GDP),正向,世界银行WDI数据库,0.1886608537565308,0.0471652134391327,Economic,Development quality,Merchandise exports (% of GDP),Positive
NAM,Namibia,纳米比亚,516,0.2527666155766574,0.271955723689305,S,0.3314273016680521,0.3561382721553209,0.019189108112647568,0.019189108112647568,0.02471097048726878,Improved,Observed both endpoints,Increased,Positive indicator: raw increase is improvement,0.0009050583798396154,0.0036202335193584617,经济,发展质量,商品出口占GDP比重,Merchandise exports (% of GDP),正向,世界银行WDI数据库,0.1886608537565308,0.0471652134391327,Economic,Development quality,Merchandise exports (% of GDP),Positive
NER,Niger,尼日尔,562,0.08165664227702973,0.05850154126484222,W,0.1110786812182265,0.0812604627589348,-0.023155101012187512,-0.023155101012187512,-0.02981821845929171,Deteriorated,Observed both endpoints,Decreased,Positive indicator: raw increase is improvement,-0.0010921152814445017,-0.004368461125778007,经济,发展质量,商品出口占GDP比重,Merchandise exports (% of GDP),正向,世界银行WDI数据库,0.1886608537565308,0.0471652134391327,Economic,Development quality,Merchandise exports (% of GDP),Positive
NGA,Nigeria,尼日利亚,566,0.1858984636948034,0.05516506028261999,W,0.2453171542870169,0.0769638752052545,-0.1307334034121834,-0.1307334034121834,-0.1683532790817624,Deteriorated,Observed both endpoints,Decreased,Positive indicator: raw increase is improvement,-0.006166068875559869,-0.024664275502239475,经济,发展质量,商品出口占GDP比重,Merchandise exports (% of GDP),正向,世界银行WDI数据库,0.1886608537565308,0.0471652134391327,Economic,Development quality,Merchandise exports (% of GDP),Positive
RWA,Rwanda,卢旺达,646,0.02935777558426179,0.102641200039816,E,0.0437302800431454,0.1381017603796193,0.0732834244555542,0.0732834244555542,0.0943714803364739,Improved,Observed both endpoints,Increased,Positive indicator: raw increase is improvement,0.0034564283559967712,0.013825713423987085,经济,发展质量,商品出口占GDP比重,Merchandise exports (% of GDP),正向,世界银行WDI数据库,0.1886608537565308,0.0471652134391327,Economic,Development quality,Merchandise exports (% of GDP),Positive
SEN,Senegal,塞内加尔,686,0.1150817119511013,0.1421819584851393,W,0.154122156996368,0.1890207770035657,0.02710024653403799,0.02710024653403799,0.034898620007197706,Improved,Observed both endpoints,Increased,Positive indicator: raw increase is improvement,0.001278188912031018,0.005112755648124072,经济,发展质量,商品出口占GDP比重,Merchandise exports (% of GDP),正向,世界银行WDI数据库,0.1886608537565308,0.0471652134391327,Economic,Development quality,Merchandise exports (% of GDP),Positive
SLE,Sierra Leone,塞拉利昂,694,0.008792218936976706,0.07091981376654909,W,0.0172467738592199,0.0972522203482457,0.06212759482957238,0.06212759482957238,0.0800054464890258,Improved,Observed both endpoints,Increased,Positive indicator: raw increase is improvement,0.002930261270596738,0.011721045082386953,经济,发展质量,商品出口占GDP比重,Merchandise exports (% of GDP),正向,世界银行WDI数据库,0.1886608537565308,0.0471652134391327,Economic,Development quality,Merchandise exports (% of GDP),Positive
STP,São Tomé and Principe,圣多美和普林西比,678,0.02607207184387562,0.02649645027796331,C,0.039499081402648,0.040045579077194,0.00042437843408768897,0.00042437843408768897,0.0005464976745460023,Improved,Observed both endpoints,Increased,Positive indicator: raw increase is improvement,2.001589942271076e-05,8.006359769084304e-05,经济,发展质量,商品出口占GDP比重,Merchandise exports (% of GDP),正向,世界银行WDI数据库,0.1886608537565308,0.0471652134391327,Economic,Development quality,Merchandise exports (% of GDP),Positive
SWZ,Swaziland,斯威士兰,748,0.5400074064620088,0.3294675766249732,S,0.7013245717568772,0.4301997497507669,-0.21053982983703562,-0.21053982983703562,-0.2711248220061103,Deteriorated,Observed both endpoints,Decreased,Positive indicator: raw increase is improvement,-0.009930156011702464,-0.03972062404680986,经济,发展质量,商品出口占GDP比重,Merchandise exports (% of GDP),正向,世界银行WDI数据库,0.1886608537565308,0.0471652134391327,Economic,Development quality,Merchandise exports (% of GDP),Positive
SYC,Seychelles,塞舌尔,690,0.2487480634933215,0.237681425907539,E,0.3262523700688385,0.3120011941845707,-0.011066637585782496,-0.011066637585782496,-0.01425117588426783,Deteriorated,Observed both endpoints,Decreased,Positive indicator: raw increase is improvement,-0.0005219603237869596,-0.0020878412951478385,经济,发展质量,商品出口占GDP比重,Merchandise exports (% of GDP),正向,世界银行WDI数据库,0.1886608537565308,0.0471652134391327,Economic,Development quality,Merchandise exports (% of GDP),Positive
TCD,Chad,乍得,148,0.08118539736715402,0.1201749376846699,C,0.110471830759526,0.1606810105943766,0.03898954031751588,0.03898954031751588,0.050209179834850584,Improved,Observed both endpoints,Increased,Positive indicator: raw increase is improvement,0.001838949990969306,0.007355799963877224,经济,发展质量,商品出口占GDP比重,Merchandise exports (% of GDP),正向,世界银行WDI数据库,0.1886608537565308,0.0471652134391327,Economic,Development quality,Merchandise exports (% of GDP),Positive
TGO,Togo,多哥,768,0.1278214865690336,0.1135852677734933,W,0.1705279322283439,0.1521950956816035,-0.014236218795540309,-0.014236218795540309,-0.018332836546740394,Deteriorated,Observed both endpoints,Decreased,Positive indicator: raw increase is improvement,-0.0006714542980578513,-0.0026858171922314053,经济,发展质量,商品出口占GDP比重,Merchandise exports (% of GDP),正向,世界银行WDI数据库,0.1886608537565308,0.0471652134391327,Economic,Development quality,Merchandise exports (% of GDP),Positive
TZA,Tanzania,坦桑尼亚,834,0.04411935180092222,0.06563978440650305,E,0.0627396509891062,0.0904528084671894,0.021520432605580828,0.021520432605580828,0.0277131574780832,Improved,Observed both endpoints,Increased,Positive indicator: raw increase is improvement,0.0010150157971446903,0.004060063188578761,经济,发展质量,商品出口占GDP比重,Merchandise exports (% of GDP),正向,世界银行WDI数据库,0.1886608537565308,0.0471652134391327,Economic,Development quality,Merchandise exports (% of GDP),Positive
UGA,Uganda,乌干达,800,0.05536345885018248,0.07136792386784939,E,0.0772193649924282,0.0978292787202802,0.016004465017666912,0.016004465017666912,0.02060991372785201,Improved,Observed both endpoints,Increased,Positive indicator: raw increase is improvement,0.0007548540085373926,0.0030194160341495704,经济,发展质量,商品出口占GDP比重,Merchandise exports (% of GDP),正向,世界银行WDI数据库,0.1886608537565308,0.0471652134391327,Economic,Development quality,Merchandise exports (% of GDP),Positive
ZAF,South Africa,南非,710,0.1636961721103012,0.2246641743935747,S,0.2167259259259259,0.2952380952380952,0.06096800228327348,0.06096800228327348,0.07851216931216928,Improved,Observed both endpoints,Increased,Positive indicator: raw increase is improvement,0.0028755688406481234,0.011502275362592494,经济,发展质量,商品出口占GDP比重,Merchandise exports (% of GDP),正向,世界银行WDI数据库,0.1886608537565308,0.0471652134391327,Economic,Development quality,Merchandise exports (% of GDP),Positive
ZMB,Zambia,赞比亚,894,0.1825914625604073,0.3824330638974712,S,0.2410585297092772,0.4984065984042412,0.1998416013370639,0.1998416013370639,0.25734806869496396,Improved,Observed both endpoints,Increased,Positive indicator: raw increase is improvement,0.009425571781080687,0.03770228712432275,经济,发展质量,商品出口占GDP比重,Merchandise exports (% of GDP),正向,世界银行WDI数据库,0.1886608537565308,0.0471652134391327,Economic,Development quality,Merchandise exports (% of GDP),Positive
ZWE,Zimbabwe,津巴布韦,716,0.1336268963464347,0.1089249732955105,S,0.1780039081222578,0.1461937537416145,-0.02470192305092421,-0.02470192305092421,-0.0318101543806433,Deteriorated,Observed both endpoints,Decreased,Positive indicator: raw increase is improvement,-0.0011650714730538723,-0.004660285892215489,经济,发展质量,商品出口占GDP比重,Merchandise exports (% of GDP),正向,世界银行WDI数据库,0.1886608537565308,0.0471652134391327,Economic,Development quality,Merchandise exports (% of GDP),Positive
AGO,Angola,安哥拉,24,0.002584882137002747,0.2561984854431695,S,0.447836,44.3869,0.2536136033061667,0.2536136033061667,43.939063999999995,Improved,Observed both endpoints,Increased,Positive indicator: raw increase is improvement,0.008255824238700922,0.03302329695480369,社会,基础设施,移动手机使用数,Mobile cellular subscriptions (per 100 people),正向,世界银行WDI数据库,0.1302110633037984,0.0325527658259496,Social,Infrastructure,Mobile cellular subscriptions (per 100 people),Positive
BDI,Burundi,布隆迪,108,0.002907210306374529,0.3445893842495324,E,0.50368,59.7008,0.34168217394315786,0.34168217394315786,59.19712,Improved,Observed both endpoints,Increased,Positive indicator: raw increase is improvement,0.011122699795272995,0.04449079918109198,社会,基础设施,移动手机使用数,Mobile cellular subscriptions (per 100 people),正向,世界银行WDI数据库,0.1302110633037984,0.0325527658259496,Social,Infrastructure,Mobile cellular subscriptions (per 100 people),Positive
BEN,Benin,贝宁,204,0.009690162306928636,0.5478626509362085,W,1.67884,94.9183,0.5381724886292798,0.5381724886292798,93.23946000000001,Improved,Observed both endpoints,Increased,Positive indicator: raw increase is improvement,0.01751900299631747,0.07007601198526987,社会,基础设施,移动手机使用数,Mobile cellular subscriptions (per 100 people),正向,世界银行WDI数据库,0.1302110633037984,0.0325527658259496,Social,Infrastructure,Mobile cellular subscriptions (per 100 people),Positive
BFA,Burkina Faso,布基纳法索,854,0.003576582088518459,0.6476000277053078,W,0.61965,112.198,0.6440234456167894,0.6440234456167894,111.57835,Improved,Observed both endpoints,Increased,Positive indicator: raw increase is improvement,0.02096474441158453,0.08385897764633812,社会,基础设施,移动手机使用数,Mobile cellular subscriptions (per 100 people),正向,世界银行WDI数据库,0.1302110633037984,0.0325527658259496,Social,Infrastructure,Mobile cellular subscriptions (per 100 people),Positive
BWA,Botswana,博茨瓦纳,72,0.1120050562186872,1.0,S,19.4051,173.252,0.8879949437813128,0.8879949437813128,153.8469,Improved,Observed both endpoints,Increased,Positive indicator: raw increase is improvement,0.028906691459540355,0.11562676583816142,社会,基础设施,移动手机使用数,Mobile cellular subscriptions (per 100 people),正向,世界银行WDI数据库,0.1302110633037984,0.0325527658259496,Social,Infrastructure,Mobile cellular subscriptions (per 100 people),Positive
CAF,Central African Republic,中非,140,0.001619888947890933,0.2067335442015099,C,0.280649,35.817,0.20511365525361897,0.20511365525361897,35.536351,Improved,Observed both endpoints,Increased,Positive indicator: raw increase is improvement,0.006677016787175615,0.02670806714870246,社会,基础设施,移动手机使用数,Mobile cellular subscriptions (per 100 people),正向,世界银行WDI数据库,0.1302110633037984,0.0325527658259496,Social,Infrastructure,Mobile cellular subscriptions (per 100 people),Positive
CIV,Côte d'Ivoire,科特迪瓦,384,0.02313185417772955,0.8677764181654468,W,4.00764,150.344,0.8446445639877173,0.8446445639877173,146.33635999999998,Improved,Observed both endpoints,Increased,Positive indicator: raw increase is improvement,0.02749551669765346,0.10998206679061384,社会,基础设施,移动手机使用数,Mobile cellular subscriptions (per 100 people),正向,世界银行WDI数据库,0.1302110633037984,0.0325527658259496,Social,Infrastructure,Mobile cellular subscriptions (per 100 people),Positive
CMR,Cameroon,喀麦隆,120,0.01573274767390852,0.4664194352734744,C,2.72573,80.8081,0.45068668759956587,0.45068668759956587,78.08237,Improved,Observed both endpoints,Increased,Positive indicator: raw increase is improvement,0.01467109820230157,0.05868439280920628,社会,基础设施,移动手机使用数,Mobile cellular subscriptions (per 100 people),正向,世界银行WDI数据库,0.1302110633037984,0.0325527658259496,Social,Infrastructure,Mobile cellular subscriptions (per 100 people),Positive
COD,"Congo, Dem. Rep.",刚果（金）,180,0.001660748505067762,0.2729451896659201,C,0.287728,47.2883,0.2712844411608523,0.2712844411608523,47.000572,Improved,Observed both endpoints,Increased,Positive indicator: raw increase is improvement,0.008831058885332827,0.03532423554133131,社会,基础设施,移动手机使用数,Mobile cellular subscriptions (per 100 people),正向,世界银行WDI数据库,0.1302110633037984,0.0325527658259496,Social,Infrastructure,Mobile cellular subscriptions (per 100 people),Positive
COG,"Congo, Rep.",刚果（布）,178,0.02645626024519197,0.553306743933692,C,4.5836,95.8615,0.5268504836885,0.5268504836885,91.2779,Improved,Observed both endpoints,Increased,Positive indicator: raw increase is improvement,0.017150440420800016,0.06860176168320006,社会,基础设施,移动手机使用数,Mobile cellular subscriptions (per 100 people),正向,世界银行WDI数据库,0.1302110633037984,0.0325527658259496,Social,Infrastructure,Mobile cellular subscriptions (per 100 people),Positive
COM,Comoros,科摩罗,174,0.0,0.6020767437028144,E,0.0,104.311,0.6020767437028144,0.6020767437028144,104.311,Improved,Observed both endpoints,Increased,Positive indicator: raw increase is improvement,0.01959926324700799,0.07839705298803196,社会,基础设施,移动手机使用数,Mobile cellular subscriptions (per 100 people),正向,世界银行WDI数据库,0.1302110633037984,0.0325527658259496,Social,Infrastructure,Mobile cellular subscriptions (per 100 people),Positive
CPV,Cape Verde,佛得角,132,0.03950886569852007,0.6593343799782975,W,6.84499,114.231,0.6198255142797774,0.6198255142797774,107.38601,Improved,Observed both endpoints,Increased,Positive indicator: raw increase is improvement,0.020177034819298372,0.08070813927719349,社会,基础设施,移动手机使用数,Mobile cellular subscriptions (per 100 people),正向,世界银行WDI数据库,0.1302110633037984,0.0325527658259496,Social,Infrastructure,Mobile cellular subscriptions (per 100 people),Positive
DJI,Djibouti,吉布提,262,0.002244978412947614,0.2519012767529379,E,0.388947,43.6424,0.24965629833999028,0.24965629833999028,43.253453,Improved,Observed both endpoints,Increased,Positive indicator: raw increase is improvement,0.008127003016835114,0.032508012067340455,社会,基础设施,移动手机使用数,Mobile cellular subscriptions (per 100 people),正向,世界银行WDI数据库,0.1302110633037984,0.0325527658259496,Social,Infrastructure,Mobile cellular subscriptions (per 100 people),Positive
ERI,Eritrea,厄立特里亚,232,0.0,0.310289635906079,E,0.0,53.7583,0.310289635906079,0.310289635906079,53.7583,Improved,Observed both endpoints,Increased,Positive indicator: raw increase is improvement,0.010100785855869751,0.040403143423479004,社会,基础设施,移动手机使用数,Mobile cellular subscriptions (per 100 people),正向,世界银行WDI数据库,0.1302110633037984,0.0325527658259496,Social,Infrastructure,Mobile cellular subscriptions (per 100 people),Positive
ETH,Ethiopia,埃塞俄比亚,231,0.0002284262230739039,0.3048097568859234,E,0.0395753,52.8089,0.3045813306628495,0.3045813306628495,52.7693247,Improved,Observed both endpoints,Increased,Positive indicator: raw increase is improvement,0.009914964732023862,0.03965985892809545,社会,基础设施,移动手机使用数,Mobile cellular subscriptions (per 100 people),正向,世界银行WDI数据库,0.1302110633037984,0.0325527658259496,Social,Infrastructure,Mobile cellular subscriptions (per 100 people),Positive
GAB,Gabon,加蓬,266,0.06611179091727656,0.7636794957633966,C,11.454,132.309,0.69756770484612,0.69756770484612,120.85499999999999,Improved,Observed both endpoints,Increased,Positive indicator: raw increase is improvement,0.02270775814360087,0.09083103257440348,社会,基础设施,移动手机使用数,Mobile cellular subscriptions (per 100 people),正向,世界银行WDI数据库,0.1302110633037984,0.0325527658259496,Social,Infrastructure,Mobile cellular subscriptions (per 100 people),Positive
GHA,Ghana,加纳,288,0.00697763950776903,0.7180465449172304,W,1.20889,124.403,0.7110689054094613,0.7110689054094613,123.19411000000001,Improved,Observed both endpoints,Increased,Positive indicator: raw increase is improvement,0.0231472595639085,0.092589038255634,社会,基础设施,移动手机使用数,Mobile cellular subscriptions (per 100 people),正向,世界银行WDI数据库,0.1302110633037984,0.0325527658259496,Social,Infrastructure,Mobile cellular subscriptions (per 100 people),Positive
GIN,Guinea,几内亚,324,0.00376259437120495,0.580749428578025,W,0.651877,100.616,0.5769868342068201,0.5769868342068201,99.964123,Improved,Observed both endpoints,Increased,Positive indicator: raw increase is improvement,0.01878251729859062,0.07513006919436248,社会,基础设施,移动手机使用数,Mobile cellular subscriptions (per 100 people),正向,世界银行WDI数据库,0.1302110633037984,0.0325527658259496,Social,Infrastructure,Mobile cellular subscriptions (per 100 people),Positive
GMB,"Gambia, The",冈比亚,270,0.02126722923833491,0.6282582596449102,W,3.68459,108.847,0.6069910304065753,0.6069910304065753,105.16241,Improved,Observed both endpoints,Increased,Positive indicator: raw increase is improvement,0.0197592368712771,0.0790369474851084,社会,基础设施,移动手机使用数,Mobile cellular subscriptions (per 100 people),正向,世界银行WDI数据库,0.1302110633037984,0.0325527658259496,Social,Infrastructure,Mobile cellular subscriptions (per 100 people),Positive
GNB,Guinea-Bissau,几内亚（比绍）,624,0.0,0.627005748851384,W,0.0,108.63,0.627005748851384,0.627005748851384,108.63,Improved,Observed both endpoints,Increased,Positive indicator: raw increase is improvement,0.02041077131388327,0.08164308525553308,社会,基础设施,移动手机使用数,Mobile cellular subscriptions (per 100 people),正向,世界银行WDI数据库,0.1302110633037984,0.0325527658259496,Social,Infrastructure,Mobile cellular subscriptions (per 100 people),Positive
GNQ,Equatorial Guinea,赤道几内亚,226,0.0115464179345693,0.2680188396093551,C,2.00044,46.4348,0.2564724216747858,0.2564724216747858,44.434360000000005,Improved,Observed both endpoints,Increased,Positive indicator: raw increase is improvement,0.008348886683593501,0.033395546734374004,社会,基础设施,移动手机使用数,Mobile cellular subscriptions (per 100 people),正向,世界银行WDI数据库,0.1302110633037984,0.0325527658259496,Social,Infrastructure,Mobile cellular subscriptions (per 100 people),Positive
KEN,Kenya,肯尼亚,404,0.0109527162745596,0.7058966130261122,E,1.89758,122.298,0.6949438967515525,0.6949438967515525,120.40042,Improved,Observed both endpoints,Increased,Positive indicator: raw increase is improvement,0.022622345933126186,0.09048938373250474,社会,基础设施,移动手机使用数,Mobile cellular subscriptions (per 100 people),正向,世界银行WDI数据库,0.1302110633037984,0.0325527658259496,Social,Infrastructure,Mobile cellular subscriptions (per 100 people),Positive
LBR,Liberia,利比里亚,430,0.0003828388705469489,0.1814114699974603,W,0.0663276,31.4299,0.18102863112691336,0.18102863112691336,31.3635724,Improved,Observed both endpoints,Increased,Positive indicator: raw increase is improvement,0.005892982636866621,0.023571930547466483,社会,基础设施,移动手机使用数,Mobile cellular subscriptions (per 100 people),正向,世界银行WDI数据库,0.1302110633037984,0.0325527658259496,Social,Infrastructure,Mobile cellular subscriptions (per 100 people),Positive
LSO,Lesotho,莱索托,426,0.01644298478516842,0.4648535081846097,S,2.84878,80.5368,0.44841052339944126,0.44841052339944126,77.68802,Improved,Observed both endpoints,Increased,Positive indicator: raw increase is improvement,0.014597002762113504,0.058388011048454015,社会,基础设施,移动手机使用数,Mobile cellular subscriptions (per 100 people),正向,世界银行WDI数据库,0.1302110633037984,0.0325527658259496,Social,Infrastructure,Mobile cellular subscriptions (per 100 people),Positive
MDG,Madagascar,马达加斯加,450,0.004998320365710063,0.3112096830051024,E,0.865969,53.9177,0.3062113626393923,0.3062113626393923,53.051731000000004,Improved,Observed both endpoints,Increased,Positive indicator: raw increase is improvement,0.00996802678124507,0.03987210712498028,社会,基础设施,移动手机使用数,Mobile cellular subscriptions (per 100 people),正向,世界银行WDI数据库,0.1302110633037984,0.0325527658259496,Social,Infrastructure,Mobile cellular subscriptions (per 100 people),Positive
MLI,Mali,马里,466,0.001162757139888717,0.6273693810172465,W,0.20145,108.693,0.6262066238773578,0.6262066238773578,108.49155,Improved,Observed both endpoints,Increased,Positive indicator: raw increase is improvement,0.020384757585738128,0.08153903034295251,社会,基础设施,移动手机使用数,Mobile cellular subscriptions (per 100 people),正向,世界银行WDI数据库,0.1302110633037984,0.0325527658259496,Social,Infrastructure,Mobile cellular subscriptions (per 100 people),Positive
MOZ,Mozambique,莫桑比克,508,0.00475300140835315,0.2491376722923833,S,0.823467,43.1636,0.24438467088403015,0.24438467088403015,42.340133,Improved,Observed both endpoints,Increased,Positive indicator: raw increase is improvement,0.007955396962739596,0.031821587850958385,社会,基础设施,移动手机使用数,Mobile cellular subscriptions (per 100 people),正向,世界银行WDI数据库,0.1302110633037984,0.0325527658259496,Social,Infrastructure,Mobile cellular subscriptions (per 100 people),Positive
MUS,Mauritius,毛里求斯,480,0.128272689492762,0.8891845404382055,S,22.2235,154.053,0.7609118509454436,0.7609118509454436,131.8295,Improved,Observed both endpoints,Increased,Positive indicator: raw increase is improvement,0.024769785298016888,0.09907914119206755,社会,基础设施,移动手机使用数,Mobile cellular subscriptions (per 100 people),正向,世界银行WDI数据库,0.1302110633037984,0.0325527658259496,Social,Infrastructure,Mobile cellular subscriptions (per 100 people),Positive
MWI,Malawi,马拉维,454,0.002774680811765521,0.3437761180246115,S,0.480719,59.5599,0.341001437212846,0.341001437212846,59.079181,Improved,Observed both endpoints,Increased,Positive indicator: raw increase is improvement,0.01110053993190203,0.04440215972760812,社会,基础设施,移动手机使用数,Mobile cellular subscriptions (per 100 people),正向,世界银行WDI数据库,0.1302110633037984,0.0325527658259496,Social,Infrastructure,Mobile cellular subscriptions (per 100 people),Positive
NAM,Namibia,纳米比亚,516,0.03313260452981783,0.598705931244661,S,5.74029,103.727,0.5655733267148432,0.5655733267148432,97.98671,Improved,Observed both endpoints,Increased,Positive indicator: raw increase is improvement,0.018410976061951575,0.0736439042478063,社会,基础设施,移动手机使用数,Mobile cellular subscriptions (per 100 people),正向,世界银行WDI数据库,0.1302110633037984,0.0325527658259496,Social,Infrastructure,Mobile cellular subscriptions (per 100 people),Positive
NER,Niger,尼日尔,562,0.0001029402257982592,0.3550106203680188,W,0.0178346,61.5063,0.3549076801422205,0.3549076801422205,61.4884654,Improved,Observed both endpoints,Increased,Positive indicator: raw increase is improvement,0.011553226601500727,0.04621290640600291,社会,基础设施,移动手机使用数,Mobile cellular subscriptions (per 100 people),正向,世界银行WDI数据库,0.1302110633037984,0.0325527658259496,Social,Infrastructure,Mobile cellular subscriptions (per 100 people),Positive
NGA,Nigeria,尼日利亚,566,0.001184326876457415,0.5153856809733798,W,0.205187,89.2916,0.5142013540969224,0.5142013540969224,89.08641300000001,Improved,Observed both endpoints,Increased,Positive indicator: raw increase is improvement,0.016738676267303302,0.06695470506921321,社会,基础设施,移动手机使用数,Mobile cellular subscriptions (per 100 people),正向,世界银行WDI数据库,0.1302110633037984,0.0325527658259496,Social,Infrastructure,Mobile cellular subscriptions (per 100 people),Positive
RWA,Rwanda,卢旺达,646,0.004527232008865699,0.4712107219541476,E,0.784352,81.6382,0.4666834899452819,0.4666834899452819,80.853848,Improved,Observed both endpoints,Increased,Positive indicator: raw increase is improvement,0.015191838363025666,0.060767353452102664,社会,基础设施,移动手机使用数,Mobile cellular subscriptions (per 100 people),正向,世界银行WDI数据库,0.1302110633037984,0.0325527658259496,Social,Infrastructure,Mobile cellular subscriptions (per 100 people),Positive
SEN,Senegal,塞内加尔,686,0.0170571191097361,0.6656488813981946,W,2.95518,115.325,0.6485917622884585,0.6485917622884585,112.36982,Improved,Observed both endpoints,Increased,Positive indicator: raw increase is improvement,0.021113455754416158,0.08445382301766463,社会,基础设施,移动手机使用数,Mobile cellular subscriptions (per 100 people),正向,世界银行WDI数据库,0.1302110633037984,0.0325527658259496,Social,Infrastructure,Mobile cellular subscriptions (per 100 people),Positive
SLE,Sierra Leone,塞拉利昂,694,0.003308025304181192,0.5866425784406529,W,0.573122,101.637,0.5833345531364718,0.5833345531364718,101.063878,Improved,Observed both endpoints,Increased,Positive indicator: raw increase is improvement,0.018989153106436518,0.07595661242574607,社会,基础设施,移动手机使用数,Mobile cellular subscriptions (per 100 people),正向,世界银行WDI数据库,0.1302110633037984,0.0325527658259496,Social,Infrastructure,Mobile cellular subscriptions (per 100 people),Positive
STP,São Tomé and Principe,圣多美和普林西比,678,0.0,0.4921028328677302,C,0.0,85.2578,0.4921028328677302,0.4921028328677302,85.2578,Improved,Observed both endpoints,Increased,Positive indicator: raw increase is improvement,0.016019308280629634,0.06407723312251853,社会,基础设施,移动手机使用数,Mobile cellular subscriptions (per 100 people),正向,世界银行WDI数据库,0.1302110633037984,0.0325527658259496,Social,Infrastructure,Mobile cellular subscriptions (per 100 people),Positive
SWZ,Swaziland,斯威士兰,748,0.03020334541592593,0.684707824440699,S,5.23279,118.627,0.654504479024773,0.654504479024773,113.39421,Improved,Observed both endpoints,Increased,Positive indicator: raw increase is improvement,0.021305931037728577,0.08522372415091431,社会,基础设施,移动手机使用数,Mobile cellular subscriptions (per 100 people),正向,世界银行WDI数据库,0.1302110633037984,0.0325527658259496,Social,Infrastructure,Mobile cellular subscriptions (per 100 people),Positive
SYC,Seychelles,塞舌尔,690,0.2502562740978459,0.8627836908087642,E,43.3574,149.479,0.6125274167109183,0.6125274167109183,106.12160000000002,Improved,Observed both endpoints,Increased,Positive indicator: raw increase is improvement,0.019939461558164367,0.07975784623265747,社会,基础设施,移动手机使用数,Mobile cellular subscriptions (per 100 people),正向,世界银行WDI数据库,0.1302110633037984,0.0325527658259496,Social,Infrastructure,Mobile cellular subscriptions (per 100 people),Positive
TCD,Chad,乍得,148,0.001442309468288966,0.3349589037933184,C,0.249883,58.0323,0.3335165943250294,0.3335165943250294,57.782417,Improved,Observed both endpoints,Increased,Positive indicator: raw increase is improvement,0.010856887594130912,0.04342755037652365,社会,基础设施,移动手机使用数,Mobile cellular subscriptions (per 100 people),正向,世界银行WDI数据库,0.1302110633037984,0.0325527658259496,Social,Infrastructure,Mobile cellular subscriptions (per 100 people),Positive
TGO,Togo,多哥,768,0.01039024080530095,0.40663138087872,W,1.80013,70.4497,0.39624114007341904,0.39624114007341904,68.64957000000001,Improved,Observed both endpoints,Increased,Positive indicator: raw increase is improvement,0.012898745043417302,0.05159498017366921,社会,基础设施,移动手机使用数,Mobile cellular subscriptions (per 100 people),正向,世界银行WDI数据库,0.1302110633037984,0.0325527658259496,Social,Infrastructure,Mobile cellular subscriptions (per 100 people),Positive
TZA,Tanzania,坦桑尼亚,834,0.004518729942511485,0.4964808487059312,E,0.782879,86.0163,0.49196211876341966,0.49196211876341966,85.233421,Improved,Observed both endpoints,Increased,Positive indicator: raw increase is improvement,0.016014727647343605,0.06405891058937442,社会,基础设施,移动手机使用数,Mobile cellular subscriptions (per 100 people),正向,世界银行WDI数据库,0.1302110633037984,0.0325527658259496,Social,Infrastructure,Mobile cellular subscriptions (per 100 people),Positive
UGA,Uganda,乌干达,800,0.006613141551035485,0.3787667674832036,E,1.14574,65.6221,0.3721536259321681,0.3721536259321681,64.47636,Improved,Observed both endpoints,Increased,Positive indicator: raw increase is improvement,0.012114629836247911,0.048458519344991645,社会,基础设施,移动手机使用数,Mobile cellular subscriptions (per 100 people),正向,世界银行WDI数据库,0.1302110633037984,0.0325527658259496,Social,Infrastructure,Mobile cellular subscriptions (per 100 people),Positive
ZAF,South Africa,南非,710,0.1308937270565419,0.9415648881398193,S,22.6776,163.128,0.8106711610832774,0.8106711610832774,140.45039999999997,Improved,Observed both endpoints,Increased,Positive indicator: raw increase is improvement,0.026389588468594596,0.10555835387437838,社会,基础设施,移动手机使用数,Mobile cellular subscriptions (per 100 people),正向,世界银行WDI数据库,0.1302110633037984,0.0325527658259496,Social,Infrastructure,Mobile cellular subscriptions (per 100 people),Positive
ZMB,Zambia,赞比亚,894,0.006775275321497009,0.5961431902662018,S,1.17383,103.283,0.5893679149447048,0.5893679149447048,102.10917,Improved,Observed both endpoints,Increased,Positive indicator: raw increase is improvement,0.019185555720523155,0.07674222288209262,社会,基础设施,移动手机使用数,Mobile cellular subscriptions (per 100 people),正向,世界银行WDI数据库,0.1302110633037984,0.0325527658259496,Social,Infrastructure,Mobile cellular subscriptions (per 100 people),Positive
ZWE,Zimbabwe,津巴布韦,716,0.01513875741694179,0.520939440814536,S,2.62282,90.2538,0.5058006833975942,0.5058006833975942,87.63098,Improved,Observed both endpoints,Increased,Positive indicator: raw increase is improvement,0.016465211201247158,0.06586084480498863,社会,基础设施,移动手机使用数,Mobile cellular subscriptions (per 100 people),正向,世界银行WDI数据库,0.1302110633037984,0.0325527658259496,Social,Infrastructure,Mobile cellular subscriptions (per 100 people),Positive
AGO,Angola,安哥拉,24,0.3821558508519782,0.5593022978128788,S,22.41252535312,16.0922276348724,0.1771464469609006,0.1771464469609006,-6.320297718247598,Improved,Observed both endpoints,Decreased,Negative indicator: raw decrease is improvement,0.005868649067226839,0.02347459626890741,生态,环境污染,PM2.5暴露量,PM2.5 exposure/Ambient particulate matter pollution,负向,耶鲁大学EPI数据库,0.1325151967292275,0.0331287991823068,Ecological,Environmental pollution,Anthropogenic PM2.5 exposure,Negative
BDI,Burundi,布隆迪,108,0.0,0.1466827415568317,E,36.0472258712051,30.8138237190718,0.1466827415568317,0.1466827415568317,-5.233402152133301,Improved,Observed both endpoints,Decreased,Negative indicator: raw decrease is improvement,0.004859423088546486,0.01943769235418599,生态,环境污染,PM2.5暴露量,PM2.5 exposure/Ambient particulate matter pollution,负向,耶鲁大学EPI数据库,0.1325151967292275,0.0331287991823068,Ecological,Environmental pollution,Anthropogenic PM2.5 exposure,Negative
BEN,Benin,贝宁,204,0.7004844774326671,0.6834851093418979,W,11.0550766052211,11.6615864686645,-0.016999368090769185,-0.016999368090769185,0.6065098634434012,Deteriorated,Observed both endpoints,Increased,Negative indicator: raw decrease is improvement,-0.0005631686517052065,-0.002252674606820831,生态,环境污染,PM2.5暴露量,PM2.5 exposure/Ambient particulate matter pollution,负向,耶鲁大学EPI数据库,0.1325151967292275,0.0331287991823068,Ecological,Environmental pollution,Anthropogenic PM2.5 exposure,Negative
BFA,Burkina Faso,布基纳法索,854,0.8779324769121336,0.8882300451939141,W,4.72401998253189,4.35661945922813,0.010297568281780523,0.010297568281780523,-0.3674005233037594,Improved,Observed both endpoints,Decreased,Negative indicator: raw decrease is improvement,0.000341146071673199,0.0013645842866927993,生态,环境污染,PM2.5暴露量,PM2.5 exposure/Ambient particulate matter pollution,负向,耶鲁大学EPI数据库,0.1325151967292275,0.0331287991823068,Ecological,Environmental pollution,Anthropogenic PM2.5 exposure,Negative
BWA,Botswana,博茨瓦纳,72,0.5936368135294336,0.6871678217542809,S,14.8672278391476,11.5301932668461,0.09353100822484728,0.09353100822484728,-3.3370345723014996,Improved,Observed both endpoints,Decreased,Negative indicator: raw decrease is improvement,0.0030985699887996513,0.012394279955198633,生态,环境污染,PM2.5暴露量,PM2.5 exposure/Ambient particulate matter pollution,负向,耶鲁大学EPI数据库,0.1325151967292275,0.0331287991823068,Ecological,Environmental pollution,Anthropogenic PM2.5 exposure,Negative
CAF,Central African Republic,中非,140,0.5209317984228838,0.5068433872450208,C,17.4612247776496,17.963876422934,-0.01408841117786308,-0.01408841117786308,0.5026516452843985,Deteriorated,Observed both endpoints,Increased,Negative indicator: raw decrease is improvement,-0.0004667321447091924,-0.001866928578836774,生态,环境污染,PM2.5暴露量,PM2.5 exposure/Ambient particulate matter pollution,负向,耶鲁大学EPI数据库,0.1325151967292275,0.0331287991823068,Ecological,Environmental pollution,Anthropogenic PM2.5 exposure,Negative
CIV,Côte d'Ivoire,科特迪瓦,384,0.8517211284867588,0.8577468019708243,W,5.65919835323697,5.44421210301514,0.0060256734840654635,0.0060256734840654635,-0.2149862502218305,Improved,Observed both endpoints,Decreased,Negative indicator: raw decrease is improvement,0.00019962332679175572,0.0007984933071670246,生态,环境污染,PM2.5暴露量,PM2.5 exposure/Ambient particulate matter pollution,负向,耶鲁大学EPI数据库,0.1325151967292275,0.0331287991823068,Ecological,Environmental pollution,Anthropogenic PM2.5 exposure,Negative
CMR,Cameroon,喀麦隆,120,0.4677443799042323,0.4844350911993434,C,19.3588655470245,18.7633680570991,0.016690711295111127,0.016690711295111127,-0.5954974899253997,Improved,Observed both endpoints,Decreased,Negative indicator: raw decrease is improvement,0.0005529432227055964,0.0022117728908223905,生态,环境污染,PM2.5暴露量,PM2.5 exposure/Ambient particulate matter pollution,负向,耶鲁大学EPI数据库,0.1325151967292275,0.0331287991823068,Ecological,Environmental pollution,Anthropogenic PM2.5 exposure,Negative
COD,"Congo, Dem. Rep.",刚果（金）,180,0.1466408417657916,0.1837031785842861,C,30.8153186356126,29.492994610234,0.037062336818494496,0.037062336818494496,-1.3223240253785988,Improved,Observed both endpoints,Decreased,Negative indicator: raw decrease is improvement,0.0012278307136869197,0.00491132285474769,生态,环境污染,PM2.5暴露量,PM2.5 exposure/Ambient particulate matter pollution,负向,耶鲁大学EPI数据库,0.1325151967292275,0.0331287991823068,Ecological,Environmental pollution,Anthropogenic PM2.5 exposure,Negative
COG,"Congo, Rep.",刚果（布）,178,0.3474739223066492,0.2700825561618118,C,23.6499202747232,26.4111186123068,-0.07739136614483738,-0.07739136614483738,2.7611983375836004,Deteriorated,Observed both endpoints,Increased,Negative indicator: raw decrease is improvement,-0.0025638830274566948,-0.010255532109826803,生态,环境污染,PM2.5暴露量,PM2.5 exposure/Ambient particulate matter pollution,负向,耶鲁大学EPI数据库,0.1325151967292275,0.0331287991823068,Ecological,Environmental pollution,Anthropogenic PM2.5 exposure,Negative
COM,Comoros,科摩罗,174,0.9009829152564497,0.8935102829062763,E,3.90161775335061,4.16822914749575,-0.007472632350173369,-0.007472632350173369,0.26661139414514023,Deteriorated,Observed both endpoints,Increased,Negative indicator: raw decrease is improvement,-0.00024755933649210285,-0.0009902373459684138,生态,环境污染,PM2.5暴露量,PM2.5 exposure/Ambient particulate matter pollution,负向,耶鲁大学EPI数据库,0.1325151967292275,0.0331287991823068,Ecological,Environmental pollution,Anthropogenic PM2.5 exposure,Negative
CPV,Cape Verde,佛得角,132,0.9960747661020258,0.997528420613169,W,0.508894849594665,0.457030815923545,0.0014536545111432098,0.0014536545111432098,-0.051864033671120024,Improved,Observed both endpoints,Decreased,Negative indicator: raw decrease is improvement,4.815782838011776e-05,0.00019263131352047149,生态,环境污染,PM2.5暴露量,PM2.5 exposure/Ambient particulate matter pollution,负向,耶鲁大学EPI数据库,0.1325151967292275,0.0331287991823068,Ecological,Environmental pollution,Anthropogenic PM2.5 exposure,Negative
DJI,Djibouti,吉布提,262,0.693637865689263,0.681391964583772,E,11.2993526001504,11.736266476453,-0.012245901105490953,-0.012245901105490953,0.4369138763026008,Deteriorated,Observed both endpoints,Increased,Negative indicator: raw decrease is improvement,-0.00040569199853019865,-0.0016227679941207983,生态,环境污染,PM2.5暴露量,PM2.5 exposure/Ambient particulate matter pollution,负向,耶鲁大学EPI数据库,0.1325151967292275,0.0331287991823068,Ecological,Environmental pollution,Anthropogenic PM2.5 exposure,Negative
ERI,Eritrea,厄立特里亚,232,0.7422696556493259,0.7359973603800027,E,9.56424926394449,9.78803457919627,-0.006272295269323158,-0.006272295269323158,0.2237853152517797,Deteriorated,Observed both endpoints,Increased,Negative indicator: raw decrease is improvement,-0.00020779361038953986,-0.0008311744415581614,生态,环境污染,PM2.5暴露量,PM2.5 exposure/Ambient particulate matter pollution,负向,耶鲁大学EPI数据库,0.1325151967292275,0.0331287991823068,Ecological,Environmental pollution,Anthropogenic PM2.5 exposure,Negative
ETH,Ethiopia,埃塞俄比亚,231,0.6750569022494857,0.6465702421351498,E,11.9622912187115,12.9786490176397,-0.02848666011433587,-0.02848666011433587,1.016357798928201,Deteriorated,Observed both endpoints,Increased,Negative indicator: raw decrease is improvement,-0.000943728842302462,-0.0037749153692098565,生态,环境污染,PM2.5暴露量,PM2.5 exposure/Ambient particulate matter pollution,负向,耶鲁大学EPI数据库,0.1325151967292275,0.0331287991823068,Ecological,Environmental pollution,Anthropogenic PM2.5 exposure,Negative
GAB,Gabon,加蓬,266,0.5572264074786961,0.4854332342409501,C,16.1662920328186,18.7277559333643,-0.07179317323774603,-0.07179317323774603,2.5614639005457,Deteriorated,Observed both endpoints,Increased,Negative indicator: raw decrease is improvement,-0.0023784216188538513,-0.009513686475415428,生态,环境污染,PM2.5暴露量,PM2.5 exposure/Ambient particulate matter pollution,负向,耶鲁大学EPI数据库,0.1325151967292275,0.0331287991823068,Ecological,Environmental pollution,Anthropogenic PM2.5 exposure,Negative
GHA,Ghana,加纳,288,0.7647358919010715,0.7769396061484505,W,8.76269041726404,8.32728169958945,0.012203714247378983,0.012203714247378983,-0.4354087176745889,Improved,Observed both endpoints,Decreased,Negative indicator: raw decrease is improvement,0.0004042943985796747,0.0016171775943187026,生态,环境污染,PM2.5暴露量,PM2.5 exposure/Ambient particulate matter pollution,负向,耶鲁大学EPI数据库,0.1325151967292275,0.0331287991823068,Ecological,Environmental pollution,Anthropogenic PM2.5 exposure,Negative
GIN,Guinea,几内亚,324,0.8555704948452371,0.8578873546948304,W,5.52185920910184,5.43919740994018,0.002316859849593289,0.002316859849593289,-0.08266179916166028,Improved,Observed both endpoints,Decreased,Negative indicator: raw decrease is improvement,7.675478469072561e-05,0.00030701913876290314,生态,环境污染,PM2.5暴露量,PM2.5 exposure/Ambient particulate matter pollution,负向,耶鲁大学EPI数据库,0.1325151967292275,0.0331287991823068,Ecological,Environmental pollution,Anthropogenic PM2.5 exposure,Negative
GMB,"Gambia, The",冈比亚,270,0.925027128707474,0.9220858614932047,W,3.04375924126254,3.14869888178045,-0.0029412672142692387,-0.0029412672142692387,0.10493964051791016,Deteriorated,Observed both endpoints,Increased,Negative indicator: raw decrease is improvement,-9.744065088302856e-05,-0.0003897626035321151,生态,环境污染,PM2.5暴露量,PM2.5 exposure/Ambient particulate matter pollution,负向,耶鲁大学EPI数据库,0.1325151967292275,0.0331287991823068,Ecological,Environmental pollution,Anthropogenic PM2.5 exposure,Negative
GNB,Guinea-Bissau,几内亚（比绍）,624,0.9002434481031222,0.9050562744341384,W,3.9280007412235,3.7562869089672,0.004812826331016207,0.004812826331016207,-0.17171383225629988,Improved,Observed both endpoints,Decreased,Negative indicator: raw decrease is improvement,0.00015944315701955437,0.0006377726280782189,生态,环境污染,PM2.5暴露量,PM2.5 exposure/Ambient particulate matter pollution,负向,耶鲁大学EPI数据库,0.1325151967292275,0.0331287991823068,Ecological,Environmental pollution,Anthropogenic PM2.5 exposure,Negative
GNQ,Equatorial Guinea,赤道几内亚,226,0.5620667366267322,0.4782920616751954,C,15.9935969446882,18.9825413803618,-0.08377467495153684,-0.08377467495153684,2.9889444356735986,Deteriorated,Observed both endpoints,Increased,Negative indicator: raw decrease is improvement,-0.002775354383032492,-0.011101417532129993,生态,环境污染,PM2.5暴露量,PM2.5 exposure/Ambient particulate matter pollution,负向,耶鲁大学EPI数据库,0.1325151967292275,0.0331287991823068,Ecological,Environmental pollution,Anthropogenic PM2.5 exposure,Negative
KEN,Kenya,肯尼亚,404,0.6070375954756655,0.6475232211181066,E,14.3891096888231,12.9446482742161,0.04048562564244107,0.04048562564244107,-1.4444614146069998,Improved,Observed both endpoints,Decreased,Negative indicator: raw decrease is improvement,0.001341240161678481,0.005364960646713936,生态,环境污染,PM2.5暴露量,PM2.5 exposure/Ambient particulate matter pollution,负向,耶鲁大学EPI数据库,0.1325151967292275,0.0331287991823068,Ecological,Environmental pollution,Anthropogenic PM2.5 exposure,Negative
LBR,Liberia,利比里亚,430,0.8889008267849129,0.8950430012671245,W,4.33268706074222,4.11354424398807,0.00614217448221166,0.00614217448221166,-0.21914281675415026,Improved,Observed both endpoints,Decreased,Negative indicator: raw decrease is improvement,0.00020348286496387933,0.0008139314598555193,生态,环境污染,PM2.5暴露量,PM2.5 exposure/Ambient particulate matter pollution,负向,耶鲁大学EPI数据库,0.1325151967292275,0.0331287991823068,Ecological,Environmental pollution,Anthropogenic PM2.5 exposure,Negative
LSO,Lesotho,莱索托,426,0.4151215798456784,0.4022135207192167,S,21.2363616461209,21.6969002459269,-0.012908059126461702,-0.012908059126461702,0.4605385998060001,Deteriorated,Observed both endpoints,Increased,Negative indicator: raw decrease is improvement,-0.00042762849863389225,-0.0017105139945355731,生态,环境污染,PM2.5暴露量,PM2.5 exposure/Ambient particulate matter pollution,负向,耶鲁大学EPI数据库,0.1325151967292275,0.0331287991823068,Ecological,Environmental pollution,Anthropogenic PM2.5 exposure,Negative
MDG,Madagascar,马达加斯加,450,0.7116590437510759,0.7879029601003893,E,10.6563862153414,7.93612702414697,0.07624391634931338,0.07624391634931338,-2.7202591911944296,Improved,Observed both endpoints,Decreased,Negative indicator: raw decrease is improvement,0.0025258693936090013,0.010103477574436028,生态,环境污染,PM2.5暴露量,PM2.5 exposure/Ambient particulate matter pollution,负向,耶鲁大学EPI数据库,0.1325151967292275,0.0331287991823068,Ecological,Environmental pollution,Anthropogenic PM2.5 exposure,Negative
MLI,Mali,马里,466,0.9154124139606182,0.9231773807439534,W,3.38679665871391,3.10975524645339,0.007764966783335159,0.007764966783335159,-0.27704141226052004,Improved,Observed both endpoints,Decreased,Negative indicator: raw decrease is improvement,0.0002572440252223933,0.0010289761008895756,生态,环境污染,PM2.5暴露量,PM2.5 exposure/Ambient particulate matter pollution,负向,耶鲁大学EPI数据库,0.1325151967292275,0.0331287991823068,Ecological,Environmental pollution,Anthropogenic PM2.5 exposure,Negative
MOZ,Mozambique,莫桑比克,508,0.6123913283257124,0.7285250486549244,S,14.198097189861,10.0546345339584,0.11613372032921199,0.11613372032921199,-4.143462655902601,Improved,Observed both endpoints,Decreased,Negative indicator: raw decrease is improvement,0.003847370699080645,0.015389482796322615,生态,环境污染,PM2.5暴露量,PM2.5 exposure/Ambient particulate matter pollution,负向,耶鲁大学EPI数据库,0.1325151967292275,0.0331287991823068,Ecological,Environmental pollution,Anthropogenic PM2.5 exposure,Negative
MUS,Mauritius,毛里求斯,480,0.9134494939120935,0.9224121138187311,S,3.45683046021901,3.13705872831436,0.008962619906637603,0.008962619906637603,-0.31977173190465,Improved,Observed both endpoints,Decreased,Negative indicator: raw decrease is improvement,0.0002969208350343425,0.0011876833401373728,生态,环境污染,PM2.5暴露量,PM2.5 exposure/Ambient particulate matter pollution,负向,耶鲁大学EPI数据库,0.1325151967292275,0.0331287991823068,Ecological,Environmental pollution,Anthropogenic PM2.5 exposure,Negative
MWI,Malawi,马拉维,454,0.4769598816667895,0.6401210038347085,S,19.0300714009288,13.2087473730626,0.163161122167919,0.163161122167919,-5.821324027866201,Improved,Observed both endpoints,Decreased,Negative indicator: raw decrease is improvement,0.0054053320506608155,0.02162132820264331,生态,环境污染,PM2.5暴露量,PM2.5 exposure/Ambient particulate matter pollution,负向,耶鲁大学EPI数据库,0.1325151967292275,0.0331287991823068,Ecological,Environmental pollution,Anthropogenic PM2.5 exposure,Negative
NAM,Namibia,纳米比亚,516,0.6532202241198934,0.6985496512296527,S,12.7413884533686,11.1241080639148,0.04532942710975929,0.04532942710975929,-1.6172803894538,Improved,Observed both endpoints,Decreased,Negative indicator: raw decrease is improvement,0.0015017094877682294,0.0060068379510729315,生态,环境污染,PM2.5暴露量,PM2.5 exposure/Ambient particulate matter pollution,负向,耶鲁大学EPI数据库,0.1325151967292275,0.0331287991823068,Ecological,Environmental pollution,Anthropogenic PM2.5 exposure,Negative
NER,Niger,尼日尔,562,0.8747506310611717,0.8730261427945918,W,4.83754307834701,4.89907002084795,-0.0017244882665798933,-0.0017244882665798933,0.06152694250094015,Deteriorated,Observed both endpoints,Increased,Negative indicator: raw decrease is improvement,-5.7130225475769644e-05,-0.0002285209019030791,生态,环境污染,PM2.5暴露量,PM2.5 exposure/Ambient particulate matter pollution,负向,耶鲁大学EPI数据库,0.1325151967292275,0.0331287991823068,Ecological,Environmental pollution,Anthropogenic PM2.5 exposure,Negative
NGA,Nigeria,尼日利亚,566,0.5605431312016325,0.5490167729850257,W,16.0479567134387,16.4591984672866,-0.011526358216606747,-0.011526358216606747,0.41124175384790007,Deteriorated,Observed both endpoints,Increased,Negative indicator: raw decrease is improvement,-0.00038185440666129686,-0.0015274176266451911,生态,环境污染,PM2.5暴露量,PM2.5 exposure/Ambient particulate matter pollution,负向,耶鲁大学EPI数据库,0.1325151967292275,0.0331287991823068,Ecological,Environmental pollution,Anthropogenic PM2.5 exposure,Negative
RWA,Rwanda,卢旺达,646,0.01378643599148965,0.1416008109178178,E,35.5553482104637,30.9951387562802,0.12781437492632813,0.12781437492632813,-4.5602094541835,Improved,Observed both endpoints,Decreased,Negative indicator: raw decrease is improvement,0.0042343367595463945,0.016937347038185616,生态,环境污染,PM2.5暴露量,PM2.5 exposure/Ambient particulate matter pollution,负向,耶鲁大学EPI数据库,0.1325151967292275,0.0331287991823068,Ecological,Environmental pollution,Anthropogenic PM2.5 exposure,Negative
SEN,Senegal,塞内加尔,686,0.9437369157995006,0.9386595787975145,W,2.37622440387043,2.55737554756517,-0.005077337001986093,-0.005077337001986093,0.18115114369473995,Deteriorated,Observed both endpoints,Increased,Negative indicator: raw decrease is improvement,-0.00016820607791969295,-0.0006728243116787733,生态,环境污染,PM2.5暴露量,PM2.5 exposure/Ambient particulate matter pollution,负向,耶鲁大学EPI数据库,0.1325151967292275,0.0331287991823068,Ecological,Environmental pollution,Anthropogenic PM2.5 exposure,Negative
SLE,Sierra Leone,塞拉利昂,694,0.8726794072735814,0.8719447410324509,W,4.91144098148461,4.93765268060221,-0.0007346662411304994,-0.0007346662411304994,0.02621169911760024,Deteriorated,Observed both endpoints,Increased,Negative indicator: raw decrease is improvement,-2.43386103684325e-05,-9.735444147373023e-05,生态,环境污染,PM2.5暴露量,PM2.5 exposure/Ambient particulate matter pollution,负向,耶鲁大学EPI数据库,0.1325151967292275,0.0331287991823068,Ecological,Environmental pollution,Anthropogenic PM2.5 exposure,Negative
STP,São Tomé and Principe,圣多美和普林西比,678,0.7890119802873223,0.8121512738751057,C,7.89655898382093,7.07098654376512,0.023139293587783327,0.023139293587783327,-0.8255724400558107,Improved,Observed both endpoints,Decreased,Negative indicator: raw decrease is improvement,0.0007665770104901133,0.0030663080419604605,生态,环境污染,PM2.5暴露量,PM2.5 exposure/Ambient particulate matter pollution,负向,耶鲁大学EPI数据库,0.1325151967292275,0.0331287991823068,Ecological,Environmental pollution,Anthropogenic PM2.5 exposure,Negative
SWZ,Swaziland,斯威士兰,748,0.5568440394735885,0.5812116600467327,S,16.1799343026562,15.3105371493418,0.024367620573144233,0.024367620573144233,-0.8693971533144005,Improved,Observed both endpoints,Decreased,Negative indicator: raw decrease is improvement,0.0008072700085183431,0.0032290800340733796,生态,环境污染,PM2.5暴露量,PM2.5 exposure/Ambient particulate matter pollution,负向,耶鲁大学EPI数据库,0.1325151967292275,0.0331287991823068,Ecological,Environmental pollution,Anthropogenic PM2.5 exposure,Negative
SYC,Seychelles,塞舌尔,690,0.949722903670479,0.9357208349211724,E,2.16265407191366,2.66222515948123,-0.01400206874930654,-0.01400206874930654,0.4995710875675696,Deteriorated,Observed both endpoints,Increased,Negative indicator: raw decrease is improvement,-0.0004638717237326301,-0.0018554868949305248,生态,环境污染,PM2.5暴露量,PM2.5 exposure/Ambient particulate matter pollution,负向,耶鲁大学EPI数据库,0.1325151967292275,0.0331287991823068,Ecological,Environmental pollution,Anthropogenic PM2.5 exposure,Negative
TCD,Chad,乍得,148,0.8222269387096914,0.8209238697393433,C,6.71150317530718,6.7579945612836,-0.0013030689703481535,-0.0013030689703481535,0.04649138597642022,Deteriorated,Observed both endpoints,Increased,Negative indicator: raw decrease is improvement,-4.3169110239359273e-05,-0.0001726764409574375,生态,环境污染,PM2.5暴露量,PM2.5 exposure/Ambient particulate matter pollution,负向,耶鲁大学EPI数据库,0.1325151967292275,0.0331287991823068,Ecological,Environmental pollution,Anthropogenic PM2.5 exposure,Negative
TGO,Togo,多哥,768,0.7139590559727397,0.7312934648637599,W,10.5743255122005,9.95586193677656,0.017334408891020225,0.017334408891020225,-0.6184635754239398,Improved,Observed both endpoints,Decreased,Negative indicator: raw decrease is improvement,0.0005742681510946026,0.0022970726043784156,生态,环境污染,PM2.5暴露量,PM2.5 exposure/Ambient particulate matter pollution,负向,耶鲁大学EPI数据库,0.1325151967292275,0.0331287991823068,Ecological,Environmental pollution,Anthropogenic PM2.5 exposure,Negative
TZA,Tanzania,坦桑尼亚,834,0.5242314476741772,0.6106789704989221,E,17.343498647706,14.259191337958,0.08644752282474488,0.08644752282474488,-3.0843073097479987,Improved,Observed both endpoints,Decreased,Negative indicator: raw decrease is improvement,0.002863902623468857,0.011455610493875454,生态,环境污染,PM2.5暴露量,PM2.5 exposure/Ambient particulate matter pollution,负向,耶鲁大学EPI数据库,0.1325151967292275,0.0331287991823068,Ecological,Environmental pollution,Anthropogenic PM2.5 exposure,Negative
UGA,Uganda,乌干达,800,0.2595534472014412,0.3405901030027516,E,26.7867801312313,23.8955237750229,0.08103665580131042,0.08103665580131042,-2.891256356208398,Improved,Observed both endpoints,Decreased,Negative indicator: raw decrease is improvement,0.0026846470964473302,0.010738588385789347,生态,环境污染,PM2.5暴露量,PM2.5 exposure/Ambient particulate matter pollution,负向,耶鲁大学EPI数据库,0.1325151967292275,0.0331287991823068,Ecological,Environmental pollution,Anthropogenic PM2.5 exposure,Negative
ZAF,South Africa,南非,710,0.4167749780120332,0.3954404341600849,S,21.1773710830165,21.938552981613,-0.02133454385194833,-0.02133454385194833,0.7611818985965009,Deteriorated,Observed both endpoints,Increased,Negative indicator: raw decrease is improvement,-0.0007067878189173144,-0.0028271512756692643,生态,环境污染,PM2.5暴露量,PM2.5 exposure/Ambient particulate matter pollution,负向,耶鲁大学EPI数据库,0.1325151967292275,0.0331287991823068,Ecological,Environmental pollution,Anthropogenic PM2.5 exposure,Negative
ZMB,Zambia,赞比亚,894,0.38395730992132,0.5173838764890697,S,22.3482522173004,17.5878088739581,0.1334265665677497,0.1334265665677497,-4.760443343342299,Improved,Observed both endpoints,Decreased,Negative indicator: raw decrease is improvement,0.004420261929407671,0.017681047717630724,生态,环境污染,PM2.5暴露量,PM2.5 exposure/Ambient particulate matter pollution,负向,耶鲁大学EPI数据库,0.1325151967292275,0.0331287991823068,Ecological,Environmental pollution,Anthropogenic PM2.5 exposure,Negative
ZWE,Zimbabwe,津巴布韦,716,0.4819579255638475,0.6473582396924606,S,18.8517493065249,12.9505345437177,0.16540031412861317,0.16540031412861317,-5.901214762807202,Improved,Observed both endpoints,Decreased,Negative indicator: raw decrease is improvement,0.005479513791457288,0.021918055165829203,生态,环境污染,PM2.5暴露量,PM2.5 exposure/Ambient particulate matter pollution,负向,耶鲁大学EPI数据库,0.1325151967292275,0.0331287991823068,Ecological,Environmental pollution,Anthropogenic PM2.5 exposure,Negative
AGO,Angola,安哥拉,24,0.3381415946971014,0.3572135916653441,S,3.353709414,3.1813226,0.019071996968242688,0.019071996968242688,-0.17238681399999978,Improved,Observed both endpoints,Decreased,Negative indicator: raw decrease is improvement,0.0003203412544267793,0.0012813650177071194,社会,人口状况,人口增长率,Population growth (annual %),负向,世界银行WDI数据库,0.0671856764575181,0.0167964191143795,Social,Population conditions,Population growth (annual %),Negative
BDI,Burundi,布隆迪,108,0.4319625091993481,0.4077811736385408,E,2.5056866,2.724255395,-0.024181335560807315,-0.024181335560807315,0.21856879499999993,Deteriorated,Observed both endpoints,Increased,Negative indicator: raw decrease is improvement,-0.0004061598468247687,-0.0016246393872990776,社会,人口状况,人口增长率,Population growth (annual %),负向,世界银行WDI数据库,0.0671856764575181,0.0167964191143795,Social,Population conditions,Population growth (annual %),Negative
BEN,Benin,贝宁,204,0.37126063138564,0.4223798595205616,W,3.054355066,2.592301675,0.05111922813492159,0.05111922813492159,-0.462053391,Improved,Observed both endpoints,Decreased,Negative indicator: raw decrease is improvement,0.0008586199805577233,0.0034344799222308987,社会,人口状况,人口增长率,Population growth (annual %),负向,世界银行WDI数据库,0.0671856764575181,0.0167964191143795,Social,Population conditions,Population growth (annual %),Negative
BFA,Burkina Faso,布基纳法索,854,0.3716325366681901,0.4462559192214505,W,3.050993511,2.376492189,0.0746233825532604,0.0746233825532604,-0.6745013220000002,Improved,Observed both endpoints,Decreased,Negative indicator: raw decrease is improvement,0.0012534056090972366,0.005013622436388954,社会,人口状况,人口增长率,Population growth (annual %),负向,世界银行WDI数据库,0.0671856764575181,0.0167964191143795,Social,Population conditions,Population growth (annual %),Negative
BWA,Botswana,博茨瓦纳,72,0.4815322459626913,0.544188945887373,S,2.057638658,1.491301064,0.0626566999246817,0.0626566999246817,-0.5663375940000002,Improved,Observed both endpoints,Decreased,Negative indicator: raw decrease is improvement,0.0010524081922588643,0.004209632769035464,社会,人口状况,人口增长率,Population growth (annual %),负向,世界银行WDI数据库,0.0671856764575181,0.0167964191143795,Social,Population conditions,Population growth (annual %),Negative
CAF,Central African Republic,中非,140,0.463520004163607,0.5226385243794721,C,2.220446621,1.686089712,0.05911852021586511,0.05911852021586511,-0.5343569089999998,Improved,Observed both endpoints,Decreased,Negative indicator: raw decrease is improvement,0.0009929794429675875,0.003971917771870357,社会,人口状况,人口增长率,Population growth (annual %),负向,世界银行WDI数据库,0.0671856764575181,0.0167964191143795,Social,Population conditions,Population growth (annual %),Negative
CIV,Côte d'Ivoire,科特迪瓦,384,0.4131870687337238,0.4354695497214129,W,2.675392917,2.473987374,0.02228248098768909,0.02228248098768909,-0.2014055429999999,Improved,Observed both endpoints,Decreased,Negative indicator: raw decrease is improvement,0.0003742658895774188,0.0014970635583096777,社会,人口状况,人口增长率,Population growth (annual %),负向,世界银行WDI数据库,0.0671856764575181,0.0167964191143795,Social,Population conditions,Population growth (annual %),Negative
CMR,Cameroon,喀麦隆,120,0.4186037927723738,0.4154475776026137,C,2.626432559,2.654960766,-0.0031562151697601126,-0.0031562151697601126,0.028528206999999917,Deteriorated,Observed both endpoints,Increased,Negative indicator: raw decrease is improvement,-5.301311280645329e-05,-0.0002120524512258135,社会,人口状况,人口增长率,Population growth (annual %),负向,世界银行WDI数据库,0.0671856764575181,0.0167964191143795,Social,Population conditions,Population growth (annual %),Negative
COD,"Congo, Dem. Rep.",刚果（金）,180,0.3587908309322552,0.3509532186946056,C,3.167066345,3.237908481,-0.007837612237649616,-0.007837612237649616,0.070842136,Deteriorated,Observed both endpoints,Increased,Negative indicator: raw decrease is improvement,-0.0001316438199995527,-0.0005265752799982116,社会,人口状况,人口增长率,Population growth (annual %),负向,世界银行WDI数据库,0.0671856764575181,0.0167964191143795,Social,Population conditions,Population growth (annual %),Negative
COG,"Congo, Rep.",刚果（布）,178,0.2916850609118007,0.4443031365541208,C,3.773617925,2.394142883,0.1526180756423201,0.1526180756423201,-1.3794750419999997,Improved,Observed both endpoints,Decreased,Negative indicator: raw decrease is improvement,0.0025634371629184817,0.010253748651673944,社会,人口状况,人口增长率,Population growth (annual %),负向,世界银行WDI数据库,0.0671856764575181,0.0167964191143795,Social,Population conditions,Population growth (annual %),Negative
COM,Comoros,科摩罗,174,0.4816304333251502,0.490528940271371,E,2.056751168,1.976319881,0.008898506946220797,0.008898506946220797,-0.08043128699999991,Improved,Observed both endpoints,Decreased,Negative indicator: raw decrease is improvement,0.00014946305216094173,0.0005978522086437679,社会,人口状况,人口增长率,Population growth (annual %),负向,世界银行WDI数据库,0.0671856764575181,0.0167964191143795,Social,Population conditions,Population growth (annual %),Negative
CPV,Cape Verde,佛得角,132,0.5402218818233112,0.6669127923178433,W,1.527158323,0.382032175,0.12669091049453207,0.12669091049453207,-1.1451261480000001,Improved,Observed both endpoints,Decreased,Negative indicator: raw decrease is improvement,0.0021279536306485006,0.008511814522594016,社会,人口状况,人口增长率,Population growth (annual %),负向,世界银行WDI数据库,0.0671856764575181,0.0167964191143795,Social,Population conditions,Population growth (annual %),Negative
DJI,Djibouti,吉布提,262,0.3595343344855234,0.5495670875554786,E,3.16034601,1.442689442,0.19003275306995515,0.19003275306995515,-1.717656568,Improved,Observed both endpoints,Decreased,Negative indicator: raw decrease is improvement,0.003191869766022354,0.012767479064089437,社会,人口状况,人口增长率,Population growth (annual %),负向,世界银行WDI数据库,0.0671856764575181,0.0167964191143795,Social,Population conditions,Population growth (annual %),Negative
ERI,Eritrea,厄立特里亚,232,0.3934564269464,0.5128997580224234,E,2.85373305,1.774115885,0.1194433310760234,0.1194433310760234,-1.0796171650000002,Improved,Observed both endpoints,Decreased,Negative indicator: raw decrease is improvement,0.002006220249170478,0.008024880996681926,社会,人口状况,人口增长率,Population growth (annual %),负向,世界银行WDI数据库,0.0671856764575181,0.0167964191143795,Social,Population conditions,Population growth (annual %),Negative
ETH,Ethiopia,埃塞俄比亚,231,0.3735666766919988,0.4135076365487505,E,3.033511323,2.672495388,0.03994095985675172,0.03994095985675172,-0.36101593499999973,Improved,Observed both endpoints,Decreased,Negative indicator: raw decrease is improvement,0.0006708651015846089,0.00268346040633844,社会,人口状况,人口增长率,Population growth (annual %),负向,世界银行WDI数据库,0.0671856764575181,0.0167964191143795,Social,Population conditions,Population growth (annual %),Negative
GAB,Gabon,加蓬,266,0.4180028629693056,0.454041056775497,C,2.631864207,2.306124358,0.03603819380619139,0.03603819380619139,-0.3257398490000001,Improved,Observed both endpoints,Decreased,Negative indicator: raw decrease is improvement,0.0006053126072940259,0.0024212504291761076,社会,人口状况,人口增长率,Population growth (annual %),负向,世界银行WDI数据库,0.0671856764575181,0.0167964191143795,Social,Population conditions,Population growth (annual %),Negative
GHA,Ghana,加纳,288,0.4145464923438112,0.4924400515312688,W,2.663105441,1.959045844,0.0778935591874576,0.0778935591874576,-0.7040595969999999,Improved,Observed both endpoints,Decreased,Negative indicator: raw decrease is improvement,0.0013083328664232638,0.005233331465693064,社会,人口状况,人口增长率,Population growth (annual %),负向,世界银行WDI数据库,0.0671856764575181,0.0167964191143795,Social,Population conditions,Population growth (annual %),Negative
GIN,Guinea,几内亚,324,0.5642680321640734,0.4319163087312429,W,1.309811432,2.506104194,-0.13235172343283047,-0.13235172343283047,1.1962927620000001,Deteriorated,Observed both endpoints,Increased,Negative indicator: raw decrease is improvement,-0.0022230350172882628,-0.008892140069153065,社会,人口状况,人口增长率,Population growth (annual %),负向,世界银行WDI数据库,0.0671856764575181,0.0167964191143795,Social,Population conditions,Population growth (annual %),Negative
GMB,"Gambia, The",冈比亚,270,0.4096909552882774,0.4472233555454903,W,2.706993376,2.367747784,0.03753240025721288,0.03753240025721288,-0.3392455919999997,Improved,Observed both endpoints,Decreased,Negative indicator: raw decrease is improvement,0.0006304099250887925,0.002521639700355174,社会,人口状况,人口增长率,Population growth (annual %),负向,世界银行WDI数据库,0.0671856764575181,0.0167964191143795,Social,Population conditions,Population growth (annual %),Negative
GNB,Guinea-Bissau,几内亚（比绍）,624,0.473965811246687,0.4614630618409473,W,2.126029691,2.239038787,-0.0125027494057397,-0.0125027494057397,0.11300909600000031,Deteriorated,Observed both endpoints,Increased,Negative indicator: raw decrease is improvement,-0.0002100014191008632,-0.0008400056764034542,社会,人口状况,人口增长率,Population growth (annual %),负向,世界银行WDI数据库,0.0671856764575181,0.0167964191143795,Social,Population conditions,Population growth (annual %),Negative
GNQ,Equatorial Guinea,赤道几内亚,226,0.0,0.4397264107173131,C,6.410083232,2.435510716,0.4397264107173131,0.4397264107173131,-3.974572516,Improved,Observed both endpoints,Decreased,Negative indicator: raw decrease is improvement,0.007385829090069768,0.029543316360279123,社会,人口状况,人口增长率,Population growth (annual %),负向,世界银行WDI数据库,0.0671856764575181,0.0167964191143795,Social,Population conditions,Population growth (annual %),Negative
KEN,Kenya,肯尼亚,404,0.3621955401512553,0.4989273780479366,E,3.136292065,1.900408589,0.13673183789668125,0.13673183789668125,-1.2358834760000001,Improved,Observed both endpoints,Decreased,Negative indicator: raw decrease is improvement,0.002296605255592056,0.00918642102236824,社会,人口状况,人口增长率,Population growth (annual %),负向,世界银行WDI数据库,0.0671856764575181,0.0167964191143795,Social,Population conditions,Population growth (annual %),Negative
LBR,Liberia,利比里亚,430,0.3844391828698892,0.4756300151830006,W,2.935237571,2.110987385,0.09119083231311137,0.09119083231311137,-0.824250186,Improved,Observed both endpoints,Decreased,Negative indicator: raw decrease is improvement,0.0015316794389201194,0.006126717755680488,社会,人口状况,人口增长率,Population growth (annual %),负向,世界银行WDI数据库,0.0671856764575181,0.0167964191143795,Social,Population conditions,Population growth (annual %),Negative
LSO,Lesotho,莱索托,426,0.7260858791018955,0.5821653021808647,S,-0.152817947,1.148042669,-0.14392057692103077,-0.14392057692103077,1.300860616,Deteriorated,Observed both endpoints,Increased,Negative indicator: raw decrease is improvement,-0.0024173503291489264,-0.009669401316595721,社会,人口状况,人口增长率,Population growth (annual %),负向,世界银行WDI数据库,0.0671856764575181,0.0167964191143795,Social,Population conditions,Population growth (annual %),Negative
MDG,Madagascar,马达加斯加,450,0.3684346388062391,0.4308907879812778,E,3.079898477,2.515373609,0.06245614917503867,0.06245614917503867,-0.5645248679999999,Improved,Observed both endpoints,Decreased,Negative indicator: raw decrease is improvement,0.0010490396578141568,0.004196158631256634,社会,人口状况,人口增长率,Population growth (annual %),负向,世界银行WDI数据库,0.0671856764575181,0.0167964191143795,Social,Population conditions,Population growth (annual %),Negative
MLI,Mali,马里,466,0.3764984645530091,0.3705965011778582,W,3.007011656,3.060357966,-0.00590196337515092,-0.00590196337515092,0.05334631000000023,Deteriorated,Observed both endpoints,Increased,Negative indicator: raw decrease is improvement,-9.913185044675266e-05,-0.0003965274017870113,社会,人口状况,人口增长率,Population growth (annual %),负向,世界银行WDI数据库,0.0671856764575181,0.0167964191143795,Social,Population conditions,Population growth (annual %),Negative
MOZ,Mozambique,莫桑比克,508,0.4629147264091877,0.3819455565425617,S,2.225917569,2.95777681,-0.080969169866626,-0.080969169866626,0.731859241,Deteriorated,Observed both endpoints,Increased,Negative indicator: raw decrease is improvement,-0.0013599921124232376,-0.005439968449692959,社会,人口状况,人口增长率,Population growth (annual %),负向,世界银行WDI数据库,0.0671856764575181,0.0167964191143795,Social,Population conditions,Population growth (annual %),Negative
MUS,Mauritius,毛里求斯,480,0.6217720509486783,0.7063828073089943,S,0.790047581,0.025272988,0.08461075636031601,0.08461075636031601,-0.7647745930000001,Improved,Observed both endpoints,Decreased,Negative indicator: raw decrease is improvement,0.0014211577254125186,0.005684630901650084,社会,人口状况,人口增长率,Population growth (annual %),负向,世界银行WDI数据库,0.0671856764575181,0.0167964191143795,Social,Population conditions,Population growth (annual %),Negative
MWI,Malawi,马拉维,454,0.4415094514659568,0.4221744533373068,S,2.419394275,2.594158288,-0.019334998128650027,-0.019334998128650027,0.17476401299999988,Deteriorated,Observed both endpoints,Increased,Negative indicator: raw decrease is improvement,-0.00032475873214454917,-0.0012990349285781988,社会,人口状况,人口增长率,Population growth (annual %),负向,世界银行WDI数据库,0.0671856764575181,0.0167964191143795,Social,Population conditions,Population growth (annual %),Negative
NAM,Namibia,纳米比亚,516,0.4780038162858513,0.3824579339548572,S,2.089531215,2.953145564,-0.09554588233099409,-0.09554588233099409,0.8636143490000001,Deteriorated,Observed both endpoints,Increased,Negative indicator: raw decrease is improvement,-0.0016048286842845637,-0.006419314737138265,社会,人口状况,人口增长率,Population growth (annual %),负向,世界银行WDI数据库,0.0671856764575181,0.0167964191143795,Social,Population conditions,Population growth (annual %),Negative
NER,Niger,尼日尔,562,0.3209846860919414,0.3491450110520813,W,3.508786243,3.254252399,0.02816032496013987,0.02816032496013987,-0.254533844,Improved,Observed both endpoints,Decreased,Negative indicator: raw decrease is improvement,0.0004729926204276314,0.0018919704817105289,社会,人口状况,人口增长率,Population growth (annual %),负向,世界银行WDI数据库,0.0671856764575181,0.0167964191143795,Social,Population conditions,Population growth (annual %),Negative
NGA,Nigeria,尼日利亚,566,0.4086507561643284,0.477267470588983,W,2.716395465,2.096186852,0.06861671442465461,0.06861671442465461,-0.620208613,Improved,Observed both endpoints,Decreased,Negative indicator: raw decrease is improvement,0.0011525150937281882,0.004610060374912761,社会,人口状况,人口增长率,Population growth (annual %),负向,世界银行WDI数据库,0.0671856764575181,0.0167964191143795,Social,Population conditions,Population growth (annual %),Negative
RWA,Rwanda,卢旺达,646,0.611070626920585,0.4667849802939565,E,0.886774966,2.190935352,-0.14428564662662852,-0.14428564662662852,1.304160386,Deteriorated,Observed both endpoints,Increased,Negative indicator: raw decrease is improvement,-0.002423482192930109,-0.009693928771720452,社会,人口状况,人口增长率,Population growth (annual %),负向,世界银行WDI数据库,0.0671856764575181,0.0167964191143795,Social,Population conditions,Population growth (annual %),Negative
SEN,Senegal,塞内加尔,686,0.4408926440066493,0.4283333976750844,W,2.424969437,2.538489194,-0.01255924633156491,-0.01255924633156491,0.11351975699999972,Deteriorated,Observed both endpoints,Increased,Negative indicator: raw decrease is improvement,-0.00021095036514569746,-0.0008438014605827912,社会,人口状况,人口增长率,Population growth (annual %),负向,世界银行WDI数据库,0.0671856764575181,0.0167964191143795,Social,Population conditions,Population growth (annual %),Negative
SLE,Sierra Leone,塞拉利昂,694,0.05582242780018698,0.4575254079615071,W,5.905518844,2.274630215,0.4017029801613201,0.4017029801613201,-3.630888629,Improved,Observed both endpoints,Decreased,Negative indicator: raw decrease is improvement,0.006747171614284806,0.02698868645713927,社会,人口状况,人口增长率,Population growth (annual %),负向,世界银行WDI数据库,0.0671856764575181,0.0167964191143795,Social,Population conditions,Population growth (annual %),Negative
STP,São Tomé and Principe,圣多美和普林西比,678,0.5295793922290373,0.4812517987857812,C,1.623353015,2.060173547,-0.048327593443256045,-0.048327593443256045,0.43682053200000026,Deteriorated,Observed both endpoints,Increased,Negative indicator: raw decrease is improvement,-0.0008117305142622672,-0.003246922057049074,社会,人口状况,人口增长率,Population growth (annual %),负向,世界银行WDI数据库,0.0671856764575181,0.0167964191143795,Social,Population conditions,Population growth (annual %),Negative
SWZ,Swaziland,斯威士兰,748,0.6071339091229866,0.5813211579363536,S,0.922357933,1.155672669,-0.025812751186632954,-0.025812751186632954,0.23331473600000008,Deteriorated,Observed both endpoints,Increased,Negative indicator: raw decrease is improvement,-0.00043356178742588383,-0.0017342471497035382,社会,人口状况,人口增长率,Population growth (annual %),负向,世界银行WDI数据库,0.0671856764575181,0.0167964191143795,Social,Population conditions,Population growth (annual %),Negative
SYC,Seychelles,塞舌尔,690,0.6995011476039772,0.6200975022071956,E,0.087474518,0.805183391,-0.07940364539678157,-0.07940364539678157,0.7177088730000001,Deteriorated,Observed both endpoints,Increased,Negative indicator: raw decrease is improvement,-0.0013336969072939137,-0.0053347876291756635,社会,人口状况,人口增长率,Population growth (annual %),负向,世界银行WDI数据库,0.0671856764575181,0.0167964191143795,Social,Population conditions,Population growth (annual %),Negative
TCD,Chad,乍得,148,0.3359809434456715,0.3281258973613573,C,3.373238978,3.444238694,-0.007855046084314199,-0.007855046084314199,0.07099971600000021,Deteriorated,Observed both endpoints,Increased,Negative indicator: raw decrease is improvement,-0.00013193664619490686,-0.0005277465847796283,社会,人口状况,人口增长率,Population growth (annual %),负向,世界银行WDI数据库,0.0671856764575181,0.0167964191143795,Social,Population conditions,Population growth (annual %),Negative
TGO,Togo,多哥,768,0.4174361748873338,0.4460614406679885,W,2.636986353,2.37825003,0.028625265780654663,0.028625265780654663,-0.2587363230000004,Improved,Observed both endpoints,Decreased,Negative indicator: raw decrease is improvement,0.00048080196131238136,0.0019232078452495287,社会,人口状况,人口增长率,Population growth (annual %),负向,世界银行WDI数据库,0.0671856764575181,0.0167964191143795,Social,Population conditions,Population growth (annual %),Negative
TZA,Tanzania,坦桑尼亚,834,0.4102964189093192,0.3771481467286573,E,2.701520748,3.001139348,-0.03314827218066191,-0.03314827218066191,0.29961860000000007,Deteriorated,Observed both endpoints,Increased,Negative indicator: raw decrease is improvement,-0.0005567722724639239,-0.002227089089855699,社会,人口状况,人口增长率,Population growth (annual %),负向,世界银行WDI数据库,0.0671856764575181,0.0167964191143795,Social,Population conditions,Population growth (annual %),Negative
UGA,Uganda,乌干达,800,0.3707391461769303,0.3531849306280937,E,3.059068635,3.217736618,-0.017554215548836627,-0.017554215548836627,0.15866798299999996,Deteriorated,Observed both endpoints,Increased,Negative indicator: raw decrease is improvement,-0.0002948479615824173,-0.0011793918463296712,社会,人口状况,人口增长率,Population growth (annual %),负向,世界银行WDI数据库,0.0671856764575181,0.0167964191143795,Social,Population conditions,Population growth (annual %),Negative
ZAF,South Africa,南非,710,0.6140890563971062,0.5387394721498131,S,0.859492168,1.540557438,-0.0753495842472931,-0.0753495842472931,0.6810652700000001,Deteriorated,Observed both endpoints,Increased,Negative indicator: raw decrease is improvement,-0.001265603197111782,-0.005062412788447137,社会,人口状况,人口增长率,Population growth (annual %),负向,世界银行WDI数据库,0.0671856764575181,0.0167964191143795,Social,Population conditions,Population growth (annual %),Negative
ZMB,Zambia,赞比亚,894,0.3746254241985387,0.3977037717924907,S,3.02394158,2.815342406,0.023078347593951998,0.023078347593951998,-0.20859917399999972,Improved,Observed both endpoints,Decreased,Negative indicator: raw decrease is improvement,0.00038763359865534943,0.0015505343946214003,社会,人口状况,人口增长率,Population growth (annual %),负向,世界银行WDI数据库,0.0671856764575181,0.0167964191143795,Social,Population conditions,Population growth (annual %),Negative
ZWE,Zimbabwe,津巴布韦,716,0.6351443272308537,0.5182218210752396,S,0.669179058,1.726011143,-0.11692250615561406,-0.11692250615561406,1.056832085,Deteriorated,Observed both endpoints,Increased,Negative indicator: raw decrease is improvement,-0.0019638794172933106,-0.007855517669173256,社会,人口状况,人口增长率,Population growth (annual %),负向,世界银行WDI数据库,0.0671856764575181,0.0167964191143795,Social,Population conditions,Population growth (annual %),Negative
AGO,Angola,安哥拉,24,0.9556313993174061,0.9453924914675769,S,1.4,1.7,-0.010238907849829282,-0.010238907849829282,0.30000000000000004,Deteriorated,Observed both endpoints,Increased,Negative indicator: raw decrease is improvement,-0.00039415113638652943,-0.0015766045455461186,社会,教科医卫,艾滋病病毒感染率,"Prevalence of HIV, total (% of population ages 15-49)_x",负向,世界银行WDI数据库,0.1539817106150053,0.0384954276537513,Social,"Health, science and education",HIV prevalence (% of population ages 15-49),Negative
BDI,Burundi,布隆迪,108,0.8976109215017065,0.9726962457337884,E,3.1,0.9,0.07508532423208192,0.07508532423208192,-2.2,Improved,Observed both endpoints,Decreased,Negative indicator: raw decrease is improvement,0.002890441666834569,0.011561766667338283,社会,教科医卫,艾滋病病毒感染率,"Prevalence of HIV, total (% of population ages 15-49)_x",负向,世界银行WDI数据库,0.1539817106150053,0.0384954276537513,Social,"Health, science and education",HIV prevalence (% of population ages 15-49),Negative
BEN,Benin,贝宁,204,0.9556313993174061,0.9761092150170649,W,1.4,0.8,0.020477815699658786,0.020477815699658786,-0.5999999999999999,Improved,Observed both endpoints,Decreased,Negative indicator: raw decrease is improvement,0.0007883022727730674,0.003153209091092271,社会,教科医卫,艾滋病病毒感染率,"Prevalence of HIV, total (% of population ages 15-49)_x",负向,世界银行WDI数据库,0.1539817106150053,0.0384954276537513,Social,"Health, science and education",HIV prevalence (% of population ages 15-49),Negative
BFA,Burkina Faso,布基纳法索,854,0.9419795221843004,0.9829351535836178,W,1.8,0.6,0.04095563139931746,0.04095563139931746,-1.2000000000000002,Improved,Observed both endpoints,Decreased,Negative indicator: raw decrease is improvement,0.0015766045455461305,0.0063064181821845255,社会,教科医卫,艾滋病病毒感染率,"Prevalence of HIV, total (% of population ages 15-49)_x",负向,世界银行WDI数据库,0.1539817106150053,0.0384954276537513,Social,"Health, science and education",HIV prevalence (% of population ages 15-49),Negative
BWA,Botswana,博茨瓦纳,72,0.1262798634812287,0.3822525597269625,S,25.7,18.2,0.2559726962457338,0.2559726962457338,-7.5,Improved,Observed both endpoints,Decreased,Negative indicator: raw decrease is improvement,0.009853778409663304,0.039415113638653236,社会,教科医卫,艾滋病病毒感染率,"Prevalence of HIV, total (% of population ages 15-49)_x",负向,世界银行WDI数据库,0.1539817106150053,0.0384954276537513,Social,"Health, science and education",HIV prevalence (% of population ages 15-49),Negative
CAF,Central African Republic,中非,140,0.7542662116040956,0.9078498293515359,C,7.3,2.8,0.15358361774744034,0.15358361774744034,-4.5,Improved,Observed both endpoints,Decreased,Negative indicator: raw decrease is improvement,0.005912267045797984,0.02364906818319195,社会,教科医卫,艾滋病病毒感染率,"Prevalence of HIV, total (% of population ages 15-49)_x",负向,世界银行WDI数据库,0.1539817106150053,0.0384954276537513,Social,"Health, science and education",HIV prevalence (% of population ages 15-49),Negative
CIV,Côte d'Ivoire,科特迪瓦,384,0.7849829351535836,0.9351535836177475,W,6.4,2.0,0.15017064846416384,0.15017064846416384,-4.4,Improved,Observed both endpoints,Decreased,Negative indicator: raw decrease is improvement,0.005780883333669138,0.023123533334676566,社会,教科医卫,艾滋病病毒感染率,"Prevalence of HIV, total (% of population ages 15-49)_x",负向,世界银行WDI数据库,0.1539817106150053,0.0384954276537513,Social,"Health, science and education",HIV prevalence (% of population ages 15-49),Negative
CMR,Cameroon,喀麦隆,120,0.8122866894197953,0.9044368600682594,C,5.6,2.9,0.09215017064846409,0.09215017064846409,-2.6999999999999997,Improved,Observed both endpoints,Decreased,Negative indicator: raw decrease is improvement,0.003547360227478786,0.014189440909915153,社会,教科医卫,艾滋病病毒感染率,"Prevalence of HIV, total (% of population ages 15-49)_x",负向,世界银行WDI数据库,0.1539817106150053,0.0384954276537513,Social,"Health, science and education",HIV prevalence (% of population ages 15-49),Negative
COD,"Congo, Dem. Rep.",刚果（金）,180,0.9351535836177475,0.9761092150170649,C,2.0,0.8,0.04095563139931746,0.04095563139931746,-1.2,Improved,Observed both endpoints,Decreased,Negative indicator: raw decrease is improvement,0.0015766045455461305,0.0063064181821845255,社会,教科医卫,艾滋病病毒感染率,"Prevalence of HIV, total (% of population ages 15-49)_x",负向,世界银行WDI数据库,0.1539817106150053,0.0384954276537513,Social,"Health, science and education",HIV prevalence (% of population ages 15-49),Negative
COG,"Congo, Rep.",刚果（布）,178,0.8566552901023892,0.89419795221843,C,4.3,3.2,0.03754266211604085,0.03754266211604085,-1.0999999999999996,Improved,Observed both endpoints,Decreased,Negative indicator: raw decrease is improvement,0.0014452208334172802,0.005780883333669124,社会,教科医卫,艾滋病病毒感染率,"Prevalence of HIV, total (% of population ages 15-49)_x",负向,世界银行WDI数据库,0.1539817106150053,0.0384954276537513,Social,"Health, science and education",HIV prevalence (% of population ages 15-49),Negative
COM,Comoros,科摩罗,174,1.0,1.0,E,0.1,0.1,0.0,0.0,0.0,Unchanged,Observed both endpoints,Unchanged,Negative indicator: raw decrease is improvement,0.0,0.0,社会,教科医卫,艾滋病病毒感染率,"Prevalence of HIV, total (% of population ages 15-49)_x",负向,世界银行WDI数据库,0.1539817106150053,0.0384954276537513,Social,"Health, science and education",HIV prevalence (% of population ages 15-49),Negative
CPV,Cape Verde,佛得角,132,0.9795221843003413,0.9726962457337884,W,0.7,0.9,-0.0068259385665528916,-0.0068259385665528916,0.20000000000000007,Deteriorated,Observed both endpoints,Increased,Negative indicator: raw decrease is improvement,-0.0002627674242576877,-0.0010510696970307514,社会,教科医卫,艾滋病病毒感染率,"Prevalence of HIV, total (% of population ages 15-49)_x",负向,世界银行WDI数据库,0.1539817106150053,0.0384954276537513,Social,"Health, science and education",HIV prevalence (% of population ages 15-49),Negative
DJI,Djibouti,吉布提,262,0.8805460750853242,0.9658703071672355,E,3.6,1.1,0.08532423208191131,0.08532423208191131,-2.5,Improved,Observed both endpoints,Decreased,Negative indicator: raw decrease is improvement,0.0032845928032211027,0.013138371212884418,社会,教科医卫,艾滋病病毒感染率,"Prevalence of HIV, total (% of population ages 15-49)_x",负向,世界银行WDI数据库,0.1539817106150053,0.0384954276537513,Social,"Health, science and education",HIV prevalence (% of population ages 15-49),Negative
ERI,Eritrea,厄立特里亚,232,0.9283276450511946,0.9863481228668942,E,2.2,0.5,0.058020477815699634,0.058020477815699634,-1.7000000000000002,Improved,Observed both endpoints,Decreased,Negative indicator: raw decrease is improvement,0.0022335231061903476,0.008934092424761396,社会,教科医卫,艾滋病病毒感染率,"Prevalence of HIV, total (% of population ages 15-49)_x",负向,世界银行WDI数据库,0.1539817106150053,0.0384954276537513,Social,"Health, science and education",HIV prevalence (% of population ages 15-49),Negative
ETH,Ethiopia,埃塞俄比亚,231,0.9146757679180888,0.9761092150170649,E,2.6,0.8,0.061433447098976135,0.061433447098976135,-1.8,Improved,Observed both endpoints,Decreased,Negative indicator: raw decrease is improvement,0.0023649068183191936,0.00945962727327678,社会,教科医卫,艾滋病病毒感染率,"Prevalence of HIV, total (% of population ages 15-49)_x",负向,世界银行WDI数据库,0.1539817106150053,0.0384954276537513,Social,"Health, science and education",HIV prevalence (% of population ages 15-49),Negative
GAB,Gabon,加蓬,266,0.8395904436860069,0.89419795221843,C,4.8,3.2,0.05460750853242313,0.05460750853242313,-1.5999999999999996,Improved,Observed both endpoints,Decreased,Negative indicator: raw decrease is improvement,0.0021021393940615016,0.008408557576246012,社会,教科医卫,艾滋病病毒感染率,"Prevalence of HIV, total (% of population ages 15-49)_x",负向,世界银行WDI数据库,0.1539817106150053,0.0384954276537513,Social,"Health, science and education",HIV prevalence (% of population ages 15-49),Negative
GHA,Ghana,加纳,288,0.9180887372013652,0.9488054607508533,W,2.5,1.6,0.030716723549488067,0.030716723549488067,-0.8999999999999999,Improved,Observed both endpoints,Decreased,Negative indicator: raw decrease is improvement,0.0011824534091595968,0.00472981363663839,社会,教科医卫,艾滋病病毒感染率,"Prevalence of HIV, total (% of population ages 15-49)_x",负向,世界银行WDI数据库,0.1539817106150053,0.0384954276537513,Social,"Health, science and education",HIV prevalence (% of population ages 15-49),Negative
GIN,Guinea,几内亚,324,0.9522184300341298,0.9522184300341298,W,1.5,1.5,0.0,0.0,0.0,Unchanged,Observed both endpoints,Unchanged,Negative indicator: raw decrease is improvement,0.0,0.0,社会,教科医卫,艾滋病病毒感染率,"Prevalence of HIV, total (% of population ages 15-49)_x",负向,世界银行WDI数据库,0.1539817106150053,0.0384954276537513,Social,"Health, science and education",HIV prevalence (% of population ages 15-49),Negative
GMB,"Gambia, The",冈比亚,270,0.9453924914675769,0.9522184300341298,W,1.7,1.5,0.0068259385665528916,0.0068259385665528916,-0.19999999999999996,Improved,Observed both endpoints,Decreased,Negative indicator: raw decrease is improvement,0.0002627674242576877,0.0010510696970307514,社会,教科医卫,艾滋病病毒感染率,"Prevalence of HIV, total (% of population ages 15-49)_x",负向,世界银行WDI数据库,0.1539817106150053,0.0384954276537513,Social,"Health, science and education",HIV prevalence (% of population ages 15-49),Negative
GNB,Guinea-Bissau,几内亚（比绍）,624,0.8600682593856656,0.9180887372013652,W,4.2,2.5,0.058020477815699634,0.058020477815699634,-1.7000000000000002,Improved,Observed both endpoints,Decreased,Negative indicator: raw decrease is improvement,0.0022335231061903476,0.008934092424761396,社会,教科医卫,艾滋病病毒感染率,"Prevalence of HIV, total (% of population ages 15-49)_x",负向,世界银行WDI数据库,0.1539817106150053,0.0384954276537513,Social,"Health, science and education",HIV prevalence (% of population ages 15-49),Negative
GNQ,Equatorial Guinea,赤道几内亚,226,,,C,,,,,,Missing endpoint,Missing both endpoints,Missing endpoint,Negative indicator: raw decrease is improvement,,,社会,教科医卫,艾滋病病毒感染率,"Prevalence of HIV, total (% of population ages 15-49)_x",负向,世界银行WDI数据库,0.1539817106150053,0.0384954276537513,Social,"Health, science and education",HIV prevalence (% of population ages 15-49),Negative
KEN,Kenya,肯尼亚,404,0.7201365187713311,0.8805460750853242,E,8.3,3.6,0.16040955631399312,0.16040955631399312,-4.700000000000001,Improved,Observed both endpoints,Decreased,Negative indicator: raw decrease is improvement,0.006175034470055667,0.024700137880222683,社会,教科医卫,艾滋病病毒感染率,"Prevalence of HIV, total (% of population ages 15-49)_x",负向,世界银行WDI数据库,0.1539817106150053,0.0384954276537513,Social,"Health, science and education",HIV prevalence (% of population ages 15-49),Negative
LBR,Liberia,利比里亚,430,0.9146757679180888,0.9658703071672355,W,2.6,1.1,0.05119453924914674,0.05119453924914674,-1.5,Improved,Observed both endpoints,Decreased,Negative indicator: raw decrease is improvement,0.00197075568193266,0.007883022727730643,社会,教科医卫,艾滋病病毒感染率,"Prevalence of HIV, total (% of population ages 15-49)_x",负向,世界银行WDI数据库,0.1539817106150053,0.0384954276537513,Social,"Health, science and education",HIV prevalence (% of population ages 15-49),Negative
LSO,Lesotho,莱索托,426,0.2354948805460751,0.3276450511945392,S,22.5,19.8,0.09215017064846409,0.09215017064846409,-2.6999999999999993,Improved,Observed both endpoints,Decreased,Negative indicator: raw decrease is improvement,0.003547360227478786,0.014189440909915153,社会,教科医卫,艾滋病病毒感染率,"Prevalence of HIV, total (% of population ages 15-49)_x",负向,世界银行WDI数据库,0.1539817106150053,0.0384954276537513,Social,"Health, science and education",HIV prevalence (% of population ages 15-49),Negative
MDG,Madagascar,马达加斯加,450,1.0,0.9897610921501707,E,0.1,0.4,-0.010238907849829282,-0.010238907849829282,0.30000000000000004,Deteriorated,Observed both endpoints,Increased,Negative indicator: raw decrease is improvement,-0.00039415113638652943,-0.0015766045455461186,社会,教科医卫,艾滋病病毒感染率,"Prevalence of HIV, total (% of population ages 15-49)_x",负向,世界银行WDI数据库,0.1539817106150053,0.0384954276537513,Social,"Health, science and education",HIV prevalence (% of population ages 15-49),Negative
MLI,Mali,马里,466,0.9453924914675769,0.9726962457337884,W,1.7,0.9,0.027303754266211566,0.027303754266211566,-0.7999999999999999,Improved,Observed both endpoints,Decreased,Negative indicator: raw decrease is improvement,0.0010510696970307508,0.004204278788123006,社会,教科医卫,艾滋病病毒感染率,"Prevalence of HIV, total (% of population ages 15-49)_x",负向,世界银行WDI数据库,0.1539817106150053,0.0384954276537513,Social,"Health, science and education",HIV prevalence (% of population ages 15-49),Negative
MOZ,Mozambique,莫桑比克,508,0.6825938566552902,0.5802047781569966,S,9.4,12.4,-0.1023890784982936,-0.1023890784982936,3.0,Deteriorated,Observed both endpoints,Increased,Negative indicator: raw decrease is improvement,-0.003941511363865324,-0.015766045455461303,社会,教科医卫,艾滋病病毒感染率,"Prevalence of HIV, total (% of population ages 15-49)_x",负向,世界银行WDI数据库,0.1539817106150053,0.0384954276537513,Social,"Health, science and education",HIV prevalence (% of population ages 15-49),Negative
MUS,Mauritius,毛里求斯,480,,,S,,,,,,Missing endpoint,Missing both endpoints,Missing endpoint,Negative indicator: raw decrease is improvement,,,社会,教科医卫,艾滋病病毒感染率,"Prevalence of HIV, total (% of population ages 15-49)_x",负向,世界银行WDI数据库,0.1539817106150053,0.0384954276537513,Social,"Health, science and education",HIV prevalence (% of population ages 15-49),Negative
MWI,Malawi,马拉维,454,0.4982935153583617,0.7508532423208192,S,14.8,7.4,0.2525597269624575,0.2525597269624575,-7.4,Improved,Observed both endpoints,Decreased,Negative indicator: raw decrease is improvement,0.009722394697534465,0.03888957879013788,社会,教科医卫,艾滋病病毒感染率,"Prevalence of HIV, total (% of population ages 15-49)_x",负向,世界银行WDI数据库,0.1539817106150053,0.0384954276537513,Social,"Health, science and education",HIV prevalence (% of population ages 15-49),Negative
NAM,Namibia,纳米比亚,516,0.5358361774744027,0.6552901023890786,S,13.7,10.2,0.11945392491467588,0.11945392491467588,-3.5,Improved,Observed both endpoints,Decreased,Negative indicator: raw decrease is improvement,0.0045984299245095455,0.018393719698038193,社会,教科医卫,艾滋病病毒感染率,"Prevalence of HIV, total (% of population ages 15-49)_x",负向,世界银行WDI数据库,0.1539817106150053,0.0384954276537513,Social,"Health, science and education",HIV prevalence (% of population ages 15-49),Negative
NER,Niger,尼日尔,562,0.9795221843003413,0.9965870307167236,W,0.7,0.2,0.017064846416382284,0.017064846416382284,-0.49999999999999994,Improved,Observed both endpoints,Decreased,Negative indicator: raw decrease is improvement,0.0006569185606442214,0.002627674242576887,社会,教科医卫,艾滋病病毒感染率,"Prevalence of HIV, total (% of population ages 15-49)_x",负向,世界银行WDI数据库,0.1539817106150053,0.0384954276537513,Social,"Health, science and education",HIV prevalence (% of population ages 15-49),Negative
NGA,Nigeria,尼日利亚,566,0.9283276450511946,0.9556313993174061,W,2.2,1.4,0.027303754266211566,0.027303754266211566,-0.8000000000000003,Improved,Observed both endpoints,Decreased,Negative indicator: raw decrease is improvement,0.0010510696970307508,0.004204278788123006,社会,教科医卫,艾滋病病毒感染率,"Prevalence of HIV, total (% of population ages 15-49)_x",负向,世界银行WDI数据库,0.1539817106150053,0.0384954276537513,Social,"Health, science and education",HIV prevalence (% of population ages 15-49),Negative
RWA,Rwanda,卢旺达,646,0.8395904436860069,0.9215017064846417,E,4.8,2.4,0.08191126279863481,0.08191126279863481,-2.4,Improved,Observed both endpoints,Decreased,Negative indicator: raw decrease is improvement,0.0031532090910922567,0.012612836364369034,社会,教科医卫,艾滋病病毒感染率,"Prevalence of HIV, total (% of population ages 15-49)_x",负向,世界银行WDI数据库,0.1539817106150053,0.0384954276537513,Social,"Health, science and education",HIV prevalence (% of population ages 15-49),Negative
SEN,Senegal,塞内加尔,686,0.9795221843003413,0.9931740614334471,W,0.7,0.3,0.013651877133105783,0.013651877133105783,-0.39999999999999997,Improved,Observed both endpoints,Decreased,Negative indicator: raw decrease is improvement,0.0005255348485153754,0.002102139394061503,社会,教科医卫,艾滋病病毒感染率,"Prevalence of HIV, total (% of population ages 15-49)_x",负向,世界银行WDI数据库,0.1539817106150053,0.0384954276537513,Social,"Health, science and education",HIV prevalence (% of population ages 15-49),Negative
SLE,Sierra Leone,塞拉利昂,694,0.9453924914675769,0.9522184300341298,W,1.7,1.5,0.0068259385665528916,0.0068259385665528916,-0.19999999999999996,Improved,Observed both endpoints,Decreased,Negative indicator: raw decrease is improvement,0.0002627674242576877,0.0010510696970307514,社会,教科医卫,艾滋病病毒感染率,"Prevalence of HIV, total (% of population ages 15-49)_x",负向,世界银行WDI数据库,0.1539817106150053,0.0384954276537513,Social,"Health, science and education",HIV prevalence (% of population ages 15-49),Negative
STP,São Tomé and Principe,圣多美和普林西比,678,,,C,,,,,,Missing endpoint,Missing both endpoints,Missing endpoint,Negative indicator: raw decrease is improvement,,,社会,教科医卫,艾滋病病毒感染率,"Prevalence of HIV, total (% of population ages 15-49)_x",负向,世界银行WDI数据库,0.1539817106150053,0.0384954276537513,Social,"Health, science and education",HIV prevalence (% of population ages 15-49),Negative
SWZ,Swaziland,斯威士兰,748,0.1433447098976109,0.1126279863481229,S,25.2,26.1,-0.030716723549487984,-0.030716723549487984,0.9000000000000021,Deteriorated,Observed both endpoints,Increased,Negative indicator: raw decrease is improvement,-0.0011824534091595936,-0.004729813636638377,社会,教科医卫,艾滋病病毒感染率,"Prevalence of HIV, total (% of population ages 15-49)_x",负向,世界银行WDI数据库,0.1539817106150053,0.0384954276537513,Social,"Health, science and education",HIV prevalence (% of population ages 15-49),Negative
SYC,Seychelles,塞舌尔,690,,,E,,,,,,Missing endpoint,Missing both endpoints,Missing endpoint,Negative indicator: raw decrease is improvement,,,社会,教科医卫,艾滋病病毒感染率,"Prevalence of HIV, total (% of population ages 15-49)_x",负向,世界银行WDI数据库,0.1539817106150053,0.0384954276537513,Social,"Health, science and education",HIV prevalence (% of population ages 15-49),Negative
TCD,Chad,乍得,148,0.9215017064846417,0.9658703071672355,C,2.4,1.1,0.04436860068259385,0.04436860068259385,-1.2999999999999998,Improved,Observed both endpoints,Decreased,Negative indicator: raw decrease is improvement,0.0017079882576749722,0.006831953030699892,社会,教科医卫,艾滋病病毒感染率,"Prevalence of HIV, total (% of population ages 15-49)_x",负向,世界银行WDI数据库,0.1539817106150053,0.0384954276537513,Social,"Health, science and education",HIV prevalence (% of population ages 15-49),Negative
TGO,Togo,多哥,768,0.8771331058020478,0.938566552901024,W,3.7,1.9,0.061433447098976135,0.061433447098976135,-1.8000000000000003,Improved,Observed both endpoints,Decreased,Negative indicator: raw decrease is improvement,0.0023649068183191936,0.00945962727327678,社会,教科医卫,艾滋病病毒感染率,"Prevalence of HIV, total (% of population ages 15-49)_x",负向,世界银行WDI数据库,0.1539817106150053,0.0384954276537513,Social,"Health, science and education",HIV prevalence (% of population ages 15-49),Negative
TZA,Tanzania,坦桑尼亚,834,0.8020477815699659,0.8668941979522184,E,5.9,4.0,0.06484641638225253,0.06484641638225253,-1.9000000000000004,Improved,Observed both endpoints,Decreased,Negative indicator: raw decrease is improvement,0.0024962905304480353,0.009985162121792146,社会,教科医卫,艾滋病病毒感染率,"Prevalence of HIV, total (% of population ages 15-49)_x",负向,世界银行WDI数据库,0.1539817106150053,0.0384954276537513,Social,"Health, science and education",HIV prevalence (% of population ages 15-49),Negative
UGA,Uganda,乌干达,800,0.7235494880546076,0.8122866894197953,E,8.2,5.6,0.0887372013651877,0.0887372013651877,-2.5999999999999996,Improved,Observed both endpoints,Decreased,Negative indicator: raw decrease is improvement,0.0034159765153499444,0.013663906061399785,社会,教科医卫,艾滋病病毒感染率,"Prevalence of HIV, total (% of population ages 15-49)_x",负向,世界银行WDI数据库,0.1539817106150053,0.0384954276537513,Social,"Health, science and education",HIV prevalence (% of population ages 15-49),Negative
ZAF,South Africa,南非,710,0.5085324232081911,0.3822525597269625,S,14.5,18.2,-0.12627986348122866,-0.12627986348122866,3.6999999999999993,Deteriorated,Observed both endpoints,Increased,Negative indicator: raw decrease is improvement,-0.004861197348767229,-0.019444789395068926,社会,教科医卫,艾滋病病毒感染率,"Prevalence of HIV, total (% of population ages 15-49)_x",负向,世界银行WDI数据库,0.1539817106150053,0.0384954276537513,Social,"Health, science and education",HIV prevalence (% of population ages 15-49),Negative
ZMB,Zambia,赞比亚,894,0.552901023890785,0.6382252559726963,S,13.2,10.7,0.08532423208191131,0.08532423208191131,-2.5,Improved,Observed both endpoints,Decreased,Negative indicator: raw decrease is improvement,0.0032845928032211027,0.013138371212884418,社会,教科医卫,艾滋病病毒感染率,"Prevalence of HIV, total (% of population ages 15-49)_x",负向,世界银行WDI数据库,0.1539817106150053,0.0384954276537513,Social,"Health, science and education",HIV prevalence (% of population ages 15-49),Negative
ZWE,Zimbabwe,津巴布韦,716,0.1672354948805461,0.6109215017064846,S,24.5,11.5,0.4436860068259385,0.4436860068259385,-13.0,Improved,Observed both endpoints,Decreased,Negative indicator: raw decrease is improvement,0.017079882576749722,0.06831953030699893,社会,教科医卫,艾滋病病毒感染率,"Prevalence of HIV, total (% of population ages 15-49)_x",负向,世界银行WDI数据库,0.1539817106150053,0.0384954276537513,Social,"Health, science and education",HIV prevalence (% of population ages 15-49),Negative
AGO,Angola,安哥拉,24,0.0,0.6943164362519202,S,67.8,22.6,0.6943164362519202,0.6943164362519202,-45.199999999999996,Improved,Observed both endpoints,Decreased,Negative indicator: raw decrease is improvement,0.018337271553991685,0.07334908621596695,社会,社会公平,营养不良发生率,Prevalence of undernourishment (percent) (3-year average),负向,联合国粮食及农业组织FAO数据库,0.1056421573597223,0.0264105393399305,Social,Social equity,Prevalence of undernourishment,Negative
BDI,Burundi,布隆迪,108,,,E,,,,,,Missing endpoint,Missing both endpoints,Missing endpoint,Negative indicator: raw decrease is improvement,,,社会,社会公平,营养不良发生率,Prevalence of undernourishment (percent) (3-year average),负向,联合国粮食及农业组织FAO数据库,0.1056421573597223,0.0264105393399305,Social,Social equity,Prevalence of undernourishment,Negative
BEN,Benin,贝宁,204,0.8218125960061445,0.849462365591398,W,14.3,12.5,0.027649769585253448,0.027649769585253448,-1.8000000000000007,Improved,Observed both endpoints,Decreased,Negative indicator: raw decrease is improvement,0.00073024532737135,0.0029209813094854082,社会,社会公平,营养不良发生率,Prevalence of undernourishment (percent) (3-year average),负向,联合国粮食及农业组织FAO数据库,0.1056421573597223,0.0264105393399305,Social,Social equity,Prevalence of undernourishment,Negative
BFA,Burkina Faso,布基纳法索,854,0.697388632872504,0.8218125960061445,W,22.4,14.3,0.12442396313364057,0.12442396313364057,-8.099999999999998,Improved,Observed both endpoints,Decreased,Negative indicator: raw decrease is improvement,0.0032861039731710766,0.013144415892684343,社会,社会公平,营养不良发生率,Prevalence of undernourishment (percent) (3-year average),负向,联合国粮食及农业组织FAO数据库,0.1056421573597223,0.0264105393399305,Social,Social equity,Prevalence of undernourishment,Negative
BWA,Botswana,博茨瓦纳,72,0.609831029185868,0.6897081413210446,S,28.1,22.9,0.07987711213517668,0.07987711213517668,-5.200000000000003,Improved,Observed both endpoints,Decreased,Negative indicator: raw decrease is improvement,0.0021095976124061236,0.008438390449624517,社会,社会公平,营养不良发生率,Prevalence of undernourishment (percent) (3-year average),负向,联合国粮食及农业组织FAO数据库,0.1056421573597223,0.0264105393399305,Social,Social equity,Prevalence of undernourishment,Negative
CAF,Central African Republic,中非,140,0.4900153609831031,0.5929339477726576,C,35.9,29.2,0.10291858678955451,0.10291858678955451,-6.699999999999999,Improved,Observed both endpoints,Decreased,Negative indicator: raw decrease is improvement,0.002718135385215581,0.010872541540862354,社会,社会公平,营养不良发生率,Prevalence of undernourishment (percent) (3-year average),负向,联合国粮食及农业组织FAO数据库,0.1056421573597223,0.0264105393399305,Social,Social equity,Prevalence of undernourishment,Negative
CIV,Côte d'Ivoire,科特迪瓦,384,0.7511520737327191,0.89247311827957,W,18.9,9.7,0.1413210445468509,0.1413210445468509,-9.2,Improved,Observed both endpoints,Decreased,Negative indicator: raw decrease is improvement,0.0037323650065646764,0.014929460026258747,社会,社会公平,营养不良发生率,Prevalence of undernourishment (percent) (3-year average),负向,联合国粮食及农业组织FAO数据库,0.1056421573597223,0.0264105393399305,Social,Social equity,Prevalence of undernourishment,Negative
CMR,Cameroon,喀麦隆,120,0.6697388632872505,0.9569892473118281,C,24.2,5.5,0.2872503840245776,0.2872503840245776,-18.7,Improved,Observed both endpoints,Decreased,Negative indicator: raw decrease is improvement,0.0075864375676912505,0.030345750270765085,社会,社会公平,营养不良发生率,Prevalence of undernourishment (percent) (3-year average),负向,联合国粮食及农业组织FAO数据库,0.1056421573597223,0.0264105393399305,Social,Social equity,Prevalence of undernourishment,Negative
COD,"Congo, Dem. Rep.",刚果（金）,180,0.6298003072196622,0.4792626728110599,C,26.8,36.6,-0.1505376344086023,-0.1505376344086023,9.8,Deteriorated,Observed both endpoints,Increased,Negative indicator: raw decrease is improvement,-0.0039757801156884666,-0.015903120462753908,社会,社会公平,营养不良发生率,Prevalence of undernourishment (percent) (3-year average),负向,联合国粮食及农业组织FAO数据库,0.1056421573597223,0.0264105393399305,Social,Social equity,Prevalence of undernourishment,Negative
COG,"Congo, Rep.",刚果（布）,178,0.6374807987711215,0.6236559139784947,C,26.3,27.2,-0.01382488479262678,-0.01382488479262678,0.8999999999999986,Deteriorated,Observed both endpoints,Increased,Negative indicator: raw decrease is improvement,-0.00036512266368567646,-0.00146049065474271,社会,社会公平,营养不良发生率,Prevalence of undernourishment (percent) (3-year average),负向,联合国粮食及农业组织FAO数据库,0.1056421573597223,0.0264105393399305,Social,Social equity,Prevalence of undernourishment,Negative
COM,Comoros,科摩罗,174,0.6620583717357913,0.8018433179723503,E,24.7,15.6,0.13978494623655902,0.13978494623655902,-9.1,Improved,Observed both endpoints,Decreased,Negative indicator: raw decrease is improvement,0.003691795821710712,0.014767183286842888,社会,社会公平,营养不良发生率,Prevalence of undernourishment (percent) (3-year average),负向,联合国粮食及农业组织FAO数据库,0.1056421573597223,0.0264105393399305,Social,Social equity,Prevalence of undernourishment,Negative
CPV,Cape Verde,佛得角,132,0.7926267281105992,0.8556067588325654,W,16.2,12.1,0.06298003072196623,0.06298003072196623,-4.1,Improved,Observed both endpoints,Decreased,Negative indicator: raw decrease is improvement,0.0016633365790125207,0.006653346316050101,社会,社会公平,营养不良发生率,Prevalence of undernourishment (percent) (3-year average),负向,联合国粮食及农业组织FAO数据库,0.1056421573597223,0.0264105393399305,Social,Social equity,Prevalence of undernourishment,Negative
DJI,Djibouti,吉布提,262,0.4147465437788019,0.8540706605222735,E,40.8,12.2,0.43932411674347166,0.43932411674347166,-28.599999999999998,Improved,Observed both endpoints,Decreased,Negative indicator: raw decrease is improvement,0.011602786868233678,0.046411147472934844,社会,社会公平,营养不良发生率,Prevalence of undernourishment (percent) (3-year average),负向,联合国粮食及农业组织FAO数据库,0.1056421573597223,0.0264105393399305,Social,Social equity,Prevalence of undernourishment,Negative
ERI,Eritrea,厄立特里亚,232,,,E,,,,,,Missing endpoint,Missing both endpoints,Missing endpoint,Negative indicator: raw decrease is improvement,,,社会,社会公平,营养不良发生率,Prevalence of undernourishment (percent) (3-year average),负向,联合国粮食及农业组织FAO数据库,0.1056421573597223,0.0264105393399305,Social,Social equity,Prevalence of undernourishment,Negative
ETH,Ethiopia,埃塞俄比亚,231,0.3333333333333334,0.7250384024577574,E,46.1,20.6,0.391705069124424,0.391705069124424,-25.5,Improved,Observed both endpoints,Decreased,Negative indicator: raw decrease is improvement,0.010345142137760796,0.0413805685510433,社会,社会公平,营养不良发生率,Prevalence of undernourishment (percent) (3-year average),负向,联合国粮食及农业组织FAO数据库,0.1056421573597223,0.0264105393399305,Social,Social equity,Prevalence of undernourishment,Negative
GAB,Gabon,加蓬,266,0.8786482334869433,0.7142857142857144,C,10.6,21.3,-0.1643625192012289,-0.1643625192012289,10.700000000000001,Deteriorated,Observed both endpoints,Increased,Negative indicator: raw decrease is improvement,-0.004340902779374138,-0.0173636111174966,社会,社会公平,营养不良发生率,Prevalence of undernourishment (percent) (3-year average),负向,联合国粮食及农业组织FAO数据库,0.1056421573597223,0.0264105393399305,Social,Social equity,Prevalence of undernourishment,Negative
GHA,Ghana,加纳,288,0.8141321044546852,0.9554531490015362,W,14.8,5.6,0.14132104454685102,0.14132104454685102,-9.200000000000001,Improved,Observed both endpoints,Decreased,Negative indicator: raw decrease is improvement,0.0037323650065646794,0.01492946002625876,社会,社会公平,营养不良发生率,Prevalence of undernourishment (percent) (3-year average),负向,联合国粮食及农业组织FAO数据库,0.1056421573597223,0.0264105393399305,Social,Social equity,Prevalence of undernourishment,Negative
GIN,Guinea,几内亚,324,0.7649769585253458,0.881720430107527,W,18.0,10.4,0.11674347158218124,0.11674347158218124,-7.6,Improved,Observed both endpoints,Decreased,Negative indicator: raw decrease is improvement,0.003083258048901256,0.012333032195605057,社会,社会公平,营养不良发生率,Prevalence of undernourishment (percent) (3-year average),负向,联合国粮食及农业组织FAO数据库,0.1056421573597223,0.0264105393399305,Social,Social equity,Prevalence of undernourishment,Negative
GMB,"Gambia, The",冈比亚,270,0.7818740399385562,0.7511520737327191,W,16.9,18.9,-0.030721966205837115,-0.030721966205837115,2.0,Deteriorated,Observed both endpoints,Increased,Negative indicator: raw decrease is improvement,-0.0008113836970792765,-0.003245534788317115,社会,社会公平,营养不良发生率,Prevalence of undernourishment (percent) (3-year average),负向,联合国粮食及农业组织FAO数据库,0.1056421573597223,0.0264105393399305,Social,Social equity,Prevalence of undernourishment,Negative
GNB,Guinea-Bissau,几内亚（比绍）,624,0.8018433179723503,0.7419354838709679,W,15.6,19.5,-0.05990783410138245,-0.05990783410138245,3.9000000000000004,Deteriorated,Observed both endpoints,Increased,Negative indicator: raw decrease is improvement,-0.0015821982093045912,-0.006328792837218382,社会,社会公平,营养不良发生率,Prevalence of undernourishment (percent) (3-year average),负向,联合国粮食及农业组织FAO数据库,0.1056421573597223,0.0264105393399305,Social,Social equity,Prevalence of undernourishment,Negative
GNQ,Equatorial Guinea,赤道几内亚,226,,,C,,,,,,Missing endpoint,Missing both endpoints,Missing endpoint,Negative indicator: raw decrease is improvement,,,社会,社会公平,营养不良发生率,Prevalence of undernourishment (percent) (3-year average),负向,联合国粮食及农业组织FAO数据库,0.1056421573597223,0.0264105393399305,Social,Social equity,Prevalence of undernourishment,Negative
KEN,Kenya,肯尼亚,404,0.5529953917050692,0.556067588325653,E,31.8,31.6,0.003072196620583778,0.003072196620583778,-0.1999999999999993,Improved,Observed both endpoints,Decreased,Negative indicator: raw decrease is improvement,8.113836970792941e-05,0.0003245534788317185,社会,社会公平,营养不良发生率,Prevalence of undernourishment (percent) (3-year average),负向,联合国粮食及农业组织FAO数据库,0.1056421573597223,0.0264105393399305,Social,Social equity,Prevalence of undernourishment,Negative
LBR,Liberia,利比里亚,430,0.5053763440860216,0.4623655913978495,W,34.9,37.7,-0.043010752688172116,-0.043010752688172116,2.8000000000000043,Deteriorated,Observed both endpoints,Increased,Negative indicator: raw decrease is improvement,-0.0011359371759109911,-0.0045437487036439775,社会,社会公平,营养不良发生率,Prevalence of undernourishment (percent) (3-year average),负向,联合国粮食及农业组织FAO数据库,0.1056421573597223,0.0264105393399305,Social,Social equity,Prevalence of undernourishment,Negative
LSO,Lesotho,莱索托,426,,,S,,,,,,Missing endpoint,Missing both endpoints,Missing endpoint,Negative indicator: raw decrease is improvement,,,社会,社会公平,营养不良发生率,Prevalence of undernourishment (percent) (3-year average),负向,联合国粮食及农业组织FAO数据库,0.1056421573597223,0.0264105393399305,Social,Social equity,Prevalence of undernourishment,Negative
MDG,Madagascar,马达加斯加,450,0.5284178187403995,0.4285714285714287,E,33.4,39.9,-0.09984639016897079,-0.09984639016897079,6.5,Deteriorated,Observed both endpoints,Increased,Negative indicator: raw decrease is improvement,-0.002636997015507653,-0.01054798806203064,社会,社会公平,营养不良发生率,Prevalence of undernourishment (percent) (3-year average),负向,联合国粮食及农业组织FAO数据库,0.1056421573597223,0.0264105393399305,Social,Social equity,Prevalence of undernourishment,Negative
MLI,Mali,马里,466,0.8233486943164364,0.9293394777265747,W,14.2,7.3,0.10599078341013823,0.10599078341013823,-6.8999999999999995,Improved,Observed both endpoints,Decreased,Negative indicator: raw decrease is improvement,0.002799273754923509,0.011197095019694066,社会,社会公平,营养不良发生率,Prevalence of undernourishment (percent) (3-year average),负向,联合国粮食及农业组织FAO数据库,0.1056421573597223,0.0264105393399305,Social,Social equity,Prevalence of undernourishment,Negative
MOZ,Mozambique,莫桑比克,508,0.4823348694316437,0.6912442396313365,S,36.4,22.8,0.2089093701996928,0.2089093701996928,-13.599999999999998,Improved,Observed both endpoints,Decreased,Negative indicator: raw decrease is improvement,0.005517409140139091,0.022069636560556428,社会,社会公平,营养不良发生率,Prevalence of undernourishment (percent) (3-year average),负向,联合国粮食及农业组织FAO数据库,0.1056421573597223,0.0264105393399305,Social,Social equity,Prevalence of undernourishment,Negative
MUS,Mauritius,毛里求斯,480,0.9508448540706607,0.9231950844854072,S,5.9,7.7,-0.027649769585253448,-0.027649769585253448,1.7999999999999998,Deteriorated,Observed both endpoints,Increased,Negative indicator: raw decrease is improvement,-0.00073024532737135,-0.0029209813094854082,社会,社会公平,营养不良发生率,Prevalence of undernourishment (percent) (3-year average),负向,联合国粮食及农业组织FAO数据库,0.1056421573597223,0.0264105393399305,Social,Social equity,Prevalence of undernourishment,Negative
MWI,Malawi,马拉维,454,0.6850998463901691,0.7281105990783412,S,23.2,20.4,0.043010752688172116,0.043010752688172116,-2.8000000000000007,Improved,Observed both endpoints,Decreased,Negative indicator: raw decrease is improvement,0.0011359371759109911,0.0045437487036439775,社会,社会公平,营养不良发生率,Prevalence of undernourishment (percent) (3-year average),负向,联合国粮食及农业组织FAO数据库,0.1056421573597223,0.0264105393399305,Social,Social equity,Prevalence of undernourishment,Negative
NAM,Namibia,纳米比亚,516,0.8003072196620585,0.7542242703533028,S,15.7,18.7,-0.04608294930875578,-0.04608294930875578,3.0,Deteriorated,Observed both endpoints,Increased,Negative indicator: raw decrease is improvement,-0.0012170755456189176,-0.0048683021824756844,社会,社会公平,营养不良发生率,Prevalence of undernourishment (percent) (3-year average),负向,联合国粮食及农业组织FAO数据库,0.1056421573597223,0.0264105393399305,Social,Social equity,Prevalence of undernourishment,Negative
NER,Niger,尼日尔,562,0.6866359447004609,0.8663594470046084,W,23.1,11.4,0.17972350230414758,0.17972350230414758,-11.700000000000001,Improved,Observed both endpoints,Decreased,Negative indicator: raw decrease is improvement,0.00474659462791378,0.01898637851165517,社会,社会公平,营养不良发生率,Prevalence of undernourishment (percent) (3-year average),负向,联合国粮食及农业组织FAO数据库,0.1056421573597223,0.0264105393399305,Social,Social equity,Prevalence of undernourishment,Negative
NGA,Nigeria,尼日利亚,566,0.9078341013824887,0.7711213517665132,W,8.7,17.6,-0.13671274961597546,-0.13671274961597546,8.900000000000002,Deteriorated,Observed both endpoints,Increased,Negative indicator: raw decrease is improvement,-0.0036106574520027883,-0.014442629808011193,社会,社会公平,营养不良发生率,Prevalence of undernourishment (percent) (3-year average),负向,联合国粮食及农业组织FAO数据库,0.1056421573597223,0.0264105393399305,Social,Social equity,Prevalence of undernourishment,Negative
RWA,Rwanda,卢旺达,646,0.4639016897081414,0.5652841781874041,E,37.6,31.0,0.10138248847926268,0.10138248847926268,-6.600000000000001,Improved,Observed both endpoints,Decreased,Negative indicator: raw decrease is improvement,0.0026775662003616176,0.0107102648014465,社会,社会公平,营养不良发生率,Prevalence of undernourishment (percent) (3-year average),负向,联合国粮食及农业组织FAO数据库,0.1056421573597223,0.0264105393399305,Social,Social equity,Prevalence of undernourishment,Negative
SEN,Senegal,塞内加尔,686,0.7173579109062981,0.9615975422427037,W,21.1,5.2,0.24423963133640558,0.24423963133640558,-15.900000000000002,Improved,Observed both endpoints,Decreased,Negative indicator: raw decrease is improvement,0.0064505003917802615,0.02580200156712112,社会,社会公平,营养不良发生率,Prevalence of undernourishment (percent) (3-year average),负向,联合国粮食及农业组织FAO数据库,0.1056421573597223,0.0264105393399305,Social,Social equity,Prevalence of undernourishment,Negative
SLE,Sierra Leone,塞拉利昂,694,0.2734254992319509,0.6374807987711215,W,50.0,26.3,0.3640552995391706,0.3640552995391706,-23.7,Improved,Observed both endpoints,Decreased,Negative indicator: raw decrease is improvement,0.009614896810389448,0.038459587241557895,社会,社会公平,营养不良发生率,Prevalence of undernourishment (percent) (3-year average),负向,联合国粮食及农业组织FAO数据库,0.1056421573597223,0.0264105393399305,Social,Social equity,Prevalence of undernourishment,Negative
STP,São Tomé and Principe,圣多美和普林西比,678,0.8033794162826422,0.795698924731183,C,15.5,16.0,-0.007680491551459223,-0.007680491551459223,0.5,Deteriorated,Observed both endpoints,Increased,Negative indicator: raw decrease is improvement,-0.00020284592426981766,-0.0008113836970792728,社会,社会公平,营养不良发生率,Prevalence of undernourishment (percent) (3-year average),负向,联合国粮食及农业组织FAO数据库,0.1056421573597223,0.0264105393399305,Social,Social equity,Prevalence of undernourishment,Negative
SWZ,Swaziland,斯威士兰,748,0.8909370199692781,0.8632872503840248,S,9.8,11.6,-0.027649769585253337,-0.027649769585253337,1.799999999999999,Deteriorated,Observed both endpoints,Increased,Negative indicator: raw decrease is improvement,-0.0007302453273713471,-0.0029209813094853965,社会,社会公平,营养不良发生率,Prevalence of undernourishment (percent) (3-year average),负向,联合国粮食及农业组织FAO数据库,0.1056421573597223,0.0264105393399305,Social,Social equity,Prevalence of undernourishment,Negative
SYC,Seychelles,塞舌尔,690,0.9778527540048279,0.9812541145490455,E,4.141785714285714,3.920357142857142,0.003401360544217691,0.003401360544217691,-0.22142857142857153,Improved,Observed both endpoints,Decreased,Negative indicator: raw decrease is improvement,8.983176646234874e-05,0.000359327065849396,社会,社会公平,营养不良发生率,Prevalence of undernourishment (percent) (3-year average),负向,联合国粮食及农业组织FAO数据库,0.1056421573597223,0.0264105393399305,Social,Social equity,Prevalence of undernourishment,Negative
TCD,Chad,乍得,148,0.513056835637481,0.5791090629800308,C,34.4,30.1,0.0660522273425499,0.0660522273425499,-4.299999999999997,Improved,Observed both endpoints,Decreased,Negative indicator: raw decrease is improvement,0.001744474948720447,0.006977899794881808,社会,社会公平,营养不良发生率,Prevalence of undernourishment (percent) (3-year average),负向,联合国粮食及农业组织FAO数据库,0.1056421573597223,0.0264105393399305,Social,Social equity,Prevalence of undernourishment,Negative
TGO,Togo,多哥,768,0.599078341013825,0.8310291858678956,W,28.8,13.7,0.2319508448540707,0.2319508448540707,-15.100000000000001,Improved,Observed both endpoints,Decreased,Negative indicator: raw decrease is improvement,0.00612594691294855,0.024503787651794267,社会,社会公平,营养不良发生率,Prevalence of undernourishment (percent) (3-year average),负向,联合国粮食及农业组织FAO数据库,0.1056421573597223,0.0264105393399305,Social,Social equity,Prevalence of undernourishment,Negative
TZA,Tanzania,坦桑尼亚,834,0.5376344086021507,0.697388632872504,E,32.8,22.4,0.15975422427035324,0.15975422427035324,-10.399999999999999,Improved,Observed both endpoints,Decreased,Negative indicator: raw decrease is improvement,0.004219195224812245,0.016876780899249023,社会,社会公平,营养不良发生率,Prevalence of undernourishment (percent) (3-year average),负向,联合国粮食及农业组织FAO数据库,0.1056421573597223,0.0264105393399305,Social,Social equity,Prevalence of undernourishment,Negative
UGA,Uganda,乌干达,800,0.7158218125960063,0.6482334869431645,E,21.2,25.6,-0.06758832565284179,-0.06758832565284179,4.400000000000002,Deteriorated,Observed both endpoints,Increased,Negative indicator: raw decrease is improvement,-0.001785044133574412,-0.007140176534297667,社会,社会公平,营养不良发生率,Prevalence of undernourishment (percent) (3-year average),负向,联合国粮食及农业组织FAO数据库,0.1056421573597223,0.0264105393399305,Social,Social equity,Prevalence of undernourishment,Negative
ZAF,South Africa,南非,710,0.9861751152073734,0.8970814132104457,S,3.6,9.4,-0.08909370199692779,-0.08909370199692779,5.800000000000001,Deteriorated,Observed both endpoints,Increased,Negative indicator: raw decrease is improvement,-0.002353012721529906,-0.00941205088611965,社会,社会公平,营养不良发生率,Prevalence of undernourishment (percent) (3-year average),负向,联合国粮食及农业组织FAO数据库,0.1056421573597223,0.0264105393399305,Social,Social equity,Prevalence of undernourishment,Negative
ZMB,Zambia,赞比亚,894,0.2688172043010754,0.4930875576036867,S,50.3,35.7,0.2242703533026113,0.2242703533026113,-14.599999999999994,Improved,Observed both endpoints,Decreased,Negative indicator: raw decrease is improvement,0.005923100988678728,0.023692403954714978,社会,社会公平,营养不良发生率,Prevalence of undernourishment (percent) (3-year average),负向,联合国粮食及农业组织FAO数据库,0.1056421573597223,0.0264105393399305,Social,Social equity,Prevalence of undernourishment,Negative
ZWE,Zimbabwe,津巴布韦,716,0.5376344086021507,0.6605222734254994,S,32.8,24.8,0.12288786482334868,0.12288786482334868,-7.9999999999999964,Improved,Observed both endpoints,Decreased,Negative indicator: raw decrease is improvement,0.0032455347883171117,0.012982139153268483,社会,社会公平,营养不良发生率,Prevalence of undernourishment (percent) (3-year average),负向,联合国粮食及农业组织FAO数据库,0.1056421573597223,0.0264105393399305,Social,Social equity,Prevalence of undernourishment,Negative
AGO,Angola,安哥拉,24,0.2624970625100554,0.4776743902727525,S,15.45454545,29.54545455,0.2151773277626971,0.2151773277626971,14.0909091,Improved,Observed both endpoints,Increased,Positive indicator: raw increase is improvement,0.007207730277075997,0.028830921108304056,社会,社会公平,性别平等,Proportion of seats held by women in national parliaments (%)_x,正向,世界银行WDI数据库,0.1339867978103135,0.0334966994525783,Social,Social equity,Women in national parliament (% of seats),Positive
BDI,Burundi,布隆迪,108,0.2464969988368485,0.6100087287964402,E,14.40677966,38.21138211,0.3635117299595917,0.3635117299595917,23.804602450000004,Improved,Observed both endpoints,Increased,Positive indicator: raw increase is improvement,0.012176443165943246,0.04870577266377309,社会,社会公平,性别平等,Proportion of seats held by women in national parliaments (%)_x,正向,世界银行WDI数据库,0.1339867978103135,0.0334966994525783,Social,Social equity,Women in national parliament (% of seats),Positive
BEN,Benin,贝宁,204,0.1184879844021179,0.155284729114898,W,6.024096386,8.43373494,0.03679674471278009,0.03679674471278009,2.4096385540000007,Improved,Observed both endpoints,Increased,Positive indicator: raw increase is improvement,0.0012325694984772443,0.004930277993908988,社会,社会公平,性别平等,Proportion of seats held by women in national parliaments (%)_x,正向,世界银行WDI数据库,0.1339867978103135,0.0334966994525783,Social,Social equity,Women in national parliament (% of seats),Positive
BFA,Burkina Faso,布基纳法索,854,0.1503121960398253,0.1226891875255101,W,8.108108108,6.299212598,-0.027623008514315192,-0.027623008514315192,-1.8088955099999993,Deteriorated,Observed both endpoints,Decreased,Positive indicator: raw increase is improvement,-0.0009252796141800274,-0.003701118456720118,社会,社会公平,性别平等,Proportion of seats held by women in national parliaments (%)_x,正向,世界银行WDI数据库,0.1339867978103135,0.0334966994525783,Social,Social equity,Women in national parliament (% of seats),Positive
BWA,Botswana,博茨瓦纳,72,0.2864220640686545,0.1909492663093308,S,17.0212766,10.76923077,-0.09547279775932371,-0.09547279775932371,-6.25204583,Deteriorated,Observed both endpoints,Decreased,Positive indicator: raw increase is improvement,-0.003198023612440857,-0.012792094449763458,社会,社会公平,性别平等,Proportion of seats held by women in national parliaments (%)_x,正向,世界银行WDI数据库,0.1339867978103135,0.0334966994525783,Social,Social equity,Women in national parliament (% of seats),Positive
CAF,Central African Republic,中非,140,0.1385742808183749,0.22283303909796,C,7.339449541,12.85714286,0.08425875827958512,0.08425875827958512,5.517693319,Improved,Observed both endpoints,Increased,Positive indicator: raw increase is improvement,0.0028223903023387063,0.011289561209354851,社会,社会公平,性别平等,Proportion of seats held by women in national parliaments (%)_x,正向,世界银行WDI数据库,0.1339867978103135,0.0334966994525783,Social,Social equity,Women in national parliament (% of seats),Positive
CIV,Côte d'Ivoire,科特迪瓦,384,0.156604791698917,0.2429305187449943,W,8.520179372,14.17322835,0.0863257270460773,0.0863257270460773,5.653048978000001,Improved,Observed both endpoints,Increased,Positive indicator: raw increase is improvement,0.002891626933887761,0.011566507735551072,社会,社会公平,性别平等,Proportion of seats held by women in national parliaments (%)_x,正向,世界银行WDI数据库,0.1339867978103135,0.0334966994525783,Social,Social equity,Women in national parliament (% of seats),Positive
CMR,Cameroon,喀麦隆,120,0.111333061818229,0.5440014517817884,C,5.555555556,33.88888889,0.4326683899635594,0.4326683899635594,28.333333333999995,Improved,Observed both endpoints,Increased,Positive indicator: raw increase is improvement,0.014492963021240294,0.057971852084961306,社会,社会公平,性别平等,Proportion of seats held by women in national parliaments (%)_x,正向,世界银行WDI数据库,0.1339867978103135,0.0334966994525783,Social,Social equity,Women in national parliament (% of seats),Positive
COD,"Congo, Dem. Rep.",刚果（金）,180,0.1633292345735768,0.2219604305367766,C,8.960530194645543,12.8,0.05863119596319982,0.05863119596319982,3.839469805354458,Improved,Observed both endpoints,Increased,Positive indicator: raw increase is improvement,0.0019639515497245266,0.007855806198898124,社会,社会公平,性别平等,Proportion of seats held by women in national parliaments (%)_x,正向,世界银行WDI数据库,0.1339867978103135,0.0334966994525783,Social,Social equity,Women in national parliament (% of seats),Positive
COG,"Congo, Rep.",刚果（布）,178,0.2097439112910341,0.1984173372216432,C,12.0,11.25827815,-0.011326574069390888,-0.011326574069390888,-0.7417218499999993,Deteriorated,Observed both endpoints,Decreased,Positive indicator: raw increase is improvement,-0.0003794028474297533,-0.0015176113897190167,社会,社会公平,性别平等,Proportion of seats held by women in national parliaments (%)_x,正向,世界银行WDI数据库,0.1339867978103135,0.0334966994525783,Social,Social equity,Women in national parliament (% of seats),Positive
COM,Comoros,科摩罗,174,0.0,0.281006940275434,E,-1.735101272099655,16.66666667,0.281006940275434,0.281006940275434,18.401767942099656,Improved,Observed both endpoints,Increased,Positive indicator: raw increase is improvement,0.009412805022494832,0.03765122008997942,社会,社会公平,性别平等,Proportion of seats held by women in national parliaments (%)_x,正向,世界银行WDI数据库,0.1339867978103135,0.0334966994525783,Social,Social equity,Women in national parliament (% of seats),Positive
CPV,Cape Verde,佛得角,132,0.1961700010010195,0.6203546970676788,W,11.11111111,38.88888889,0.42418469606665926,0.42418469606665926,27.777777779999997,Improved,Observed both endpoints,Increased,Positive indicator: raw increase is improvement,0.014208787276528157,0.05683514910611276,社会,社会公平,性别平等,Proportion of seats held by women in national parliaments (%)_x,正向,世界银行WDI数据库,0.1339867978103135,0.0334966994525783,Social,Social equity,Women in national parliament (% of seats),Positive
DJI,Djibouti,吉布提,262,0.02649612260489709,0.4258823286569752,E,0.0,26.15384615,0.3993862060520781,0.3993862060520781,26.15384615,Improved,Observed both endpoints,Increased,Positive indicator: raw increase is improvement,0.013378119709631969,0.05351247883852799,社会,社会公平,性别平等,Proportion of seats held by women in national parliaments (%)_x,正向,世界银行WDI数据库,0.1339867978103135,0.0334966994525783,Social,Social equity,Women in national parliament (% of seats),Positive
ERI,Eritrea,厄立特里亚,232,0.2504656421610778,0.3760064517214461,E,14.66666667,22.887719297842096,0.12554080956036828,0.12554080956036828,8.221052627842097,Improved,Observed both endpoints,Increased,Positive indicator: raw increase is improvement,0.0042052027668770245,0.016820811067508136,社会,社会公平,性别平等,Proportion of seats held by women in national parliaments (%)_x,正向,世界银行WDI数据库,0.1339867978103135,0.0334966994525783,Social,Social equity,Women in national parliament (% of seats),Positive
ETH,Ethiopia,埃塞俄比亚,231,0.1437479069626219,0.676846117683014,E,7.678244973,42.58823529,0.5330982107203921,0.5330982107203921,34.909990317,Improved,Observed both endpoints,Increased,Positive indicator: raw increase is improvement,0.017857030543208228,0.07142812217283308,社会,社会公平,性别平等,Proportion of seats held by women in national parliaments (%)_x,正向,世界银行WDI数据库,0.1339867978103135,0.0334966994525783,Social,Social equity,Women in national parliament (% of seats),Positive
GAB,Gabon,加蓬,266,0.1664770723007864,0.2738376214398529,C,9.166666667,16.1971831,0.10736054913906651,0.10736054913906651,7.030516433000001,Improved,Observed both endpoints,Increased,Positive indicator: raw increase is improvement,0.003596224047575075,0.014384896190300332,社会,社会公平,性别平等,Proportion of seats held by women in national parliaments (%)_x,正向,世界银行WDI数据库,0.1339867978103135,0.0334966994525783,Social,Social equity,Women in national parliament (% of seats),Positive
GHA,Ghana,加纳,288,0.1639319641194998,0.2486146544150813,W,9.0,14.54545455,0.08468269029558148,0.08468269029558148,5.5454545500000005,Improved,Observed both endpoints,Increased,Positive indicator: raw increase is improvement,0.002836590625666862,0.011346362502667472,社会,社会公平,性别平等,Proportion of seats held by women in national parliaments (%)_x,正向,世界银行WDI数据库,0.1339867978103135,0.0334966994525783,Social,Social equity,Women in national parliament (% of seats),Positive
GIN,Guinea,几内亚,324,0.1604491845166657,0.3714749965255575,W,8.771929825,22.590976495429345,0.21102581200889178,0.21102581200889178,13.819046670429344,Improved,Observed both endpoints,Increased,Positive indicator: raw increase is improvement,0.007068668201598137,0.02827467280639261,社会,社会公平,性别平等,Proportion of seats held by women in national parliaments (%)_x,正向,世界银行WDI数据库,0.1339867978103135,0.0334966994525783,Social,Social equity,Women in national parliament (% of seats),Positive
GMB,"Gambia, The",冈比亚,270,0.05766071252467328,0.1581396489572477,W,2.040816327,8.620689655,0.10047893643257441,0.10047893643257441,6.579873328,Improved,Observed both endpoints,Increased,Positive indicator: raw increase is improvement,0.003365712734996665,0.013462850939986691,社会,社会公平,性别平等,Proportion of seats held by women in national parliaments (%)_x,正向,世界银行WDI数据库,0.1339867978103135,0.0334966994525783,Social,Social equity,Women in national parliament (% of seats),Positive
GNB,Guinea-Bissau,几内亚（比绍）,624,0.1462659191332812,0.2360932665868341,W,7.843137255,13.7254902,0.08982734745355289,0.08982734745355289,5.882352944999999,Improved,Observed both endpoints,Increased,Positive indicator: raw increase is improvement,0.0030089196602739858,0.01203567864109597,社会,社会公平,性别平等,Proportion of seats held by women in national parliaments (%)_x,正向,世界银行WDI数据库,0.1339867978103135,0.0334966994525783,Social,Social equity,Women in national parliament (% of seats),Positive
GNQ,Equatorial Guinea,赤道几内亚,226,0.1028493678907875,0.377721050919993,C,5.0,23.0,0.2748716830292055,0.2748716830292055,18.0,Improved,Observed both endpoints,Increased,Positive indicator: raw increase is improvement,0.009207294154453663,0.03682917661781474,社会,社会公平,性别平等,Proportion of seats held by women in national parliaments (%)_x,正向,世界银行WDI数据库,0.1339867978103135,0.0334966994525783,Social,Social equity,Women in national parliament (% of seats),Positive
KEN,Kenya,肯尼亚,404,0.08103415494541712,0.3565533788377543,E,3.571428571,21.61383285,0.2755192238923372,0.2755192238923372,18.042404279000003,Improved,Observed both endpoints,Increased,Positive indicator: raw increase is improvement,0.009228984636129249,0.03691593854451708,社会,社会公平,性别平等,Proportion of seats held by women in national parliaments (%)_x,正向,世界银行WDI数据库,0.1339867978103135,0.0334966994525783,Social,Social equity,Women in national parliament (% of seats),Positive
LBR,Liberia,利比里亚,430,0.1457980683641009,0.1938457013199736,W,7.8125,10.95890411,0.04804763295587272,0.04804763295587272,3.1464041100000006,Improved,Observed both endpoints,Increased,Positive indicator: raw increase is improvement,0.001609437120530665,0.006437748482122674,社会,社会公平,性别平等,Proportion of seats held by women in national parliaments (%)_x,正向,世界银行WDI数据库,0.1339867978103135,0.0334966994525783,Social,Social equity,Women in national parliament (% of seats),Positive
LSO,Lesotho,莱索托,426,0.0844859291445708,0.3828112672214835,S,3.797468354,23.33333333,0.2983253380769127,0.2983253380769127,19.535864976,Improved,Observed both endpoints,Increased,Positive indicator: raw increase is improvement,0.009992914188651158,0.03997165675460472,社会,社会公平,性别平等,Proportion of seats held by women in national parliaments (%)_x,正向,世界银行WDI数据库,0.1339867978103135,0.0334966994525783,Social,Social equity,Women in national parliament (% of seats),Positive
MDG,Madagascar,马达加斯加,450,0.1486613150623218,0.299547463332047,E,8.0,17.8807947,0.1508861482697252,0.1508861482697252,9.8807947,Improved,Observed both endpoints,Increased,Positive indicator: raw increase is improvement,0.005054187960148153,0.020216751840592656,社会,社会公平,性别平等,Proportion of seats held by women in national parliaments (%)_x,正向,世界银行WDI数据库,0.1339867978103135,0.0334966994525783,Social,Social equity,Women in national parliament (% of seats),Positive
MLI,Mali,马里,466,0.2134836620930129,0.4429683695771977,W,12.24489796,27.27272727,0.2294847074841848,0.2294847074841848,15.027829310000001,Improved,Observed both endpoints,Increased,Positive indicator: raw increase is improvement,0.007686980275560584,0.030747921102242406,社会,社会公平,性别平等,Proportion of seats held by women in national parliaments (%)_x,正向,世界银行WDI数据库,0.1339867978103135,0.0334966994525783,Social,Social equity,Women in national parliament (% of seats),Positive
MOZ,Mozambique,莫桑比克,508,0.4846155943202396,0.6739716426292478,S,30.0,42.4,0.1893560483090082,0.1893560483090082,12.399999999999999,Improved,Observed both endpoints,Increased,Positive indicator: raw increase is improvement,0.006342802639734745,0.02537121055893904,社会,社会公平,性别平等,Proportion of seats held by women in national parliaments (%)_x,正向,世界银行WDI数据库,0.1339867978103135,0.0334966994525783,Social,Social equity,Women in national parliament (% of seats),Positive
MUS,Mauritius,毛里求斯,480,0.1137569743558374,0.3319091037484588,S,5.714285714,20.0,0.21815212939262138,0.21815212939262138,14.285714286000001,Improved,Observed both endpoints,Increased,Positive indicator: raw increase is improvement,0.007307376313204611,0.02922950525281851,社会,社会公平,性别平等,Proportion of seats held by women in national parliaments (%)_x,正向,世界银行WDI数据库,0.1339867978103135,0.0334966994525783,Social,Social equity,Women in national parliament (% of seats),Positive
MWI,Malawi,马拉维,454,0.1689166837528048,0.376448496882797,S,9.32642487,22.91666667,0.20753181312999222,0.20753181312999222,13.590241800000001,Improved,Observed both endpoints,Increased,Positive indicator: raw increase is improvement,0.006951630771263992,0.02780652308505603,社会,社会公平,性别平等,Proportion of seats held by women in national parliaments (%)_x,正向,世界银行WDI数据库,0.1339867978103135,0.0334966994525783,Social,Social equity,Women in national parliament (% of seats),Positive
NAM,Namibia,纳米比亚,516,0.4082623490343492,0.701928677045258,S,25.0,44.23076923,0.29366632801090875,0.29366632801090875,19.23076923,Improved,Observed both endpoints,Increased,Positive indicator: raw increase is improvement,0.009836852728723686,0.03934741091489483,社会,社会公平,性别平等,Proportion of seats held by women in national parliaments (%)_x,正向,世界银行WDI数据库,0.1339867978103135,0.0334966994525783,Social,Social equity,Women in national parliament (% of seats),Positive
NER,Niger,尼日尔,562,0.04489449496128712,0.4220611283360007,W,1.204819277,25.90361446,0.37716663337471357,0.37716663337471357,24.698795183,Improved,Observed both endpoints,Increased,Positive indicator: raw increase is improvement,0.012633837361693568,0.05053534944677439,社会,社会公平,性别平等,Proportion of seats held by women in national parliaments (%)_x,正向,世界银行WDI数据库,0.1339867978103135,0.0334966994525783,Social,Social equity,Women in national parliament (% of seats),Positive
NGA,Nigeria,尼日利亚,566,0.07870346981192665,0.08164013308745455,W,3.418803419,3.611111111,0.002936663275527898,0.002936663275527898,0.19230769199999997,Improved,Observed both endpoints,Increased,Positive indicator: raw increase is improvement,9.836852713378214e-05,0.00039347410853512945,社会,社会公平,性别平等,Proportion of seats held by women in national parliaments (%)_x,正向,世界银行WDI数据库,0.1339867978103135,0.0334966994525783,Social,Social equity,Women in national parliament (% of seats),Positive
RWA,Rwanda,卢旺达,646,0.4185803552200994,0.9618233773570547,E,25.67567568,61.25,0.5432430221369553,0.5432430221369553,35.57432432,Improved,Observed both endpoints,Increased,Positive indicator: raw increase is improvement,0.01819684824223193,0.07278739296892789,社会,社会公平,性别平等,Proportion of seats held by women in national parliaments (%)_x,正向,世界银行WDI数据库,0.1339867978103135,0.0334966994525783,Social,Social equity,Women in national parliament (% of seats),Positive
SEN,Senegal,塞内加尔,686,0.281006940275434,0.6835967790000538,W,16.66666667,43.03030303,0.4025898387246198,0.4025898387246198,26.363636359999997,Improved,Observed both endpoints,Increased,Positive indicator: raw increase is improvement,0.013485430830420557,0.05394172332168235,社会,社会公平,性别平等,Proportion of seats held by women in national parliaments (%)_x,正向,世界银行WDI数据库,0.1339867978103135,0.0334966994525783,Social,Social equity,Women in national parliament (% of seats),Positive
SLE,Sierra Leone,塞拉利昂,694,0.1601143018552053,0.2147643986020933,W,8.75,12.32876712,0.05465009674688798,0.05465009674688798,3.57876712,Improved,Observed both endpoints,Increased,Positive indicator: raw increase is improvement,0.0018305978657848336,0.007322391463139351,社会,社会公平,性别平等,Proportion of seats held by women in national parliaments (%)_x,正向,世界银行WDI数据库,0.1339867978103135,0.0334966994525783,Social,Social equity,Women in national parliament (% of seats),Positive
STP,São Tomé and Principe,圣多美和普林西比,678,0.1653202049442679,0.3874387367391814,C,9.090909091,23.63636364,0.22211853179491348,0.22211853179491348,14.545454548999999,Improved,Observed both endpoints,Increased,Positive indicator: raw increase is improvement,0.007440237702382174,0.02976095080952876,社会,社会公平,性别平等,Proportion of seats held by women in national parliaments (%)_x,正向,世界银行WDI数据库,0.1339867978103135,0.0334966994525783,Social,Social equity,Women in national parliament (% of seats),Positive
SWZ,Swaziland,斯威士兰,748,0.07348273508969663,0.1729270039767714,S,3.076923077,9.589041096,0.09944426888707478,0.09944426888707478,6.512118019000001,Improved,Observed both endpoints,Increased,Positive indicator: raw increase is improvement,0.0033310547871917267,0.013324219148766938,社会,社会公平,性别平等,Proportion of seats held by women in national parliaments (%)_x,正向,世界银行WDI数据库,0.1339867978103135,0.0334966994525783,Social,Social equity,Women in national parliament (% of seats),Positive
SYC,Seychelles,塞舌尔,690,0.385805512113696,0.3755395296697409,E,23.52941176,22.85714286,-0.010265982443955102,-0.010265982443955102,-0.6722688999999988,Deteriorated,Observed both endpoints,Decreased,Positive indicator: raw increase is improvement,-0.00034387652851060926,-0.0013755061140424403,社会,社会公平,性别平等,Proportion of seats held by women in national parliaments (%)_x,正向,世界银行WDI数据库,0.1339867978103135,0.0334966994525783,Social,Social equity,Women in national parliament (% of seats),Positive
TCD,Chad,乍得,148,0.06314568034212449,0.5190977051536249,C,2.4,32.25806452,0.4559520248115004,0.4559520248115004,29.85806452,Improved,Observed both endpoints,Increased,Positive indicator: raw increase is improvement,0.015272887939905352,0.06109155175962155,社会,社会公平,性别平等,Proportion of seats held by women in national parliaments (%)_x,正向,世界银行WDI数据库,0.1339867978103135,0.0334966994525783,Social,Social equity,Women in national parliament (% of seats),Positive
TGO,Togo,多哥,768,0.1019067352338796,0.3117719840924824,W,4.938271605,18.68131868,0.2098652488586028,0.2098652488586028,13.743047075,Improved,Observed both endpoints,Increased,Positive indicator: raw increase is improvement,0.007029793166557169,0.02811917266622874,社会,社会公平,性别平等,Proportion of seats held by women in national parliaments (%)_x,正向,世界银行WDI数据库,0.1339867978103135,0.0334966994525783,Social,Social equity,Women in national parliament (% of seats),Positive
TZA,Tanzania,坦桑尼亚,834,0.3664631271223841,0.5893061264691286,E,22.26277372,36.8556701,0.2228429993467445,0.2228429993467445,14.59289638,Improved,Observed both endpoints,Increased,Positive indicator: raw increase is improvement,0.007464504974229003,0.02985801989691608,社会,社会公平,性别平等,Proportion of seats held by women in national parliaments (%)_x,正向,世界银行WDI数据库,0.1339867978103135,0.0334966994525783,Social,Social equity,Women in national parliament (% of seats),Positive
UGA,Uganda,乌干达,800,0.4032391091887975,0.5428418101453731,E,24.67105263,33.81294964,0.13960270095657562,0.13960270095657562,9.141897010000001,Improved,Observed both endpoints,Increased,Positive indicator: raw increase is improvement,0.0046762297167105785,0.018704918866842356,社会,社会公平,性别平等,Proportion of seats held by women in national parliaments (%)_x,正向,世界银行WDI数据库,0.1339867978103135,0.0334966994525783,Social,Social equity,Women in national parliament (% of seats),Positive
ZAF,South Africa,南非,710,0.481936533028557,0.737837749556716,S,29.8245614,46.58227848,0.255901216528159,0.255901216528159,16.75771708,Improved,Observed both endpoints,Increased,Positive indicator: raw increase is improvement,0.008571846139592904,0.03428738455837169,社会,社会公平,性别平等,Proportion of seats held by women in national parliaments (%)_x,正向,世界银行WDI数据库,0.1339867978103135,0.0334966994525783,Social,Social equity,Women in national parliament (% of seats),Positive
ZMB,Zambia,赞比亚,894,0.1811356067514154,0.2564757770215959,S,10.12658228,15.06024096,0.0753401702701805,0.0753401702701805,4.933658680000001,Improved,Observed both endpoints,Increased,Positive indicator: raw increase is improvement,0.002523647040246311,0.010094588160985267,社会,社会公平,性别平等,Proportion of seats held by women in national parliaments (%)_x,正向,世界银行WDI数据库,0.1339867978103135,0.0334966994525783,Social,Social equity,Women in national parliament (% of seats),Positive
ZWE,Zimbabwe,津巴布韦,716,0.1792026131766779,0.5128945740274756,S,10.0,31.85185185,0.3336919608507977,0.3336919608507977,21.85185185,Improved,Observed both endpoints,Increased,Positive indicator: raw increase is improvement,0.011177579322360695,0.044710317289442886,社会,社会公平,性别平等,Proportion of seats held by women in national parliaments (%)_x,正向,世界银行WDI数据库,0.1339867978103135,0.0334966994525783,Social,Social equity,Women in national parliament (% of seats),Positive
AGO,Angola,安哥拉,24,0.06950705900862962,0.03312072733604711,S,8837.293954,4285.82652,-0.03638633167258251,-0.03638633167258251,-4551.467434000001,Deteriorated,Observed both endpoints,Decreased,Positive indicator: raw increase is improvement,-0.001162733175863227,-0.004650932703452917,资源,自然资源,人均可再生内陆淡水资源,Renewable internal freshwater resources per capita (cubic meters)_x,正向,世界银行WDI数据库,0.1278208736539783,0.0319552184134945,Resource,Natural resources,Renewable internal freshwater resources per capita,Positive
BDI,Burundi,布隆迪,108,0.01098035197598655,0.005060960105890116,E,1516.347081,775.9064241,-0.005919391870096434,-0.005919391870096434,-740.4406568999999,Deteriorated,Observed both endpoints,Decreased,Positive indicator: raw increase is improvement,-0.00018915546008399522,-0.0007566218403359825,资源,自然资源,人均可再生内陆淡水资源,Renewable internal freshwater resources per capita (cubic meters)_x,正向,世界银行WDI数据库,0.1278208736539783,0.0319552184134945,Resource,Natural resources,Renewable internal freshwater resources per capita,Positive
BEN,Benin,贝宁,204,0.0099172624687176,0.004996856310603263,W,1383.368101,767.8878544,-0.004920406158114338,-0.004920406158114338,-615.4802466,Deteriorated,Observed both endpoints,Decreased,Positive indicator: raw increase is improvement,-0.00015723265346564703,-0.0006289306138625895,资源,自然资源,人均可再生内陆淡水资源,Renewable internal freshwater resources per capita (cubic meters)_x,正向,世界银行WDI数据库,0.1278208736539783,0.0319552184134945,Resource,Natural resources,Renewable internal freshwater resources per capita,Positive
BFA,Burkina Faso,布基纳法索,854,0.006985751568260815,0.003401305224299467,W,1016.673362,568.3047012,-0.0035844463439613484,-0.0035844463439613484,-448.36866080000004,Deteriorated,Observed both endpoints,Decreased,Positive indicator: raw increase is improvement,-0.00011454176581273672,-0.00045816706325094793,资源,自然资源,人均可再生内陆淡水资源,Renewable internal freshwater resources per capita (cubic meters)_x,正向,世界银行WDI数据库,0.1278208736539783,0.0319552184134945,Resource,Natural resources,Renewable internal freshwater resources per capita,Positive
BWA,Botswana,博茨瓦纳,72,0.01006350515856611,0.006847660647006147,S,1401.661202,999.3999436,-0.0032158445115599635,-0.0032158445115599635,-402.2612584,Deteriorated,Observed both endpoints,Decreased,Positive indicator: raw increase is improvement,-0.00010276301375073618,-0.00041105205500294563,资源,自然资源,人均可再生内陆淡水资源,Renewable internal freshwater resources per capita (cubic meters)_x,正向,世界银行WDI数据库,0.1278208736539783,0.0319552184134945,Resource,Natural resources,Renewable internal freshwater resources per capita,Positive
CAF,Central African Republic,中非,140,0.2864499854776879,0.2193570309769646,C,35974.09559,27581.62008,-0.0670929545007233,-0.0670929545007233,-8392.475509999997,Deteriorated,Observed both endpoints,Decreased,Positive indicator: raw increase is improvement,-0.002143970015077262,-0.008575880060309068,资源,自然资源,人均可再生内陆淡水资源,Renewable internal freshwater resources per capita (cubic meters)_x,正向,世界银行WDI数据库,0.1278208736539783,0.0319552184134945,Resource,Natural resources,Renewable internal freshwater resources per capita,Positive
CIV,Côte d'Ivoire,科特迪瓦,384,0.03264944738878358,0.01958329396506536,W,4226.875391,2592.465736,-0.01306615342371822,-0.01306615342371822,-1634.4096549999995,Deteriorated,Observed both endpoints,Decreased,Positive indicator: raw increase is improvement,-0.00041753178647914473,-0.0016701271459165826,资源,自然资源,人均可再生内陆淡水资源,Renewable internal freshwater resources per capita (cubic meters)_x,正向,世界银行WDI数据库,0.1278208736539783,0.0319552184134945,Resource,Natural resources,Renewable internal freshwater resources per capita,Positive
CMR,Cameroon,喀麦隆,120,0.1414151091987217,0.07994347800781373,C,17832.07671,10142.75727,-0.061471631190907955,-0.061471631190907955,-7689.319440000001,Deteriorated,Observed both endpoints,Decreased,Positive indicator: raw increase is improvement,-0.0019643394009392448,-0.007857357603756996,资源,自然资源,人均可再生内陆淡水资源,Renewable internal freshwater resources per capita (cubic meters)_x,正向,世界银行WDI数据库,0.1278208736539783,0.0319552184134945,Resource,Natural resources,Renewable internal freshwater resources per capita,Positive
COD,"Congo, Dem. Rep.",刚果（金）,180,0.1368709063986255,0.07142539665036564,C,17263.65472,9077.253601,-0.06544550974825987,-0.06544550974825987,-8186.401118999998,Deteriorated,Observed both endpoints,Decreased,Positive indicator: raw increase is improvement,-0.002091325558188128,-0.008365302232752529,资源,自然资源,人均可再生内陆淡水资源,Renewable internal freshwater resources per capita (cubic meters)_x,正向,世界银行WDI数据库,0.1278208736539783,0.0319552184134945,Resource,Natural resources,Renewable internal freshwater resources per capita,Positive
COG,"Congo, Rep.",刚果（布）,178,0.5411775684789004,0.300064014611482,C,67837.27732,37677.03753,-0.2411135538674184,-0.2411135538674184,-30160.239789999992,Deteriorated,Observed both endpoints,Decreased,Positive indicator: raw increase is improvement,-0.007704836276287227,-0.030819345105148974,资源,自然资源,人均可再生内陆淡水资源,Renewable internal freshwater resources per capita (cubic meters)_x,正向,世界银行WDI数据库,0.1278208736539783,0.0319552184134945,Resource,Natural resources,Renewable internal freshwater resources per capita,Positive
COM,Comoros,科摩罗,174,0.01638901702053329,0.01058329803828351,E,2192.902306,1466.680682,-0.005805718982249779,-0.005805718982249779,-726.221624,Deteriorated,Observed both endpoints,Decreased,Positive indicator: raw increase is improvement,-0.0001855230181251627,-0.0007420920725006525,资源,自然资源,人均可再生内陆淡水资源,Renewable internal freshwater resources per capita (cubic meters)_x,正向,世界银行WDI数据库,0.1278208736539783,0.0319552184134945,Resource,Natural resources,Renewable internal freshwater resources per capita,Positive
CPV,Cape Verde,佛得角,132,0.004068471914428015,0.003500118745724793,W,651.758771,580.6650163,-0.0005683531687032217,-0.0005683531687032217,-71.09375469999998,Deteriorated,Observed both endpoints,Decreased,Positive indicator: raw increase is improvement,-1.8161849641913138e-05,-7.264739856765272e-05,资源,自然资源,人均可再生内陆淡水资源,Renewable internal freshwater resources per capita (cubic meters)_x,正向,世界银行WDI数据库,0.1278208736539783,0.0319552184134945,Resource,Natural resources,Renewable internal freshwater resources per capita,Positive
DJI,Djibouti,吉布提,262,0.001967446119133552,0.000997018522428604,E,388.9471589,267.5590057,-0.0009704275967049479,-0.0009704275967049479,-121.38815319999998,Deteriorated,Observed both endpoints,Decreased,Positive indicator: raw increase is improvement,-3.1010225807189166e-05,-0.00012404090322875694,资源,自然资源,人均可再生内陆淡水资源,Renewable internal freshwater resources per capita (cubic meters)_x,正向,世界银行WDI数据库,0.1278208736539783,0.0319552184134945,Resource,Natural resources,Renewable internal freshwater resources per capita,Positive
ERI,Eritrea,厄立特里亚,232,0.008539529973936632,0.005539576423122956,E,1211.031284,835.7752397,-0.0029999535508136756,-0.0029999535508136756,-375.25604429999987,Deteriorated,Observed both endpoints,Decreased,Positive indicator: raw increase is improvement,-9.586417094658938e-05,-0.0003834566837863584,资源,自然资源,人均可再生内陆淡水资源,Renewable internal freshwater resources per capita (cubic meters)_x,正向,世界银行WDI数据库,0.1278208736539783,0.0319552184134945,Resource,Natural resources,Renewable internal freshwater resources per capita,Positive
ETH,Ethiopia,埃塞俄比亚,231,0.0128938778656664,0.006843386656242748,E,1755.704839,998.8653217,-0.006050491209423651,-0.006050491209423651,-756.8395173,Deteriorated,Observed both endpoints,Decreased,Positive indicator: raw increase is improvement,-0.00019334476810606128,-0.0007733790724242468,资源,自然资源,人均可再生内陆淡水资源,Renewable internal freshwater resources per capita (cubic meters)_x,正向,世界银行WDI数据库,0.1278208736539783,0.0319552184134945,Resource,Natural resources,Renewable internal freshwater resources per capita,Positive
GAB,Gabon,加蓬,266,1.0,0.5504936531756353,C,125230.1295,69002.60106,-0.44950634682436474,-0.44950634682436474,-56227.528439999995,Deteriorated,Observed both endpoints,Decreased,Positive indicator: raw increase is improvement,-0.014364073491024587,-0.05745629396409847,资源,自然资源,人均可再生内陆淡水资源,Renewable internal freshwater resources per capita (cubic meters)_x,正向,世界银行WDI数据库,0.1278208736539783,0.0319552184134945,Resource,Natural resources,Renewable internal freshwater resources per capita,Positive
GHA,Ghana,加纳,288,0.01086924782164807,0.006307019162225033,W,1502.449364,931.7725682,-0.004562228659423036,-0.004562228659423036,-570.6767958,Deteriorated,Observed both endpoints,Decreased,Positive indicator: raw increase is improvement,-0.00014578701326416733,-0.0005831480530566706,资源,自然资源,人均可再生内陆淡水资源,Renewable internal freshwater resources per capita (cubic meters)_x,正向,世界银行WDI数据库,0.1278208736539783,0.0319552184134945,Resource,Natural resources,Renewable internal freshwater resources per capita,Positive
GIN,Guinea,几内亚,324,0.2104209037640219,0.1306356324374567,W,26463.82419,16483.70123,-0.07978527132656518,-0.07978527132656518,-9980.12296,Deteriorated,Observed both endpoints,Decreased,Positive indicator: raw increase is improvement,-0.0025495557714203107,-0.010198223085681265,资源,自然资源,人均可再生内陆淡水资源,Renewable internal freshwater resources per capita (cubic meters)_x,正向,世界银行WDI数据库,0.1278208736539783,0.0319552184134945,Resource,Natural resources,Renewable internal freshwater resources per capita,Positive
GMB,"Gambia, The",冈比亚,270,0.01490023174354179,0.008168272958792732,W,2006.674198,1164.591752,-0.006731958784749059,-0.006731958784749059,-842.0824459999999,Deteriorated,Observed both endpoints,Decreased,Positive indicator: raw increase is improvement,-0.0002151212133172992,-0.0008604848532691987,资源,自然资源,人均可再生内陆淡水资源,Renewable internal freshwater resources per capita (cubic meters)_x,正向,世界银行WDI数据库,0.1278208736539783,0.0319552184134945,Resource,Natural resources,Renewable internal freshwater resources per capita,Positive
GNB,Guinea-Bissau,几内亚（比绍）,624,0.1002719946381848,0.06098555876651576,W,12685.59622,7771.362626,-0.03928643587166904,-0.03928643587166904,-4914.233593999999,Deteriorated,Observed both endpoints,Decreased,Positive indicator: raw increase is improvement,-0.0012554066389669294,-0.005021626555867728,资源,自然资源,人均可再生内陆淡水资源,Renewable internal freshwater resources per capita (cubic meters)_x,正向,世界银行WDI数据库,0.1278208736539783,0.0319552184134945,Resource,Natural resources,Renewable internal freshwater resources per capita,Positive
GNQ,Equatorial Guinea,赤道几内亚,226,0.276058467093362,0.1170389099388083,C,34674.24877,14782.92413,-0.1590195571545537,-0.1590195571545537,-19891.32464,Deteriorated,Observed both endpoints,Decreased,Positive indicator: raw increase is improvement,-0.005081504680890936,-0.02032601872356379,资源,自然资源,人均可再生内陆淡水资源,Renewable internal freshwater resources per capita (cubic meters)_x,正向,世界银行WDI数据库,0.1278208736539783,0.0319552184134945,Resource,Natural resources,Renewable internal freshwater resources per capita,Positive
KEN,Kenya,肯尼亚,404,0.004091714642926387,0.001967529727951297,E,654.6661408,388.9576173,-0.0021241849149750904,-0.0021241849149750904,-265.7085235,Deteriorated,Observed both endpoints,Decreased,Positive indicator: raw increase is improvement,-6.787879290867927e-05,-0.0002715151716347176,资源,自然资源,人均可再生内陆淡水资源,Renewable internal freshwater resources per capita (cubic meters)_x,正向,世界银行WDI数据库,0.1278208736539783,0.0319552184134945,Resource,Natural resources,Renewable internal freshwater resources per capita,Positive
LBR,Liberia,利比里亚,430,0.5291082255236905,0.3028674218519925,W,66327.55598,38027.70813,-0.22624080367169802,-0.22624080367169802,-28299.847850000006,Deteriorated,Observed both endpoints,Decreased,Positive indicator: raw increase is improvement,-0.0072295742953736395,-0.02891829718149462,资源,自然资源,人均可再生内陆淡水资源,Renewable internal freshwater resources per capita (cubic meters)_x,正向,世界银行WDI数据库,0.1278208736539783,0.0319552184134945,Resource,Natural resources,Renewable internal freshwater resources per capita,Positive
LSO,Lesotho,莱索托,426,0.01975452993064244,0.0173457818120837,S,2613.885178,2312.581416,-0.0024087481185587414,-0.0024087481185587414,-301.303762,Deteriorated,Observed both endpoints,Decreased,Positive indicator: raw increase is improvement,-7.697207223163854e-05,-0.0003078882889265548,资源,自然资源,人均可再生内陆淡水资源,Renewable internal freshwater resources per capita (cubic meters)_x,正向,世界银行WDI数据库,0.1278208736539783,0.0319552184134945,Resource,Natural resources,Renewable internal freshwater resources per capita,Positive
MDG,Madagascar,马达加斯加,450,0.1570291433716499,0.08959635209170201,E,19785.19385,11350.20908,-0.06743279127994788,-0.06743279127994788,-8434.98477,Deteriorated,Observed both endpoints,Decreased,Positive indicator: raw increase is improvement,-0.002154829573582322,-0.008619318294329307,资源,自然资源,人均可再生内陆淡水资源,Renewable internal freshwater resources per capita (cubic meters)_x,正向,世界银行WDI数据库,0.1278208736539783,0.0319552184134945,Resource,Natural resources,Renewable internal freshwater resources per capita,Positive
MLI,Mali,马里,466,0.03912488846237974,0.02028253367688685,W,5036.870733,2679.931733,-0.01884235478549289,-0.01884235478549289,-2356.939,Deteriorated,Observed both endpoints,Decreased,Positive indicator: raw increase is improvement,-0.0006021115625949788,-0.00240844625037992,资源,自然资源,人均可再生内陆淡水资源,Renewable internal freshwater resources per capita (cubic meters)_x,正向,世界银行WDI数据库,0.1278208736539783,0.0319552184134945,Resource,Natural resources,Renewable internal freshwater resources per capita,Positive
MOZ,Mozambique,莫桑比克,508,0.04211253431699519,0.02414645782106057,S,5410.587241,3163.259513,-0.017966076495934617,-0.017966076495934617,-2247.327728,Deteriorated,Observed both endpoints,Decreased,Positive indicator: raw increase is improvement,-0.0005741098984611407,-0.0022964395938445676,资源,自然资源,人均可再生内陆淡水资源,Renewable internal freshwater resources per capita (cubic meters)_x,正向,世界银行WDI数据库,0.1278208736539783,0.0319552184134945,Resource,Natural resources,Renewable internal freshwater resources per capita,Positive
MUS,Mauritius,毛里求斯,480,0.01724212600872059,0.01622521414458824,S,2299.615393,2172.412649,-0.0010169118641323513,-0.0010169118641323513,-127.20274400000017,Deteriorated,Observed both endpoints,Decreased,Positive indicator: raw increase is improvement,-3.249564072562313e-05,-0.00012998256290249282,资源,自然资源,人均可再生内陆淡水资源,Renewable internal freshwater resources per capita (cubic meters)_x,正向,世界银行WDI数据库,0.1278208736539783,0.0319552184134945,Resource,Natural resources,Renewable internal freshwater resources per capita,Positive
MWI,Malawi,马拉维,454,0.009987968112474462,0.005294326836479018,S,1392.212478,805.0976348,-0.004693641275995444,-0.004693641275995444,-587.1148431999999,Deteriorated,Observed both endpoints,Decreased,Positive indicator: raw increase is improvement,-0.00014998633212902744,-0.0005999453285161111,资源,自然资源,人均可再生内陆淡水资源,Renewable internal freshwater resources per capita (cubic meters)_x,正向,世界银行WDI数据库,0.1278208736539783,0.0319552184134945,Resource,Natural resources,Renewable internal freshwater resources per capita,Positive
NAM,Namibia,纳米比亚,516,0.02537626300232981,0.01637975216198643,S,3317.092504,2191.74339,-0.008996510840343381,-0.008996510840343381,-1125.349114,Deteriorated,Observed both endpoints,Decreased,Positive indicator: raw increase is improvement,-0.0002874854688625437,-0.0011499418754501774,资源,自然资源,人均可再生内陆淡水资源,Renewable internal freshwater resources per capita (cubic meters)_x,正向,世界银行WDI数据库,0.1278208736539783,0.0319552184134945,Resource,Natural resources,Renewable internal freshwater resources per capita,Positive
NER,Niger,尼日尔,562,0.001205266857457441,0.0,W,293.6082245,142.8446658,-0.001205266857457441,-0.001205266857457441,-150.7635587,Deteriorated,Observed both endpoints,Decreased,Positive indicator: raw increase is improvement,-3.851456567659867e-05,-0.00015405826270639502,资源,自然资源,人均可再生内陆淡水资源,Renewable internal freshwater resources per capita (cubic meters)_x,正向,世界银行WDI数据库,0.1278208736539783,0.0319552184134945,Resource,Natural resources,Renewable internal freshwater resources per capita,Positive
NGA,Nigeria,尼日利亚,566,0.01246292996339599,0.006942843434095828,W,1701.798736,1011.3061,-0.005520086529300163,-0.005520086529300163,-690.492636,Deteriorated,Observed both endpoints,Decreased,Positive indicator: raw increase is improvement,-0.00017639557070517554,-0.0007055822828207037,资源,自然资源,人均可再生内陆淡水资源,Renewable internal freshwater resources per capita (cubic meters)_x,正向,世界银行WDI数据库,0.1278208736539783,0.0319552184134945,Resource,Natural resources,Renewable internal freshwater resources per capita,Positive
RWA,Rwanda,卢旺达,646,0.00802252739381253,0.004544710938873708,E,1146.360835,711.3302175,-0.003477816454938821,-0.003477816454938821,-435.03061749999995,Deteriorated,Observed both endpoints,Decreased,Positive indicator: raw increase is improvement,-0.00011113438441961518,-0.0004445375376784617,资源,自然资源,人均可再生内陆淡水资源,Renewable internal freshwater resources per capita (cubic meters)_x,正向,世界银行WDI数据库,0.1278208736539783,0.0319552184134945,Resource,Natural resources,Renewable internal freshwater resources per capita,Positive
SEN,Senegal,塞内加尔,686,0.01905358959832796,0.0108351360012048,W,2526.206455,1498.182409,-0.008218453597123159,-0.008218453597123159,-1028.024046,Deteriorated,Observed both endpoints,Decreased,Positive indicator: raw increase is improvement,-0.0002626224797172401,-0.0010504899188689626,资源,自然资源,人均可再生内陆淡水资源,Renewable internal freshwater resources per capita (cubic meters)_x,正向,世界银行WDI数据库,0.1278208736539783,0.0319552184134945,Resource,Natural resources,Renewable internal freshwater resources per capita,Positive
SLE,Sierra Leone,塞拉利昂,694,0.2714308586936173,0.1568777706719779,W,34095.3938,19766.25905,-0.11455308802163944,-0.11455308802163944,-14329.134749999997,Deteriorated,Observed both endpoints,Decreased,Positive indicator: raw increase is improvement,-0.003660568947671749,-0.014642275790687028,资源,自然资源,人均可再生内陆淡水资源,Renewable internal freshwater resources per capita (cubic meters)_x,正向,世界银行WDI数据库,0.1278208736539783,0.0319552184134945,Resource,Natural resources,Renewable internal freshwater resources per capita,Positive
STP,São Tomé and Principe,圣多美和普林西比,678,0.1179209300429799,0.07737557476788205,C,14893.25363,9821.545226,-0.04054535527509785,-0.04054535527509785,-5071.708403999999,Deteriorated,Observed both endpoints,Decreased,Positive indicator: raw increase is improvement,-0.0012956356834684835,-0.005182542733873945,资源,自然资源,人均可再生内陆淡水资源,Renewable internal freshwater resources per capita (cubic meters)_x,正向,世界银行WDI数据库,0.1278208736539783,0.0319552184134945,Resource,Natural resources,Renewable internal freshwater resources per capita,Positive
SWZ,Swaziland,斯威士兰,748,0.01893794258417161,0.01634965708873426,S,2511.740484,2187.978879,-0.00258828549543735,-0.00258828549543735,-323.76160500000015,Deteriorated,Observed both endpoints,Decreased,Positive indicator: raw increase is improvement,-8.270922832318035e-05,-0.00033083691329272214,资源,自然资源,人均可再生内陆淡水资源,Renewable internal freshwater resources per capita (cubic meters)_x,正向,世界银行WDI数据库,0.1278208736539783,0.0319552184134945,Resource,Natural resources,Renewable internal freshwater resources per capita,Positive
SYC,Seychelles,塞舌尔,690,,,E,,,,,,Missing endpoint,Missing both endpoints,Missing endpoint,Positive indicator: raw increase is improvement,,,资源,自然资源,人均可再生内陆淡水资源,Renewable internal freshwater resources per capita (cubic meters)_x,正向,世界银行WDI数据库,0.1278208736539783,0.0319552184134945,Resource,Natural resources,Renewable internal freshwater resources per capita,Positive
TCD,Chad,乍得,148,0.01247850533544585,0.005584225225816234,C,1703.747017,841.3602372,-0.006894280109629617,-0.006894280109629617,-862.3867797999999,Deteriorated,Observed both endpoints,Decreased,Positive indicator: raw increase is improvement,-0.00022030822670702523,-0.0008812329068281029,资源,自然资源,人均可再生内陆淡水资源,Renewable internal freshwater resources per capita (cubic meters)_x,正向,世界银行WDI数据库,0.1278208736539783,0.0319552184134945,Resource,Natural resources,Renewable internal freshwater resources per capita,Positive
TGO,Togo,多哥,768,0.01627876179340705,0.009213061325357935,W,2179.110779,1295.281492,-0.007065700468049116,-0.007065700468049116,-883.829287,Deteriorated,Observed both endpoints,Decreased,Positive indicator: raw increase is improvement,-0.00022578600170083984,-0.0009031440068033613,资源,自然资源,人均可再生内陆淡水资源,Renewable internal freshwater resources per capita (cubic meters)_x,正向,世界银行WDI数据库,0.1278208736539783,0.0319552184134945,Resource,Natural resources,Renewable internal freshwater resources per capita,Positive
TZA,Tanzania,坦桑尼亚,834,0.01793654964350597,0.009546034361387989,E,2386.47896,1336.932185,-0.008390515282117981,-0.008390515282117981,-1049.546775,Deteriorated,Observed both endpoints,Decreased,Positive indicator: raw increase is improvement,-0.00026812074844184355,-0.0010724829937673766,资源,自然资源,人均可再生内陆淡水资源,Renewable internal freshwater resources per capita (cubic meters)_x,正向,世界银行WDI数据库,0.1278208736539783,0.0319552184134945,Resource,Natural resources,Renewable internal freshwater resources per capita,Positive
UGA,Uganda,乌干达,800,0.0114575055018554,0.005649065421290542,E,1576.03292,849.4709212,-0.005808440080564858,-0.005808440080564858,-726.5619988000001,Deteriorated,Observed both endpoints,Decreased,Positive indicator: raw increase is improvement,-0.00018560997141614565,-0.0007424398856645842,资源,自然资源,人均可再生内陆淡水资源,Renewable internal freshwater resources per capita (cubic meters)_x,正向,世界银行WDI数据库,0.1278208736539783,0.0319552184134945,Resource,Natural resources,Renewable internal freshwater resources per capita,Positive
ZAF,South Africa,南非,710,0.006387449490641987,0.004681369403582235,S,941.8333796,728.4244538,-0.0017060800870597522,-0.0017060800870597522,-213.4089257999999,Deteriorated,Observed both endpoints,Decreased,Positive indicator: raw increase is improvement,-5.45181618129081e-05,-0.00021807264725163286,资源,自然资源,人均可再生内陆淡水资源,Renewable internal freshwater resources per capita (cubic meters)_x,正向,世界银行WDI数据库,0.1278208736539783,0.0319552184134945,Resource,Natural resources,Renewable internal freshwater resources per capita,Positive
ZMB,Zambia,赞比亚,894,0.06095400223376959,0.03156387309416213,S,7767.415305,4091.08385,-0.02939012913960746,-0.02939012913960746,-3676.3314550000005,Deteriorated,Observed both endpoints,Decreased,Positive indicator: raw increase is improvement,-0.0009391679958569657,-0.0037566719834278704,资源,自然资源,人均可再生内陆淡水资源,Renewable internal freshwater resources per capita (cubic meters)_x,正向,世界银行WDI数据库,0.1278208736539783,0.0319552184134945,Resource,Natural resources,Renewable internal freshwater resources per capita,Positive
ZWE,Zimbabwe,津巴布韦,716,0.007044840203926679,0.005062398989948065,S,1024.064599,776.0864102,-0.001982441213978613,-0.001982441213978613,-247.9781888,Deteriorated,Observed both endpoints,Decreased,Positive indicator: raw increase is improvement,-6.334934198459977e-05,-0.0002533973679383997,资源,自然资源,人均可再生内陆淡水资源,Renewable internal freshwater resources per capita (cubic meters)_x,正向,世界银行WDI数据库,0.1278208736539783,0.0319552184134945,Resource,Natural resources,Renewable internal freshwater resources per capita,Positive
AGO,Angola,安哥拉,24,0.001858870431953606,0.003985220096536021,S,0.5720356491661177,1.2263834669724507,0.0021263496645824147,0.0021263496645824147,0.654347817806333,Improved,Observed both endpoints,Increased,Positive indicator: raw increase is improvement,3.211101068011704e-05,0.0001284440427204684,社会,教科医卫,发表科技论文数量（每百万人）,Scientific and technical journal articles per million people,正向,世界银行WDI数据库,0.0604058894263249,0.0151014723565812,Social,"Health, science and education",Scientific and technical journal articles per million people,Positive
BDI,Burundi,布隆迪,108,0.001753515826518836,0.006749533308836552,E,0.5396145674830974,2.077053678147382,0.004996017482317716,0.004996017482317716,1.5374391106642846,Improved,Observed both endpoints,Increased,Positive indicator: raw increase is improvement,7.544721990221739e-05,0.0003017888796088701,社会,教科医卫,发表科技论文数量（每百万人）,Scientific and technical journal articles per million people,正向,世界银行WDI数据库,0.0604058894263249,0.0151014723565812,Social,"Health, science and education",Scientific and technical journal articles per million people,Positive
BEN,Benin,贝宁,204,0.0187102693902131,0.09244987857585384,W,5.757766067350418,28.449872243590132,0.07373960918564074,0.07373960918564074,22.692106176239715,Improved,Observed both endpoints,Increased,Positive indicator: raw increase is improvement,0.0011135766697020547,0.0044543066788082265,社会,教科医卫,发表科技论文数量（每百万人）,Scientific and technical journal articles per million people,正向,世界银行WDI数据库,0.0604058894263249,0.0151014723565812,Social,"Health, science and education",Scientific and technical journal articles per million people,Positive
BFA,Burkina Faso,布基纳法索,854,0.01689406740003988,0.04902151521008098,W,5.198860902898666,15.085534631283682,0.03212744781004111,0.03212744781004111,9.886673728385016,Improved,Observed both endpoints,Increased,Positive indicator: raw increase is improvement,0.00048517176499084097,0.0019406870599633674,社会,教科医卫,发表科技论文数量（每百万人）,Scientific and technical journal articles per million people,正向,世界银行WDI数据库,0.0604058894263249,0.0151014723565812,Social,"Health, science and education",Scientific and technical journal articles per million people,Positive
BWA,Botswana,博茨瓦纳,72,0.1944898547079863,0.522975240073918,S,59.85093333115297,160.93670425382095,0.32848538536593175,0.32848538536593175,101.08577092266798,Improved,Observed both endpoints,Increased,Positive indicator: raw increase is improvement,0.004960612966644541,0.0198424518665782,社会,教科医卫,发表科技论文数量（每百万人）,Scientific and technical journal articles per million people,正向,世界银行WDI数据库,0.0604058894263249,0.0151014723565812,Social,"Health, science and education",Scientific and technical journal articles per million people,Positive
CAF,Central African Republic,中非,140,0.005695784288925444,0.009706568438577392,C,1.7527804021291562,2.9870307701336047,0.004010784149651948,0.004010784149651948,1.2342503680044485,Improved,Observed both endpoints,Increased,Positive indicator: raw increase is improvement,6.056874596418292e-05,0.00024227498385673212,社会,教科医卫,发表科技论文数量（每百万人）,Scientific and technical journal articles per million people,正向,世界银行WDI数据库,0.0604058894263249,0.0151014723565812,Social,"Health, science and education",Scientific and technical journal articles per million people,Positive
CIV,Côte d'Ivoire,科特迪瓦,384,0.01450417786029043,0.0366676345093175,W,4.463413186476001,11.283838695459366,0.022163456649027073,0.022163456649027073,6.820425508983365,Improved,Observed both endpoints,Increased,Positive indicator: raw increase is improvement,0.00033470082791156814,0.001338803311646275,社会,教科医卫,发表科技论文数量（每百万人）,Scientific and technical journal articles per million people,正向,世界银行WDI数据库,0.0604058894263249,0.0151014723565812,Social,"Health, science and education",Scientific and technical journal articles per million people,Positive
CMR,Cameroon,喀麦隆,120,0.03230788193333272,0.1615938419135111,C,9.942199250268953,49.72774684628982,0.12928595998017836,0.12928595998017836,39.78554759602086,Improved,Observed both endpoints,Increased,Positive indicator: raw increase is improvement,0.0019524083507347267,0.007809633402938921,社会,教科医卫,发表科技论文数量（每百万人）,Scientific and technical journal articles per million people,正向,世界银行WDI数据库,0.0604058894263249,0.0151014723565812,Social,"Health, science and education",Scientific and technical journal articles per million people,Positive
COD,"Congo, Dem. Rep.",刚果（金）,180,0.0005641113470763822,0.006988865103368829,C,0.1735956390934003,2.150703953119737,0.006424753756292446,0.006424753756292446,1.9771083140263366,Improved,Observed both endpoints,Increased,Positive indicator: raw increase is improvement,9.70232412484916e-05,0.0003880929649939671,社会,教科医卫,发表科技论文数量（每百万人）,Scientific and technical journal articles per million people,正向,世界银行WDI数据库,0.0604058894263249,0.0151014723565812,Social,"Health, science and education",Scientific and technical journal articles per million people,Positive
COG,"Congo, Rep.",刚果（布）,178,0.01568911860190189,0.04890750210494947,C,4.828058475733047,15.050449044097917,0.03321838350304758,0.03321838350304758,10.222390568364869,Improved,Observed both endpoints,Increased,Positive indicator: raw increase is improvement,0.000501646500201586,0.0020065860008063475,社会,教科医卫,发表科技论文数量（每百万人）,Scientific and technical journal articles per million people,正向,世界银行WDI数据库,0.0604058894263249,0.0151014723565812,Social,"Health, science and education",Scientific and technical journal articles per million people,Positive
COM,Comoros,科摩罗,174,0.00118766527433051,0.01914376650101484,E,0.3654837177003764,5.891167404488532,0.01795610122668433,0.01795610122668433,5.525683686788155,Improved,Observed both endpoints,Increased,Positive indicator: raw increase is improvement,0.0002711635663067472,0.0010846542652269905,社会,教科医卫,发表科技论文数量（每百万人）,Scientific and technical journal articles per million people,正向,世界银行WDI数据库,0.0604058894263249,0.0151014723565812,Social,"Health, science and education",Scientific and technical journal articles per million people,Positive
CPV,Cape Verde,佛得角,132,0.004730057900628785,0.1484370909214162,W,1.455594588664177,45.67898128129543,0.1437070330207874,0.1437070330207874,44.22338669263125,Improved,Observed both endpoints,Increased,Positive indicator: raw increase is improvement,0.0021701877866097227,0.008680751146438907,社会,教科医卫,发表科技论文数量（每百万人）,Scientific and technical journal articles per million people,正向,世界银行WDI数据库,0.0604058894263249,0.0151014723565812,Social,"Health, science and education",Scientific and technical journal articles per million people,Positive
DJI,Djibouti,吉布提,262,0.002696344301912782,0.02376502062718044,E,0.8297539390623521,7.313279488569878,0.021068676325267658,0.021068676325267658,6.483525549507526,Improved,Observed both endpoints,Increased,Positive indicator: raw increase is improvement,0.00031816803311578634,0.0012726721324631475,社会,教科医卫,发表科技论文数量（每百万人）,Scientific and technical journal articles per million people,正向,世界银行WDI数据库,0.0604058894263249,0.0151014723565812,Social,"Health, science and education",Scientific and technical journal articles per million people,Positive
ERI,Eritrea,厄立特里亚,232,0.009388577982585949,0.03183435615662822,E,2.8891746346037483,9.796479774388445,0.02244577817404227,0.02244577817404227,6.907305139784697,Improved,Observed both endpoints,Increased,Positive indicator: raw increase is improvement,0.00033896429861725297,0.0013558571944690143,社会,教科医卫,发表科技论文数量（每百万人）,Scientific and technical journal articles per million people,正向,世界银行WDI数据库,0.0604058894263249,0.0151014723565812,Social,"Health, science and education",Scientific and technical journal articles per million people,Positive
ETH,Ethiopia,埃塞俄比亚,231,0.008035102380303812,0.1520776348811161,E,2.4726656184437195,46.7992965499159,0.1440425325008123,0.1440425325008123,44.32663093147218,Improved,Observed both endpoints,Increased,Positive indicator: raw increase is improvement,0.002175254322732966,0.00870101729093188,社会,教科医卫,发表科技论文数量（每百万人）,Scientific and technical journal articles per million people,正向,世界银行WDI数据库,0.0604058894263249,0.0151014723565812,Social,"Health, science and education",Scientific and technical journal articles per million people,Positive
GAB,Gabon,加蓬,266,0.071289674544731,0.1265252294419107,C,21.93818060475462,38.93597989163226,0.0552355548971797,0.0552355548971797,16.997799286877637,Improved,Observed both endpoints,Increased,Positive indicator: raw increase is improvement,0.0008341382053801825,0.003336552821520736,社会,教科医卫,发表科技论文数量（每百万人）,Scientific and technical journal articles per million people,正向,世界银行WDI数据库,0.0604058894263249,0.0151014723565812,Social,"Health, science and education",Scientific and technical journal articles per million people,Positive
GHA,Ghana,加纳,288,0.0188944010866945,0.2557753166971612,W,5.814429454275185,78.71048826881423,0.2368809156104667,0.2368809156104667,72.89605881453905,Improved,Observed both endpoints,Increased,Positive indicator: raw increase is improvement,0.003577250598893107,0.014309002395572453,社会,教科医卫,发表科技论文数量（每百万人）,Scientific and technical journal articles per million people,正向,世界银行WDI数据库,0.0604058894263249,0.0151014723565812,Social,"Health, science and education",Scientific and technical journal articles per million people,Positive
GIN,Guinea,几内亚,324,0.005433734264250269,0.0114880241381507,W,1.6721389795736747,3.5352433566854864,0.006054289873900431,0.006054289873900431,1.8631043771118116,Improved,Observed both endpoints,Increased,Positive indicator: raw increase is improvement,9.142869116943683e-05,0.000365714764677748,社会,教科医卫,发表科技论文数量（每百万人）,Scientific and technical journal articles per million people,正向,世界银行WDI数据库,0.0604058894263249,0.0151014723565812,Social,"Health, science and education",Scientific and technical journal articles per million people,Positive
GMB,"Gambia, The",冈比亚,270,0.07675017140010977,0.101548698198456,W,23.618555314977616,31.24987868835913,0.024798526798346224,0.024798526798346224,7.6313233733815125,Improved,Observed both endpoints,Increased,Positive indicator: raw increase is improvement,0.00037449426692916357,0.0014979770677166569,社会,教科医卫,发表科技论文数量（每百万人）,Scientific and technical journal articles per million people,正向,世界银行WDI数据库,0.0604058894263249,0.0151014723565812,Social,"Health, science and education",Scientific and technical journal articles per million people,Positive
GNB,Guinea-Bissau,几内亚（比绍）,624,0.005745420090910875,0.02227051346103,W,1.7680549730312154,6.85337041568533,0.016525093370119127,0.016525093370119127,5.085315442654114,Improved,Observed both endpoints,Increased,Positive indicator: raw increase is improvement,0.0002495532407187773,0.0009982129628751109,社会,教科医卫,发表科技论文数量（每百万人）,Scientific and technical journal articles per million people,正向,世界银行WDI数据库,0.0604058894263249,0.0151014723565812,Social,"Health, science and education",Scientific and technical journal articles per million people,Positive
GNQ,Equatorial Guinea,赤道几内亚,226,0.007237293886062866,0.008166487355689114,C,2.227153670936045,2.513097102205726,0.0009291934696262476,0.0009291934696262476,0.2859434312696809,Improved,Observed both endpoints,Increased,Positive indicator: raw increase is improvement,1.4032189495476552e-05,5.61287579819063e-05,社会,教科医卫,发表科技论文数量（每百万人）,Scientific and technical journal articles per million people,正向,世界银行WDI数据库,0.0604058894263249,0.0151014723565812,Social,"Health, science and education",Scientific and technical journal articles per million people,Positive
KEN,Kenya,肯尼亚,404,0.04161245473957895,0.120698845643508,E,12.805522725612342,37.14300971946836,0.07908639090392905,0.07908639090392905,24.337486993856018,Improved,Observed both endpoints,Increased,Positive indicator: raw increase is improvement,0.0011943209460174595,0.004777283784069846,社会,教科医卫,发表科技论文数量（每百万人）,Scientific and technical journal articles per million people,正向,世界银行WDI数据库,0.0604058894263249,0.0151014723565812,Social,"Health, science and education",Scientific and technical journal articles per million people,Positive
LBR,Liberia,利比里亚,430,0.0,0.01616344465582809,W,0.0,4.974024223269801,0.01616344465582809,0.01616344465582809,4.974024223269801,Improved,Observed both endpoints,Increased,Positive indicator: raw increase is improvement,0.000244091812657118,0.0009763672506284737,社会,教科医卫,发表科技论文数量（每百万人）,Scientific and technical journal articles per million people,正向,世界银行WDI数据库,0.0604058894263249,0.0151014723565812,Social,"Health, science and education",Scientific and technical journal articles per million people,Positive
LSO,Lesotho,莱索托,426,0.01989513683635052,0.06313663325942453,S,6.122388801176299,19.429221301218373,0.04324149642307401,0.04324149642307401,13.306832500042074,Improved,Observed both endpoints,Increased,Positive indicator: raw increase is improvement,0.000653010262890257,0.0026120410515610326,社会,教科医卫,发表科技论文数量（每百万人）,Scientific and technical journal articles per million people,正向,世界银行WDI数据库,0.0604058894263249,0.0151014723565812,Social,"Health, science and education",Scientific and technical journal articles per million people,Positive
MDG,Madagascar,马达加斯加,450,0.01179030143585407,0.01906549723114083,E,3.628264035936488,5.86708137254542,0.00727519579528676,0.00727519579528676,2.238817336608932,Improved,Observed both endpoints,Increased,Positive indicator: raw increase is improvement,0.00010986616819123878,0.00043946467276495587,社会,教科医卫,发表科技论文数量（每百万人）,Scientific and technical journal articles per million people,正向,世界银行WDI数据库,0.0604058894263249,0.0151014723565812,Social,"Health, science and education",Scientific and technical journal articles per million people,Positive
MLI,Mali,马里,466,0.007744635310574893,0.01638528419767242,W,2.3832793352808115,5.04229155602643,0.008640648887097528,0.008640648887097528,2.6590122207456184,Improved,Observed both endpoints,Increased,Positive indicator: raw increase is improvement,0.00013048652031142743,0.0005219460812457106,社会,教科医卫,发表科技论文数量（每百万人）,Scientific and technical journal articles per million people,正向,世界银行WDI数据库,0.0604058894263249,0.0151014723565812,Social,"Health, science and education",Scientific and technical journal articles per million people,Positive
MOZ,Mozambique,莫桑比克,508,0.005630474970365258,0.02251285967948626,S,1.7326825740089304,6.927948328171617,0.016882384709121002,0.016882384709121002,5.195265754162686,Improved,Observed both endpoints,Increased,Positive indicator: raw increase is improvement,0.00025494886599795993,0.0010197954639918415,社会,教科医卫,发表科技论文数量（每百万人）,Scientific and technical journal articles per million people,正向,世界银行WDI数据库,0.0604058894263249,0.0151014723565812,Social,"Health, science and education",Scientific and technical journal articles per million people,Positive
MUS,Mauritius,毛里求斯,480,0.1243830737318156,0.4972123220626348,S,38.27676803308905,153.00860594440329,0.3728292483308192,0.3728292483308192,114.73183791131424,Improved,Observed both endpoints,Increased,Positive indicator: raw increase is improvement,0.005630270587392814,0.022521082349571293,社会,教科医卫,发表科技论文数量（每百万人）,Scientific and technical journal articles per million people,正向,世界银行WDI数据库,0.0604058894263249,0.0151014723565812,Social,"Health, science and education",Scientific and technical journal articles per million people,Positive
MWI,Malawi,马拉维,454,0.02112084418254111,0.0602800865597057,S,6.499579317208626,18.55016780848533,0.03915924237716459,0.03915924237716459,12.050588491276704,Improved,Observed both endpoints,Increased,Positive indicator: raw increase is improvement,0.0005913622162634141,0.0023654488650536607,社会,教科医卫,发表科技论文数量（每百万人）,Scientific and technical journal articles per million people,正向,世界银行WDI数据库,0.0604058894263249,0.0151014723565812,Social,"Health, science and education",Scientific and technical journal articles per million people,Positive
NAM,Namibia,纳米比亚,516,0.07914609336400509,0.2666441043260647,S,24.355859406972787,82.05517215859683,0.18749801096205965,0.18749801096205965,57.69931275162405,Improved,Observed both endpoints,Increased,Positive indicator: raw increase is improvement,0.0028314960294575026,0.01132598411783003,社会,教科医卫,发表科技论文数量（每百万人）,Scientific and technical journal articles per million people,正向,世界银行WDI数据库,0.0604058894263249,0.0151014723565812,Social,"Health, science and education",Scientific and technical journal articles per million people,Positive
NER,Niger,尼日尔,562,0.007027633590184105,0.007527736251803005,W,2.1626342932560623,2.316532351868041,0.0005001026616189,0.0005001026616189,0.1538980586119787,Improved,Observed both endpoints,Increased,Positive indicator: raw increase is improvement,7.5522865198905e-06,3.020914607956205e-05,社会,教科医卫,发表科技论文数量（每百万人）,Scientific and technical journal articles per million people,正向,世界银行WDI数据库,0.0604058894263249,0.0151014723565812,Social,"Health, science and education",Scientific and technical journal articles per million people,Positive
NGA,Nigeria,尼日利亚,566,0.02649275766748647,0.1401180377076489,W,8.15269400707725,43.11893464018365,0.11362528004016244,0.11362528004016244,34.9662406331064,Improved,Observed both endpoints,Increased,Positive indicator: raw increase is improvement,0.0017159090255353107,0.006863636102141254,社会,教科医卫,发表科技论文数量（每百万人）,Scientific and technical journal articles per million people,正向,世界银行WDI数据库,0.0604058894263249,0.0151014723565812,Social,"Health, science and education",Scientific and technical journal articles per million people,Positive
RWA,Rwanda,卢旺达,646,0.001623394613645777,0.08003205322905887,E,0.4995719850649696,24.62849843432475,0.0784086586154131,0.0784086586154131,24.12892644925978,Improved,Observed both endpoints,Increased,Positive indicator: raw increase is improvement,0.0011840861905972732,0.0047363447623891015,社会,教科医卫,发表科技论文数量（每百万人）,Scientific and technical journal articles per million people,正向,世界银行WDI数据库,0.0604058894263249,0.0151014723565812,Social,"Health, science and education",Scientific and technical journal articles per million people,Positive
SEN,Senegal,塞内加尔,686,0.04750770538048296,0.0795029214059643,W,14.619685493171312,24.465667146723796,0.03199521602548133,0.03199521602548133,9.845981653552483,Improved,Observed both endpoints,Increased,Positive indicator: raw increase is improvement,0.00048317487035165013,0.001932699481406604,社会,教科医卫,发表科技论文数量（每百万人）,Scientific and technical journal articles per million people,正向,世界银行WDI数据库,0.0604058894263249,0.0151014723565812,Social,"Health, science and education",Scientific and technical journal articles per million people,Positive
SLE,Sierra Leone,塞拉利昂,694,0.003344636181429321,0.03152178594465239,W,1.0292547002631312,9.700291626444388,0.028177149763223067,0.028177149763223067,8.671036926181257,Improved,Observed both endpoints,Increased,Positive indicator: raw increase is improvement,0.00042551644823656166,0.0017020657929462495,社会,教科医卫,发表科技论文数量（每百万人）,Scientific and technical journal articles per million people,正向,世界银行WDI数据库,0.0604058894263249,0.0151014723565812,Social,"Health, science and education",Scientific and technical journal articles per million people,Positive
STP,São Tomé and Principe,圣多美和普林西比,678,0.01842626059360846,0.04333522570633264,C,5.6703672075149445,13.335676087240552,0.024908965112724182,0.024908965112724182,7.6653088797256075,Improved,Observed both endpoints,Increased,Positive indicator: raw increase is improvement,0.0003761620480808498,0.0015046481923234015,社会,教科医卫,发表科技论文数量（每百万人）,Scientific and technical journal articles per million people,正向,世界银行WDI数据库,0.0604058894263249,0.0151014723565812,Social,"Health, science and education",Scientific and technical journal articles per million people,Positive
SWZ,Swaziland,斯威士兰,748,0.01743716861962716,0.1070538661707423,S,5.365991033847606,32.94400017238622,0.08961669755111515,0.08961669755111515,27.57800913853861,Improved,Observed both endpoints,Increased,Positive indicator: raw increase is improvement,0.0013533440807562635,0.005413376323025063,社会,教科医卫,发表科技论文数量（每百万人）,Scientific and technical journal articles per million people,正向,世界银行WDI数据库,0.0604058894263249,0.0151014723565812,Social,"Health, science and education",Scientific and technical journal articles per million people,Positive
SYC,Seychelles,塞舌尔,690,0.1560716082445416,0.7133747522125724,E,48.0283736853772,219.52890447117613,0.5573031439680308,0.5573031439680308,171.50053078579893,Improved,Observed both endpoints,Increased,Positive indicator: raw increase is improvement,0.00841609802286901,0.0336643920914761,社会,教科医卫,发表科技论文数量（每百万人）,Scientific and technical journal articles per million people,正向,世界银行WDI数据库,0.0604058894263249,0.0151014723565812,Social,"Health, science and education",Scientific and technical journal articles per million people,Positive
TCD,Chad,乍得,148,0.00166462501169925,0.004498439709843018,C,0.5122599363661847,1.3843180435928932,0.0028338146981437677,0.0028338146981437677,0.8720581072267085,Improved,Observed both endpoints,Increased,Positive indicator: raw increase is improvement,4.2794774327691604e-05,0.0001711790973107667,社会,教科医卫,发表科技论文数量（每百万人）,Scientific and technical journal articles per million people,正向,世界银行WDI数据库,0.0604058894263249,0.0151014723565812,Social,"Health, science and education",Scientific and technical journal articles per million people,Positive
TGO,Togo,多哥,768,0.0163051753585195,0.03930209888234522,W,5.017639428034582,12.094550142542912,0.022996923523825718,0.022996923523825718,7.0769107145083305,Improved,Observed both endpoints,Increased,Positive indicator: raw increase is improvement,0.00034728740488146597,0.0013891496195258663,社会,教科医卫,发表科技论文数量（每百万人）,Scientific and technical journal articles per million people,正向,世界银行WDI数据库,0.0604058894263249,0.0151014723565812,Social,"Health, science and education",Scientific and technical journal articles per million people,Positive
TZA,Tanzania,坦桑尼亚,834,0.01213847264150304,0.05157231310003167,E,3.735407782063559,15.87049914617781,0.03943384045852863,0.03943384045852863,12.13509136411425,Improved,Observed both endpoints,Increased,Positive indicator: raw increase is improvement,0.0005955090515983034,0.0023820362063932178,社会,教科医卫,发表科技论文数量（每百万人）,Scientific and technical journal articles per million people,正向,世界银行WDI数据库,0.0604058894263249,0.0151014723565812,Social,"Health, science and education",Scientific and technical journal articles per million people,Positive
UGA,Uganda,乌干达,800,0.01781863963499388,0.08547168181215378,E,5.483382228070876,26.302451289921592,0.0676530421771599,0.0676530421771599,20.819069061850715,Improved,Observed both endpoints,Increased,Positive indicator: raw increase is improvement,0.0010216605462770021,0.004086642185108015,社会,教科医卫,发表科技论文数量（每百万人）,Scientific and technical journal articles per million people,正向,世界银行WDI数据库,0.0604058894263249,0.0151014723565812,Social,"Health, science and education",Scientific and technical journal articles per million people,Positive
ZAF,South Africa,南非,710,0.2839743594909959,0.8502752813777187,S,87.38826240150692,261.6577057722256,0.5663009218867228,0.5663009218867228,174.26944337071868,Improved,Observed both endpoints,Increased,Positive indicator: raw increase is improvement,0.008551977717378792,0.03420791086951523,社会,教科医卫,发表科技论文数量（每百万人）,Scientific and technical journal articles per million people,正向,世界银行WDI数据库,0.0604058894263249,0.0151014723565812,Social,"Health, science and education",Scientific and technical journal articles per million people,Positive
ZMB,Zambia,赞比亚,894,0.0166677185820679,0.05184598468286091,S,5.129205917375814,15.954716904904286,0.03517826610079301,0.03517826610079301,10.825510987528471,Improved,Observed both endpoints,Increased,Positive indicator: raw increase is improvement,0.0005312436130735831,0.0021249744522943365,社会,教科医卫,发表科技论文数量（每百万人）,Scientific and technical journal articles per million people,正向,世界银行WDI数据库,0.0604058894263249,0.0151014723565812,Social,"Health, science and education",Scientific and technical journal articles per million people,Positive
ZWE,Zimbabwe,津巴布韦,716,0.05676753173677235,0.1019640387140008,S,17.469239012250437,31.37769264319459,0.04519650697722845,0.04519650697722845,13.908453630944152,Improved,Observed both endpoints,Increased,Positive indicator: raw increase is improvement,0.0006825338007306447,0.0027301352029225835,社会,教科医卫,发表科技论文数量（每百万人）,Scientific and technical journal articles per million people,正向,世界银行WDI数据库,0.0604058894263249,0.0151014723565812,Social,"Health, science and education",Scientific and technical journal articles per million people,Positive
AGO,Angola,安哥拉,24,0.1391165339549825,0.3108471459805821,S,5146.939598352648,10936.39353,0.1717306120255996,0.1717306120255996,5789.453931647351,Improved,Observed both endpoints,Increased,Positive indicator: raw increase is improvement,0.009023702686511195,0.03609481074604479,经济,产业发展,每工人服务业增加值,"Services, value added per worker (constant 2015 US$)_x",正向,世界银行WDI数据库,0.2101827409819293,0.0525456852454823,Economic,Industrial development,Services value added per worker,Positive
BDI,Burundi,布隆迪,108,0.1155947293540244,0.062213353537067,E,4353.962723,2554.347544,-0.0533813758169574,-0.0533813758169574,-1799.6151789999994,Deteriorated,Observed both endpoints,Decreased,Positive indicator: raw increase is improvement,-0.0028049609716486444,-0.011219843886594581,经济,产业发展,每工人服务业增加值,"Services, value added per worker (constant 2015 US$)_x",正向,世界银行WDI数据库,0.2101827409819293,0.0525456852454823,Economic,Industrial development,Services value added per worker,Positive
BEN,Benin,贝宁,204,0.0673532383508333,0.08641236543923235,W,2727.625482,3370.154714,0.019059127088399047,0.019059127088399047,642.5292319999999,Improved,Observed both endpoints,Increased,Positive indicator: raw increase is improvement,0.0010014748930406618,0.004005899572162649,经济,产业发展,每工人服务业增加值,"Services, value added per worker (constant 2015 US$)_x",正向,世界银行WDI数据库,0.2101827409819293,0.0525456852454823,Economic,Industrial development,Services value added per worker,Positive
BFA,Burkina Faso,布基纳法索,854,0.06089517749061335,0.06892456780088475,W,2509.908644,2780.598795,0.008029390310271403,0.008029390310271403,270.6901509999998,Improved,Observed both endpoints,Increased,Positive indicator: raw increase is improvement,0.00042190981595664664,0.0016876392638265872,经济,产业发展,每工人服务业增加值,"Services, value added per worker (constant 2015 US$)_x",正向,世界银行WDI数据库,0.2101827409819293,0.0525456852454823,Economic,Industrial development,Services value added per worker,Positive
BWA,Botswana,博茨瓦纳,72,0.3102899109346448,0.5684727062882233,S,10917.60779,19621.57374,0.2581827953535785,0.2581827953535785,8703.96595,Improved,Observed both endpoints,Increased,Positive indicator: raw increase is improvement,0.013566391900447908,0.05426556760179165,经济,产业发展,每工人服务业增加值,"Services, value added per worker (constant 2015 US$)_x",正向,世界银行WDI数据库,0.2101827409819293,0.0525456852454823,Economic,Industrial development,Services value added per worker,Positive
CAF,Central African Republic,中非,140,0.0386108540833005,0.05107910873614772,C,1758.650250153849,2178.985245,0.012468254652847219,0.012468254652847219,420.33499484615095,Improved,Observed both endpoints,Increased,Positive indicator: raw increase is improvement,0.0006551529845490302,0.0026206119381961216,经济,产业发展,每工人服务业增加值,"Services, value added per worker (constant 2015 US$)_x",正向,世界银行WDI数据库,0.2101827409819293,0.0525456852454823,Economic,Industrial development,Services value added per worker,Positive
CIV,Côte d'Ivoire,科特迪瓦,384,0.1786473744881752,0.2115840978882919,W,6479.619762050548,7589.996302,0.03293672340011672,0.03293672340011672,1110.3765399494514,Improved,Observed both endpoints,Increased,Positive indicator: raw increase is improvement,0.0017306827008000448,0.006922730803200182,经济,产业发展,每工人服务业增加值,"Services, value added per worker (constant 2015 US$)_x",正向,世界银行WDI数据库,0.2101827409819293,0.0525456852454823,Economic,Industrial development,Services value added per worker,Positive
CMR,Cameroon,喀麦隆,120,0.1339799415378647,0.1283930018247401,C,4973.772655,4785.423416,-0.0055869397131246,-0.0055869397131246,-188.34923900000013,Deteriorated,Observed both endpoints,Decreased,Positive indicator: raw increase is improvement,-0.00029356957565133046,-0.0011742783026053223,经济,产业发展,每工人服务业增加值,"Services, value added per worker (constant 2015 US$)_x",正向,世界银行WDI数据库,0.2101827409819293,0.0525456852454823,Economic,Industrial development,Services value added per worker,Positive
COD,"Congo, Dem. Rep.",刚果（金）,180,0.02862178126249896,0.04619065454826416,C,1421.894466,2014.183641,0.017568873285765202,0.017568873285765202,592.2891750000001,Improved,Observed both endpoints,Increased,Positive indicator: raw increase is improvement,0.0009231684857915807,0.0036926739431663246,经济,产业发展,每工人服务业增加值,"Services, value added per worker (constant 2015 US$)_x",正向,世界银行WDI数据库,0.2101827409819293,0.0525456852454823,Economic,Industrial development,Services value added per worker,Positive
COG,"Congo, Rep.",刚果（布）,178,0.1663752268922185,0.1432043172894161,C,6065.89601,5284.748653,-0.02317090960280241,-0.02317090960280241,-781.1473570000007,Deteriorated,Observed both endpoints,Decreased,Positive indicator: raw increase is improvement,-0.0012175313228403788,-0.004870125291361517,经济,产业发展,每工人服务业增加值,"Services, value added per worker (constant 2015 US$)_x",正向,世界银行WDI数据库,0.2101827409819293,0.0525456852454823,Economic,Industrial development,Services value added per worker,Positive
COM,Comoros,科摩罗,174,0.2918284823812622,0.1127968728199404,E,10295.22842,4259.640218,-0.1790316095613218,-0.1790316095613218,-6035.588202,Deteriorated,Observed both endpoints,Decreased,Positive indicator: raw increase is improvement,-0.009407338605001295,-0.037629354420005194,经济,产业发展,每工人服务业增加值,"Services, value added per worker (constant 2015 US$)_x",正向,世界银行WDI数据库,0.2101827409819293,0.0525456852454823,Economic,Industrial development,Services value added per worker,Positive
CPV,Cape Verde,佛得角,132,0.2531364389610926,0.3066803521324241,W,8990.826134,10795.92084,0.0535439131713315,0.0535439131713315,1805.0947059999999,Improved,Observed both endpoints,Increased,Positive indicator: raw increase is improvement,0.002813501608312219,0.011254006433248882,经济,产业发展,每工人服务业增加值,"Services, value added per worker (constant 2015 US$)_x",正向,世界银行WDI数据库,0.2101827409819293,0.0525456852454823,Economic,Industrial development,Services value added per worker,Positive
DJI,Djibouti,吉布提,262,,0.4230658678674554,E,,14719.55783,,,,Missing endpoint,Missing 2001 endpoint,Missing endpoint,Positive indicator: raw increase is improvement,,,经济,产业发展,每工人服务业增加值,"Services, value added per worker (constant 2015 US$)_x",正向,世界银行WDI数据库,0.2101827409819293,0.0525456852454823,Economic,Industrial development,Services value added per worker,Positive
ERI,Eritrea,厄立特里亚,232,,,E,,,,,,Missing endpoint,Missing both endpoints,Missing endpoint,Positive indicator: raw increase is improvement,,,经济,产业发展,每工人服务业增加值,"Services, value added per worker (constant 2015 US$)_x",正向,世界银行WDI数据库,0.2101827409819293,0.0525456852454823,Economic,Industrial development,Services value added per worker,Positive
ETH,Ethiopia,埃塞俄比亚,231,0.0190984314822852,0.06753217699162174,E,1100.839331,2733.657936,0.048433745509336545,0.048433745509336545,1632.8186050000002,Improved,Observed both endpoints,Increased,Positive indicator: raw increase is improvement,0.00254498434679339,0.010179937387173564,经济,产业发展,每工人服务业增加值,"Services, value added per worker (constant 2015 US$)_x",正向,世界银行WDI数据库,0.2101827409819293,0.0525456852454823,Economic,Industrial development,Services value added per worker,Positive
GAB,Gabon,加蓬,266,0.5493616669319511,0.5904003710793064,C,18977.29442,20360.80831,0.04103870414735533,0.04103870414735533,1383.513890000002,Improved,Observed both endpoints,Increased,Positive indicator: raw increase is improvement,0.0021564068310094024,0.008625627324037613,经济,产业发展,每工人服务业增加值,"Services, value added per worker (constant 2015 US$)_x",正向,世界银行WDI数据库,0.2101827409819293,0.0525456852454823,Economic,Industrial development,Services value added per worker,Positive
GHA,Ghana,加纳,288,0.08866372706148287,0.1155963232771381,W,3446.053554875005,4354.016458,0.026932596215655233,0.026932596215655233,907.9629031249951,Improved,Observed both endpoints,Increased,Positive indicator: raw increase is improvement,0.0014151917235914876,0.005660766894365953,经济,产业发展,每工人服务业增加值,"Services, value added per worker (constant 2015 US$)_x",正向,世界银行WDI数据库,0.2101827409819293,0.0525456852454823,Economic,Industrial development,Services value added per worker,Positive
GIN,Guinea,几内亚,324,0.0856639470355176,0.09112568086224879,W,3344.923721,3529.051967,0.00546173382673118,0.00546173382673118,184.12824599999976,Improved,Observed both endpoints,Increased,Positive indicator: raw increase is improvement,0.0002869905465540202,0.0011479621862160812,经济,产业发展,每工人服务业增加值,"Services, value added per worker (constant 2015 US$)_x",正向,世界银行WDI数据库,0.2101827409819293,0.0525456852454823,Economic,Industrial development,Services value added per worker,Positive
GMB,"Gambia, The",冈比亚,270,0.06401367840731753,0.06222701995575716,W,2615.040846,2554.808272,-0.001786658451560369,-0.001786658451560369,-60.23257399999966,Deteriorated,Observed both endpoints,Decreased,Positive indicator: raw increase is improvement,-9.388119263687194e-05,-0.0003755247705474879,经济,产业发展,每工人服务业增加值,"Services, value added per worker (constant 2015 US$)_x",正向,世界银行WDI数据库,0.2101827409819293,0.0525456852454823,Economic,Industrial development,Services value added per worker,Positive
GNB,Guinea-Bissau,几内亚（比绍）,624,0.07277472608613117,0.08549930526362606,W,2910.396935,3339.373249,0.012724579177494894,0.012724579177494894,428.976314,Improved,Observed both endpoints,Increased,Positive indicator: raw increase is improvement,0.0006686217323418648,0.00267448692936746,经济,产业发展,每工人服务业增加值,"Services, value added per worker (constant 2015 US$)_x",正向,世界银行WDI数据库,0.2101827409819293,0.0525456852454823,Economic,Industrial development,Services value added per worker,Positive
GNQ,Equatorial Guinea,赤道几内亚,226,0.7750781264401944,0.7410650387510455,C,26586.74173125002,25440.07835,-0.0340130876891489,-0.0340130876891489,-1146.6633812500186,Deteriorated,Observed both endpoints,Decreased,Positive indicator: raw increase is improvement,-0.0017872409999410072,-0.0071489639997640315,经济,产业发展,每工人服务业增加值,"Services, value added per worker (constant 2015 US$)_x",正向,世界银行WDI数据库,0.2101827409819293,0.0525456852454823,Economic,Industrial development,Services value added per worker,Positive
KEN,Kenya,肯尼亚,404,0.113063811999108,0.1900998721181349,E,4268.639382808848,6865.711133,0.07703606011902689,0.07703606011902689,2597.071750191152,Improved,Observed both endpoints,Increased,Positive indicator: raw increase is improvement,0.004047912567566439,0.016191650270265763,经济,产业发展,每工人服务业增加值,"Services, value added per worker (constant 2015 US$)_x",正向,世界银行WDI数据库,0.2101827409819293,0.0525456852454823,Economic,Industrial development,Services value added per worker,Positive
LBR,Liberia,利比里亚,430,0.001266174452441817,0.01957632955770659,W,499.6708535,1116.95043,0.01831015510526477,0.01831015510526477,617.2795765000001,Improved,Observed both endpoints,Increased,Positive indicator: raw increase is improvement,0.0009621196469572035,0.003848478587828816,经济,产业发展,每工人服务业增加值,"Services, value added per worker (constant 2015 US$)_x",正向,世界银行WDI数据库,0.2101827409819293,0.0525456852454823,Economic,Industrial development,Services value added per worker,Positive
LSO,Lesotho,莱索托,426,0.04905950723875022,0.1282158883275115,S,2110.899598,4779.452492,0.07915638108876127,0.07915638108876127,2668.5528940000004,Improved,Observed both endpoints,Increased,Positive indicator: raw increase is improvement,0.004159326285861497,0.016637305143445996,经济,产业发展,每工人服务业增加值,"Services, value added per worker (constant 2015 US$)_x",正向,世界银行WDI数据库,0.2101827409819293,0.0525456852454823,Economic,Industrial development,Services value added per worker,Positive
MDG,Madagascar,马达加斯加,450,0.1084863670848306,0.05423897043744032,E,4114.322653,2285.511819,-0.054247396647390284,-0.054247396647390284,-1828.8108340000003,Deteriorated,Observed both endpoints,Decreased,Positive indicator: raw increase is improvement,-0.0028504666296206016,-0.011401866518482412,经济,产业发展,每工人服务业增加值,"Services, value added per worker (constant 2015 US$)_x",正向,世界银行WDI数据库,0.2101827409819293,0.0525456852454823,Economic,Industrial development,Services value added per worker,Positive
MLI,Mali,马里,466,0.1450842133168949,0.1133271827714419,W,5348.124491,4277.518248,-0.031757030545452994,-0.031757030545452994,-1070.6062429999993,Deteriorated,Observed both endpoints,Decreased,Positive indicator: raw increase is improvement,-0.0016686949313725402,-0.006674779725490163,经济,产业发展,每工人服务业增加值,"Services, value added per worker (constant 2015 US$)_x",正向,世界银行WDI数据库,0.2101827409819293,0.0525456852454823,Economic,Industrial development,Services value added per worker,Positive
MOZ,Mozambique,莫桑比克,508,0.04551969579488411,0.08088252498494013,S,1991.564,3183.730429,0.03536282919005602,0.03536282919005602,1192.166429,Improved,Observed both endpoints,Increased,Positive indicator: raw increase is improvement,0.0018581640920104375,0.007432656368041753,经济,产业发展,每工人服务业增加值,"Services, value added per worker (constant 2015 US$)_x",正向,世界银行WDI数据库,0.2101827409819293,0.0525456852454823,Economic,Industrial development,Services value added per worker,Positive
MUS,Mauritius,毛里求斯,480,0.4426897859122207,0.6462475746072464,S,15381.12753,22243.5525,0.20355778869502567,0.20355778869502567,6862.424970000002,Improved,Observed both endpoints,Increased,Positive indicator: raw increase is improvement,0.010696083494035214,0.04278433397614088,经济,产业发展,每工人服务业增加值,"Services, value added per worker (constant 2015 US$)_x",正向,世界银行WDI数据库,0.2101827409819293,0.0525456852454823,Economic,Industrial development,Services value added per worker,Positive
MWI,Malawi,马拉维,454,0.04687946028685288,0.08396717421980508,S,2037.404947,3287.721409,0.0370877139329522,0.0370877139329522,1250.3164620000002,Improved,Observed both endpoints,Increased,Positive indicator: raw increase is improvement,0.001948799342795395,0.007795197371181583,经济,产业发展,每工人服务业增加值,"Services, value added per worker (constant 2015 US$)_x",正向,世界银行WDI数据库,0.2101827409819293,0.0525456852454823,Economic,Industrial development,Services value added per worker,Positive
NAM,Namibia,纳米比亚,516,0.3083920161381186,0.386613747112791,S,10853.62517,13490.66875,0.07822173097467239,0.07822173097467239,2637.0435800000014,Improved,Observed both endpoints,Increased,Positive indicator: raw increase is improvement,0.004110214455151929,0.016440857820607724,经济,产业发展,每工人服务业增加值,"Services, value added per worker (constant 2015 US$)_x",正向,世界银行WDI数据库,0.2101827409819293,0.0525456852454823,Economic,Industrial development,Services value added per worker,Positive
NER,Niger,尼日尔,562,0.05814384117546453,0.0773817299075511,W,2417.154448,3065.710167,0.019237888732086567,0.019237888732086567,648.5557190000004,Improved,Observed both endpoints,Increased,Positive indicator: raw increase is improvement,0.0010108680461038313,0.004043472184415327,经济,产业发展,每工人服务业增加值,"Services, value added per worker (constant 2015 US$)_x",正向,世界银行WDI数据库,0.2101827409819293,0.0525456852454823,Economic,Industrial development,Services value added per worker,Positive
NGA,Nigeria,尼日利亚,566,0.08974635102709284,0.1744179933127123,W,3482.551425,6337.037102,0.08467164228561945,0.08467164228561945,2854.485677,Improved,Observed both endpoints,Increased,Positive indicator: raw increase is improvement,0.00444912946475823,0.017796517859032926,经济,产业发展,每工人服务业增加值,"Services, value added per worker (constant 2015 US$)_x",正向,世界银行WDI数据库,0.2101827409819293,0.0525456852454823,Economic,Industrial development,Services value added per worker,Positive
RWA,Rwanda,卢旺达,646,0.06909857573610899,0.1380021154063529,E,2786.465023,5109.369856,0.06890353967024392,0.06890353967024392,2322.904833,Improved,Observed both endpoints,Increased,Positive indicator: raw increase is improvement,0.0036205837078122404,0.014482334831248967,经济,产业发展,每工人服务业增加值,"Services, value added per worker (constant 2015 US$)_x",正向,世界银行WDI数据库,0.2101827409819293,0.0525456852454823,Economic,Industrial development,Services value added per worker,Positive
SEN,Senegal,塞内加尔,686,0.1217568963266856,0.1321684490018629,W,4561.704263,4912.702864,0.010411552675177294,0.010411552675177294,350.99860100000024,Improved,Observed both endpoints,Increased,Positive indicator: raw increase is improvement,0.0005470821697866254,0.0021883286791465023,经济,产业发展,每工人服务业增加值,"Services, value added per worker (constant 2015 US$)_x",正向,世界银行WDI数据库,0.2101827409819293,0.0525456852454823,Economic,Industrial development,Services value added per worker,Positive
SLE,Sierra Leone,塞拉利昂,694,0.1008285049315917,0.09297872319331782,W,3856.157614,3591.522502,-0.007849781738273887,-0.007849781738273887,-264.6351120000004,Deteriorated,Observed both endpoints,Decreased,Positive indicator: raw increase is improvement,-0.0004124721604650746,-0.001649888641860299,经济,产业发展,每工人服务业增加值,"Services, value added per worker (constant 2015 US$)_x",正向,世界银行WDI数据库,0.2101827409819293,0.0525456852454823,Economic,Industrial development,Services value added per worker,Positive
STP,São Tomé and Principe,圣多美和普林西比,678,0.2868603970484708,0.3627717879295391,C,10127.742257670354,12686.89869,0.0759113908810683,0.0759113908810683,2559.156432329646,Improved,Observed both endpoints,Increased,Positive indicator: raw increase is improvement,0.00398881605178339,0.015955264207133567,经济,产业发展,每工人服务业增加值,"Services, value added per worker (constant 2015 US$)_x",正向,世界银行WDI数据库,0.2101827409819293,0.0525456852454823,Economic,Industrial development,Services value added per worker,Positive
SWZ,Swaziland,斯威士兰,748,0.2206614103170861,0.363115268201074,S,7896.01444,12698.47824,0.14245385788398787,0.14245385788398787,4802.4638,Improved,Observed both endpoints,Increased,Positive indicator: raw increase is improvement,0.007485335578376695,0.02994134231350679,经济,产业发展,每工人服务业增加值,"Services, value added per worker (constant 2015 US$)_x",正向,世界银行WDI数据库,0.2101827409819293,0.0525456852454823,Economic,Industrial development,Services value added per worker,Positive
SYC,Seychelles,塞舌尔,690,,,E,,,,,,Missing endpoint,Missing both endpoints,Missing endpoint,Positive indicator: raw increase is improvement,,,经济,产业发展,每工人服务业增加值,"Services, value added per worker (constant 2015 US$)_x",正向,世界银行WDI数据库,0.2101827409819293,0.0525456852454823,Economic,Industrial development,Services value added per worker,Positive
TCD,Chad,乍得,148,0.1481207906816212,0.1055577685142059,C,5450.494852088246,4015.592518,-0.04256302216741531,-0.04256302216741531,-1434.9023340882463,Deteriorated,Observed both endpoints,Decreased,Positive indicator: raw increase is improvement,-0.0022365031659054907,-0.008946012663621966,经济,产业发展,每工人服务业增加值,"Services, value added per worker (constant 2015 US$)_x",正向,世界银行WDI数据库,0.2101827409819293,0.0525456852454823,Economic,Industrial development,Services value added per worker,Positive
TGO,Togo,多哥,768,0.05653207751338078,0.073376085794464,W,2362.818,2930.670224,0.01684400828108322,0.01684400828108322,567.8522239999998,Improved,Observed both endpoints,Increased,Positive indicator: raw increase is improvement,0.0008850799574100963,0.0035403198296403864,经济,产业发展,每工人服务业增加值,"Services, value added per worker (constant 2015 US$)_x",正向,世界银行WDI数据库,0.2101827409819293,0.0525456852454823,Economic,Industrial development,Services value added per worker,Positive
TZA,Tanzania,坦桑尼亚,834,0.05500134900918172,0.08126263018952236,E,2311.213443,3196.544694,0.026261281180340636,0.026261281180340636,885.3312510000001,Improved,Observed both endpoints,Increased,Positive indicator: raw increase is improvement,0.001379917015045287,0.00551966806018115,经济,产业发展,每工人服务业增加值,"Services, value added per worker (constant 2015 US$)_x",正向,世界银行WDI数据库,0.2101827409819293,0.0525456852454823,Economic,Industrial development,Services value added per worker,Positive
UGA,Uganda,乌干达,800,0.08317739802743072,0.09393667798502318,E,3261.096145,3623.817473,0.01075927995759246,0.01075927995759246,362.7213280000001,Improved,Observed both endpoints,Increased,Positive indicator: raw increase is improvement,0.0005653537381196796,0.0022614149524787194,经济,产业发展,每工人服务业增加值,"Services, value added per worker (constant 2015 US$)_x",正向,世界银行WDI数据库,0.2101827409819293,0.0525456852454823,Economic,Industrial development,Services value added per worker,Positive
ZAF,South Africa,南非,710,0.4288859264666742,0.5952709287749993,S,14915.76607,20525.00658,0.1663850023083251,0.1663850023083251,5609.240510000001,Improved,Observed both endpoints,Increased,Positive indicator: raw increase is improvement,0.008742813960862097,0.0349712558434484,经济,产业发展,每工人服务业增加值,"Services, value added per worker (constant 2015 US$)_x",正向,世界银行WDI数据库,0.2101827409819293,0.0525456852454823,Economic,Industrial development,Services value added per worker,Positive
ZMB,Zambia,赞比亚,894,0.2093038917267372,0.1869367347098117,S,7513.125042,6759.074127,-0.022367157016925487,-0.022367157016925487,-754.0509149999998,Deteriorated,Observed both endpoints,Decreased,Positive indicator: raw increase is improvement,-0.0011752975924476476,-0.004701190369790592,经济,产业发展,每工人服务业增加值,"Services, value added per worker (constant 2015 US$)_x",正向,世界银行WDI数据库,0.2101827409819293,0.0525456852454823,Economic,Industrial development,Services value added per worker,Positive
ZWE,Zimbabwe,津巴布韦,716,0.1046041623279963,0.1631389126769358,S,3983.444149,5956.792037,0.05853475034893951,0.05853475034893951,1973.3478880000002,Improved,Observed both endpoints,Increased,Positive indicator: raw increase is improvement,0.003075748567758261,0.01230299427103305,经济,产业发展,每工人服务业增加值,"Services, value added per worker (constant 2015 US$)_x",正向,世界银行WDI数据库,0.2101827409819293,0.0525456852454823,Economic,Industrial development,Services value added per worker,Positive
AGO,Angola,安哥拉,24,0.0,0.0003091451232609334,S,0.0,4.172889199308858e-07,0.0003091451232609334,0.0003091451232609334,4.172889199308858e-07,Improved,Observed both endpoints,Increased,Positive indicator: raw increase is improvement,5.761321130684918e-06,2.3045284522739703e-05,资源,能源生产和消费,人均太阳能、潮汐、波浪、燃料电池发电装机容量,"Solar, tide, wave, fuel cell electricity installed capacity (million kilowatts)_per_capita",正向,美国能源信息署,0.0745451983186821,0.0186362995796705,Resource,Energy production and consumption,"Solar, tidal, wave, and fuel-cell electricity capacity per capita",Positive
BDI,Burundi,布隆迪,108,0.0,0.005142560658054931,E,0.0,6.941508764696041e-06,0.005142560658054931,0.005142560658054931,6.941508764696041e-06,Improved,Observed both endpoints,Increased,Positive indicator: raw increase is improvement,9.583830103013917e-05,0.00038335320412055717,资源,能源生产和消费,人均太阳能、潮汐、波浪、燃料电池发电装机容量,"Solar, tide, wave, fuel cell electricity installed capacity (million kilowatts)_per_capita",正向,美国能源信息署,0.0745451983186821,0.0186362995796705,Resource,Energy production and consumption,"Solar, tidal, wave, and fuel-cell electricity capacity per capita",Positive
BEN,Benin,贝宁,204,0.0,0.003322721548797877,W,0.0,4.485061487315275e-06,0.003322721548797877,0.003322721548797877,4.485061487315275e-06,Improved,Observed both endpoints,Increased,Positive indicator: raw increase is improvement,6.192323420322399e-05,0.0002476929368128963,资源,能源生产和消费,人均太阳能、潮汐、波浪、燃料电池发电装机容量,"Solar, tide, wave, fuel cell electricity installed capacity (million kilowatts)_per_capita",正向,美国能源信息署,0.0745451983186821,0.0186362995796705,Resource,Energy production and consumption,"Solar, tidal, wave, and fuel-cell electricity capacity per capita",Positive
BFA,Burkina Faso,布基纳法索,854,0.0003012776968070135,0.02101313663932312,W,4.066693447198581e-07,2.8363860312886742e-05,0.020711858942516106,0.020711858942516106,2.7957190968166885e-05,Improved,Observed both endpoints,Increased,Positive indicator: raw increase is improvement,0.0003859924081046076,0.0015439696324184326,资源,能源生产和消费,人均太阳能、潮汐、波浪、燃料电池发电装机容量,"Solar, tide, wave, fuel cell electricity installed capacity (million kilowatts)_per_capita",正向,美国能源信息署,0.0745451983186821,0.0186362995796705,Resource,Energy production and consumption,"Solar, tidal, wave, and fuel-cell electricity capacity per capita",Positive
BWA,Botswana,博茨瓦纳,72,0.0,0.01933979629654533,S,0.0,2.6105159360566845e-05,0.01933979629654533,0.01933979629654533,2.6105159360566845e-05,Improved,Observed both endpoints,Increased,Positive indicator: raw increase is improvement,0.00036042223759222085,0.0014416889503688851,资源,能源生产和消费,人均太阳能、潮汐、波浪、燃料电池发电装机容量,"Solar, tide, wave, fuel cell electricity installed capacity (million kilowatts)_per_capita",正向,美国能源信息署,0.0745451983186821,0.0186362995796705,Resource,Energy production and consumption,"Solar, tidal, wave, and fuel-cell electricity capacity per capita",Positive
CAF,Central African Republic,中非,140,0.0,0.0004883780167235443,C,0.0,6.592202812934019e-07,0.0004883780167235443,0.0004883780167235443,6.592202812934019e-07,Improved,Observed both endpoints,Increased,Positive indicator: raw increase is improvement,9.101559027785302e-06,3.6406236111141255e-05,资源,能源生产和消费,人均太阳能、潮汐、波浪、燃料电池发电装机容量,"Solar, tide, wave, fuel cell electricity installed capacity (million kilowatts)_per_capita",正向,美国能源信息署,0.0745451983186821,0.0186362995796705,Resource,Energy production and consumption,"Solar, tidal, wave, and fuel-cell electricity capacity per capita",Positive
CIV,Côte d'Ivoire,科特迪瓦,384,4.075281710760075e-05,0.001936853962713833,W,5.5008789579442966e-08,2.6143957557516704e-06,0.0018961011456062322,0.0018961011456062322,2.5593869661722276e-06,Improved,Observed both endpoints,Increased,Positive indicator: raw increase is improvement,3.533630898287418e-05,0.0001413452359314969,资源,能源生产和消费,人均太阳能、潮汐、波浪、燃料电池发电装机容量,"Solar, tide, wave, fuel cell electricity installed capacity (million kilowatts)_per_capita",正向,美国能源信息署,0.0745451983186821,0.0186362995796705,Resource,Energy production and consumption,"Solar, tidal, wave, and fuel-cell electricity capacity per capita",Positive
CMR,Cameroon,喀麦隆,120,0.0,0.007156361650414462,C,0.0,9.659768823898624e-06,0.007156361650414462,0.007156361650414462,9.659768823898624e-06,Improved,Observed both endpoints,Increased,Positive indicator: raw increase is improvement,0.00013336809961758914,0.0005334723984703572,资源,能源生产和消费,人均太阳能、潮汐、波浪、燃料电池发电装机容量,"Solar, tide, wave, fuel cell electricity installed capacity (million kilowatts)_per_capita",正向,美国能源信息署,0.0745451983186821,0.0186362995796705,Resource,Energy production and consumption,"Solar, tidal, wave, and fuel-cell electricity capacity per capita",Positive
COD,"Congo, Dem. Rep.",刚果（金）,180,0.0,0.001488947644353882,C,0.0,2.009804805562606e-06,0.001488947644353882,0.001488947644353882,2.009804805562606e-06,Improved,Observed both endpoints,Increased,Positive indicator: raw increase is improvement,2.7748474358623632e-05,0.00011099389743449468,资源,能源生产和消费,人均太阳能、潮汐、波浪、燃料电池发电装机容量,"Solar, tide, wave, fuel cell electricity installed capacity (million kilowatts)_per_capita",正向,美国能源信息署,0.0745451983186821,0.0186362995796705,Resource,Energy production and consumption,"Solar, tidal, wave, and fuel-cell electricity capacity per capita",Positive
COG,"Congo, Rep.",刚果（布）,178,0.0,0.0009052776874494047,C,0.0,1.2219579738103857e-06,0.0009052776874494047,0.0009052776874494047,1.2219579738103857e-06,Improved,Observed both endpoints,Increased,Positive indicator: raw increase is improvement,1.6871026186098423e-05,6.748410474439379e-05,资源,能源生产和消费,人均太阳能、潮汐、波浪、燃料电池发电装机容量,"Solar, tide, wave, fuel cell electricity installed capacity (million kilowatts)_per_capita",正向,美国能源信息署,0.0745451983186821,0.0186362995796705,Resource,Energy production and consumption,"Solar, tidal, wave, and fuel-cell electricity capacity per capita",Positive
COM,Comoros,科摩罗,174,0.0,0.0,E,0.0,0.0,0.0,0.0,0.0,Unchanged,Observed both endpoints,Unchanged,Positive indicator: raw increase is improvement,0.0,0.0,资源,能源生产和消费,人均太阳能、潮汐、波浪、燃料电池发电装机容量,"Solar, tide, wave, fuel cell electricity installed capacity (million kilowatts)_per_capita",正向,美国能源信息署,0.0745451983186821,0.0186362995796705,Resource,Energy production and consumption,"Solar, tidal, wave, and fuel-cell electricity capacity per capita",Positive
CPV,Cape Verde,佛得角,132,0.0,0.2437692240567146,W,0.0,0.0003290435092296,0.2437692240567146,0.2437692240567146,0.0003290435092296,Improved,Observed both endpoints,Increased,Positive indicator: raw increase is improvement,0.004542956287824754,0.018171825151299042,资源,能源生产和消费,人均太阳能、潮汐、波浪、燃料电池发电装机容量,"Solar, tide, wave, fuel cell electricity installed capacity (million kilowatts)_per_capita",正向,美国能源信息署,0.0745451983186821,0.0186362995796705,Resource,Energy production and consumption,"Solar, tidal, wave, and fuel-cell electricity capacity per capita",Positive
DJI,Djibouti,吉布提,262,0.0,0.00239184171429308,E,0.0,3.2285453351970304e-06,0.00239184171429308,0.00239184171429308,3.2285453351970304e-06,Improved,Observed both endpoints,Increased,Positive indicator: raw increase is improvement,4.45750787347185e-05,0.0001783003149388742,资源,能源生产和消费,人均太阳能、潮汐、波浪、燃料电池发电装机容量,"Solar, tide, wave, fuel cell electricity installed capacity (million kilowatts)_per_capita",正向,美国能源信息署,0.0745451983186821,0.0186362995796705,Resource,Energy production and consumption,"Solar, tidal, wave, and fuel-cell electricity capacity per capita",Positive
ERI,Eritrea,厄立特里亚,232,0.0,0.05528369022707011,E,0.0,7.462278926255671e-05,0.05528369022707011,0.05528369022707011,7.462278926255671e-05,Improved,Observed both endpoints,Increased,Positive indicator: raw increase is improvement,0.0010302834129413809,0.004121133651765529,资源,能源生产和消费,人均太阳能、潮汐、波浪、燃料电池发电装机容量,"Solar, tide, wave, fuel cell electricity installed capacity (million kilowatts)_per_capita",正向,美国能源信息署,0.0745451983186821,0.0186362995796705,Resource,Energy production and consumption,"Solar, tidal, wave, and fuel-cell electricity capacity per capita",Positive
ETH,Ethiopia,埃塞俄比亚,231,0.0,0.00128493340396707,E,0.0,1.7344231947400522e-06,0.00128493340396707,0.00128493340396707,1.7344231947400522e-06,Improved,Observed both endpoints,Increased,Positive indicator: raw increase is improvement,2.3946403856256092e-05,9.578561542502449e-05,资源,能源生产和消费,人均太阳能、潮汐、波浪、燃料电池发电装机容量,"Solar, tide, wave, fuel cell electricity installed capacity (million kilowatts)_per_capita",正向,美国能源信息署,0.0745451983186821,0.0186362995796705,Resource,Energy production and consumption,"Solar, tidal, wave, and fuel-cell electricity capacity per capita",Positive
GAB,Gabon,加蓬,266,0.0,0.004363904080433387,C,0.0,5.890465944271144e-06,0.004363904080433387,0.004363904080433387,5.890465944271144e-06,Improved,Observed both endpoints,Increased,Positive indicator: raw increase is improvement,8.132702377990313e-05,0.00032530809511961293,资源,能源生产和消费,人均太阳能、潮汐、波浪、燃料电池发电装机容量,"Solar, tide, wave, fuel cell electricity installed capacity (million kilowatts)_per_capita",正向,美国能源信息署,0.0745451983186821,0.0186362995796705,Resource,Energy production and consumption,"Solar, tidal, wave, and fuel-cell electricity capacity per capita",Positive
GHA,Ghana,加纳,288,0.0,0.03759038578495078,W,0.0,5.074009034503723e-05,0.03759038578495078,0.03759038578495078,5.074009034503723e-05,Improved,Observed both endpoints,Increased,Positive indicator: raw increase is improvement,0.0007005456908037302,0.0028021827632149247,资源,能源生产和消费,人均太阳能、潮汐、波浪、燃料电池发电装机容量,"Solar, tide, wave, fuel cell electricity installed capacity (million kilowatts)_per_capita",正向,美国能源信息署,0.0745451983186821,0.0186362995796705,Resource,Energy production and consumption,"Solar, tidal, wave, and fuel-cell electricity capacity per capita",Positive
GIN,Guinea,几内亚,324,0.0,0.008105188150552634,W,0.0,1.0940509665830885e-05,0.008105188150552634,0.008105188150552634,1.0940509665830885e-05,Improved,Observed both endpoints,Increased,Positive indicator: raw increase is improvement,0.00015105071452329439,0.0006042028580931783,资源,能源生产和消费,人均太阳能、潮汐、波浪、燃料电池发电装机容量,"Solar, tide, wave, fuel cell electricity installed capacity (million kilowatts)_per_capita",正向,美国能源信息署,0.0745451983186821,0.0186362995796705,Resource,Energy production and consumption,"Solar, tidal, wave, and fuel-cell electricity capacity per capita",Positive
GMB,"Gambia, The",冈比亚,270,0.0,0.007704610986952603,W,0.0,1.0399804348585604e-05,0.007704610986952603,0.007704610986952603,1.0399804348585604e-05,Improved,Observed both endpoints,Increased,Positive indicator: raw increase is improvement,0.00014358543849766952,0.0005743417539906788,资源,能源生产和消费,人均太阳能、潮汐、波浪、燃料电池发电装机容量,"Solar, tide, wave, fuel cell electricity installed capacity (million kilowatts)_per_capita",正向,美国能源信息署,0.0745451983186821,0.0186362995796705,Resource,Energy production and consumption,"Solar, tidal, wave, and fuel-cell electricity capacity per capita",Positive
GNB,Guinea-Bissau,几内亚（比绍）,624,0.0,0.007196688978935096,W,0.0,9.714203282332149e-06,0.007196688978935096,0.007196688978935096,9.714203282332149e-06,Improved,Observed both endpoints,Increased,Positive indicator: raw increase is improvement,0.00013411965179314746,0.0005364786071725905,资源,能源生产和消费,人均太阳能、潮汐、波浪、燃料电池发电装机容量,"Solar, tide, wave, fuel cell electricity installed capacity (million kilowatts)_per_capita",正向,美国能源信息署,0.0745451983186821,0.0186362995796705,Resource,Energy production and consumption,"Solar, tidal, wave, and fuel-cell electricity capacity per capita",Positive
GNQ,Equatorial Guinea,赤道几内亚,226,0.0,0.0,C,0.0,0.0,0.0,0.0,0.0,Unchanged,Observed both endpoints,Unchanged,Positive indicator: raw increase is improvement,0.0,0.0,资源,能源生产和消费,人均太阳能、潮汐、波浪、燃料电池发电装机容量,"Solar, tide, wave, fuel cell electricity installed capacity (million kilowatts)_per_capita",正向,美国能源信息署,0.0745451983186821,0.0186362995796705,Resource,Energy production and consumption,"Solar, tidal, wave, and fuel-cell electricity capacity per capita",Positive
KEN,Kenya,肯尼亚,404,2.343015065556704e-05,0.03029884898613517,E,3.162638361475017e-08,4.0897859992770266e-05,0.030275418835479604,0.030275418835479604,4.0866233609155517e-05,Improved,Observed both endpoints,Increased,Positive indicator: raw increase is improvement,0.0005642217753179969,0.0022568871012719907,资源,能源生产和消费,人均太阳能、潮汐、波浪、燃料电池发电装机容量,"Solar, tide, wave, fuel cell electricity installed capacity (million kilowatts)_per_capita",正向,美国能源信息署,0.0745451983186821,0.0186362995796705,Resource,Energy production and consumption,"Solar, tidal, wave, and fuel-cell electricity capacity per capita",Positive
LBR,Liberia,利比里亚,430,0.0,0.003638480981005339,W,0.0,4.911278504856993e-06,0.003638480981005339,0.003638480981005339,4.911278504856993e-06,Improved,Observed both endpoints,Increased,Positive indicator: raw increase is improvement,6.780782157694891e-05,0.00027123128630779597,资源,能源生产和消费,人均太阳能、潮汐、波浪、燃料电池发电装机容量,"Solar, tide, wave, fuel cell electricity installed capacity (million kilowatts)_per_capita",正向,美国能源信息署,0.0745451983186821,0.0186362995796705,Resource,Energy production and consumption,"Solar, tidal, wave, and fuel-cell electricity capacity per capita",Positive
LSO,Lesotho,莱索托,426,0.0,0.001867221093047451,S,0.0,2.5204042197757104e-06,0.001867221093047451,0.001867221093047451,2.5204042197757104e-06,Improved,Observed both endpoints,Increased,Positive indicator: raw increase is improvement,3.4798091671512105e-05,0.00013919236668604858,资源,能源生产和消费,人均太阳能、潮汐、波浪、燃料电池发电装机容量,"Solar, tide, wave, fuel cell electricity installed capacity (million kilowatts)_per_capita",正向,美国能源信息署,0.0745451983186821,0.0186362995796705,Resource,Energy production and consumption,"Solar, tidal, wave, and fuel-cell electricity capacity per capita",Positive
MDG,Madagascar,马达加斯加,450,0.0,0.006027822906875739,E,0.0,8.136449586564424e-06,0.006027822906875739,0.006027822906875739,8.136449586564424e-06,Improved,Observed both endpoints,Increased,Positive indicator: raw increase is improvement,0.00011233631350573655,0.0004493452540229468,资源,能源生产和消费,人均太阳能、潮汐、波浪、燃料电池发电装机容量,"Solar, tide, wave, fuel cell electricity installed capacity (million kilowatts)_per_capita",正向,美国能源信息署,0.0745451983186821,0.0186362995796705,Resource,Energy production and consumption,"Solar, tidal, wave, and fuel-cell electricity capacity per capita",Positive
MLI,Mali,马里,466,6.219208280346732e-05,0.02952000557027351,W,8.394784555409692e-08,3.984656497516819e-05,0.029457813487470043,0.029457813487470043,3.976261712961409e-05,Improved,Observed both endpoints,Increased,Positive indicator: raw increase is improvement,0.00054898463711455,0.0021959385484582026,资源,能源生产和消费,人均太阳能、潮汐、波浪、燃料电池发电装机容量,"Solar, tide, wave, fuel cell electricity installed capacity (million kilowatts)_per_capita",正向,美国能源信息署,0.0745451983186821,0.0186362995796705,Resource,Energy production and consumption,"Solar, tidal, wave, and fuel-cell electricity capacity per capita",Positive
MOZ,Mozambique,莫桑比克,508,0.0,0.01073722878349541,S,0.0,1.449327925620822e-05,0.01073722878349541,0.01073722878349541,1.449327925620822e-05,Improved,Observed both endpoints,Increased,Positive indicator: raw increase is improvement,0.00020010221226468152,0.0008004088490587271,资源,能源生产和消费,人均太阳能、潮汐、波浪、燃料电池发电装机容量,"Solar, tide, wave, fuel cell electricity installed capacity (million kilowatts)_per_capita",正向,美国能源信息署,0.0745451983186821,0.0186362995796705,Resource,Energy production and consumption,"Solar, tidal, wave, and fuel-cell electricity capacity per capita",Positive
MUS,Mauritius,毛里求斯,480,0.0,0.6415718822628357,S,0.0,0.0008660037557232,0.6415718822628357,0.6415718822628357,0.0008660037557232,Improved,Observed both endpoints,Increased,Positive indicator: raw increase is improvement,0.011956525799743297,0.04782610319897325,资源,能源生产和消费,人均太阳能、潮汐、波浪、燃料电池发电装机容量,"Solar, tide, wave, fuel cell electricity installed capacity (million kilowatts)_per_capita",正向,美国能源信息署,0.0745451983186821,0.0186362995796705,Resource,Energy production and consumption,"Solar, tidal, wave, and fuel-cell electricity capacity per capita",Positive
MWI,Malawi,马拉维,454,0.0,0.02439015176163396,S,0.0,3.292220811444638e-05,0.02439015176163396,0.02439015176163396,3.292220811444638e-05,Improved,Observed both endpoints,Increased,Positive indicator: raw increase is improvement,0.00045454217502343867,0.001818168700093757,资源,能源生产和消费,人均太阳能、潮汐、波浪、燃料电池发电装机容量,"Solar, tide, wave, fuel cell electricity installed capacity (million kilowatts)_per_capita",正向,美国能源信息署,0.0745451983186821,0.0186362995796705,Resource,Energy production and consumption,"Solar, tidal, wave, and fuel-cell electricity capacity per capita",Positive
NAM,Namibia,纳米比亚,516,0.004787223055326424,0.3992622943327636,S,6.461868513899478e-06,0.0005389304861543,0.3944750712774372,0.3944750712774372,0.0005324686176404005,Improved,Observed both endpoints,Increased,Positive indicator: raw increase is improvement,0.007351555605038194,0.029406222420152815,资源,能源生产和消费,人均太阳能、潮汐、波浪、燃料电池发电装机容量,"Solar, tide, wave, fuel cell electricity installed capacity (million kilowatts)_per_capita",正向,美国能源信息署,0.0745451983186821,0.0186362995796705,Resource,Energy production and consumption,"Solar, tidal, wave, and fuel-cell electricity capacity per capita",Positive
NER,Niger,尼日尔,562,0.0003728867653092917,0.004400821355859706,W,5.033283847764303e-07,5.940297459732047e-06,0.0040279345905504145,0.0040279345905504145,5.436969074955617e-06,Improved,Observed both endpoints,Increased,Positive indicator: raw increase is improvement,7.506579571681496e-05,0.00030026318286726023,资源,能源生产和消费,人均太阳能、潮汐、波浪、燃料电池发电装机容量,"Solar, tide, wave, fuel cell electricity installed capacity (million kilowatts)_per_capita",正向,美国能源信息署,0.0745451983186821,0.0186362995796705,Resource,Energy production and consumption,"Solar, tidal, wave, and fuel-cell electricity capacity per capita",Positive
NGA,Nigeria,尼日利亚,566,0.0,0.002474792322315597,W,0.0,3.340513362588847e-06,0.002474792322315597,0.002474792322315597,3.340513362588847e-06,Improved,Observed both endpoints,Increased,Positive indicator: raw increase is improvement,4.612097111614194e-05,0.000184483884464568,资源,能源生产和消费,人均太阳能、潮汐、波浪、燃料电池发电装机容量,"Solar, tide, wave, fuel cell electricity installed capacity (million kilowatts)_per_capita",正向,美国能源信息署,0.0745451983186821,0.0186362995796705,Resource,Energy production and consumption,"Solar, tidal, wave, and fuel-cell electricity capacity per capita",Positive
RWA,Rwanda,卢旺达,646,0.0,0.01396782950133982,E,0.0,1.885399460587065e-05,0.01396782950133982,0.01396782950133982,1.885399460587065e-05,Improved,Observed both endpoints,Increased,Positive indicator: raw increase is improvement,0.0002603086550647285,0.0010412346202589154,资源,能源生产和消费,人均太阳能、潮汐、波浪、燃料电池发电装机容量,"Solar, tide, wave, fuel cell electricity installed capacity (million kilowatts)_per_capita",正向,美国能源信息署,0.0745451983186821,0.0186362995796705,Resource,Energy production and consumption,"Solar, tidal, wave, and fuel-cell electricity capacity per capita",Positive
SEN,Senegal,塞内加尔,686,0.0007979347267167327,0.1030329303690717,W,1.0770647674294049e-06,0.0001390754600218,0.10223499564235497,0.10223499564235497,0.00013799839525437062,Improved,Observed both endpoints,Increased,Positive indicator: raw increase is improvement,0.0019052820063172355,0.0076211280252689514,资源,能源生产和消费,人均太阳能、潮汐、波浪、燃料电池发电装机容量,"Solar, tide, wave, fuel cell electricity installed capacity (million kilowatts)_per_capita",正向,美国能源信息署,0.0745451983186821,0.0186362995796705,Resource,Energy production and consumption,"Solar, tidal, wave, and fuel-cell electricity capacity per capita",Positive
SLE,Sierra Leone,塞拉利昂,694,0.0,0.01372844365981154,W,0.0,1.8530867854898857e-05,0.01372844365981154,0.01372844365981154,1.8530867854898857e-05,Improved,Observed both endpoints,Increased,Positive indicator: raw increase is improvement,0.000255847388806876,0.0010233895552275052,资源,能源生产和消费,人均太阳能、潮汐、波浪、燃料电池发电装机容量,"Solar, tide, wave, fuel cell electricity installed capacity (million kilowatts)_per_capita",正向,美国能源信息署,0.0745451983186821,0.0186362995796705,Resource,Energy production and consumption,"Solar, tidal, wave, and fuel-cell electricity capacity per capita",Positive
STP,São Tomé and Principe,圣多美和普林西比,678,0.0,0.01114795843319913,C,0.0,1.504768855789981e-05,0.01114795843319913,0.01114795843319913,1.504768855789981e-05,Improved,Observed both endpoints,Increased,Positive indicator: raw increase is improvement,0.00020775669306281316,0.0008310267722512537,资源,能源生产和消费,人均太阳能、潮汐、波浪、燃料电池发电装机容量,"Solar, tide, wave, fuel cell electricity installed capacity (million kilowatts)_per_capita",正向,美国能源信息署,0.0745451983186821,0.0186362995796705,Resource,Energy production and consumption,"Solar, tidal, wave, and fuel-cell electricity capacity per capita",Positive
SWZ,Swaziland,斯威士兰,748,0.0,0.06710963970099745,S,0.0,9.05856407255802e-05,0.06710963970099745,0.06710963970099745,9.05856407255802e-05,Improved,Observed both endpoints,Increased,Positive indicator: raw increase is improvement,0.0012506753501515377,0.005002701400606157,资源,能源生产和消费,人均太阳能、潮汐、波浪、燃料电池发电装机容量,"Solar, tide, wave, fuel cell electricity installed capacity (million kilowatts)_per_capita",正向,美国能源信息署,0.0745451983186821,0.0186362995796705,Resource,Energy production and consumption,"Solar, tidal, wave, and fuel-cell electricity capacity per capita",Positive
SYC,Seychelles,塞舌尔,690,0.0,0.9999999999999999,E,0.0,0.0013498156319893,0.9999999999999999,0.9999999999999999,0.0013498156319893,Improved,Observed both endpoints,Increased,Positive indicator: raw increase is improvement,0.018636299579670498,0.07454519831868209,资源,能源生产和消费,人均太阳能、潮汐、波浪、燃料电池发电装机容量,"Solar, tide, wave, fuel cell electricity installed capacity (million kilowatts)_per_capita",正向,美国能源信息署,0.0745451983186821,0.0186362995796705,Resource,Energy production and consumption,"Solar, tidal, wave, and fuel-cell electricity capacity per capita",Positive
TCD,Chad,乍得,148,0.0,0.0008310865743462484,C,0.0,1.1218136495890543e-06,0.0008310865743462484,0.0008310865743462484,1.1218136495890543e-06,Improved,Observed both endpoints,Increased,Positive indicator: raw increase is improvement,1.5488378376158786e-05,6.195351350463522e-05,资源,能源生产和消费,人均太阳能、潮汐、波浪、燃料电池发电装机容量,"Solar, tide, wave, fuel cell electricity installed capacity (million kilowatts)_per_capita",正向,美国能源信息署,0.0745451983186821,0.0186362995796705,Resource,Energy production and consumption,"Solar, tidal, wave, and fuel-cell electricity capacity per capita",Positive
TGO,Togo,多哥,768,0.0,0.05340376060658717,W,0.0,7.208523087378901e-05,0.05340376060658717,0.05340376060658717,7.208523087378901e-05,Improved,Observed both endpoints,Increased,Positive indicator: raw increase is improvement,0.0009952484813453646,0.003980993925381464,资源,能源生产和消费,人均太阳能、潮汐、波浪、燃料电池发电装机容量,"Solar, tide, wave, fuel cell electricity installed capacity (million kilowatts)_per_capita",正向,美国能源信息署,0.0745451983186821,0.0186362995796705,Resource,Energy production and consumption,"Solar, tidal, wave, and fuel-cell electricity capacity per capita",Positive
TZA,Tanzania,坦桑尼亚,834,0.0,0.002240315791240669,E,0.0,3.02401327560927e-06,0.002240315791240669,0.002240315791240669,3.02401327560927e-06,Improved,Observed both endpoints,Increased,Positive indicator: raw increase is improvement,4.1751196238627664e-05,0.00016700478495451087,资源,能源生产和消费,人均太阳能、潮汐、波浪、燃料电池发电装机容量,"Solar, tide, wave, fuel cell electricity installed capacity (million kilowatts)_per_capita",正向,美国能源信息署,0.0745451983186821,0.0186362995796705,Resource,Energy production and consumption,"Solar, tidal, wave, and fuel-cell electricity capacity per capita",Positive
UGA,Uganda,乌干达,800,0.0002395058972578435,0.01459901811791723,E,3.232888040722751e-07,1.9705982867260583e-05,0.014359512220659386,0.014359512220659386,1.938269406318831e-05,Improved,Observed both endpoints,Increased,Positive indicator: raw increase is improvement,0.00026760817156214797,0.0010704326862485932,资源,能源生产和消费,人均太阳能、潮汐、波浪、燃料电池发电装机容量,"Solar, tide, wave, fuel cell electricity installed capacity (million kilowatts)_per_capita",正向,美国能源信息署,0.0745451983186821,0.0186362995796705,Resource,Energy production and consumption,"Solar, tidal, wave, and fuel-cell electricity capacity per capita",Positive
ZAF,South Africa,南非,710,0.0,0.7607954624762716,S,0.0,0.001026933607997,0.7607954624762716,0.7607954624762716,0.001026933607997,Improved,Observed both endpoints,Increased,Positive indicator: raw increase is improvement,0.014178412157561765,0.05671364863024714,资源,能源生产和消费,人均太阳能、潮汐、波浪、燃料电池发电装机容量,"Solar, tide, wave, fuel cell electricity installed capacity (million kilowatts)_per_capita",正向,美国能源信息署,0.0745451983186821,0.0186362995796705,Resource,Energy production and consumption,"Solar, tidal, wave, and fuel-cell electricity capacity per capita",Positive
ZMB,Zambia,赞比亚,894,0.0,0.03643969243836866,S,0.0,4.9186866478194546e-05,0.03643969243836866,0.03643969243836866,4.9186866478194546e-05,Improved,Observed both endpoints,Increased,Positive indicator: raw increase is improvement,0.0006791010248724922,0.002716404099489972,资源,能源生产和消费,人均太阳能、潮汐、波浪、燃料电池发电装机容量,"Solar, tide, wave, fuel cell electricity installed capacity (million kilowatts)_per_capita",正向,美国能源信息署,0.0745451983186821,0.0186362995796705,Resource,Energy production and consumption,"Solar, tidal, wave, and fuel-cell electricity capacity per capita",Positive
ZWE,Zimbabwe,津巴布韦,716,0.0,0.01547601332844947,S,0.0,2.0889764711616797e-05,0.01547601332844947,0.01547601332844947,2.0889764711616797e-05,Improved,Observed both endpoints,Increased,Positive indicator: raw increase is improvement,0.00028841562068795794,0.0011536624827518333,资源,能源生产和消费,人均太阳能、潮汐、波浪、燃料电池发电装机容量,"Solar, tide, wave, fuel cell electricity installed capacity (million kilowatts)_per_capita",正向,美国能源信息署,0.0745451983186821,0.0186362995796705,Resource,Energy production and consumption,"Solar, tidal, wave, and fuel-cell electricity capacity per capita",Positive
AGO,Angola,安哥拉,24,0.2692061459667093,0.3961801109688434,S,25.23,37.13,0.12697396500213415,0.12697396500213415,11.900000000000002,Improved,Observed both endpoints,Increased,Positive indicator: raw increase is improvement,0.004710357612188844,0.018841430448755414,生态,生态保护,物种保护指数,Species Protection Index,正向,耶鲁大学EPI数据库,0.1483881396350719,0.0370970349087679,Ecological,Ecological protection,Species Protection Index,Positive
BDI,Burundi,布隆迪,108,0.3047375160051216,0.3691848058045241,E,28.56,34.6,0.06444728979940251,0.06444728979940251,6.040000000000003,Improved,Observed both endpoints,Increased,Positive indicator: raw increase is improvement,0.0023908033594639165,0.009563213437855683,生态,生态保护,物种保护指数,Species Protection Index,正向,耶鲁大学EPI数据库,0.1483881396350719,0.0370970349087679,Ecological,Ecological protection,Species Protection Index,Positive
BEN,Benin,贝宁,204,0.7610968843363208,0.8053777208706786,W,71.33,75.48,0.04428083653435777,0.04428083653435777,4.150000000000006,Improved,Observed both endpoints,Increased,Positive indicator: raw increase is improvement,0.0016426877387045154,0.006570750954818074,生态,生态保护,物种保护指数,Species Protection Index,正向,耶鲁大学EPI数据库,0.1483881396350719,0.0370970349087679,Ecological,Ecological protection,Species Protection Index,Positive
BFA,Burkina Faso,布基纳法索,854,0.5915492957746479,0.9583866837387963,W,55.44,89.82,0.36683738796414844,0.36683738796414844,34.379999999999995,Improved,Observed both endpoints,Increased,Positive indicator: raw increase is improvement,0.01360857938714725,0.0544343175485891,生态,生态保护,物种保护指数,Species Protection Index,正向,耶鲁大学EPI数据库,0.1483881396350719,0.0370970349087679,Ecological,Ecological protection,Species Protection Index,Positive
BWA,Botswana,博茨瓦纳,72,0.9999999999999999,0.9999999999999999,S,93.72,93.72,0.0,0.0,0.0,Unchanged,Observed both endpoints,Unchanged,Positive indicator: raw increase is improvement,0.0,0.0,生态,生态保护,物种保护指数,Species Protection Index,正向,耶鲁大学EPI数据库,0.1483881396350719,0.0370970349087679,Ecological,Ecological protection,Species Protection Index,Positive
CAF,Central African Republic,中非,140,0.5880281690140845,0.6333760136577038,C,55.11,59.36,0.045347844643619295,0.045347844643619295,4.25,Improved,Observed both endpoints,Increased,Positive indicator: raw increase is improvement,0.0016822705757817285,0.006729082303126926,生态,生态保护,物种保护指数,Species Protection Index,正向,耶鲁大学EPI数据库,0.1483881396350719,0.0370970349087679,Ecological,Ecological protection,Species Protection Index,Positive
CIV,Côte d'Ivoire,科特迪瓦,384,0.5021340162185233,0.5136577037985488,W,47.06,48.14,0.011523687580025532,0.011523687580025532,1.0799999999999983,Improved,Observed both endpoints,Increased,Positive indicator: raw increase is improvement,0.00042749464043394226,0.0017099785617357723,生态,生态保护,物种保护指数,Species Protection Index,正向,耶鲁大学EPI数据库,0.1483881396350719,0.0370970349087679,Ecological,Ecological protection,Species Protection Index,Positive
CMR,Cameroon,喀麦隆,120,0.1173708920187793,0.3302390098164746,C,11.0,30.95,0.21286811779769527,0.21286811779769527,19.95,Improved,Observed both endpoints,Increased,Positive indicator: raw increase is improvement,0.007896775996904819,0.03158710398761934,生态,生态保护,物种保护指数,Species Protection Index,正向,耶鲁大学EPI数据库,0.1483881396350719,0.0370970349087679,Ecological,Ecological protection,Species Protection Index,Positive
COD,"Congo, Dem. Rep.",刚果（金）,180,0.4081306017925736,0.6444728979940247,C,38.25,60.4,0.23634229620145114,0.23634229620145114,22.15,Improved,Observed both endpoints,Increased,Positive indicator: raw increase is improvement,0.008767598412603597,0.03507039365041445,生态,生态保护,物种保护指数,Species Protection Index,正向,耶鲁大学EPI数据库,0.1483881396350719,0.0370970349087679,Ecological,Ecological protection,Species Protection Index,Positive
COG,"Congo, Rep.",刚果（布）,178,0.1283610755441741,0.8687580025608195,C,12.03,81.42,0.7403969270166454,0.7403969270166454,69.39,Improved,Observed both endpoints,Increased,Positive indicator: raw increase is improvement,0.027466530647880974,0.1098661225915241,生态,生态保护,物种保护指数,Species Protection Index,正向,耶鲁大学EPI数据库,0.1483881396350719,0.0370970349087679,Ecological,Ecological protection,Species Protection Index,Positive
COM,Comoros,科摩罗,174,0.0,0.4622279129321383,E,0.0,43.32,0.4622279129321383,0.4622279129321383,43.32,Improved,Observed both endpoints,Increased,Positive indicator: raw increase is improvement,0.017147285021850464,0.06858914008740198,生态,生态保护,物种保护指数,Species Protection Index,正向,耶鲁大学EPI数据库,0.1483881396350719,0.0370970349087679,Ecological,Ecological protection,Species Protection Index,Positive
CPV,Cape Verde,佛得角,132,0.0,0.003947930004268032,W,0.0,0.37,0.003947930004268032,0.003947930004268032,0.37,Improved,Observed both endpoints,Increased,Positive indicator: raw increase is improvement,0.00014645649718570338,0.0005858259887428146,生态,生态保护,物种保护指数,Species Protection Index,正向,耶鲁大学EPI数据库,0.1483881396350719,0.0370970349087679,Ecological,Ecological protection,Species Protection Index,Positive
DJI,Djibouti,吉布提,262,0.0,0.07287665386256935,E,0.0,6.83,0.07287665386256935,0.07287665386256935,6.83,Improved,Observed both endpoints,Increased,Positive indicator: raw increase is improvement,0.0027035077723739304,0.01081403108949574,生态,生态保护,物种保护指数,Species Protection Index,正向,耶鲁大学EPI数据库,0.1483881396350719,0.0370970349087679,Ecological,Ecological protection,Species Protection Index,Positive
ERI,Eritrea,厄立特里亚,232,0.0,0.000106700810926163,E,0.0,0.01,0.000106700810926163,0.000106700810926163,0.01,Improved,Observed both endpoints,Increased,Positive indicator: raw increase is improvement,3.958283707721713e-06,1.583313483088688e-05,生态,生态保护,物种保护指数,Species Protection Index,正向,耶鲁大学EPI数据库,0.1483881396350719,0.0370970349087679,Ecological,Ecological protection,Species Protection Index,Positive
ETH,Ethiopia,埃塞俄比亚,231,0.3725992317541613,0.5460947503201024,E,34.92,51.18,0.17349551856594103,0.17349551856594103,16.259999999999998,Improved,Observed both endpoints,Increased,Positive indicator: raw increase is improvement,0.006436169308755504,0.025744677235022065,生态,生态保护,物种保护指数,Species Protection Index,正向,耶鲁大学EPI数据库,0.1483881396350719,0.0370970349087679,Ecological,Ecological protection,Species Protection Index,Positive
GAB,Gabon,加蓬,266,0.2118011096884336,0.9295774647887324,C,19.85,87.12,0.7177763551002988,0.7177763551002988,67.27000000000001,Improved,Observed both endpoints,Increased,Positive indicator: raw increase is improvement,0.02662737450184397,0.10650949800737608,生态,生态保护,物种保护指数,Species Protection Index,正向,耶鲁大学EPI数据库,0.1483881396350719,0.0370970349087679,Ecological,Ecological protection,Species Protection Index,Positive
GHA,Ghana,加纳,288,0.8366410584720443,0.844963721724285,W,78.41,79.19,0.008322663252240736,0.008322663252240736,0.7800000000000011,Improved,Observed both endpoints,Increased,Positive indicator: raw increase is improvement,0.0003087461292022944,0.0012349845168091798,生态,生态保护,物种保护指数,Species Protection Index,正向,耶鲁大学EPI数据库,0.1483881396350719,0.0370970349087679,Ecological,Ecological protection,Species Protection Index,Positive
GIN,Guinea,几内亚,324,0.2721937686726419,0.6299615877080665,W,25.51,59.04,0.35776781903542465,0.35776781903542465,33.53,Improved,Observed both endpoints,Increased,Positive indicator: raw increase is improvement,0.013272125271990906,0.05308850108796372,生态,生态保护,物种保护指数,Species Protection Index,正向,耶鲁大学EPI数据库,0.1483881396350719,0.0370970349087679,Ecological,Ecological protection,Species Protection Index,Positive
GMB,"Gambia, The",冈比亚,270,0.2128681177976952,0.3293854033290653,W,19.95,30.87,0.11651728553137009,0.11651728553137009,10.920000000000002,Improved,Observed both endpoints,Increased,Positive indicator: raw increase is improvement,0.0043224458088321135,0.017289783235328485,生态,生态保护,物种保护指数,Species Protection Index,正向,耶鲁大学EPI数据库,0.1483881396350719,0.0370970349087679,Ecological,Ecological protection,Species Protection Index,Positive
GNB,Guinea-Bissau,几内亚（比绍）,624,0.4200810926163038,0.645966709346991,W,39.37,60.54,0.2258856167306872,0.2258856167306872,21.17,Improved,Observed both endpoints,Increased,Positive indicator: raw increase is improvement,0.008379686609246869,0.03351874643698754,生态,生态保护,物种保护指数,Species Protection Index,正向,耶鲁大学EPI数据库,0.1483881396350719,0.0370970349087679,Ecological,Ecological protection,Species Protection Index,Positive
GNQ,Equatorial Guinea,赤道几内亚,226,0.647994024754588,0.748079385403329,C,60.73,70.11,0.10008536064874096,0.10008536064874096,9.380000000000003,Improved,Observed both endpoints,Increased,Positive indicator: raw increase is improvement,0.003712870117842969,0.014851480471371904,生态,生态保护,物种保护指数,Species Protection Index,正向,耶鲁大学EPI数据库,0.1483881396350719,0.0370970349087679,Ecological,Ecological protection,Species Protection Index,Positive
KEN,Kenya,肯尼亚,404,0.5226205719163465,0.5496158770806657,E,48.98,51.51,0.02699530516431925,0.02699530516431925,2.530000000000001,Improved,Observed both endpoints,Increased,Positive indicator: raw increase is improvement,0.0010014457780535937,0.0040057831122143825,生态,生态保护,物种保护指数,Species Protection Index,正向,耶鲁大学EPI数据库,0.1483881396350719,0.0370970349087679,Ecological,Ecological protection,Species Protection Index,Positive
LBR,Liberia,利比里亚,430,0.07276995305164319,0.1571702944942381,W,6.82,14.73,0.08440034144259492,0.08440034144259492,7.91,Improved,Observed both endpoints,Increased,Positive indicator: raw increase is improvement,0.003131002412807874,0.01252400965123152,生态,生态保护,物种保护指数,Species Protection Index,正向,耶鲁大学EPI数据库,0.1483881396350719,0.0370970349087679,Ecological,Ecological protection,Species Protection Index,Positive
LSO,Lesotho,莱索托,426,0.004481434058898847,0.005014938113529662,S,0.42,0.47,0.0005335040546308152,0.0005335040546308152,0.04999999999999999,Improved,Observed both endpoints,Increased,Positive indicator: raw increase is improvement,1.979141853860857e-05,7.916567415443443e-05,生态,生态保护,物种保护指数,Species Protection Index,正向,耶鲁大学EPI数据库,0.1483881396350719,0.0370970349087679,Ecological,Ecological protection,Species Protection Index,Positive
MDG,Madagascar,马达加斯加,450,0.3728126333760136,0.4146393512590695,E,34.94,38.86,0.041826717883055864,0.041826717883055864,3.9200000000000017,Improved,Observed both endpoints,Increased,Positive indicator: raw increase is improvement,0.00155164721342691,0.006206588853707652,生态,生态保护,物种保护指数,Species Protection Index,正向,耶鲁大学EPI数据库,0.1483881396350719,0.0370970349087679,Ecological,Ecological protection,Species Protection Index,Positive
MLI,Mali,马里,466,0.3322663252240717,0.757255655142979,W,31.14,70.97,0.4249893299189073,0.4249893299189073,39.83,Improved,Observed both endpoints,Increased,Positive indicator: raw increase is improvement,0.015765844007855582,0.06306337603142245,生态,生态保护,物种保护指数,Species Protection Index,正向,耶鲁大学EPI数据库,0.1483881396350719,0.0370970349087679,Ecological,Ecological protection,Species Protection Index,Positive
MOZ,Mozambique,莫桑比克,508,0.3590482287665386,0.622385830132309,S,33.65,58.33,0.2633376013657704,0.2633376013657704,24.68,Improved,Observed both endpoints,Increased,Positive indicator: raw increase is improvement,0.00976904419065719,0.03907617676262883,生态,生态保护,物种保护指数,Species Protection Index,正向,耶鲁大学EPI数据库,0.1483881396350719,0.0370970349087679,Ecological,Ecological protection,Species Protection Index,Positive
MUS,Mauritius,毛里求斯,480,0.1078745198463508,0.1174775928297055,S,10.11,11.01,0.009603072983354707,0.009603072983354707,0.9000000000000004,Improved,Observed both endpoints,Increased,Positive indicator: raw increase is improvement,0.0003562455336949555,0.0014249821347798247,生态,生态保护,物种保护指数,Species Protection Index,正向,耶鲁大学EPI数据库,0.1483881396350719,0.0370970349087679,Ecological,Ecological protection,Species Protection Index,Positive
MWI,Malawi,马拉维,454,0.8226632522407169,0.8509389671361501,S,77.1,79.75,0.028275714895433235,0.028275714895433235,2.6500000000000057,Improved,Observed both endpoints,Increased,Positive indicator: raw increase is improvement,0.0010489451825462554,0.004195780730185029,生态,生态保护,物种保护指数,Species Protection Index,正向,耶鲁大学EPI数据库,0.1483881396350719,0.0370970349087679,Ecological,Ecological protection,Species Protection Index,Positive
NAM,Namibia,纳米比亚,516,0.5765044814340589,0.9026888604353391,S,54.03,84.6,0.3261843790012803,0.3261843790012803,30.569999999999993,Improved,Observed both endpoints,Increased,Positive indicator: raw increase is improvement,0.012100473294505275,0.04840189317802119,生态,生态保护,物种保护指数,Species Protection Index,正向,耶鲁大学EPI数据库,0.1483881396350719,0.0370970349087679,Ecological,Ecological protection,Species Protection Index,Positive
NER,Niger,尼日尔,562,0.3267178830559112,0.8331199317114809,W,30.62,78.08,0.5064020486555697,0.5064020486555697,47.459999999999994,Improved,Observed both endpoints,Increased,Positive indicator: raw increase is improvement,0.01878601447684725,0.07514405790738915,生态,生态保护,物种保护指数,Species Protection Index,正向,耶鲁大学EPI数据库,0.1483881396350719,0.0370970349087679,Ecological,Ecological protection,Species Protection Index,Positive
NGA,Nigeria,尼日利亚,566,0.2071062740076824,0.2476525821596244,W,19.41,23.21,0.04054630815194202,0.04054630815194202,3.8000000000000007,Improved,Observed both endpoints,Increased,Positive indicator: raw increase is improvement,0.0015041478089342535,0.006016591235737025,生态,生态保护,物种保护指数,Species Protection Index,正向,耶鲁大学EPI数据库,0.1483881396350719,0.0370970349087679,Ecological,Ecological protection,Species Protection Index,Positive
RWA,Rwanda,卢旺达,646,0.4603072983354674,0.4754588134869825,E,43.14,44.56,0.015151515151515083,0.015151515151515083,1.4200000000000017,Improved,Observed both endpoints,Increased,Positive indicator: raw increase is improvement,0.0005620762864964808,0.0022483051459859273,生态,生态保护,物种保护指数,Species Protection Index,正向,耶鲁大学EPI数据库,0.1483881396350719,0.0370970349087679,Ecological,Ecological protection,Species Protection Index,Positive
SEN,Senegal,塞内加尔,686,0.4948783610755442,0.5973111395646606,W,46.38,55.98,0.10243277848911642,0.10243277848911642,9.599999999999994,Improved,Observed both endpoints,Increased,Positive indicator: raw increase is improvement,0.0037999523594128416,0.015199809437651394,生态,生态保护,物种保护指数,Species Protection Index,正向,耶鲁大学EPI数据库,0.1483881396350719,0.0370970349087679,Ecological,Ecological protection,Species Protection Index,Positive
SLE,Sierra Leone,塞拉利昂,694,0.3968203158344003,0.6349765258215961,W,37.19,59.51,0.23815620998719583,0.23815620998719583,22.32,Improved,Observed both endpoints,Increased,Positive indicator: raw increase is improvement,0.008834889235634863,0.03533955694253952,生态,生态保护,物种保护指数,Species Protection Index,正向,耶鲁大学EPI数据库,0.1483881396350719,0.0370970349087679,Ecological,Ecological protection,Species Protection Index,Positive
STP,São Tomé and Principe,圣多美和普林西比,678,0.0,0.0,C,0.0,0.0,0.0,0.0,0.0,Unchanged,Observed both endpoints,Unchanged,Positive indicator: raw increase is improvement,0.0,0.0,生态,生态保护,物种保护指数,Species Protection Index,正向,耶鲁大学EPI数据库,0.1483881396350719,0.0370970349087679,Ecological,Ecological protection,Species Protection Index,Positive
SWZ,Swaziland,斯威士兰,748,0.1543960734101579,0.181284677763551,S,14.47,16.99,0.026888604353393103,0.026888604353393103,2.519999999999998,Improved,Observed both endpoints,Increased,Positive indicator: raw increase is improvement,0.0009974874943458724,0.0039899499773834975,生态,生态保护,物种保护指数,Species Protection Index,正向,耶鲁大学EPI数据库,0.1483881396350719,0.0370970349087679,Ecological,Ecological protection,Species Protection Index,Positive
SYC,Seychelles,塞舌尔,690,0.1225992317541613,0.1291079812206573,E,11.49,12.1,0.006508749466496003,0.006508749466496003,0.6099999999999994,Improved,Observed both endpoints,Increased,Positive indicator: raw increase is improvement,0.00024145530617102667,0.0009658212246841085,生态,生态保护,物种保护指数,Species Protection Index,正向,耶鲁大学EPI数据库,0.1483881396350719,0.0370970349087679,Ecological,Ecological protection,Species Protection Index,Positive
TCD,Chad,乍得,148,0.5519632949210413,0.7345283824157064,C,51.73,68.84,0.18256508749466505,0.18256508749466505,17.110000000000007,Improved,Observed both endpoints,Increased,Positive indicator: raw increase is improvement,0.0067726234239118555,0.027090493695647474,生态,生态保护,物种保护指数,Species Protection Index,正向,耶鲁大学EPI数据库,0.1483881396350719,0.0370970349087679,Ecological,Ecological protection,Species Protection Index,Positive
TGO,Togo,多哥,768,0.4126120358514724,0.6683738796414852,W,38.67,62.64,0.2557618437900128,0.2557618437900128,23.97,Improved,Observed both endpoints,Increased,Positive indicator: raw increase is improvement,0.009488006047408949,0.03795202418963586,生态,生态保护,物种保护指数,Species Protection Index,正向,耶鲁大学EPI数据库,0.1483881396350719,0.0370970349087679,Ecological,Ecological protection,Species Protection Index,Positive
TZA,Tanzania,坦桑尼亚,834,0.4447289799402475,0.6540759709773794,E,41.68,61.3,0.20934699103713184,0.20934699103713184,19.619999999999997,Improved,Observed both endpoints,Increased,Positive indicator: raw increase is improvement,0.007766152634550001,0.03106461053820006,生态,生态保护,物种保护指数,Species Protection Index,正向,耶鲁大学EPI数据库,0.1483881396350719,0.0370970349087679,Ecological,Ecological protection,Species Protection Index,Positive
UGA,Uganda,乌干达,800,0.6378574477166026,0.7413572343149808,E,59.78,69.48,0.10349978659837822,0.10349978659837822,9.700000000000003,Improved,Observed both endpoints,Increased,Positive indicator: raw increase is improvement,0.003839535196490065,0.01535814078596029,生态,生态保护,物种保护指数,Species Protection Index,正向,耶鲁大学EPI数据库,0.1483881396350719,0.0370970349087679,Ecological,Ecological protection,Species Protection Index,Positive
ZAF,South Africa,南非,710,0.2772087067861715,0.3697183098591549,S,25.98,34.65,0.09250960307298339,0.09250960307298339,8.669999999999998,Improved,Observed both endpoints,Increased,Positive indicator: raw increase is improvement,0.003431831974594727,0.013727327898378935,生态,生态保护,物种保护指数,Species Protection Index,正向,耶鲁大学EPI数据库,0.1483881396350719,0.0370970349087679,Ecological,Ecological protection,Species Protection Index,Positive
ZMB,Zambia,赞比亚,894,0.9461160904822876,0.9677763551002987,S,88.67,90.7,0.02166026461801107,0.02166026461801107,2.030000000000001,Improved,Observed both endpoints,Increased,Positive indicator: raw increase is improvement,0.000803531592667507,0.003214126370670034,生态,生态保护,物种保护指数,Species Protection Index,正向,耶鲁大学EPI数据库,0.1483881396350719,0.0370970349087679,Ecological,Ecological protection,Species Protection Index,Positive
ZWE,Zimbabwe,津巴布韦,716,0.5858941527955611,0.7217242851045668,S,54.91,67.64,0.13583013230900565,0.13583013230900565,12.730000000000004,Improved,Observed both endpoints,Increased,Positive indicator: raw increase is improvement,0.0050388951599297455,0.02015558063971902,生态,生态保护,物种保护指数,Species Protection Index,正向,耶鲁大学EPI数据库,0.1483881396350719,0.0370970349087679,Ecological,Ecological protection,Species Protection Index,Positive
AGO,Angola,安哥拉,24,0.9730869596612409,0.9705681026802614,S,2.235140771637122,2.44433303922355,-0.0025188569809795336,-0.0025188569809795336,0.20919226758642795,Deteriorated,Observed both endpoints,Increased,Negative indicator: raw decrease is improvement,-7.564228384890581e-05,-0.00030256913539562395,生态,生态环境,陆地贫瘠土地面积占比,"Terrestrial barren land|1000 HA|ECCCT|Terrestrial Barren Land|Environment, Climate Change, Climate Indicators, Land Cover Accounts, Terrestrial Barren Land|Climate neutral(% of land area)",负向,世界货币基金组织气候变化数据库,0.1201216018536951,0.0300304004634237,Ecological,Ecological conditions,Terrestrial barren land (% of land area),Negative
BDI,Burundi,布隆迪,108,1.0,1.0,E,0.0,0.0,0.0,0.0,0.0,Unchanged,Observed both endpoints,Unchanged,Negative indicator: raw decrease is improvement,0.0,0.0,生态,生态环境,陆地贫瘠土地面积占比,"Terrestrial barren land|1000 HA|ECCCT|Terrestrial Barren Land|Environment, Climate Change, Climate Indicators, Land Cover Accounts, Terrestrial Barren Land|Climate neutral(% of land area)",负向,世界货币基金组织气候变化数据库,0.1201216018536951,0.0300304004634237,Ecological,Ecological conditions,Terrestrial barren land (% of land area),Negative
BEN,Benin,贝宁,204,0.9999476762460803,0.9999765077023217,W,0.0043455125931181,0.0019510464703795,2.8831456241440456e-05,2.8831456241440456e-05,-0.0023944661227386,Improved,Observed both endpoints,Decreased,Negative indicator: raw decrease is improvement,8.658201768741336e-07,3.463280707496543e-06,生态,生态环境,陆地贫瘠土地面积占比,"Terrestrial barren land|1000 HA|ECCCT|Terrestrial Barren Land|Environment, Climate Change, Climate Indicators, Land Cover Accounts, Terrestrial Barren Land|Climate neutral(% of land area)",负向,世界货币基金组织气候变化数据库,0.1201216018536951,0.0300304004634237,Ecological,Ecological conditions,Terrestrial barren land (% of land area),Negative
BFA,Burkina Faso,布基纳法索,854,0.9957148408258345,0.9946313385266874,W,0.3558845029239766,0.4458698830409356,-0.00108350229914711,-0.00108350229914711,0.089985380116959,Deteriorated,Observed both endpoints,Increased,Negative indicator: raw decrease is improvement,-3.253800794642801e-05,-0.00013015203178571238,生态,生态环境,陆地贫瘠土地面积占比,"Terrestrial barren land|1000 HA|ECCCT|Terrestrial Barren Land|Environment, Climate Change, Climate Indicators, Land Cover Accounts, Terrestrial Barren Land|Climate neutral(% of land area)",负向,世界货币基金组织气候变化数据库,0.1201216018536951,0.0300304004634237,Ecological,Ecological conditions,Terrestrial barren land (% of land area),Negative
BWA,Botswana,博茨瓦纳,72,0.9804577266310277,0.9808924242969651,S,1.6229950770208037,1.5868932295802232,0.0004346976659374002,0.0004346976659374002,-0.03610184744058054,Improved,Observed both endpoints,Decreased,Negative indicator: raw decrease is improvement,1.3054144988615705e-05,5.221657995446295e-05,生态,生态环境,陆地贫瘠土地面积占比,"Terrestrial barren land|1000 HA|ECCCT|Terrestrial Barren Land|Environment, Climate Change, Climate Indicators, Land Cover Accounts, Terrestrial Barren Land|Climate neutral(% of land area)",负向,世界货币基金组织气候变化数据库,0.1201216018536951,0.0300304004634237,Ecological,Ecological conditions,Terrestrial barren land (% of land area),Negative
CAF,Central African Republic,中非,140,0.9999963277065484,0.9999855041047965,C,0.000304985713827,0.0012038909756332,-1.082360175197472e-05,-1.082360175197472e-05,0.0008989052618062001,Deteriorated,Observed both endpoints,Increased,Negative indicator: raw decrease is improvement,-3.250370950684152e-07,-1.300148380273664e-06,生态,生态环境,陆地贫瘠土地面积占比,"Terrestrial barren land|1000 HA|ECCCT|Terrestrial Barren Land|Environment, Climate Change, Climate Indicators, Land Cover Accounts, Terrestrial Barren Land|Climate neutral(% of land area)",负向,世界货币基金组织气候变化数据库,0.1201216018536951,0.0300304004634237,Ecological,Ecological conditions,Terrestrial barren land (% of land area),Negative
CIV,Côte d'Ivoire,科特迪瓦,384,0.9999965922064928,1.0,W,0.0002830188679245,0.0,3.4077935071596954e-06,3.4077935071596954e-06,-0.0002830188679245,Improved,Observed both endpoints,Decreased,Negative indicator: raw decrease is improvement,1.0233740371666079e-07,4.0934961486664417e-07,生态,生态环境,陆地贫瘠土地面积占比,"Terrestrial barren land|1000 HA|ECCCT|Terrestrial Barren Land|Environment, Climate Change, Climate Indicators, Land Cover Accounts, Terrestrial Barren Land|Climate neutral(% of land area)",负向,世界货币基金组织气候变化数据库,0.1201216018536951,0.0300304004634237,Ecological,Ecological conditions,Terrestrial barren land (% of land area),Negative
CMR,Cameroon,喀麦隆,120,0.9999477823944845,0.9999656127963679,C,0.0043366969177719,0.0028558735799961,1.7830401883411895e-05,1.7830401883411895e-05,-0.0014808233377758004,Improved,Observed both endpoints,Decreased,Negative indicator: raw decrease is improvement,5.354541089826434e-07,2.1418164359305788e-06,生态,生态环境,陆地贫瘠土地面积占比,"Terrestrial barren land|1000 HA|ECCCT|Terrestrial Barren Land|Environment, Climate Change, Climate Indicators, Land Cover Accounts, Terrestrial Barren Land|Climate neutral(% of land area)",负向,世界货币基金组织气候变化数据库,0.1201216018536951,0.0300304004634237,Ecological,Ecological conditions,Terrestrial barren land (% of land area),Negative
COD,"Congo, Dem. Rep.",刚果（金）,180,0.9998536750493837,0.9997973226818324,C,0.0121523565867537,0.0168324474537394,-5.635236755130446e-05,-5.635236755130446e-05,0.0046800908669857,Deteriorated,Observed both endpoints,Increased,Negative indicator: raw decrease is improvement,-1.6922841646277162e-06,-6.769136658510881e-06,生态,生态环境,陆地贫瘠土地面积占比,"Terrestrial barren land|1000 HA|ECCCT|Terrestrial Barren Land|Environment, Climate Change, Climate Indicators, Land Cover Accounts, Terrestrial Barren Land|Climate neutral(% of land area)",负向,世界货币基金组织气候变化数据库,0.1201216018536951,0.0300304004634237,Ecological,Ecological conditions,Terrestrial barren land (% of land area),Negative
COG,"Congo, Rep.",刚果（布）,178,0.9999985896491488,0.99998483872835,C,0.000117130307467,0.0012591508052708,-1.3750920798805133e-05,-1.3750920798805133e-05,0.0011420204978038,Deteriorated,Observed both endpoints,Increased,Negative indicator: raw decrease is improvement,-4.129456583289403e-07,-1.651782633315765e-06,生态,生态环境,陆地贫瘠土地面积占比,"Terrestrial barren land|1000 HA|ECCCT|Terrestrial Barren Land|Environment, Climate Change, Climate Indicators, Land Cover Accounts, Terrestrial Barren Land|Climate neutral(% of land area)",负向,世界货币基金组织气候变化数据库,0.1201216018536951,0.0300304004634237,Ecological,Ecological conditions,Terrestrial barren land (% of land area),Negative
COM,Comoros,科摩罗,174,1.0,1.0,E,0.0,0.0,0.0,0.0,0.0,Unchanged,Observed both endpoints,Unchanged,Negative indicator: raw decrease is improvement,0.0,0.0,生态,生态环境,陆地贫瘠土地面积占比,"Terrestrial barren land|1000 HA|ECCCT|Terrestrial Barren Land|Environment, Climate Change, Climate Indicators, Land Cover Accounts, Terrestrial Barren Land|Climate neutral(% of land area)",负向,世界货币基金组织气候变化数据库,0.1201216018536951,0.0300304004634237,Ecological,Ecological conditions,Terrestrial barren land (% of land area),Negative
CPV,Cape Verde,佛得角,132,0.5828421031994653,0.5984384663372591,W,34.64516129032258,33.349875930521094,0.015596363137793778,0.015596363137793778,-1.2952853598014826,Improved,Observed both endpoints,Decreased,Negative indicator: raw decrease is improvement,0.00046836503080092663,0.0018734601232037109,生态,生态环境,陆地贫瘠土地面积占比,"Terrestrial barren land|1000 HA|ECCCT|Terrestrial Barren Land|Environment, Climate Change, Climate Indicators, Land Cover Accounts, Terrestrial Barren Land|Climate neutral(% of land area)",负向,世界货币基金组织气候变化数据库,0.1201216018536951,0.0300304004634237,Ecological,Ecological conditions,Terrestrial barren land (% of land area),Negative
DJI,Djibouti,吉布提,262,0.002072608837936474,0.02531803377469333,E,82.8783433994823,80.94779982743744,0.023245424936756857,0.023245424936756857,-1.9305435720448685,Improved,Observed both endpoints,Decreased,Negative indicator: raw decrease is improvement,0.000698069419793264,0.0027922776791730625,生态,生态环境,陆地贫瘠土地面积占比,"Terrestrial barren land|1000 HA|ECCCT|Terrestrial Barren Land|Environment, Climate Change, Climate Indicators, Land Cover Accounts, Terrestrial Barren Land|Climate neutral(% of land area)",负向,世界货币基金组织气候变化数据库,0.1201216018536951,0.0300304004634237,Ecological,Ecological conditions,Terrestrial barren land (% of land area),Negative
ERI,Eritrea,厄立特里亚,232,0.4026452668694102,0.5348854085060948,E,49.61059405940594,38.62798754231371,0.13224014163668457,0.13224014163668457,-10.98260651709223,Improved,Observed both endpoints,Decreased,Negative indicator: raw decrease is improvement,0.003971224410689508,0.01588489764275807,生态,生态环境,陆地贫瘠土地面积占比,"Terrestrial barren land|1000 HA|ECCCT|Terrestrial Barren Land|Environment, Climate Change, Climate Indicators, Land Cover Accounts, Terrestrial Barren Land|Climate neutral(% of land area)",负向,世界货币基金组织气候变化数据库,0.1201216018536951,0.0300304004634237,Ecological,Ecological conditions,Terrestrial barren land (% of land area),Negative
ETH,Ethiopia,埃塞俄比亚,231,0.9120035130460078,0.9247289822190039,E,7.30815,6.251293746349153,0.012725469172996107,0.012725469172996107,-1.0568562536508477,Improved,Observed both endpoints,Decreased,Negative indicator: raw decrease is improvement,0.0003821509353500263,0.001528603741400109,生态,生态环境,陆地贫瘠土地面积占比,"Terrestrial barren land|1000 HA|ECCCT|Terrestrial Barren Land|Environment, Climate Change, Climate Indicators, Land Cover Accounts, Terrestrial Barren Land|Climate neutral(% of land area)",负向,世界货币基金组织气候变化数据库,0.1201216018536951,0.0300304004634237,Ecological,Ecological conditions,Terrestrial barren land (% of land area),Negative
GAB,Gabon,加蓬,266,1.0,1.0,C,0.0,0.0,0.0,0.0,0.0,Unchanged,Observed both endpoints,Unchanged,Negative indicator: raw decrease is improvement,0.0,0.0,生态,生态环境,陆地贫瘠土地面积占比,"Terrestrial barren land|1000 HA|ECCCT|Terrestrial Barren Land|Environment, Climate Change, Climate Indicators, Land Cover Accounts, Terrestrial Barren Land|Climate neutral(% of land area)",负向,世界货币基金组织气候变化数据库,0.1201216018536951,0.0300304004634237,Ecological,Ecological conditions,Terrestrial barren land (% of land area),Negative
GHA,Ghana,加纳,288,0.9996544480809589,0.9995856424555208,W,0.0286982508569921,0.034412590701129,-6.880562543809532e-05,-6.880562543809532e-05,0.005714339844136902,Deteriorated,Observed both endpoints,Increased,Negative indicator: raw decrease is improvement,-2.066260486042335e-06,-8.265041944169361e-06,生态,生态环境,陆地贫瘠土地面积占比,"Terrestrial barren land|1000 HA|ECCCT|Terrestrial Barren Land|Environment, Climate Change, Climate Indicators, Land Cover Accounts, Terrestrial Barren Land|Climate neutral(% of land area)",负向,世界货币基金组织气候变化数据库,0.1201216018536951,0.0300304004634237,Ecological,Ecological conditions,Terrestrial barren land (% of land area),Negative
GIN,Guinea,几内亚,324,0.9999181659874884,0.9999113056511102,W,0.0067963535731727,0.0073661077649356,-6.860336378200493e-06,-6.860336378200493e-06,0.0005697541917629003,Deteriorated,Observed both endpoints,Increased,Negative indicator: raw decrease is improvement,-2.0601864875115457e-07,-8.240745950046203e-07,生态,生态环境,陆地贫瘠土地面积占比,"Terrestrial barren land|1000 HA|ECCCT|Terrestrial Barren Land|Environment, Climate Change, Climate Indicators, Land Cover Accounts, Terrestrial Barren Land|Climate neutral(% of land area)",负向,世界货币基金组织气候变化数据库,0.1201216018536951,0.0300304004634237,Ecological,Ecological conditions,Terrestrial barren land (% of land area),Negative
GMB,"Gambia, The",冈比亚,270,0.9982747764754801,0.9981319993562094,W,0.1432806324110672,0.1551383399209486,-0.00014277711927068726,-0.00014277711927068726,0.01185770750988141,Deteriorated,Observed both endpoints,Increased,Negative indicator: raw decrease is improvement,-4.287654068712748e-06,-1.7150616274851033e-05,生态,生态环境,陆地贫瘠土地面积占比,"Terrestrial barren land|1000 HA|ECCCT|Terrestrial Barren Land|Environment, Climate Change, Climate Indicators, Land Cover Accounts, Terrestrial Barren Land|Climate neutral(% of land area)",负向,世界货币基金组织气候变化数据库,0.1201216018536951,0.0300304004634237,Ecological,Ecological conditions,Terrestrial barren land (% of land area),Negative
GNB,Guinea-Bissau,几内亚（比绍）,624,0.9992592209894078,0.9988695626659172,W,0.0615220483641536,0.0938833570412517,-0.0003896583234905826,-0.0003896583234905826,0.0323613086770981,Deteriorated,Observed both endpoints,Increased,Negative indicator: raw decrease is improvement,-1.1701595498328495e-05,-4.680638199331409e-05,生态,生态环境,陆地贫瘠土地面积占比,"Terrestrial barren land|1000 HA|ECCCT|Terrestrial Barren Land|Environment, Climate Change, Climate Indicators, Land Cover Accounts, Terrestrial Barren Land|Climate neutral(% of land area)",负向,世界货币基金组织气候变化数据库,0.1201216018536951,0.0300304004634237,Ecological,Ecological conditions,Terrestrial barren land (% of land area),Negative
GNQ,Equatorial Guinea,赤道几内亚,226,1.0,1.0,C,0.0,0.0,0.0,0.0,0.0,Unchanged,Observed both endpoints,Unchanged,Negative indicator: raw decrease is improvement,0.0,0.0,生态,生态环境,陆地贫瘠土地面积占比,"Terrestrial barren land|1000 HA|ECCCT|Terrestrial Barren Land|Environment, Climate Change, Climate Indicators, Land Cover Accounts, Terrestrial Barren Land|Climate neutral(% of land area)",负向,世界货币基金组织气候变化数据库,0.1201216018536951,0.0300304004634237,Ecological,Ecological conditions,Terrestrial barren land (% of land area),Negative
KEN,Kenya,肯尼亚,404,0.9535660421958142,0.9621890050182557,E,3.8563622307340895,3.1402210763289875,0.00862296282244146,0.00862296282244146,-0.716141154405102,Improved,Observed both endpoints,Decreased,Negative indicator: raw decrease is improvement,0.00025895102673913136,0.001035804106956528,生态,生态环境,陆地贫瘠土地面积占比,"Terrestrial barren land|1000 HA|ECCCT|Terrestrial Barren Land|Environment, Climate Change, Climate Indicators, Land Cover Accounts, Terrestrial Barren Land|Climate neutral(% of land area)",负向,世界货币基金组织气候变化数据库,0.1201216018536951,0.0300304004634237,Ecological,Ecological conditions,Terrestrial barren land (% of land area),Negative
LBR,Liberia,利比里亚,430,1.0,1.0,W,0.0,0.0,0.0,0.0,0.0,Unchanged,Observed both endpoints,Unchanged,Negative indicator: raw decrease is improvement,0.0,0.0,生态,生态环境,陆地贫瘠土地面积占比,"Terrestrial barren land|1000 HA|ECCCT|Terrestrial Barren Land|Environment, Climate Change, Climate Indicators, Land Cover Accounts, Terrestrial Barren Land|Climate neutral(% of land area)",负向,世界货币基金组织气候变化数据库,0.1201216018536951,0.0300304004634237,Ecological,Ecological conditions,Terrestrial barren land (% of land area),Negative
LSO,Lesotho,莱索托,426,0.9997184117925496,0.9997660041656399,S,0.0233860342555994,0.0194334650856389,4.7592373090266094e-05,4.7592373090266094e-05,-0.0039525691699605,Improved,Observed both endpoints,Decreased,Negative indicator: raw decrease is improvement,1.4292180229053606e-06,5.716872091621456e-06,生态,生态环境,陆地贫瘠土地面积占比,"Terrestrial barren land|1000 HA|ECCCT|Terrestrial Barren Land|Environment, Climate Change, Climate Indicators, Land Cover Accounts, Terrestrial Barren Land|Climate neutral(% of land area)",负向,世界货币基金组织气候变化数据库,0.1201216018536951,0.0300304004634237,Ecological,Ecological conditions,Terrestrial barren land (% of land area),Negative
MDG,Madagascar,马达加斯加,450,0.9930561153088261,0.9929381474817851,E,0.5766929188018021,0.5864902028188381,-0.00011796782704098785,-0.00011796782704098785,0.009797284017036056,Deteriorated,Observed both endpoints,Increased,Negative indicator: raw decrease is improvement,-3.5426210878407684e-06,-1.417048435136311e-05,生态,生态环境,陆地贫瘠土地面积占比,"Terrestrial barren land|1000 HA|ECCCT|Terrestrial Barren Land|Environment, Climate Change, Climate Indicators, Land Cover Accounts, Terrestrial Barren Land|Climate neutral(% of land area)",负向,世界货币基金组织气候变化数据库,0.1201216018536951,0.0300304004634237,Ecological,Ecological conditions,Terrestrial barren land (% of land area),Negative
MLI,Mali,马里,466,0.3005695922718498,0.3219521310637746,W,58.088027274440854,56.31219728075136,0.02138253879192481,0.02138253879192481,-1.7758299936894915,Improved,Observed both endpoints,Decreased,Negative indicator: raw decrease is improvement,0.0006421262028461941,0.0025685048113847824,生态,生态环境,陆地贫瘠土地面积占比,"Terrestrial barren land|1000 HA|ECCCT|Terrestrial Barren Land|Environment, Climate Change, Climate Indicators, Land Cover Accounts, Terrestrial Barren Land|Climate neutral(% of land area)",负向,世界货币基金组织气候变化数据库,0.1201216018536951,0.0300304004634237,Ecological,Ecological conditions,Terrestrial barren land (% of land area),Negative
MOZ,Mozambique,莫桑比克,508,0.9908878120261488,0.9908879651438578,S,0.7567715353900151,0.75675881889163,1.531177089564295e-07,1.531177089564295e-07,-1.2716498385079156e-05,Improved,Observed both endpoints,Decreased,Negative indicator: raw decrease is improvement,4.598186118003536e-09,1.8392744472014188e-08,生态,生态环境,陆地贫瘠土地面积占比,"Terrestrial barren land|1000 HA|ECCCT|Terrestrial Barren Land|Environment, Climate Change, Climate Indicators, Land Cover Accounts, Terrestrial Barren Land|Climate neutral(% of land area)",负向,世界货币基金组织气候变化数据库,0.1201216018536951,0.0300304004634237,Ecological,Ecological conditions,Terrestrial barren land (% of land area),Negative
MUS,Mauritius,毛里求斯,480,0.9995254829402238,0.999457346852647,S,0.0394088669950738,0.0450676014021031,-6.81360875768311e-05,-6.81360875768311e-05,0.005658734407029298,Deteriorated,Observed both endpoints,Increased,Negative indicator: raw decrease is improvement,-2.0461539959431463e-06,-8.184615983772605e-06,生态,生态环境,陆地贫瘠土地面积占比,"Terrestrial barren land|1000 HA|ECCCT|Terrestrial Barren Land|Environment, Climate Change, Climate Indicators, Land Cover Accounts, Terrestrial Barren Land|Climate neutral(% of land area)",负向,世界货币基金组织气候变化数据库,0.1201216018536951,0.0300304004634237,Ecological,Ecological conditions,Terrestrial barren land (% of land area),Negative
MWI,Malawi,马拉维,454,0.9983524901564012,0.9983805872235013,S,0.1368264743317777,0.1344929995757318,2.8097067100163464e-05,2.8097067100163464e-05,-0.0023334747560458946,Improved,Observed both endpoints,Decreased,Negative indicator: raw decrease is improvement,8.437661768655957e-07,3.375064707462391e-06,生态,生态环境,陆地贫瘠土地面积占比,"Terrestrial barren land|1000 HA|ECCCT|Terrestrial Barren Land|Environment, Climate Change, Climate Indicators, Land Cover Accounts, Terrestrial Barren Land|Climate neutral(% of land area)",负向,世界货币基金组织气候变化数据库,0.1201216018536951,0.0300304004634237,Ecological,Ecological conditions,Terrestrial barren land (% of land area),Negative
NAM,Namibia,纳米比亚,516,0.7759755178551115,0.7807028563831497,S,18.60533955228413,18.21273184418613,0.004727338528038194,0.004727338528038194,-0.39260770809799794,Improved,Observed both endpoints,Decreased,Negative indicator: raw decrease is improvement,0.0001419638691231589,0.0005678554764926369,生态,生态环境,陆地贫瘠土地面积占比,"Terrestrial barren land|1000 HA|ECCCT|Terrestrial Barren Land|Environment, Climate Change, Climate Indicators, Land Cover Accounts, Terrestrial Barren Land|Climate neutral(% of land area)",负向,世界货币基金组织气候变化数据库,0.1201216018536951,0.0300304004634237,Ecological,Ecological conditions,Terrestrial barren land (% of land area),Negative
NER,Niger,尼日尔,562,0.2300512148465854,0.252598070225502,W,63.94461198389516,62.072084945133035,0.022546855378916625,0.022546855378916625,-1.8725270387621222,Improved,Observed both endpoints,Decreased,Negative indicator: raw decrease is improvement,0.000677091096219765,0.0027083643848790665,生态,生态环境,陆地贫瘠土地面积占比,"Terrestrial barren land|1000 HA|ECCCT|Terrestrial Barren Land|Environment, Climate Change, Climate Indicators, Land Cover Accounts, Terrestrial Barren Land|Climate neutral(% of land area)",负向,世界货币基金组织气候变化数据库,0.1201216018536951,0.0300304004634237,Ecological,Ecological conditions,Terrestrial barren land (% of land area),Negative
NGA,Nigeria,尼日利亚,566,0.9998125327556288,0.9997433893361604,W,0.0155692436070577,0.0213116374057116,-6.914341946839819e-05,-6.914341946839819e-05,0.005742393798653902,Deteriorated,Observed both endpoints,Increased,Negative indicator: raw decrease is improvement,-2.0764045760464845e-06,-8.305618304185959e-06,生态,生态环境,陆地贫瘠土地面积占比,"Terrestrial barren land|1000 HA|ECCCT|Terrestrial Barren Land|Environment, Climate Change, Climate Indicators, Land Cover Accounts, Terrestrial Barren Land|Climate neutral(% of land area)",负向,世界货币基金组织气候变化数据库,0.1201216018536951,0.0300304004634237,Ecological,Ecological conditions,Terrestrial barren land (% of land area),Negative
RWA,Rwanda,卢旺达,646,1.0,0.9999951192256215,E,0.0,0.0004053506282934,-4.880774378546171e-06,-4.880774378546171e-06,0.0004053506282934,Deteriorated,Observed both endpoints,Increased,Negative indicator: raw decrease is improvement,-1.4657160915935946e-07,-5.862864366374392e-07,生态,生态环境,陆地贫瘠土地面积占比,"Terrestrial barren land|1000 HA|ECCCT|Terrestrial Barren Land|Environment, Climate Change, Climate Indicators, Land Cover Accounts, Terrestrial Barren Land|Climate neutral(% of land area)",负向,世界货币基金组织气候变化数据库,0.1201216018536951,0.0300304004634237,Ecological,Ecological conditions,Terrestrial barren land (% of land area),Negative
SEN,Senegal,塞内加尔,686,0.9993689690840207,0.9995228180486698,W,0.052407417025918,0.0396301875032462,0.0001538489646490948,0.0001538489646490948,-0.012777229522671803,Improved,Observed both endpoints,Decreased,Negative indicator: raw decrease is improvement,4.6201460192954334e-06,1.8480584077181778e-05,生态,生态环境,陆地贫瘠土地面积占比,"Terrestrial barren land|1000 HA|ECCCT|Terrestrial Barren Land|Environment, Climate Change, Climate Indicators, Land Cover Accounts, Terrestrial Barren Land|Climate neutral(% of land area)",负向,世界货币基金组织气候变化数据库,0.1201216018536951,0.0300304004634237,Ecological,Ecological conditions,Terrestrial barren land (% of land area),Negative
SLE,Sierra Leone,塞拉利昂,694,0.9991859317329996,0.9992326405679914,W,0.0676087558880576,0.0637295649764477,4.670883499180434e-05,4.670883499180434e-05,-0.0038791909116099033,Improved,Observed both endpoints,Decreased,Negative indicator: raw decrease is improvement,1.4026850199838621e-06,5.610740079935462e-06,生态,生态环境,陆地贫瘠土地面积占比,"Terrestrial barren land|1000 HA|ECCCT|Terrestrial Barren Land|Environment, Climate Change, Climate Indicators, Land Cover Accounts, Terrestrial Barren Land|Climate neutral(% of land area)",负向,世界货币基金组织气候变化数据库,0.1201216018536951,0.0300304004634237,Ecological,Ecological conditions,Terrestrial barren land (% of land area),Negative
STP,São Tomé and Principe,圣多美和普林西比,678,1.0,1.0,C,0.0,0.0,0.0,0.0,0.0,Unchanged,Observed both endpoints,Unchanged,Negative indicator: raw decrease is improvement,0.0,0.0,生态,生态环境,陆地贫瘠土地面积占比,"Terrestrial barren land|1000 HA|ECCCT|Terrestrial Barren Land|Environment, Climate Change, Climate Indicators, Land Cover Accounts, Terrestrial Barren Land|Climate neutral(% of land area)",负向,世界货币基金组织气候变化数据库,0.1201216018536951,0.0300304004634237,Ecological,Ecological conditions,Terrestrial barren land (% of land area),Negative
SWZ,Swaziland,斯威士兰,748,0.9826177434983178,0.9817076777128894,S,1.443604651162791,1.519186046511628,-0.0009100657854284044,-0.0009100657854284044,0.07558139534883712,Deteriorated,Observed both endpoints,Increased,Negative indicator: raw decrease is improvement,-2.732963998447521e-05,-0.00010931855993790111,生态,生态环境,陆地贫瘠土地面积占比,"Terrestrial barren land|1000 HA|ECCCT|Terrestrial Barren Land|Environment, Climate Change, Climate Indicators, Land Cover Accounts, Terrestrial Barren Land|Climate neutral(% of land area)",负向,世界货币基金组织气候变化数据库,0.1201216018536951,0.0300304004634237,Ecological,Ecological conditions,Terrestrial barren land (% of land area),Negative
SYC,Seychelles,塞舌尔,690,0.9824622105162596,0.9824622105162596,E,1.4565217391304348,1.4565217391304348,0.0,0.0,0.0,Unchanged,Observed both endpoints,Unchanged,Negative indicator: raw decrease is improvement,0.0,0.0,生态,生态环境,陆地贫瘠土地面积占比,"Terrestrial barren land|1000 HA|ECCCT|Terrestrial Barren Land|Environment, Climate Change, Climate Indicators, Land Cover Accounts, Terrestrial Barren Land|Climate neutral(% of land area)",负向,世界货币基金组织气候变化数据库,0.1201216018536951,0.0300304004634237,Ecological,Ecological conditions,Terrestrial barren land (% of land area),Negative
TCD,Chad,乍得,148,0.3869299806739865,0.3992266430630933,C,50.91575603557816,49.8945123888183,0.012296662389106816,0.012296662389106816,-1.0212436467598636,Improved,Observed both endpoints,Decreased,Negative indicator: raw decrease is improvement,0.0003692736959083981,0.0014770947836335961,生态,生态环境,陆地贫瘠土地面积占比,"Terrestrial barren land|1000 HA|ECCCT|Terrestrial Barren Land|Environment, Climate Change, Climate Indicators, Land Cover Accounts, Terrestrial Barren Land|Climate neutral(% of land area)",负向,世界货币基金组织气候变化数据库,0.1201216018536951,0.0300304004634237,Ecological,Ecological conditions,Terrestrial barren land (% of land area),Negative
TGO,Togo,多哥,768,0.9999889309887923,0.9999889309887923,W,0.0009192866335723,0.0009192866335723,0.0,0.0,0.0,Unchanged,Observed both endpoints,Unchanged,Negative indicator: raw decrease is improvement,0.0,0.0,生态,生态环境,陆地贫瘠土地面积占比,"Terrestrial barren land|1000 HA|ECCCT|Terrestrial Barren Land|Environment, Climate Change, Climate Indicators, Land Cover Accounts, Terrestrial Barren Land|Climate neutral(% of land area)",负向,世界货币基金组织气候变化数据库,0.1201216018536951,0.0300304004634237,Ecological,Ecological conditions,Terrestrial barren land (% of land area),Negative
TZA,Tanzania,坦桑尼亚,834,0.9967524448574056,0.9966601469233793,E,0.2697109957100925,0.2773763829306841,-9.229793402620867e-05,-9.229793402620867e-05,0.007665387220591624,Deteriorated,Observed both endpoints,Increased,Negative indicator: raw decrease is improvement,-2.771743920753707e-06,-1.1086975683014855e-05,生态,生态环境,陆地贫瘠土地面积占比,"Terrestrial barren land|1000 HA|ECCCT|Terrestrial Barren Land|Environment, Climate Change, Climate Indicators, Land Cover Accounts, Terrestrial Barren Land|Climate neutral(% of land area)",负向,世界货币基金组织气候变化数据库,0.1201216018536951,0.0300304004634237,Ecological,Ecological conditions,Terrestrial barren land (% of land area),Negative
UGA,Uganda,乌干达,800,0.9999909607599281,0.9999789831207004,E,0.0007507131775186,0.0017454617993217,-1.1977639227667147e-05,-1.1977639227667147e-05,0.0009947486218031,Deteriorated,Observed both endpoints,Increased,Negative indicator: raw decrease is improvement,-3.596933026132574e-07,-1.4387732104530331e-06,生态,生态环境,陆地贫瘠土地面积占比,"Terrestrial barren land|1000 HA|ECCCT|Terrestrial Barren Land|Environment, Climate Change, Climate Indicators, Land Cover Accounts, Terrestrial Barren Land|Climate neutral(% of land area)",负向,世界货币基金组织气候变化数据库,0.1201216018536951,0.0300304004634237,Ecological,Ecological conditions,Terrestrial barren land (% of land area),Negative
ZAF,South Africa,南非,710,0.9932301184159938,0.9933301703276818,S,0.5622418781788655,0.5539325194338426,0.00010005191168793726,0.00010005191168793726,-0.008309358745022921,Improved,Observed both endpoints,Decreased,Negative indicator: raw decrease is improvement,3.0045989751198583e-06,1.2018395900479462e-05,生态,生态环境,陆地贫瘠土地面积占比,"Terrestrial barren land|1000 HA|ECCCT|Terrestrial Barren Land|Environment, Climate Change, Climate Indicators, Land Cover Accounts, Terrestrial Barren Land|Climate neutral(% of land area)",负向,世界货币基金组织气候变化数据库,0.1201216018536951,0.0300304004634237,Ecological,Ecological conditions,Terrestrial barren land (% of land area),Negative
ZMB,Zambia,赞比亚,894,0.9999326194583866,0.9999277602847125,S,0.0055959859562275,0.0059995426357631,-4.859173674098827e-06,-4.859173674098827e-06,0.0004035566795355999,Deteriorated,Observed both endpoints,Increased,Negative indicator: raw decrease is improvement,-1.4592293135451367e-07,-5.83691725418056e-07,生态,生态环境,陆地贫瘠土地面积占比,"Terrestrial barren land|1000 HA|ECCCT|Terrestrial Barren Land|Environment, Climate Change, Climate Indicators, Land Cover Accounts, Terrestrial Barren Land|Climate neutral(% of land area)",负向,世界货币基金组织气候变化数据库,0.1201216018536951,0.0300304004634237,Ecological,Ecological conditions,Terrestrial barren land (% of land area),Negative
ZWE,Zimbabwe,津巴布韦,716,0.9970583361490731,0.9971853278802315,S,0.2443065787773038,0.2337598552410495,0.0001269917311583768,0.0001269917311583768,-0.010546723536254299,Improved,Observed both endpoints,Decreased,Negative indicator: raw decrease is improvement,3.813612542229497e-06,1.5254450168918025e-05,生态,生态环境,陆地贫瘠土地面积占比,"Terrestrial barren land|1000 HA|ECCCT|Terrestrial Barren Land|Environment, Climate Change, Climate Indicators, Land Cover Accounts, Terrestrial Barren Land|Climate neutral(% of land area)",负向,世界货币基金组织气候变化数据库,0.1201216018536951,0.0300304004634237,Ecological,Ecological conditions,Terrestrial barren land (% of land area),Negative
AGO,Angola,安哥拉,24,0.1705952092352613,0.3411407453513967,S,5.11785627705784,10.2342223605419,0.1705455361161354,0.1705455361161354,5.116366083484059,Improved,Observed both endpoints,Increased,Positive indicator: raw increase is improvement,0.006728750296398869,0.02691500118559549,生态,生态保护,陆地生物群落保护,Terrestrial biome protection (global weights),正向,耶鲁大学EPI数据库,0.1578170956480933,0.0394542739120233,Ecological,Ecological protection,Terrestrial biome protection,Positive
BDI,Burundi,布隆迪,108,0.1988837290585157,0.2643602020582003,E,5.96651187175547,7.93080606174601,0.06547647299968462,0.06547647299968462,1.9642941899905395,Improved,Observed both endpoints,Increased,Positive indicator: raw increase is improvement,0.002583326700522755,0.010333306802091026,生态,生态保护,陆地生物群落保护,Terrestrial biome protection (global weights),正向,耶鲁大学EPI数据库,0.1578170956480933,0.0394542739120233,Ecological,Ecological protection,Terrestrial biome protection,Positive
BEN,Benin,贝宁,204,0.83095695713126,0.8613989932086833,W,24.9287087139378,25.8419697962605,0.03044203607742324,0.03044203607742324,0.9132610823226983,Improved,Observed both endpoints,Increased,Positive indicator: raw increase is improvement,0.001201068429838352,0.004804273719353411,生态,生态保护,陆地生物群落保护,Terrestrial biome protection (global weights),正向,耶鲁大学EPI数据库,0.1578170956480933,0.0394542739120233,Ecological,Ecological protection,Terrestrial biome protection,Positive
BFA,Burkina Faso,布基纳法索,854,0.4522027020354533,0.5443414143937201,W,13.5660810610636,16.3302424318116,0.09213871235826676,0.09213871235826676,2.7641613707480026,Improved,Observed both endpoints,Increased,Positive indicator: raw increase is improvement,0.003635265995284183,0.014541063981136741,生态,生态保护,陆地生物群落保护,Terrestrial biome protection (global weights),正向,耶鲁大学EPI数据库,0.1578170956480933,0.0394542739120233,Ecological,Ecological protection,Terrestrial biome protection,Positive
BWA,Botswana,博茨瓦纳,72,0.8740257506831667,0.8740257506831667,S,26.220772520495,26.220772520495,0.0,0.0,0.0,Unchanged,Observed both endpoints,Unchanged,Positive indicator: raw increase is improvement,0.0,0.0,生态,生态保护,陆地生物群落保护,Terrestrial biome protection (global weights),正向,耶鲁大学EPI数据库,0.1578170956480933,0.0394542739120233,Ecological,Ecological protection,Terrestrial biome protection,Positive
CAF,Central African Republic,中非,140,0.59177742499903,0.5951992269044034,C,17.7533227499709,17.8559768071321,0.003421801905373445,0.003421801905373445,0.10265405716120313,Improved,Observed both endpoints,Increased,Positive indicator: raw increase is improvement,0.00013500470964728712,0.0005400188385891488,生态,生态保护,陆地生物群落保护,Terrestrial biome protection (global weights),正向,耶鲁大学EPI数据库,0.1578170956480933,0.0394542739120233,Ecological,Ecological protection,Terrestrial biome protection,Positive
CIV,Côte d'Ivoire,科特迪瓦,384,0.7556945348564967,0.7629682899839467,W,22.6708360456949,22.8890486995184,0.007273755127449988,0.007273755127449988,0.21821265382349964,Improved,Observed both endpoints,Increased,Positive indicator: raw increase is improvement,0.0002869807271673958,0.0011479229086695838,生态,生态保护,陆地生物群落保护,Terrestrial biome protection (global weights),正向,耶鲁大学EPI数据库,0.1578170956480933,0.0394542739120233,Ecological,Ecological protection,Terrestrial biome protection,Positive
CMR,Cameroon,喀麦隆,120,0.1443005365853453,0.3306479899218486,C,4.32901609756036,9.91943969765546,0.18634745333650327,0.18634745333650327,5.590423600095099,Improved,Observed both endpoints,Increased,Positive indicator: raw increase is improvement,0.00735220346674638,0.029408813866985538,生态,生态保护,陆地生物群落保护,Terrestrial biome protection (global weights),正向,耶鲁大学EPI数据库,0.1578170956480933,0.0394542739120233,Ecological,Ecological protection,Terrestrial biome protection,Positive
COD,"Congo, Dem. Rep.",刚果（金）,180,0.2790940414619537,0.4576120281605334,C,8.37282124385861,13.728360844816,0.1785179866985797,0.1785179866985797,5.355539600957391,Improved,Observed both endpoints,Increased,Positive indicator: raw increase is improvement,0.007043297545428697,0.0281731901817148,生态,生态保护,陆地生物群落保护,Terrestrial biome protection (global weights),正向,耶鲁大学EPI数据库,0.1578170956480933,0.0394542739120233,Ecological,Ecological protection,Terrestrial biome protection,Positive
COG,"Congo, Rep.",刚果（布）,178,0.3078034308488123,0.8496546857819867,C,9.23410292546437,25.4896405734596,0.5418512549331744,0.5418512549331744,16.25553764799523,Improved,Observed both endpoints,Increased,Positive indicator: raw increase is improvement,0.021378347831707032,0.08551339132682817,生态,生态保护,陆地生物群落保护,Terrestrial biome protection (global weights),正向,耶鲁大学EPI数据库,0.1578170956480933,0.0394542739120233,Ecological,Ecological protection,Terrestrial biome protection,Positive
COM,Comoros,科摩罗,174,0.02324723360146377,1.0,E,0.697417008043913,30.0,0.9767527663985363,0.9767527663985363,29.302582991956086,Improved,Observed both endpoints,Increased,Positive indicator: raw increase is improvement,0.03853707118981436,0.15414828475925751,生态,生态保护,陆地生物群落保护,Terrestrial biome protection (global weights),正向,耶鲁大学EPI数据库,0.1578170956480933,0.0394542739120233,Ecological,Ecological protection,Terrestrial biome protection,Positive
CPV,Cape Verde,佛得角,132,0.08297611655991266,0.095642889357009,W,2.48928349679738,2.86928668071027,0.01266677279709634,0.01266677279709634,0.3800031839128901,Improved,Observed both endpoints,Increased,Positive indicator: raw increase is improvement,0.0004997583235180046,0.0019990332940720192,生态,生态保护,陆地生物群落保护,Terrestrial biome protection (global weights),正向,耶鲁大学EPI数据库,0.1578170956480933,0.0394542739120233,Ecological,Ecological protection,Terrestrial biome protection,Positive
DJI,Djibouti,吉布提,262,0.0,0.04424008063744033,E,0.0,1.32720241912321,0.04424008063744033,0.04424008063744033,1.32720241912321,Improved,Observed both endpoints,Increased,Positive indicator: raw increase is improvement,0.0017454602593595693,0.006981841037438281,生态,生态保护,陆地生物群落保护,Terrestrial biome protection (global weights),正向,耶鲁大学EPI数据库,0.1578170956480933,0.0394542739120233,Ecological,Ecological protection,Terrestrial biome protection,Positive
ERI,Eritrea,厄立特里亚,232,0.0,0.0,E,0.0,0.0,0.0,0.0,0.0,Unchanged,Observed both endpoints,Unchanged,Positive indicator: raw increase is improvement,0.0,0.0,生态,生态保护,陆地生物群落保护,Terrestrial biome protection (global weights),正向,耶鲁大学EPI数据库,0.1578170956480933,0.0394542739120233,Ecological,Ecological protection,Terrestrial biome protection,Positive
ETH,Ethiopia,埃塞俄比亚,231,0.34755557021608,0.5649814606704666,E,10.4266671064824,16.949443820114,0.2174258904543866,0.2174258904543866,6.522776713631599,Improved,Observed both endpoints,Increased,Positive indicator: raw increase is improvement,0.008578380637552941,0.034313522550211785,生态,生态保护,陆地生物群落保护,Terrestrial biome protection (global weights),正向,耶鲁大学EPI数据库,0.1578170956480933,0.0394542739120233,Ecological,Ecological protection,Terrestrial biome protection,Positive
GAB,Gabon,加蓬,266,0.1997065738823757,0.7322845755035633,C,5.99119721647127,21.9685372651069,0.5325780016211876,0.5325780016211876,15.977340048635629,Improved,Observed both endpoints,Increased,Positive indicator: raw increase is improvement,0.021012478355480327,0.08404991342192135,生态,生态保护,陆地生物群落保护,Terrestrial biome protection (global weights),正向,耶鲁大学EPI数据库,0.1578170956480933,0.0394542739120233,Ecological,Ecological protection,Terrestrial biome protection,Positive
GHA,Ghana,加纳,288,0.4852322074634733,0.4904315237593366,W,14.5569662239042,14.7129457127801,0.005199316295863288,0.005199316295863288,0.15597948887590007,Improved,Observed both endpoints,Increased,Positive indicator: raw increase is improvement,0.00020513524929223655,0.0008205409971689466,生态,生态保护,陆地生物群落保护,Terrestrial biome protection (global weights),正向,耶鲁大学EPI数据库,0.1578170956480933,0.0394542739120233,Ecological,Ecological protection,Terrestrial biome protection,Positive
GIN,Guinea,几内亚,324,0.3469560564710134,0.9558440398415166,W,10.4086816941304,28.6753211952455,0.6088879833705032,0.6088879833705032,18.266639501115097,Improved,Observed both endpoints,Increased,Positive indicator: raw increase is improvement,0.024023233277639323,0.09609293311055735,生态,生态保护,陆地生物群落保护,Terrestrial biome protection (global weights),正向,耶鲁大学EPI数据库,0.1578170956480933,0.0394542739120233,Ecological,Ecological protection,Terrestrial biome protection,Positive
GMB,"Gambia, The",冈比亚,270,0.15925029354904,0.2529442215057953,W,4.7775088064712,7.58832664517386,0.09369392795675532,0.09369392795675532,2.8108178387026594,Improved,Observed both endpoints,Increased,Positive indicator: raw increase is improvement,0.0036966258974992024,0.014786503589996816,生态,生态保护,陆地生物群落保护,Terrestrial biome protection (global weights),正向,耶鲁大学EPI数据库,0.1578170956480933,0.0394542739120233,Ecological,Ecological protection,Terrestrial biome protection,Positive
GNB,Guinea-Bissau,几内亚（比绍）,624,0.5932873144137467,0.8789902667678866,W,17.7986194324124,26.3697080030366,0.2857029523541399,0.2857029523541399,8.571088570624198,Improved,Observed both endpoints,Increased,Positive indicator: raw increase is improvement,0.011272202539653978,0.04508881015861593,生态,生态保护,陆地生物群落保护,Terrestrial biome protection (global weights),正向,耶鲁大学EPI数据库,0.1578170956480933,0.0394542739120233,Ecological,Ecological protection,Terrestrial biome protection,Positive
GNQ,Equatorial Guinea,赤道几内亚,226,0.58873384674481,0.5915856003576266,C,17.6620154023443,17.7475680107288,0.002851753612816643,0.002851753612816643,0.08555260838449996,Improved,Observed both endpoints,Increased,Positive indicator: raw increase is improvement,0.00011251386816966989,0.00045005547267867977,生态,生态保护,陆地生物群落保护,Terrestrial biome protection (global weights),正向,耶鲁大学EPI数据库,0.1578170956480933,0.0394542739120233,Ecological,Ecological protection,Terrestrial biome protection,Positive
KEN,Kenya,肯尼亚,404,0.38183368595165,0.4019826684635434,E,11.4550105785495,12.0594800539063,0.0201489825118934,0.0201489825118934,0.604469475356801,Improved,Observed both endpoints,Increased,Positive indicator: raw increase is improvement,0.0007949634750728094,0.0031798539002912394,生态,生态保护,陆地生物群落保护,Terrestrial biome protection (global weights),正向,耶鲁大学EPI数据库,0.1578170956480933,0.0394542739120233,Ecological,Ecological protection,Terrestrial biome protection,Positive
LBR,Liberia,利比里亚,430,0.05389698035445767,0.1268615732057643,W,1.61690941063373,3.80584719617293,0.07296459285130663,0.07296459285130663,2.1889377855392,Improved,Observed both endpoints,Increased,Positive indicator: raw increase is improvement,0.002878765032234709,0.011515060128938843,生态,生态保护,陆地生物群落保护,Terrestrial biome protection (global weights),正向,耶鲁大学EPI数据库,0.1578170956480933,0.0394542739120233,Ecological,Ecological protection,Terrestrial biome protection,Positive
LSO,Lesotho,莱索托,426,0.6983819318657267,0.6988553355063634,S,20.9514579559718,20.9656600651909,0.0004734036406366382,0.0004734036406366382,0.014202109219098702,Improved,Observed both endpoints,Increased,Positive indicator: raw increase is improvement,1.867779690862697e-05,7.471118763450792e-05,生态,生态保护,陆地生物群落保护,Terrestrial biome protection (global weights),正向,耶鲁大学EPI数据库,0.1578170956480933,0.0394542739120233,Ecological,Ecological protection,Terrestrial biome protection,Positive
MDG,Madagascar,马达加斯加,450,0.1718758078798967,0.2430154417263193,E,5.1562742363969,7.29046325178958,0.0711396338464226,0.0711396338464226,2.13418901539268,Improved,Observed both endpoints,Increased,Positive indicator: raw increase is improvement,0.002806762599777801,0.011227050399111212,生态,生态保护,陆地生物群落保护,Terrestrial biome protection (global weights),正向,耶鲁大学EPI数据库,0.1578170956480933,0.0394542739120233,Ecological,Ecological protection,Terrestrial biome protection,Positive
MLI,Mali,马里,466,0.1022106006681487,0.1898659319374583,W,3.06631802004446,5.69597795812375,0.08765533126930959,0.08765533126930959,2.62965993807929,Improved,Observed both endpoints,Increased,Positive indicator: raw increase is improvement,0.003458377449748482,0.013833509798993934,生态,生态保护,陆地生物群落保护,Terrestrial biome protection (global weights),正向,耶鲁大学EPI数据库,0.1578170956480933,0.0394542739120233,Ecological,Ecological protection,Terrestrial biome protection,Positive
MOZ,Mozambique,莫桑比克,508,0.7264884860393434,0.8903026218270299,S,21.7946545811803,26.7090786548109,0.16381413578768655,0.16381413578768655,4.914424073630599,Improved,Observed both endpoints,Increased,Positive indicator: raw increase is improvement,0.006463167784028764,0.02585267113611507,生态,生态保护,陆地生物群落保护,Terrestrial biome protection (global weights),正向,耶鲁大学EPI数据库,0.1578170956480933,0.0394542739120233,Ecological,Ecological protection,Terrestrial biome protection,Positive
MUS,Mauritius,毛里求斯,480,0.143503447178655,0.1574406167110647,S,4.30510341535965,4.72321850133194,0.013937169532409699,0.013937169532409699,0.41811508597228997,Improved,Observed both endpoints,Increased,Positive indicator: raw increase is improvement,0.000549880904289998,0.002199523617159993,生态,生态保护,陆地生物群落保护,Terrestrial biome protection (global weights),正向,耶鲁大学EPI数据库,0.1578170956480933,0.0394542739120233,Ecological,Ecological protection,Terrestrial biome protection,Positive
MWI,Malawi,马拉维,454,0.6725293580253366,0.7759774872710701,S,20.1758807407601,23.2793246181321,0.10344812924573343,0.10344812924573343,3.1034438773720012,Improved,Observed both endpoints,Increased,Positive indicator: raw increase is improvement,0.004081470826947556,0.01632588330779023,生态,生态保护,陆地生物群落保护,Terrestrial biome protection (global weights),正向,耶鲁大学EPI数据库,0.1578170956480933,0.0394542739120233,Ecological,Ecological protection,Terrestrial biome protection,Positive
NAM,Namibia,纳米比亚,516,0.54021205424941,1.0,S,16.2063616274823,30.0,0.45978794575059,0.45978794575059,13.793638372517702,Improved,Observed both endpoints,Increased,Positive indicator: raw increase is improvement,0.01814059955309029,0.0725623982123612,生态,生态保护,陆地生物群落保护,Terrestrial biome protection (global weights),正向,耶鲁大学EPI数据库,0.1578170956480933,0.0394542739120233,Ecological,Ecological protection,Terrestrial biome protection,Positive
NER,Niger,尼日尔,562,0.2516024306472827,0.5974740238863866,W,7.54807291941848,17.9242207165916,0.3458715932391039,0.3458715932391039,10.376147797173118,Improved,Observed both endpoints,Increased,Positive indicator: raw increase is improvement,0.01364611257804351,0.05458445031217407,生态,生态保护,陆地生物群落保护,Terrestrial biome protection (global weights),正向,耶鲁大学EPI数据库,0.1578170956480933,0.0394542739120233,Ecological,Ecological protection,Terrestrial biome protection,Positive
NGA,Nigeria,尼日利亚,566,0.43126579316902,0.4450657255203733,W,12.9379737950706,13.3519717656112,0.01379993235135335,0.01379993235135335,0.41399797054059917,Improved,Observed both endpoints,Increased,Positive indicator: raw increase is improvement,0.0005444663109576869,0.0021778652438307487,生态,生态保护,陆地生物群落保护,Terrestrial biome protection (global weights),正向,耶鲁大学EPI数据库,0.1578170956480933,0.0394542739120233,Ecological,Ecological protection,Terrestrial biome protection,Positive
RWA,Rwanda,卢旺达,646,0.2848033417514397,0.298094897672728,E,8.54410025254319,8.94284693018184,0.013291555921288334,0.013291555921288334,0.3987466776386501,Improved,Observed both endpoints,Increased,Positive indicator: raw increase is improvement,0.0005244086880354851,0.0020976347521419417,生态,生态保护,陆地生物群落保护,Terrestrial biome protection (global weights),正向,耶鲁大学EPI数据库,0.1578170956480933,0.0394542739120233,Ecological,Ecological protection,Terrestrial biome protection,Positive
SEN,Senegal,塞内加尔,686,0.8361693953847866,0.8680475782609967,W,25.0850818615436,26.0414273478299,0.031878182876210026,0.031878182876210026,0.956345486286299,Improved,Observed both endpoints,Increased,Positive indicator: raw increase is improvement,0.0012577305590155611,0.005030922236062247,生态,生态保护,陆地生物群落保护,Terrestrial biome protection (global weights),正向,耶鲁大学EPI数据库,0.1578170956480933,0.0394542739120233,Ecological,Ecological protection,Terrestrial biome protection,Positive
SLE,Sierra Leone,塞拉利昂,694,0.3007802800310697,0.4279111447264167,W,9.02340840093209,12.8373343417925,0.127130864695347,0.127130864695347,3.813925940860411,Improved,Observed both endpoints,Increased,Positive indicator: raw increase is improvement,0.005015855958362594,0.020063423833450385,生态,生态保护,陆地生物群落保护,Terrestrial biome protection (global weights),正向,耶鲁大学EPI数据库,0.1578170956480933,0.0394542739120233,Ecological,Ecological protection,Terrestrial biome protection,Positive
STP,São Tomé and Principe,圣多美和普林西比,678,0.0,1.0,C,0.0,30.0,1.0,1.0,30.0,Improved,Observed both endpoints,Increased,Positive indicator: raw increase is improvement,0.0394542739120233,0.1578170956480933,生态,生态保护,陆地生物群落保护,Terrestrial biome protection (global weights),正向,耶鲁大学EPI数据库,0.1578170956480933,0.0394542739120233,Ecological,Ecological protection,Terrestrial biome protection,Positive
SWZ,Swaziland,斯威士兰,748,0.1330797838579833,0.139700403676711,S,3.9923935157395,4.19101211030133,0.006620619818727691,0.006620619818727691,0.19861859456182973,Improved,Observed both endpoints,Increased,Positive indicator: raw increase is improvement,0.00026121174779545237,0.0010448469911818101,生态,生态保护,陆地生物群落保护,Terrestrial biome protection (global weights),正向,耶鲁大学EPI数据库,0.1578170956480933,0.0394542739120233,Ecological,Ecological protection,Terrestrial biome protection,Positive
SYC,Seychelles,塞舌尔,690,0.39640584956435,0.73353025150466,E,11.8921754869305,22.0059075451398,0.33712440194031,0.33712440194031,10.1137320582093,Improved,Observed both endpoints,Increased,Positive indicator: raw increase is improvement,0.013300998496580032,0.053203993986320156,生态,生态保护,陆地生物群落保护,Terrestrial biome protection (global weights),正向,耶鲁大学EPI数据库,0.1578170956480933,0.0394542739120233,Ecological,Ecological protection,Terrestrial biome protection,Positive
TCD,Chad,乍得,148,0.41002061046998,0.6149386055247367,C,12.3006183140994,18.4481581657421,0.20491799505475666,0.20491799505475666,6.1475398516427,Improved,Observed both endpoints,Increased,Positive indicator: raw increase is improvement,0.008084890706393006,0.032339562825572044,生态,生态保护,陆地生物群落保护,Terrestrial biome protection (global weights),正向,耶鲁大学EPI数据库,0.1578170956480933,0.0394542739120233,Ecological,Ecological protection,Terrestrial biome protection,Positive
TGO,Togo,多哥,768,0.39792528531336,0.8305233858168133,W,11.9377585594008,24.9157015745044,0.43259810050345326,0.43259810050345326,12.9779430151036,Improved,Observed both endpoints,Increased,Positive indicator: raw increase is improvement,0.01706784395108423,0.06827137580433695,生态,生态保护,陆地生物群落保护,Terrestrial biome protection (global weights),正向,耶鲁大学EPI数据库,0.1578170956480933,0.0394542739120233,Ecological,Ecological protection,Terrestrial biome protection,Positive
TZA,Tanzania,坦桑尼亚,834,0.9526744765371866,0.9806808059349933,E,28.5802342961156,29.4204241780498,0.028006329397806673,0.028006329397806673,0.8401898819342009,Improved,Observed both endpoints,Increased,Positive indicator: raw increase is improvement,0.001104969391331415,0.004419877565325663,生态,生态保护,陆地生物群落保护,Terrestrial biome protection (global weights),正向,耶鲁大学EPI数据库,0.1578170956480933,0.0394542739120233,Ecological,Ecological protection,Terrestrial biome protection,Positive
UGA,Uganda,乌干达,800,0.4807838555730267,0.59000357143811,E,14.4235156671908,17.7001071431433,0.10921971586508328,0.10921971586508328,3.2765914759524986,Improved,Observed both endpoints,Increased,Positive indicator: raw increase is improvement,0.004309184586334352,0.01723673834533742,生态,生态保护,陆地生物群落保护,Terrestrial biome protection (global weights),正向,耶鲁大学EPI数据库,0.1578170956480933,0.0394542739120233,Ecological,Ecological protection,Terrestrial biome protection,Positive
ZAF,South Africa,南非,710,0.22498663530959,0.2883110526446803,S,6.7495990592877,8.64933157934041,0.06332441733509031,0.06332441733509031,1.8997325200527104,Improved,Observed both endpoints,Increased,Positive indicator: raw increase is improvement,0.00249841890685793,0.009993675627431725,生态,生态保护,陆地生物群落保护,Terrestrial biome protection (global weights),正向,耶鲁大学EPI数据库,0.1578170956480933,0.0394542739120233,Ecological,Ecological protection,Terrestrial biome protection,Positive
ZMB,Zambia,赞比亚,894,0.9873959069031333,0.9924428400463966,S,29.621877207094,29.7732852013919,0.005046933143263321,0.005046933143263321,0.15140799429790164,Improved,Observed both endpoints,Increased,Positive indicator: raw increase is improvement,0.00019912308264997982,0.0007964923305999197,生态,生态保护,陆地生物群落保护,Terrestrial biome protection (global weights),正向,耶鲁大学EPI数据库,0.1578170956480933,0.0394542739120233,Ecological,Ecological protection,Terrestrial biome protection,Positive
ZWE,Zimbabwe,津巴布韦,716,0.5992476162412733,0.9399505238719,S,17.9774284872382,28.198515716157,0.3407029076306267,0.3407029076306267,10.221087228918801,Improved,Observed both endpoints,Increased,Positive indicator: raw increase is improvement,0.01344218584028152,0.05376874336112611,生态,生态保护,陆地生物群落保护,Terrestrial biome protection (global weights),正向,耶鲁大学EPI数据库,0.1578170956480933,0.0394542739120233,Ecological,Ecological protection,Terrestrial biome protection,Positive
AGO,Angola,安哥拉,24,0.07306643161617515,0.1815556950923198,S,56.10526171,138.6199214,0.10848926347614465,0.10848926347614465,82.51465969,Improved,Observed both endpoints,Increased,Positive indicator: raw increase is improvement,0.0026489539635982076,0.010595815854392853,资源,资源利用效率,水资源生产效率,"Water productivity, total (constant 2015 US$ GDP per cubic meter of total freshwater withdrawal)_x",正向,世界银行WDI数据库,0.097666953529671,0.0244167383824177,Resource,Resource-use efficiency,Water productivity,Positive
BDI,Burundi,布隆迪,108,0.007306835531236735,0.01540847840331476,E,6.089891355,12.2518311,0.008101642872078024,0.008101642872078024,6.161939745000001,Improved,Observed both endpoints,Increased,Positive indicator: raw increase is improvement,0.00019781569447530824,0.0007912627779012347,资源,资源利用效率,水资源生产效率,"Water productivity, total (constant 2015 US$ GDP per cubic meter of total freshwater withdrawal)_x",正向,世界银行WDI数据库,0.097666953529671,0.0244167383824177,Resource,Resource-use efficiency,Water productivity,Positive
BEN,Benin,贝宁,204,0.06555552308244131,0.1588872289240117,W,50.39262212,121.3787612,0.09333170584157038,0.09333170584157038,70.98613908,Improved,Observed both endpoints,Increased,Positive indicator: raw increase is improvement,0.0022788558443183897,0.009115423377273578,资源,资源利用效率,水资源生产效率,"Water productivity, total (constant 2015 US$ GDP per cubic meter of total freshwater withdrawal)_x",正向,世界银行WDI数据库,0.097666953529671,0.0244167383824177,Resource,Resource-use efficiency,Water productivity,Positive
BFA,Burkina Faso,布基纳法索,854,0.009798230455843939,0.02565490596267465,W,7.984794111,20.04504912,0.01585667550683071,0.01585667550683071,12.060255009000002,Improved,Observed both endpoints,Increased,Positive indicator: raw increase is improvement,0.000387168297465176,0.0015486731898607074,资源,资源利用效率,水资源生产效率,"Water productivity, total (constant 2015 US$ GDP per cubic meter of total freshwater withdrawal)_x",正向,世界银行WDI数据库,0.097666953529671,0.0244167383824177,Resource,Resource-use efficiency,Water productivity,Positive
BWA,Botswana,博茨瓦纳,72,0.05691011106327096,0.09249788862995631,S,43.81710296,70.8844206,0.03558777756668535,0.03558777756668535,27.06731764,Improved,Observed both endpoints,Increased,Positive indicator: raw increase is improvement,0.0008689374544574298,0.0034757498178297264,资源,资源利用效率,水资源生产效率,"Water productivity, total (constant 2015 US$ GDP per cubic meter of total freshwater withdrawal)_x",正向,世界银行WDI数据库,0.097666953529671,0.0244167383824177,Resource,Resource-use efficiency,Water productivity,Positive
CAF,Central African Republic,中非,140,0.03342033350131104,0.03601418146507281,C,25.95127053,27.92409692,0.002593847963761775,0.002593847963761775,1.9728263900000016,Improved,Observed both endpoints,Increased,Positive indicator: raw increase is improvement,6.333330713493813e-05,0.00025333322853975305,资源,资源利用效率,水资源生产效率,"Water productivity, total (constant 2015 US$ GDP per cubic meter of total freshwater withdrawal)_x",正向,世界银行WDI数据库,0.097666953529671,0.0244167383824177,Resource,Resource-use efficiency,Water productivity,Positive
CIV,Côte d'Ivoire,科特迪瓦,384,0.0265230781928749,0.07128623880035492,W,20.70536272,54.75128437,0.04476316060748002,0.04476316060748002,34.04592165,Improved,Observed both endpoints,Increased,Positive indicator: raw increase is improvement,0.0010929703817229854,0.00437188152689195,资源,资源利用效率,水资源生产效率,"Water productivity, total (constant 2015 US$ GDP per cubic meter of total freshwater withdrawal)_x",正向,世界银行WDI数据库,0.097666953529671,0.0244167383824177,Resource,Resource-use efficiency,Water productivity,Positive
CMR,Cameroon,喀麦隆,120,0.02306772336798584,0.04623671085069583,C,18.07729227,35.69913849,0.023168987482709985,0.023168987482709985,17.621846220000002,Improved,Observed both endpoints,Increased,Positive indicator: raw increase is improvement,0.0005657111059508401,0.002262844423803365,资源,资源利用效率,水资源生产效率,"Water productivity, total (constant 2015 US$ GDP per cubic meter of total freshwater withdrawal)_x",正向,世界银行WDI数据库,0.097666953529671,0.0244167383824177,Resource,Resource-use efficiency,Water productivity,Positive
COD,"Congo, Dem. Rep.",刚果（金）,180,0.03584510022103442,0.0918181568941246,C,27.79549727,70.36743089,0.05597305667309019,0.05597305667309019,42.571933619999996,Improved,Observed both endpoints,Increased,Positive indicator: raw increase is improvement,0.0013666794812510824,0.005466717925004341,资源,资源利用效率,水资源生产效率,"Water productivity, total (constant 2015 US$ GDP per cubic meter of total freshwater withdrawal)_x",正向,世界银行WDI数据库,0.097666953529671,0.0244167383824177,Resource,Resource-use efficiency,Water productivity,Positive
COG,"Congo, Rep.",刚果（布）,178,0.1933140442560914,0.2859025464968911,C,147.5630753,217.9839493,0.09258850224079973,0.09258850224079973,70.420874,Improved,Observed both endpoints,Increased,Positive indicator: raw increase is improvement,0.0022607092364335018,0.009042836945734026,资源,资源利用效率,水资源生产效率,"Water productivity, total (constant 2015 US$ GDP per cubic meter of total freshwater withdrawal)_x",正向,世界银行WDI数据库,0.097666953529671,0.0244167383824177,Resource,Resource-use efficiency,Water productivity,Positive
COM,Comoros,科摩罗,174,0.08480997623047631,0.1455729842644746,E,65.03715558,111.2522258,0.060763008033998284,0.060763008033998284,46.21507022,Improved,Observed both endpoints,Increased,Positive indicator: raw increase is improvement,0.0014836344704948809,0.005934537881979536,资源,资源利用效率,水资源生产效率,"Water productivity, total (constant 2015 US$ GDP per cubic meter of total freshwater withdrawal)_x",正向,世界银行WDI数据库,0.097666953529671,0.0244167383824177,Resource,Resource-use efficiency,Water productivity,Positive
CPV,Cape Verde,佛得角,132,0.05690415723103072,0.01304797963936317,W,43.8125746,10.45648522,-0.04385617759166755,-0.04385617759166755,-33.35608938,Deteriorated,Observed both endpoints,Decreased,Positive indicator: raw increase is improvement,-0.0010708248147085961,-0.004283299258834393,资源,资源利用效率,水资源生产效率,"Water productivity, total (constant 2015 US$ GDP per cubic meter of total freshwater withdrawal)_x",正向,世界银行WDI数据库,0.097666953529671,0.0244167383824177,Resource,Resource-use efficiency,Water productivity,Positive
DJI,Djibouti,吉布提,262,,0.2207531534698548,E,,168.4326866,,,,Missing endpoint,Missing 2001 endpoint,Missing endpoint,Positive indicator: raw increase is improvement,,,资源,资源利用效率,水资源生产效率,"Water productivity, total (constant 2015 US$ GDP per cubic meter of total freshwater withdrawal)_x",正向,世界银行WDI数据库,0.097666953529671,0.0244167383824177,Resource,Resource-use efficiency,Water productivity,Positive
ERI,Eritrea,厄立特里亚,232,0.005260718935254303,0.00289245881602151,E,4.533657962,2.7324089578636404,-0.002368260119232793,-0.002368260119232793,-1.80124900413636,Deteriorated,Observed both endpoints,Decreased,Positive indicator: raw increase is improvement,-5.782518775282045e-05,-0.0002313007510112823,资源,资源利用效率,水资源生产效率,"Water productivity, total (constant 2015 US$ GDP per cubic meter of total freshwater withdrawal)_x",正向,世界银行WDI数据库,0.097666953529671,0.0244167383824177,Resource,Resource-use efficiency,Water productivity,Positive
ETH,Ethiopia,埃塞俄比亚,231,0.001420627090189816,0.01133703671519352,E,1.6129645991630923,9.155177896,0.009916409625003704,0.009916409625003704,7.542213296836907,Improved,Observed both endpoints,Increased,Positive indicator: raw increase is improvement,0.00024212637950660423,0.000968505518026419,资源,资源利用效率,水资源生产效率,"Water productivity, total (constant 2015 US$ GDP per cubic meter of total freshwater withdrawal)_x",正向,世界银行WDI数据库,0.097666953529671,0.0244167383824177,Resource,Resource-use efficiency,Water productivity,Positive
GAB,Gabon,加蓬,266,0.104180503574018,0.1448519182446129,C,79.76997264,110.7037981,0.040671414670594916,0.040671414670594916,30.933825459999994,Improved,Observed both endpoints,Increased,Positive indicator: raw increase is improvement,0.0009930632916547411,0.003972253166618973,资源,资源利用效率,水资源生产效率,"Water productivity, total (constant 2015 US$ GDP per cubic meter of total freshwater withdrawal)_x",正向,世界银行WDI数据库,0.097666953529671,0.0244167383824177,Resource,Resource-use efficiency,Water productivity,Positive
GHA,Ghana,加纳,288,0.02650117430233995,0.05921640553296875,W,20.68870308,45.57122219,0.032715231230628805,0.032715231230628805,24.88251911,Improved,Observed both endpoints,Increased,Positive indicator: raw increase is improvement,0.0007987992420785645,0.003195196968314265,资源,资源利用效率,水资源生产效率,"Water productivity, total (constant 2015 US$ GDP per cubic meter of total freshwater withdrawal)_x",正向,世界银行WDI数据库,0.097666953529671,0.0244167383824177,Resource,Resource-use efficiency,Water productivity,Positive
GIN,Guinea,几内亚,324,0.0119658648012453,0.01902055291673585,W,9.633451357,14.99909926,0.007054688115490549,0.007054688115490549,5.365647902999999,Improved,Observed both endpoints,Increased,Positive indicator: raw increase is improvement,0.00017225247408548408,0.0006890098963419378,资源,资源利用效率,水资源生产效率,"Water productivity, total (constant 2015 US$ GDP per cubic meter of total freshwater withdrawal)_x",正向,世界银行WDI数据库,0.097666953529671,0.0244167383824177,Resource,Resource-use efficiency,Water productivity,Positive
GMB,"Gambia, The",冈比亚,270,0.01370585706530586,0.02228465578402627,W,10.956853,17.48170748,0.008578798718720412,0.008578798718720412,6.52485448,Improved,Observed both endpoints,Increased,Positive indicator: raw increase is improvement,0.00020946628395041646,0.0008378651358016676,资源,资源利用效率,水资源生产效率,"Water productivity, total (constant 2015 US$ GDP per cubic meter of total freshwater withdrawal)_x",正向,世界银行WDI数据库,0.097666953529671,0.0244167383824177,Resource,Resource-use efficiency,Water productivity,Positive
GNB,Guinea-Bissau,几内亚（比绍）,624,0.004851342746475391,0.01058595510214842,W,4.222295014,8.583920965,0.005734612355673028,0.005734612355673028,4.361625951000001,Improved,Observed both endpoints,Increased,Positive indicator: raw increase is improvement,0.0001400205296130484,0.0005600821184521948,资源,资源利用效率,水资源生产效率,"Water productivity, total (constant 2015 US$ GDP per cubic meter of total freshwater withdrawal)_x",正向,世界银行WDI数据库,0.097666953529671,0.0244167383824177,Resource,Resource-use efficiency,Water productivity,Positive
GNQ,Equatorial Guinea,赤道几内亚,226,0.3236710802720535,0.6402314095057013,C,246.7099044,487.4790552,0.31656032923364785,0.31656032923364785,240.7691508,Improved,Observed both endpoints,Increased,Positive indicator: raw increase is improvement,0.007729370741149993,0.03091748296460004,资源,资源利用效率,水资源生产效率,"Water productivity, total (constant 2015 US$ GDP per cubic meter of total freshwater withdrawal)_x",正向,世界银行WDI数据库,0.097666953529671,0.0244167383824177,Resource,Resource-use efficiency,Water productivity,Positive
KEN,Kenya,肯尼亚,404,0.02686449249289387,0.02878280252559505,E,20.96503528,22.42406168,0.0019183100327011815,0.0019183100327011815,1.4590264000000026,Improved,Observed both endpoints,Increased,Positive indicator: raw increase is improvement,4.683887420483189e-05,0.00018735549681932794,资源,资源利用效率,水资源生产效率,"Water productivity, total (constant 2015 US$ GDP per cubic meter of total freshwater withdrawal)_x",正向,世界银行WDI数据库,0.097666953529671,0.0244167383824177,Resource,Resource-use efficiency,Water productivity,Positive
LBR,Liberia,利比里亚,430,0.02165031443927505,0.02877603975704583,W,16.99924075,22.41891806,0.007125725317770778,0.007125725317770778,5.419677310000001,Improved,Observed both endpoints,Increased,Positive indicator: raw increase is improvement,0.0001739869708689793,0.0006959478834759187,资源,资源利用效率,水资源生产效率,"Water productivity, total (constant 2015 US$ GDP per cubic meter of total freshwater withdrawal)_x",正向,世界银行WDI数据库,0.097666953529671,0.0244167383824177,Resource,Resource-use efficiency,Water productivity,Positive
LSO,Lesotho,莱索托,426,0.04448083350909537,0.06414696204416709,S,34.36365499,49.32130012,0.01966612853507172,0.01966612853507172,14.957645129999996,Improved,Observed both endpoints,Increased,Positive indicator: raw increase is improvement,0.00048018271543584566,0.0019207308617433866,资源,资源利用效率,水资源生产效率,"Water productivity, total (constant 2015 US$ GDP per cubic meter of total freshwater withdrawal)_x",正向,世界银行WDI数据库,0.097666953529671,0.0244167383824177,Resource,Resource-use efficiency,Water productivity,Positive
MDG,Madagascar,马达加斯加,450,0.0001002202389927221,0.0005519022702626913,E,0.608690826,0.952230711,0.0004516820312699692,0.0004516820312699692,0.343539885,Improved,Observed both endpoints,Increased,Positive indicator: raw increase is improvement,1.102860198955785e-05,4.4114407958231485e-05,资源,资源利用效率,水资源生产效率,"Water productivity, total (constant 2015 US$ GDP per cubic meter of total freshwater withdrawal)_x",正向,世界银行WDI数据库,0.097666953529671,0.0244167383824177,Resource,Resource-use efficiency,Water productivity,Positive
MLI,Mali,马里,466,0.001663308143073356,0.004251374585417799,W,1.797542721,3.765971807,0.002588066442344443,0.002588066442344443,1.9684290860000002,Improved,Observed both endpoints,Increased,Positive indicator: raw increase is improvement,6.319214123903879e-05,0.0002527685649561557,资源,资源利用效率,水资源生产效率,"Water productivity, total (constant 2015 US$ GDP per cubic meter of total freshwater withdrawal)_x",正向,世界银行WDI数据库,0.097666953529671,0.0244167383824177,Resource,Resource-use efficiency,Water productivity,Positive
MOZ,Mozambique,莫桑比克,508,0.007857965489917917,0.01594767836716037,S,6.509069249,12.66193529,0.008089712877242455,0.008089712877242455,6.152866041,Improved,Observed both endpoints,Increased,Positive indicator: raw increase is improvement,0.00019752440291250455,0.0007900976116500199,资源,资源利用效率,水资源生产效率,"Water productivity, total (constant 2015 US$ GDP per cubic meter of total freshwater withdrawal)_x",正向,世界银行WDI数据库,0.097666953529671,0.0244167383824177,Resource,Resource-use efficiency,Water productivity,Positive
MUS,Mauritius,毛里求斯,480,0.01358856836091402,0.02632521458843064,S,10.86764567,20.55487181,0.012736646227516621,0.012736646227516621,9.687226140000002,Improved,Observed both endpoints,Increased,Positive indicator: raw increase is improvement,0.00031098735880668064,0.0012439494352267254,资源,资源利用效率,水资源生产效率,"Water productivity, total (constant 2015 US$ GDP per cubic meter of total freshwater withdrawal)_x",正向,世界银行WDI数据库,0.097666953529671,0.0244167383824177,Resource,Resource-use efficiency,Water productivity,Positive
MWI,Malawi,马拉维,454,0.003897744031030701,0.01037242901241497,S,3.49700782,8.421517497,0.00647468498138427,0.00647468498138427,4.924509677,Improved,Observed both endpoints,Increased,Positive indicator: raw increase is improvement,0.00015809068929902874,0.0006323627571961163,资源,资源利用效率,水资源生产效率,"Water productivity, total (constant 2015 US$ GDP per cubic meter of total freshwater withdrawal)_x",正向,世界银行WDI数据库,0.097666953529671,0.0244167383824177,Resource,Resource-use efficiency,Water productivity,Positive
NAM,Namibia,纳米比亚,516,0.02495380233887392,0.1360360758908452,S,19.5118044,103.9986532,0.11108227355197128,0.11108227355197128,84.4868488,Improved,Observed both endpoints,Increased,Positive indicator: raw increase is improvement,0.0027122668122426395,0.01084906724897058,资源,资源利用效率,水资源生产效率,"Water productivity, total (constant 2015 US$ GDP per cubic meter of total freshwater withdrawal)_x",正向,世界银行WDI数据库,0.097666953529671,0.0244167383824177,Resource,Resource-use efficiency,Water productivity,Positive
NER,Niger,尼日尔,562,0.006632267204862556,0.005825269115220634,W,5.576828826,4.963042995,-0.0008069980896419212,-0.0008069980896419212,-0.6137858309999995,Deteriorated,Observed both endpoints,Decreased,Positive indicator: raw increase is improvement,-1.9704261229897658e-05,-7.88170449195908e-05,资源,资源利用效率,水资源生产效率,"Water productivity, total (constant 2015 US$ GDP per cubic meter of total freshwater withdrawal)_x",正向,世界银行WDI数据库,0.097666953529671,0.0244167383824177,Resource,Resource-use efficiency,Water productivity,Positive
NGA,Nigeria,尼日利亚,566,0.02300212867304683,0.05013522379984087,W,18.02740232,38.66426572,0.027133095126794037,0.027133095126794037,20.636863400000003,Improved,Observed both endpoints,Increased,Positive indicator: raw increase is improvement,0.0006625016852161825,0.0026500067408647358,资源,资源利用效率,水资源生产效率,"Water productivity, total (constant 2015 US$ GDP per cubic meter of total freshwater withdrawal)_x",正向,世界银行WDI数据库,0.097666953529671,0.0244167383824177,Resource,Resource-use efficiency,Water productivity,Positive
RWA,Rwanda,卢旺达,646,0.02222531325981509,0.0250997912031417,E,17.4365728,19.62284047,0.0028744779433266116,0.0028744779433266116,2.1862676699999994,Improved,Observed both endpoints,Increased,Positive indicator: raw increase is improvement,7.018537592823596e-05,0.00028074150371294444,资源,资源利用效率,水资源生产效率,"Water productivity, total (constant 2015 US$ GDP per cubic meter of total freshwater withdrawal)_x",正向,世界银行WDI数据库,0.097666953529671,0.0244167383824177,Resource,Resource-use efficiency,Water productivity,Positive
SEN,Senegal,塞内加尔,686,0.006821750533650629,0.009761019563127225,W,5.720945874,7.956492286,0.002939269029476596,0.002939269029476596,2.2355464119999997,Improved,Observed both endpoints,Increased,Positive indicator: raw increase is improvement,7.176736292827282e-05,0.0002870694517130919,资源,资源利用效率,水资源生产效率,"Water productivity, total (constant 2015 US$ GDP per cubic meter of total freshwater withdrawal)_x",正向,世界银行WDI数据库,0.097666953529671,0.0244167383824177,Resource,Resource-use efficiency,Water productivity,Positive
SLE,Sierra Leone,塞拉利昂,694,0.01976550412023155,0.05174930034947008,W,15.56569353,39.89189851,0.03198379622923853,0.03198379622923853,24.326204979999996,Improved,Observed both endpoints,Increased,Positive indicator: raw increase is improvement,0.000780939985005875,0.0031237599400235063,资源,资源利用效率,水资源生产效率,"Water productivity, total (constant 2015 US$ GDP per cubic meter of total freshwater withdrawal)_x",正向,世界银行WDI数据库,0.097666953529671,0.0244167383824177,Resource,Resource-use efficiency,Water productivity,Positive
STP,São Tomé and Principe,圣多美和普林西比,678,0.009269292953367961,0.0094910998511202,C,7.582495334,7.751197011,0.0002218068977522386,0.0002218068977522386,0.1687016770000005,Improved,Observed both endpoints,Increased,Positive indicator: raw increase is improvement,5.415800993832082e-06,2.1663203975328377e-05,资源,资源利用效率,水资源生产效率,"Water productivity, total (constant 2015 US$ GDP per cubic meter of total freshwater withdrawal)_x",正向,世界银行WDI数据库,0.097666953529671,0.0244167383824177,Resource,Resource-use efficiency,Water productivity,Positive
SWZ,Swaziland,斯威士兰,748,0.002313954498052442,0.00482420321730328,S,2.2924107,4.201653257,0.0025102487192508382,0.0025102487192508382,1.9092425570000002,Improved,Observed both endpoints,Increased,Positive indicator: raw increase is improvement,6.129208625274682e-05,0.00024516834501098775,资源,资源利用效率,水资源生产效率,"Water productivity, total (constant 2015 US$ GDP per cubic meter of total freshwater withdrawal)_x",正向,世界银行WDI数据库,0.097666953529671,0.0244167383824177,Resource,Resource-use efficiency,Water productivity,Positive
SYC,Seychelles,塞舌尔,690,0.1065077058642017,0.1957947377866433,E,81.53999392,149.4498388,0.0892870319224416,0.0892870319224416,67.90984488000001,Improved,Observed both endpoints,Increased,Positive indicator: raw increase is improvement,0.002180098099392834,0.008720392397571355,资源,资源利用效率,水资源生产效率,"Water productivity, total (constant 2015 US$ GDP per cubic meter of total freshwater withdrawal)_x",正向,世界银行WDI数据库,0.097666953529671,0.0244167383824177,Resource,Resource-use efficiency,Water productivity,Positive
TCD,Chad,乍得,148,0.007382678219621014,0.02215211095316452,C,6.147575714,17.38089666,0.014769432733543504,0.014769432733543504,11.233320946000001,Improved,Observed both endpoints,Increased,Positive indicator: raw increase is improvement,0.00036062137511164806,0.0014424855004465953,资源,资源利用效率,水资源生产效率,"Water productivity, total (constant 2015 US$ GDP per cubic meter of total freshwater withdrawal)_x",正向,世界银行WDI数据库,0.097666953529671,0.0244167383824177,Resource,Resource-use efficiency,Water productivity,Positive
TGO,Togo,多哥,768,0.02664327365631269,0.04273603204465538,W,20.79678087,33.03659557,0.016092758388342687,0.016092758388342687,12.239814700000004,Improved,Observed both endpoints,Increased,Positive indicator: raw increase is improvement,0.00039293267141962126,0.0015717306856784883,资源,资源利用效率,水资源生产效率,"Water productivity, total (constant 2015 US$ GDP per cubic meter of total freshwater withdrawal)_x",正向,世界银行WDI数据库,0.097666953529671,0.0244167383824177,Resource,Resource-use efficiency,Water productivity,Positive
TZA,Tanzania,坦桑尼亚,834,0.004760156996540601,0.01558929700737682,E,4.152941044,12.38935794,0.010829140010836218,0.010829140010836218,8.236416896,Improved,Observed both endpoints,Increased,Positive indicator: raw increase is improvement,0.0002644122785511599,0.001057649114204642,资源,资源利用效率,水资源生产效率,"Water productivity, total (constant 2015 US$ GDP per cubic meter of total freshwater withdrawal)_x",正向,世界银行WDI数据库,0.097666953529671,0.0244167383824177,Resource,Resource-use efficiency,Water productivity,Positive
UGA,Uganda,乌干达,800,0.0482058911651787,0.08642387891257393,E,37.19685576,66.26465613,0.03821798774739523,0.03821798774739523,29.067800370000008,Improved,Observed both endpoints,Increased,Positive indicator: raw increase is improvement,0.0009331586083305945,0.0037326344333223857,资源,资源利用效率,水资源生产效率,"Water productivity, total (constant 2015 US$ GDP per cubic meter of total freshwater withdrawal)_x",正向,世界银行WDI数据库,0.097666953529671,0.0244167383824177,Resource,Resource-use efficiency,Water productivity,Positive
ZAF,South Africa,南非,710,0.02242299734314042,0.02156105217122204,S,17.58692717,16.93134974,-0.0008619451719183782,-0.0008619451719183782,-0.6555774299999975,Deteriorated,Observed both endpoints,Decreased,Positive indicator: raw increase is improvement,-2.1045889762719086e-05,-8.418355905087653e-05,资源,资源利用效率,水资源生产效率,"Water productivity, total (constant 2015 US$ GDP per cubic meter of total freshwater withdrawal)_x",正向,世界银行WDI数据库,0.097666953529671,0.0244167383824177,Resource,Resource-use efficiency,Water productivity,Positive
ZMB,Zambia,赞比亚,894,0.006323861185026067,0.02010827607007767,S,5.342261672,15.82639869,0.013784414885051603,0.013784414885051603,10.484137017999998,Improved,Observed both endpoints,Increased,Positive indicator: raw increase is improvement,0.0003365704520030093,0.0013462818080120403,资源,资源利用效率,水资源生产效率,"Water productivity, total (constant 2015 US$ GDP per cubic meter of total freshwater withdrawal)_x",正向,世界银行WDI数据库,0.097666953529671,0.0244167383824177,Resource,Resource-use efficiency,Water productivity,Positive
ZWE,Zimbabwe,津巴布韦,716,0.005940901602524669,0.004851070758963825,S,5.050990641,4.222088146,-0.0010898308435608444,-0.0010898308435608444,-0.8289024950000003,Deteriorated,Observed both endpoints,Decreased,Positive indicator: raw increase is improvement,-2.661011458831473e-05,-0.00010644045835325913,资源,资源利用效率,水资源生产效率,"Water productivity, total (constant 2015 US$ GDP per cubic meter of total freshwater withdrawal)_x",正向,世界银行WDI数据库,0.097666953529671,0.0244167383824177,Resource,Resource-use efficiency,Water productivity,Positive
AGO,Angola,安哥拉,24,0.03516778161035747,0.03750371072867731,S,0.5879762573193229,0.6262372663832517,0.0023359291183198405,0.0023359291183198405,0.03826100906392882,Improved,Observed both endpoints,Increased,Positive indicator: raw increase is improvement,6.237755027407055e-05,0.0002495102010962826,生态,生态环境,湿地面积占比,Wetland area(% of land area),正向,联合国粮食及农业组织FAOSTAT土地覆盖数据库（经IMF-CID整理）,0.1068141148374174,0.0267035287093543,Ecological,Ecological conditions,Wetland area (% of land area),Positive
BDI,Burundi,布隆迪,108,0.05656650533458963,0.05492607681101905,E,0.9384735202492211,0.9116043613707164,-0.001640428523570582,-0.001640428523570582,-0.026869158878504718,Deteriorated,Observed both endpoints,Decreased,Positive indicator: raw increase is improvement,-4.380523017481073e-05,-0.00017522092069924324,生态,生态环境,湿地面积占比,Wetland area(% of land area),正向,联合国粮食及农业组织FAOSTAT土地覆盖数据库（经IMF-CID整理）,0.1068141148374174,0.0267035287093543,Ecological,Ecological conditions,Wetland area (% of land area),Positive
BEN,Benin,贝宁,204,0.003964640057408225,0.00470099478927426,W,0.0768889677190493,0.0889499822632139,0.0007363547318660346,0.0007363547318660346,0.012061014544164611,Improved,Observed both endpoints,Increased,Positive indicator: raw increase is improvement,1.9663269722653546e-05,7.865307889061432e-05,生态,生态环境,湿地面积占比,Wetland area(% of land area),正向,联合国粮食及农业组织FAOSTAT土地覆盖数据库（经IMF-CID整理）,0.1068141148374174,0.0267035287093543,Ecological,Ecological conditions,Wetland area (% of land area),Positive
BFA,Burkina Faso,布基纳法索,854,0.005174795174311821,0.00515471212488138,W,0.0967105263157894,0.0963815789473684,-2.0083049430441244e-05,-2.0083049430441244e-05,-0.00032894736842099814,Deteriorated,Observed both endpoints,Decreased,Positive indicator: raw increase is improvement,-5.362882870371693e-07,-2.145153148148681e-06,生态,生态环境,湿地面积占比,Wetland area(% of land area),正向,联合国粮食及农业组织FAOSTAT土地覆盖数据库（经IMF-CID整理）,0.1068141148374174,0.0267035287093543,Ecological,Ecological conditions,Wetland area (% of land area),Positive
BWA,Botswana,博茨瓦纳,72,0.08160982529246533,0.08050992636097802,S,1.3486669136978808,1.3306512801510415,-0.0010998989314873059,-0.0010998989314873059,-0.018015633546839327,Deteriorated,Observed both endpoints,Decreased,Positive indicator: raw increase is improvement,-2.9371182694359394e-05,-0.00011748473077743778,生态,生态环境,湿地面积占比,Wetland area(% of land area),正向,联合国粮食及农业组织FAOSTAT土地覆盖数据库（经IMF-CID整理）,0.1068141148374174,0.0267035287093543,Ecological,Ecological conditions,Wetland area (% of land area),Positive
CAF,Central African Republic,中非,140,0.001543014658211318,0.002262339727669537,C,0.0372243089665799,0.0490063886481106,0.000719325069458219,0.000719325069458219,0.0117820796815307,Improved,Observed both endpoints,Increased,Positive indicator: raw increase is improvement,1.9208517643635828e-05,7.683407057454345e-05,生态,生态环境,湿地面积占比,Wetland area(% of land area),正向,联合国粮食及农业组织FAOSTAT土地覆盖数据库（经IMF-CID整理）,0.1068141148374174,0.0267035287093543,Ecological,Ecological conditions,Wetland area (% of land area),Positive
CIV,Côte d'Ivoire,科特迪瓦,384,0.001864148683674117,0.002200129259051301,W,0.0424842767295597,0.0479874213836477,0.0003359805753771841,0.0003359805753771841,0.0055031446540880005,Improved,Observed both endpoints,Increased,Positive indicator: raw increase is improvement,8.971866940370013e-06,3.5887467761480114e-05,生态,生态环境,湿地面积占比,Wetland area(% of land area),正向,联合国粮食及农业组织FAOSTAT土地覆盖数据库（经IMF-CID整理）,0.1068141148374174,0.0267035287093543,Ecological,Ecological conditions,Wetland area (% of land area),Positive
CMR,Cameroon,喀麦隆,120,0.05225975373807176,0.054854461122504,C,0.8679317128895093,0.910431342683675,0.0025947073844322377,0.0025947073844322377,0.04249962979416566,Improved,Observed both endpoints,Increased,Positive indicator: raw increase is improvement,6.928784313255987e-05,0.00027715137253024,生态,生态环境,湿地面积占比,Wetland area(% of land area),正向,联合国粮食及农业组织FAOSTAT土地覆盖数据库（经IMF-CID整理）,0.1068141148374174,0.0267035287093543,Ecological,Ecological conditions,Wetland area (% of land area),Positive
COD,"Congo, Dem. Rep.",刚果（金）,180,0.137834346661263,0.139092263728043,C,2.269588231402042,2.2901920998654637,0.0012579170667799955,0.0012579170667799955,0.02060386846342155,Improved,Observed both endpoints,Increased,Positive indicator: raw increase is improvement,3.359082450674636e-05,0.00013436329802698569,生态,生态环境,湿地面积占比,Wetland area(% of land area),正向,联合国粮食及农业组织FAOSTAT土地覆盖数据库（经IMF-CID整理）,0.1068141148374174,0.0267035287093543,Ecological,Ecological conditions,Wetland area (% of land area),Positive
COG,"Congo, Rep.",刚果（布）,178,0.02821979741360599,0.02815543756207839,C,0.474172767203514,0.4731185944363103,-6.435985152760185e-05,-6.435985152760185e-05,-0.0010541727672036538,Deteriorated,Observed both endpoints,Decreased,Positive indicator: raw increase is improvement,-1.7186351429970962e-06,-6.8745405719883976e-06,生态,生态环境,湿地面积占比,Wetland area(% of land area),正向,联合国粮食及农业组织FAOSTAT土地覆盖数据库（经IMF-CID整理）,0.1068141148374174,0.0267035287093543,Ecological,Ecological conditions,Wetland area (% of land area),Positive
COM,Comoros,科摩罗,174,0.02551539541491205,0.0189541412216246,E,0.429876410531972,0.322407307898979,-0.0065612541932874476,-0.0065612541932874476,-0.10746910263299303,Deteriorated,Observed both endpoints,Decreased,Positive indicator: raw increase is improvement,-0.00017520863971982265,-0.0007008345588792919,生态,生态环境,湿地面积占比,Wetland area(% of land area),正向,联合国粮食及农业组织FAOSTAT土地覆盖数据库（经IMF-CID整理）,0.1068141148374174,0.0267035287093543,Ecological,Ecological conditions,Wetland area (% of land area),Positive
CPV,Cape Verde,佛得角,132,0.04214345329684101,0.04335541300440507,W,0.7022332506203475,0.7220843672456576,0.0012119597075640615,0.0012119597075640615,0.01985111662531014,Improved,Observed both endpoints,Increased,Positive indicator: raw increase is improvement,3.236360084551756e-05,0.00012945440338207046,生态,生态环境,湿地面积占比,Wetland area(% of land area),正向,联合国粮食及农业组织FAOSTAT土地覆盖数据库（经IMF-CID整理）,0.1068141148374174,0.0267035287093543,Ecological,Ecological conditions,Wetland area (% of land area),Positive
DJI,Djibouti,吉布提,262,0.2485108989830872,0.2487216063869475,E,4.0823986194995685,4.085849870578084,0.00021070740386031073,0.00021070740386031073,0.003451251078515405,Improved,Observed both endpoints,Increased,Positive indicator: raw increase is improvement,5.626631208257319e-06,2.2506524833029315e-05,生态,生态环境,湿地面积占比,Wetland area(% of land area),正向,联合国粮食及农业组织FAOSTAT土地覆盖数据库（经IMF-CID整理）,0.1068141148374174,0.0267035287093543,Ecological,Ecological conditions,Wetland area (% of land area),Positive
ERI,Eritrea,厄立特里亚,232,0.01802134525295138,0.01535747496498271,E,0.3071287128712871,0.2634962394226025,-0.0026638702879686702,-0.0026638702879686702,-0.04363247344868465,Deteriorated,Observed both endpoints,Decreased,Positive indicator: raw increase is improvement,-7.11347367127673e-05,-0.0002845389468510697,生态,生态环境,湿地面积占比,Wetland area(% of land area),正向,联合国粮食及农业组织FAOSTAT土地覆盖数据库（经IMF-CID整理）,0.1068141148374174,0.0267035287093543,Ecological,Ecological conditions,Wetland area (% of land area),Positive
ETH,Ethiopia,埃塞俄比亚,231,0.01469772735391955,0.01420043323786608,E,0.2526899999999999,0.2445446438192242,-0.0004972941160534712,-0.0004972941160534712,-0.00814535618077572,Deteriorated,Observed both endpoints,Decreased,Positive indicator: raw increase is improvement,-1.3279507705026838e-05,-5.311803082010745e-05,生态,生态环境,湿地面积占比,Wetland area(% of land area),正向,联合国粮食及农业组织FAOSTAT土地覆盖数据库（经IMF-CID整理）,0.1068141148374174,0.0267035287093543,Ecological,Ecological conditions,Wetland area (% of land area),Positive
GAB,Gabon,加蓬,266,0.05290187103623566,0.05395388705669717,C,0.8784491791826755,0.8956805215973921,0.0010520160204615034,0.0010520160204615034,0.017231342414716577,Improved,Observed both endpoints,Increased,Positive indicator: raw increase is improvement,2.8092540005094417e-05,0.00011237016002037787,生态,生态环境,湿地面积占比,Wetland area(% of land area),正向,联合国粮食及农业组织FAOSTAT土地覆盖数据库（经IMF-CID整理）,0.1068141148374174,0.0267035287093543,Ecological,Ecological conditions,Wetland area (% of land area),Positive
GHA,Ghana,加纳,288,0.009469044348482808,0.008186771371711645,W,0.1670475520787553,0.1460447495528121,-0.0012822729767711632,-0.0012822729767711632,-0.021002802525943193,Deteriorated,Observed both endpoints,Decreased,Positive indicator: raw increase is improvement,-3.424121324843796e-05,-0.00013696485299375207,生态,生态环境,湿地面积占比,Wetland area(% of land area),正向,联合国粮食及农业组织FAOSTAT土地覆盖数据库（经IMF-CID整理）,0.1068141148374174,0.0267035287093543,Ecological,Ecological conditions,Wetland area (% of land area),Positive
GIN,Guinea,几内亚,324,0.06086698414507366,0.06146329673112482,W,1.0089125834282924,1.018679798144229,0.0005963125860511606,0.0005963125860511606,0.009767214715936667,Improved,Observed both endpoints,Increased,Positive indicator: raw increase is improvement,1.5923650261366474e-05,6.369460104546602e-05,生态,生态环境,湿地面积占比,Wetland area(% of land area),正向,联合国粮食及农业组织FAOSTAT土地覆盖数据库（经IMF-CID整理）,0.1068141148374174,0.0267035287093543,Ecological,Ecological conditions,Wetland area (% of land area),Positive
GMB,"Gambia, The",冈比亚,270,0.8483944093035176,0.8859187536780548,W,13.90810276679842,14.522727272727272,0.03752434437453722,0.03752434437453722,0.6146245059288518,Improved,Observed both endpoints,Increased,Positive indicator: raw increase is improvement,0.0010020324073051522,0.004008129629220617,生态,生态环境,湿地面积占比,Wetland area(% of land area),正向,联合国粮食及农业组织FAOSTAT土地覆盖数据库（经IMF-CID整理）,0.1068141148374174,0.0267035287093543,Ecological,Ecological conditions,Wetland area (% of land area),Positive
GNB,Guinea-Bissau,几内亚（比绍）,624,0.5750785450684841,0.5116812430826605,W,9.43136557610242,8.392958748221908,-0.0633973019858236,-0.0633973019858236,-1.0384068278805128,Deteriorated,Observed both endpoints,Decreased,Positive indicator: raw increase is improvement,-0.001692931673674045,-0.0067717266946961925,生态,生态环境,湿地面积占比,Wetland area(% of land area),正向,联合国粮食及农业组织FAOSTAT土地覆盖数据库（经IMF-CID整理）,0.1068141148374174,0.0267035287093543,Ecological,Ecological conditions,Wetland area (% of land area),Positive
GNQ,Equatorial Guinea,赤道几内亚,226,0.08870517376954466,0.08881400170228715,C,1.464884135472371,1.4666666666666666,0.00010882793274248626,0.00010882793274248626,0.0017825311942956112,Improved,Observed both endpoints,Increased,Positive indicator: raw increase is improvement,2.9060898263686607e-06,1.1624359305474665e-05,生态,生态环境,湿地面积占比,Wetland area(% of land area),正向,联合国粮食及农业组织FAOSTAT土地覆盖数据库（经IMF-CID整理）,0.1068141148374174,0.0267035287093543,Ecological,Ecological conditions,Wetland area (% of land area),Positive
KEN,Kenya,肯尼亚,404,0.1019666966155235,0.09847496852151216,E,1.6820993077274484,1.6249070585251972,-0.00349172809401134,-0.00349172809401134,-0.05719224920225119,Deteriorated,Observed both endpoints,Decreased,Positive indicator: raw increase is improvement,-9.324146140369079e-05,-0.0003729658456147638,生态,生态环境,湿地面积占比,Wetland area(% of land area),正向,联合国粮食及农业组织FAOSTAT土地覆盖数据库（经IMF-CID整理）,0.1068141148374174,0.0267035287093543,Ecological,Ecological conditions,Wetland area (% of land area),Positive
LBR,Liberia,利比里亚,430,0.01730342244512557,0.01687874267893038,W,0.2953696013289036,0.2884136212624585,-0.00042467976619519135,-0.00042467976619519135,-0.0069559800664451,Deteriorated,Observed both endpoints,Decreased,Positive indicator: raw increase is improvement,-1.1340448328875165e-05,-4.536179331550074e-05,生态,生态环境,湿地面积占比,Wetland area(% of land area),正向,联合国粮食及农业组织FAOSTAT土地覆盖数据库（经IMF-CID整理）,0.1068141148374174,0.0267035287093543,Ecological,Ecological conditions,Wetland area (% of land area),Positive
LSO,Lesotho,莱索托,426,0.001080234479762447,0.00104001546114022,S,0.0296442687747035,0.0289855072463768,-4.0219018622227e-05,-4.0219018622227e-05,-0.0006587615283266991,Deteriorated,Observed both endpoints,Decreased,Positive indicator: raw increase is improvement,-1.073989718440694e-06,-4.295958873762784e-06,生态,生态环境,湿地面积占比,Wetland area(% of land area),正向,联合国粮食及农业组织FAOSTAT土地覆盖数据库（经IMF-CID整理）,0.1068141148374174,0.0267035287093543,Ecological,Ecological conditions,Wetland area (% of land area),Positive
MDG,Madagascar,马达加斯加,450,0.04456998038226539,0.04909561653829945,E,0.7419781958248787,0.8161051907872122,0.00452563615603406,0.00452563615603406,0.07412699496233355,Improved,Observed both endpoints,Increased,Positive indicator: raw increase is improvement,0.00012085045502074737,0.00048340182008299034,生态,生态环境,湿地面积占比,Wetland area(% of land area),正向,联合国粮食及农业组织FAOSTAT土地覆盖数据库（经IMF-CID整理）,0.1068141148374174,0.0267035287093543,Ecological,Ecological conditions,Wetland area (% of land area),Positive
MLI,Mali,马里,466,0.01438651776175876,0.01479230336390093,W,0.2475925880395676,0.2542390939116039,0.00040578560214217,0.00040578560214217,0.0066465058720362735,Improved,Observed both endpoints,Increased,Positive indicator: raw increase is improvement,1.0835907476646058e-05,4.334362990658431e-05,生态,生态环境,湿地面积占比,Wetland area(% of land area),正向,联合国粮食及农业组织FAOSTAT土地覆盖数据库（经IMF-CID整理）,0.1068141148374174,0.0267035287093543,Ecological,Ecological conditions,Wetland area (% of land area),Positive
MOZ,Mozambique,莫桑比克,508,0.1747913783285665,0.1758907234021983,S,2.874920521885093,2.892927083598261,0.0010993450736317967,0.0010993450736317967,0.018006561713168168,Improved,Observed both endpoints,Increased,Positive indicator: raw increase is improvement,2.9356392735213902e-05,0.00011742557094085581,生态,生态环境,湿地面积占比,Wetland area(% of land area),正向,联合国粮食及农业组织FAOSTAT土地覆盖数据库（经IMF-CID整理）,0.1068141148374174,0.0267035287093543,Ecological,Ecological conditions,Wetland area (% of land area),Positive
MUS,Mauritius,毛里求斯,480,0.03355600233936584,0.02709098352126708,S,0.561576354679803,0.4556835252879319,-0.006465018818098762,-0.006465018818098762,-0.10589282939187117,Deteriorated,Observed both endpoints,Decreased,Positive indicator: raw increase is improvement,-0.0001726388156156161,-0.0006905552624624656,生态,生态环境,湿地面积占比,Wetland area(% of land area),正向,联合国粮食及农业组织FAOSTAT土地覆盖数据库（经IMF-CID整理）,0.1068141148374174,0.0267035287093543,Ecological,Ecological conditions,Wetland area (% of land area),Positive
MWI,Malawi,马拉维,454,0.1469412029951542,0.158318927885038,S,2.418752651675859,2.605112431056428,0.011377724889883811,0.011377724889883811,0.1863597793805689,Improved,Observed both endpoints,Increased,Positive indicator: raw increase is improvement,0.00030382540324414736,0.0012153016129765916,生态,生态环境,湿地面积占比,Wetland area(% of land area),正向,联合国粮食及农业组织FAOSTAT土地覆盖数据库（经IMF-CID整理）,0.1068141148374174,0.0267035287093543,Ecological,Ecological conditions,Wetland area (% of land area),Positive
NAM,Namibia,纳米比亚,516,0.01011060517658612,0.008829918952366603,S,0.1775559037520193,0.1565790912072295,-0.0012806862242195176,-0.0012806862242195176,-0.020976812544789808,Deteriorated,Observed both endpoints,Decreased,Positive indicator: raw increase is improvement,-3.419884135612045e-05,-0.00013679536542448204,生态,生态环境,湿地面积占比,Wetland area(% of land area),正向,联合国粮食及农业组织FAOSTAT土地覆盖数据库（经IMF-CID整理）,0.1068141148374174,0.0267035287093543,Ecological,Ecological conditions,Wetland area (% of land area),Positive
NER,Niger,尼日尔,562,0.008218346673146481,0.00907193414330977,W,0.1465619325807215,0.1605431436014842,0.0008535874701632896,0.0008535874701632896,0.01398121102076269,Improved,Observed both endpoints,Increased,Positive indicator: raw increase is improvement,2.2793797515450513e-05,9.117519006180221e-05,生态,生态环境,湿地面积占比,Wetland area(% of land area),正向,联合国粮食及农业组织FAOSTAT土地覆盖数据库（经IMF-CID整理）,0.1068141148374174,0.0267035287093543,Ecological,Ecological conditions,Wetland area (% of land area),Positive
NGA,Nigeria,尼日利亚,566,0.08326922516075358,0.08228650810360766,W,1.3758468109401931,1.3597505407512325,-0.000982717057145921,-0.000982717057145921,-0.01609627018896065,Deteriorated,Observed both endpoints,Decreased,Positive indicator: raw increase is improvement,-2.624201314866827e-05,-0.00010496805259467327,生态,生态环境,湿地面积占比,Wetland area(% of land area),正向,联合国粮食及农业组织FAOSTAT土地覆盖数据库（经IMF-CID整理）,0.1068141148374174,0.0267035287093543,Ecological,Ecological conditions,Wetland area (% of land area),Positive
RWA,Rwanda,卢旺达,646,0.2044532043395582,0.1994789252459318,E,3.360762059181192,3.279286582894204,-0.0049742790936263825,-0.0049742790936263825,-0.08147547628698826,Deteriorated,Observed both endpoints,Decreased,Positive indicator: raw increase is improvement,-0.000132830804584993,-0.0005313232183399729,生态,生态环境,湿地面积占比,Wetland area(% of land area),正向,联合国粮食及农业组织FAOSTAT土地覆盖数据库（经IMF-CID整理）,0.1068141148374174,0.0267035287093543,Ecological,Ecological conditions,Wetland area (% of land area),Positive
SEN,Senegal,塞内加尔,686,0.1705965544932484,0.172483336803007,W,2.806212018906144,2.8371162935646392,0.0018867823097586112,0.0018867823097586112,0.0309042746584951,Improved,Observed both endpoints,Increased,Positive indicator: raw increase is improvement,5.038374557694089e-05,0.00020153498230776395,生态,生态环境,湿地面积占比,Wetland area(% of land area),正向,联合国粮食及农业组织FAOSTAT土地覆盖数据库（经IMF-CID整理）,0.1068141148374174,0.0267035287093543,Ecological,Ecological conditions,Wetland area (% of land area),Positive
SLE,Sierra Leone,塞拉利昂,694,0.2103319317881839,0.2145441969854314,W,3.457051814907177,3.526045996120809,0.004212265197247489,0.004212265197247489,0.06899418121363166,Improved,Observed both endpoints,Increased,Positive indicator: raw increase is improvement,0.00011248234462611229,0.00044992937850444996,生态,生态环境,湿地面积占比,Wetland area(% of land area),正向,联合国粮食及农业组织FAOSTAT土地覆盖数据库（经IMF-CID整理）,0.1068141148374174,0.0267035287093543,Ecological,Ecological conditions,Wetland area (% of land area),Positive
STP,São Tomé and Principe,圣多美和普林西比,678,0.06859037092583338,0.0698622973897613,C,1.1354166666666667,1.1562500000000002,0.0012719264639279165,0.0012719264639279165,0.02083333333333348,Improved,Observed both endpoints,Increased,Positive indicator: raw increase is improvement,3.3964924845686615e-05,0.0001358596993827467,生态,生态环境,湿地面积占比,Wetland area(% of land area),正向,联合国粮食及农业组织FAOSTAT土地覆盖数据库（经IMF-CID整理）,0.1068141148374174,0.0267035287093543,Ecological,Ecological conditions,Wetland area (% of land area),Positive
SWZ,Swaziland,斯威士兰,748,0.03025805686527108,0.02819931077482032,S,0.5075581395348838,0.4738372093023256,-0.002058746090450758,-0.002058746090450758,-0.03372093023255823,Deteriorated,Observed both endpoints,Decreased,Positive indicator: raw increase is improvement,-5.497578533162275e-05,-0.0002199031413264914,生态,生态环境,湿地面积占比,Wetland area(% of land area),正向,联合国粮食及农业组织FAOSTAT土地覆盖数据库（经IMF-CID整理）,0.1068141148374174,0.0267035287093543,Ecological,Ecological conditions,Wetland area (% of land area),Positive
SYC,Seychelles,塞舌尔,690,0.9986727723854666,0.9893821790837322,E,16.369565217391305,16.217391304347824,-0.009290593301734429,-0.009290593301734429,-0.15217391304348027,Deteriorated,Observed both endpoints,Decreased,Positive indicator: raw increase is improvement,-0.0002480916249598001,-0.000992366499839202,生态,生态环境,湿地面积占比,Wetland area(% of land area),正向,联合国粮食及农业组织FAOSTAT土地覆盖数据库（经IMF-CID整理）,0.1068141148374174,0.0267035287093543,Ecological,Ecological conditions,Wetland area (% of land area),Positive
TCD,Chad,乍得,148,0.03211129367646102,0.03220147601024396,C,0.5379129606099111,0.5393900889453621,9.018233378293994e-05,9.018233378293994e-05,0.0014771283354509945,Improved,Observed both endpoints,Increased,Positive indicator: raw increase is improvement,2.408186539249309e-06,9.632746156997253e-06,生态,生态环境,湿地面积占比,Wetland area(% of land area),正向,联合国粮食及农业组织FAOSTAT土地覆盖数据库（经IMF-CID整理）,0.1068141148374174,0.0267035287093543,Ecological,Ecological conditions,Wetland area (% of land area),Positive
TGO,Togo,多哥,768,0.0,0.001324543388800825,W,0.0119507262364405,0.0336458907887479,0.001324543388800825,0.001324543388800825,0.021695164552307397,Improved,Observed both endpoints,Increased,Positive indicator: raw increase is improvement,3.536998240962826e-05,0.00014147992963851332,生态,生态环境,湿地面积占比,Wetland area(% of land area),正向,联合国粮食及农业组织FAOSTAT土地覆盖数据库（经IMF-CID整理）,0.1068141148374174,0.0267035287093543,Ecological,Ecological conditions,Wetland area (% of land area),Positive
TZA,Tanzania,坦桑尼亚,834,0.3058298709761677,0.3129855127274431,E,5.021246331000227,5.138451117633778,0.007155641751275421,0.007155641751275421,0.11720478663355127,Improved,Observed both endpoints,Increased,Positive indicator: raw increase is improvement,0.0001910808849390375,0.0007643235397561514,生态,生态环境,湿地面积占比,Wetland area(% of land area),正向,联合国粮食及农业组织FAOSTAT土地覆盖数据库（经IMF-CID整理）,0.1068141148374174,0.0267035287093543,Ecological,Ecological conditions,Wetland area (% of land area),Positive
UGA,Uganda,乌干达,800,0.1146714945569921,0.1128136023229104,E,1.8901956859016067,1.8597646120087772,-0.0018578922340816983,-0.0018578922340816983,-0.030431073892829508,Deteriorated,Observed both endpoints,Decreased,Positive indicator: raw increase is improvement,-4.961227861168704e-05,-0.0001984491144467485,生态,生态环境,湿地面积占比,Wetland area(% of land area),正向,联合国粮食及农业组织FAOSTAT土地覆盖数据库（经IMF-CID整理）,0.1068141148374174,0.0267035287093543,Ecological,Ecological conditions,Wetland area (% of land area),Positive
ZAF,South Africa,南非,710,0.01481118129797274,0.01498229671308047,S,0.2545483022694111,0.2573510621635658,0.00017111541510773064,0.00017111541510773064,0.0028027598941546827,Improved,Observed both endpoints,Increased,Positive indicator: raw increase is improvement,4.569385399942364e-06,1.827754159976949e-05,生态,生态环境,湿地面积占比,Wetland area(% of land area),正向,联合国粮食及农业组织FAOSTAT土地覆盖数据库（经IMF-CID整理）,0.1068141148374174,0.0267035287093543,Ecological,Ecological conditions,Wetland area (% of land area),Positive
ZMB,Zambia,赞比亚,894,0.2292213513528494,0.2343501892014488,S,3.7664482976634073,3.850455346453409,0.005128837848599382,0.005128837848599382,0.08400704879000154,Improved,Observed both endpoints,Increased,Positive indicator: raw increase is improvement,0.00013695806873569656,0.0005478322749427872,生态,生态环境,湿地面积占比,Wetland area(% of land area),正向,联合国粮食及农业组织FAOSTAT土地覆盖数据库（经IMF-CID整理）,0.1068141148374174,0.0267035287093543,Ecological,Ecological conditions,Wetland area (% of land area),Positive
ZWE,Zimbabwe,津巴布韦,716,0.003771390537997885,0.003694058987185983,S,0.0737236655034251,0.072457024686571,-7.733155081190166e-05,-7.733155081190166e-05,-0.0012666408168540977,Deteriorated,Observed both endpoints,Decreased,Positive indicator: raw increase is improvement,-2.0650252872445067e-06,-8.260101148978042e-06,生态,生态环境,湿地面积占比,Wetland area(% of land area),正向,联合国粮食及农业组织FAOSTAT土地覆盖数据库（经IMF-CID整理）,0.1068141148374174,0.0267035287093543,Ecological,Ecological conditions,Wetland area (% of land area),Positive
